source_id,source_document_id,source_name,source_brand,neighbor_rank,neighbor_id,neighbor_document_id,neighbor_name,neighbor_brand,similarity_score,shared_dimensions
1,,1 Flyer,Lightning,1,737,,Pipeline,DGA,0.555974,5
1,,1 Flyer,Lightning,2,317,,F7,Prodigy,0.663234,5
1,,1 Flyer,Lightning,3,179,,Cigarra,Discraft,0.681848,5
1,,1 Flyer,Lightning,4,67,,Athena,Discraft,0.719031,5
1,,1 Flyer,Lightning,5,313,,F1,Prodigy,0.719031,5
2,,1 Helix,Lightning,1,771,,Pyro,Axiom Discs,0.092572,5
2,,1 Helix,Lightning,2,84,,Badger,Legacy,0.416858,5
2,,1 Helix,Lightning,3,288,,Echo,Streamline,0.456124,5
2,,1 Helix,Lightning,4,625,,Mustang,Mint Discs,0.499118,5
2,,1 Helix,Lightning,5,431,,Hex,Axiom Discs,0.580554,5
3,,1 Hookshot,Lightning,1,514,,Land Mine,Doomsday Discs,1.123035,5
3,,1 Hookshot,Lightning,2,289,,Element,Gateway,1.518252,5
3,,1 Hookshot,Lightning,3,68,,Atlas,Innova,1.615620,5
3,,1 Hookshot,Lightning,4,170,,Chariot,Infinite Discs,1.623557,5
3,,1 Hookshot,Lightning,5,837,,Ruin,Infinite Discs,1.718500,5
4,,1 Hyzer,Lightning,1,786,,Ram,Innova,0.462623,5
4,,1 Hyzer,Lightning,2,941,,Streak,Climo Disc Golf,0.928796,5
4,,1 Hyzer,Lightning,3,611,,Moab,Millennium,0.942455,5
4,,1 Hyzer,Lightning,4,735,,Pine,Westside Discs,0.953682,5
4,,1 Hyzer,Lightning,5,14,,Addax,Wild Discs,0.953682,5
5,,Great Horned Owl,Daredevil Discs,1,760,,Prowler,Legacy,0.277987,5
5,,Great Horned Owl,Daredevil Discs,2,917,,Splash,Neptune Discs,0.515352,5
5,,Great Horned Owl,Daredevil Discs,3,186,,Clozer,Legacy,0.539719,5
5,,Great Horned Owl,Daredevil Discs,4,803,,Reef,DGA,0.539719,5
5,,Great Horned Owl,Daredevil Discs,5,20,,Agent,Dynamic Discs,0.539719,5
6,,Tilt,Discmania,1,180,,Cinnamon,Clash Discs,0.000000,5
6,,Tilt,Discmania,2,325,,FX-2,Prodigy,0.000000,5
6,,Tilt,Discmania,3,954,,Surge,Discraft,0.000000,5
6,,Tilt,Discmania,4,344,,Flash,Discraft,0.227085,5
6,,Tilt,Discmania,5,614,,Monarch,Innova,0.227085,5
7,,A1,Prodigy,1,8,,A2,Prodigy,0.000000,5
7,,A1,Prodigy,2,9,,A3,Prodigy,0.000000,5
7,,A1,Prodigy,3,10,,A4,Prodigy,0.000000,5
7,,A1,Prodigy,4,137,,Bull Snake,Lone Star Discs,0.500896,5
7,,A1,Prodigy,5,556,,MD5,Discmania,0.594443,5
8,,A2,Prodigy,1,7,,A1,Prodigy,0.000000,5
8,,A2,Prodigy,2,9,,A3,Prodigy,0.000000,5
8,,A2,Prodigy,3,10,,A4,Prodigy,0.000000,5
8,,A2,Prodigy,4,137,,Bull Snake,Lone Star Discs,0.500896,5
8,,A2,Prodigy,5,556,,MD5,Discmania,0.594443,5
9,,A3,Prodigy,1,7,,A1,Prodigy,0.000000,5
9,,A3,Prodigy,2,8,,A2,Prodigy,0.000000,5
9,,A3,Prodigy,3,10,,A4,Prodigy,0.000000,5
9,,A3,Prodigy,4,137,,Bull Snake,Lone Star Discs,0.500896,5
9,,A3,Prodigy,5,556,,MD5,Discmania,0.594443,5
10,,A4,Prodigy,1,7,,A1,Prodigy,0.000000,5
10,,A4,Prodigy,2,8,,A2,Prodigy,0.000000,5
10,,A4,Prodigy,3,9,,A3,Prodigy,0.000000,5
10,,A4,Prodigy,4,137,,Bull Snake,Lone Star Discs,0.500896,5
10,,A4,Prodigy,5,556,,MD5,Discmania,0.594443,5
11,,A5,Prodigy,1,887,,Sinus,Latitude 64,0.416858,5
11,,A5,Prodigy,2,634,,Neon,Løft Discs,0.427013,5
11,,A5,Prodigy,3,805,,Reko X,Kastaplast,0.456124,5
11,,A5,Prodigy,4,681,,P Model US,Prodigy,0.515352,5
11,,A5,Prodigy,5,472,,Jarn,Kastaplast,0.539719,5
12,,APX,Discraft,1,120,,Bleak,Doomsday Discs,0.680543,5
12,,APX,Discraft,2,870,,Serpent,Gateway,0.855506,5
12,,APX,Discraft,3,856,,Scale,Gateway,0.870402,5
12,,APX,Discraft,4,760,,Prowler,Legacy,0.878287,5
12,,APX,Discraft,5,5,,Great Horned Owl,Daredevil Discs,0.883237,5
13,,Abyss,Storm,1,1069,,Volt,MVP,0.000000,5
13,,Abyss,Storm,2,517,,Laseri,Prodiscus,0.227085,5
13,,Abyss,Storm,3,854,,Savant,Innova,0.227085,5
13,,Abyss,Storm,4,912,,Sphinx,Infinite Discs,0.277987,5
13,,Abyss,Storm,5,56,,Aries,Millennium,0.277987,5
14,,Addax,Wild Discs,1,1034,,Tursas,Westside Discs,0.277987,5
14,,Addax,Wild Discs,2,903,,Solstice,Millennium,0.456124,5
14,,Addax,Wild Discs,3,368,,Gatekeeper,Westside Discs,0.539719,5
14,,Addax,Wild Discs,4,380,,Glacier,Discmania,0.539719,5
14,,Addax,Wild Discs,5,603,,Mid-Disc3,Innova,0.539719,5
17,,Aero,Innova,1,449,,Ibex,Vibram,1.242580,5
17,,Aero,Innova,2,194,,Compass,Latitude 64,1.297051,5
17,,Aero,Innova,3,551,,MD1,Discmania,1.565336,5
17,,Aero,Innova,4,549,,M5,Prodigy,1.619157,5
17,,Aero,Innova,5,371,,Gauge,Legacy,1.652128,5
18,,Aftermath,Legacy,1,87,,Ballista Pro,Latitude 64,0.207360,5
18,,Aftermath,Legacy,2,801,,Recon,Legacy,0.227085,5
18,,Aftermath,Legacy,3,191,,Colossus,Innova,0.406265,5
18,,Aftermath,Legacy,4,86,,Ballista,Latitude 64,0.416858,5
18,,Aftermath,Legacy,5,130,,Bowie,Lone Star Discs,0.416858,5
20,,Agent,Dynamic Discs,1,917,,Splash,Neptune Discs,0.092572,5
20,,Agent,Dynamic Discs,2,483,,Jury,Dynamic Discs,0.462623,5
20,,Agent,Dynamic Discs,3,641,,Nomad,MVP,0.462623,5
20,,Agent,Dynamic Discs,4,683,,P1X,Discmania,0.462623,5
20,,Agent,Dynamic Discs,5,1129,,Yang,EV-7,0.462623,5
22,,Ahti,Westside Discs,1,334,,Feedback,Prodigy,0.000000,5
22,,Ahti,Westside Discs,2,1053,,Vanguard,Discmania,0.092572,5
22,,Ahti,Westside Discs,3,310,,F Model OS,Prodigy,0.227085,5
22,,Ahti,Westside Discs,4,146,,CD1,Discmania,0.227085,5
22,,Ahti,Westside Discs,5,808,,Renegade,Dynamic Discs,0.277987,5
23,,Air Strike,Gateway,1,1016,,Torrent,DGA,0.277987,5
23,,Air Strike,Gateway,2,249,,Daedalus,Innova,0.373285,5
23,,Air Strike,Gateway,3,45,,Ape,Innova,0.427013,5
23,,Air Strike,Gateway,4,231,,D1 Max,Prodigy,0.462623,5
23,,Air Strike,Gateway,5,240,,D6,Prodigy,0.515352,5
24,,Albatross,Daredevil Discs,1,253,,Defender,Dynamic Discs,0.000000,5
24,,Albatross,Daredevil Discs,2,413,,Hades,Discraft,0.092572,5
24,,Albatross,Daredevil Discs,3,229,,D Model US,Prodigy,0.346590,5
24,,Albatross,Daredevil Discs,4,196,,Conqueror,Infinite Discs,0.361625,5
24,,Albatross,Daredevil Discs,5,154,,Captain,Dynamic Discs,0.406265,5
25,,Alien,Innova,1,905,,Sonic,Innova,1.209018,5
25,,Alien,Innova,2,881,,Shogun,Discmania,1.765182,5
25,,Alien,Innova,3,1080,,Wand,Gateway,1.824870,5
25,,Alien,Innova,4,17,,Aero,Innova,1.869808,5
25,,Alien,Innova,5,866,,Sensei,Discmania,1.889542,5
27,,Alpaca,Infinite Discs,1,1096,,Whale,Innova,0.000000,5
27,,Alpaca,Infinite Discs,2,780,,Radar,Storm,0.092572,5
27,,Alpaca,Infinite Discs,3,166,,Challenger OS,Discraft,0.092572,5
27,,Alpaca,Infinite Discs,4,700,,Pace,Finish Line,0.227085,5
27,,Alpaca,Infinite Discs,5,825,,Roach,Discraft,0.227085,5
28,,Alpas,Divergent,1,574,,Malita,Discraft,0.629571,5
28,,Alpas,Divergent,2,702,,Panther,Innova,0.752388,5
28,,Alpas,Divergent,3,609,,Mirage,Innova,0.838571,5
28,,Alpas,Divergent,4,948,,Summit,Vibram,0.908990,5
28,,Alpas,Divergent,5,1145,,Zone,Discraft,0.919442,5
29,,Alpha,Mint Discs,1,425,,Heat,Discraft,0.227085,5
29,,Alpha,Mint Discs,2,913,,Spice,Clash Discs,0.471794,5
29,,Alpha,Mint Discs,3,147,,CD3 (OOP),Discmania,0.539719,5
29,,Alpha,Mint Discs,4,482,,Jun,Yikun,0.578053,5
29,,Alpha,Mint Discs,5,1010,,Tiyanak,Other,0.615687,5
30,,Alter,Thought Space Athletics,1,433,,Hope,Latitude 64,0.000000,5
30,,Alter,Thought Space Athletics,2,538,,Love,Jester Disc Golf,0.000000,5
30,,Alter,Thought Space Athletics,3,783,,Rainmaker,Discmania,0.000000,5
30,,Alter,Thought Space Athletics,4,259,,Deputy,Dynamic Discs,0.092572,5
30,,Alter,Thought Space Athletics,5,1085,,Warden,Dynamic Discs,0.092572,5
31,,Alva,Kastaplast,1,426,,Heist,Dynamic Discs,0.000000,5
31,,Alva,Kastaplast,2,252,,Daytona,Finish Line,0.092572,5
31,,Alva,Kastaplast,3,911,,Spell,Gateway,0.092572,5
31,,Alva,Kastaplast,4,952,,Supreme Trespass,Dynamic Discs,0.092572,5
31,,Alva,Kastaplast,5,1063,,Vibe,Hooligan Discs,0.092572,5
32,,Amphibian,Gateway,1,293,,Enemy,Legacy,0.227085,5
32,,Amphibian,Gateway,2,698,,PDx (OOP),Discmania,0.277987,5
32,,Amphibian,Gateway,3,639,,Ninja,Gateway,0.373285,5
32,,Amphibian,Gateway,4,668,,Orc,Innova,0.373285,5
32,,Amphibian,Gateway,5,49,,Aquarius,Millennium,0.373285,5
33,,Amulet,Prodiscus,1,604,,Midari,Prodiscus,0.000000,5
33,,Amulet,Prodiscus,2,35,,Anchor,Latitude 64,0.373285,5
33,,Amulet,Prodiscus,3,886,,Silicon,Løft Discs,0.719632,5
33,,Amulet,Prodiscus,4,777,,RA,Infinite Discs,0.772706,5
33,,Amulet,Prodiscus,5,579,,Mana,Thought Space Athletics,0.794578,5
34,,Anax,Discraft,1,91,,Banzai,DGA,0.000000,5
34,,Anax,Discraft,2,819,,Riptide,DGA,0.227085,5
34,,Anax,Discraft,3,408,,H2 (V2),Prodigy,0.361625,5
34,,Anax,Discraft,4,830,,Rockstar,Discmania,0.373285,5
34,,Anax,Discraft,5,411,,H5,Prodigy,0.427013,5
35,,Anchor,Latitude 64,1,33,,Amulet,Prodiscus,0.373285,5
35,,Anchor,Latitude 64,2,604,,Midari,Prodiscus,0.373285,5
35,,Anchor,Latitude 64,3,544,,M Model US,Prodigy,0.649668,5
35,,Anchor,Latitude 64,4,863,,Sector,Finish Line,0.649668,5
35,,Anchor,Latitude 64,5,777,,RA,Infinite Discs,0.689110,5
38,,Angler,Wild Discs,1,218,,Crux,Thought Space Athletics,0.416858,5
38,,Angler,Wild Discs,2,205,,Crag,Vibram,0.427013,5
38,,Angler,Wild Discs,3,437,,Houston,Lone Star Discs,0.578053,5
38,,Angler,Wild Discs,4,124,,Bobcat,Mint Discs,0.622728,5
38,,Angler,Wild Discs,5,970,,Taco,Mint Discs,0.622728,5
39,,Animal,Innova,1,176,,Chief OS,Gateway,0.000000,5
39,,Animal,Innova,2,740,,Pivot,Prodigy,0.456124,5
39,,Animal,Innova,3,81,,Axe,Viking,0.462623,5
39,,Animal,Innova,4,645,,Notion,Discmania,0.462623,5
39,,Animal,Innova,5,122,,Bluebonnet,Lone Star Discs,0.500896,5
40,,Animus,Thought Space Athletics,1,177,,Chupacabra,Lone Star Discs,0.277987,5
40,,Animus,Thought Space Athletics,2,446,,Hypercane,DGA,0.346590,5
40,,Animus,Thought Space Athletics,3,300,,Era,Finish Line,0.346590,5
40,,Animus,Thought Space Athletics,4,344,,Flash,Discraft,0.361625,5
40,,Animus,Thought Space Athletics,5,614,,Monarch,Innova,0.361625,5
41,,Anubis,Infinite Discs,1,361,,Fugitive,Dynamic Discs,0.370289,5
41,,Anubis,Infinite Discs,2,362,,Fugitive (Supreme),Dynamic Discs,0.370289,5
41,,Anubis,Infinite Discs,3,1089,,Warship,Westside Discs,0.406265,5
41,,Anubis,Infinite Discs,4,1078,,Wall Cloud,Storm,0.427013,5
41,,Anubis,Infinite Discs,5,561,,Mace,Latitude 64,0.507187,5
42,,Anvil,Westside Discs,1,224,,Cyclone,Discraft,0.277987,5
42,,Anvil,Westside Discs,2,938,,Sting,Discraft,0.427013,5
42,,Anvil,Westside Discs,3,372,,Gazelle,Innova,0.500896,5
42,,Anvil,Westside Discs,4,1077,,Walker,Lone Star Discs,0.681848,5
42,,Anvil,Westside Discs,5,62,,Ascend,Streamline,0.719031,5
43,,Apache (OOP),Gateway,1,44,,Apache (retooled),Gateway,0.000000,5
43,,Apache (OOP),Gateway,2,1064,,View,Yikun,0.361625,5
43,,Apache (OOP),Gateway,3,717,,Pelican,AquaFlight,0.373285,5
43,,Apache (OOP),Gateway,4,1087,,Warrior (Gateway),Gateway,0.462623,5
43,,Apache (OOP),Gateway,5,1127,,Xtreme,Discraft,0.471794,5
44,,Apache (retooled),Gateway,1,43,,Apache (OOP),Gateway,0.000000,5
44,,Apache (retooled),Gateway,2,1064,,View,Yikun,0.361625,5
44,,Apache (retooled),Gateway,3,717,,Pelican,AquaFlight,0.373285,5
44,,Apache (retooled),Gateway,4,1087,,Warrior (Gateway),Gateway,0.462623,5
44,,Apache (retooled),Gateway,5,1127,,Xtreme,Discraft,0.471794,5
45,,Ape,Innova,1,249,,Daedalus,Innova,0.277987,5
45,,Ape,Innova,2,1016,,Torrent,DGA,0.373285,5
45,,Ape,Innova,3,947,,Sultan,Infinite Discs,0.406265,5
45,,Ape,Innova,4,128,,Boss,Innova,0.416858,5
45,,Ape,Innova,5,23,,Air Strike,Gateway,0.427013,5
46,,Apex,Gateway,1,665,,Openwater,Crosslap,0.498296,5
46,,Apex,Gateway,2,910,,Speed Demon,Gateway,0.629571,5
46,,Apex,Gateway,3,721,,Pepper,Clash Discs,0.924172,5
46,,Apex,Gateway,4,163,,Cedar,Above Ground Level,0.948197,5
46,,Apex,Gateway,5,336,,Fenrir,Viking,1.076277,5
49,,Aquarius,Millennium,1,1051,,Vamp,Vibram,0.277987,5
49,,Aquarius,Millennium,2,32,,Amphibian,Gateway,0.373285,5
49,,Aquarius,Millennium,3,698,,PDx (OOP),Discmania,0.427013,5
49,,Aquarius,Millennium,4,293,,Enemy,Legacy,0.456124,5
49,,Aquarius,Millennium,5,841,,Sabertooth,Daredevil Discs,0.462623,5
50,,Arch,Vibram,1,1049,,Valley,Vibram,0.000000,5
50,,Arch,Vibram,2,845,,Sail,DGA,0.277987,5
50,,Arch,Vibram,3,63,,Assassin,Gateway,0.346590,5
50,,Arch,Vibram,4,318,,F9,Prodigy,0.373285,5
50,,Arch,Vibram,5,664,,Onyx,Vibram,0.471794,5
51,,Archangel,Innova,1,848,,Salamander,Mint Discs,0.775907,5
51,,Archangel,Innova,2,1097,,Whippet,Innova,0.924291,5
51,,Archangel,Innova,3,778,,RESPECTi,Prodiscus,0.928796,5
51,,Archangel,Innova,4,494,,Kaxe Z (OOP),Kastaplast,1.128361,5
51,,Archangel,Innova,5,567,,Magician,Discmania,1.136483,5
52,,Archer,Discraft,1,938,,Sting,Discraft,0.846877,5
52,,Archer,Discraft,2,724,,Persona,Thought Space Athletics,0.855000,5
52,,Archer,Discraft,3,524,,Leviathan,Other,0.888075,5
52,,Archer,Discraft,4,774,,Quake,DGA,0.905353,5
52,,Archer,Discraft,5,1077,,Walker,Lone Star Discs,0.928796,5
53,,Archive,Prodigy,1,1047,,VRoc,Innova,0.000000,5
53,,Archive,Prodigy,2,545,,M1,Prodigy,0.373285,5
53,,Archive,Prodigy,3,546,,M2,Prodigy,0.373285,5
53,,Archive,Prodigy,4,548,,M4,Prodigy,0.373285,5
53,,Archive,Prodigy,5,642,,Nord,Kastaplast,0.416858,5
54,,Archon,Innova,1,378,,Giant,Westside Discs,0.000000,5
54,,Archon,Innova,2,230,,D1,Prodigy,0.092572,5
54,,Archon,Innova,3,235,,D2 Signature (Falcor),Prodigy,0.092572,5
54,,Archon,Innova,4,236,,D3,Prodigy,0.092572,5
54,,Archon,Innova,5,352,,Force,Discraft,0.092572,5
55,,Area 51,Doomsday Discs,1,1148,,Zone SS,Discraft,0.587190,5
55,,Area 51,Doomsday Discs,2,585,,Maple,Above Ground Level,0.615687,5
55,,Area 51,Doomsday Discs,3,59,,Arrowhead,Sacred Discs,0.824817,5
55,,Area 51,Doomsday Discs,4,861,,Screech,Elevation Disc Golf,0.824817,5
55,,Area 51,Doomsday Discs,5,956,,Suspect,Dynamic Discs,0.878287,5
56,,Aries,Millennium,1,594,,Maya,Infinite Discs,0.000000,5
56,,Aries,Millennium,2,627,,Mystere,Innova,0.000000,5
56,,Aries,Millennium,3,562,,Machete,Discraft,0.092572,5
56,,Aries,Millennium,4,790,,Rask,Kastaplast,0.277987,5
56,,Aries,Millennium,5,13,,Abyss,Storm,0.277987,5
57,,Armadillo,Lone Star Discs,1,568,,Magnet,Discraft,0.587190,5
57,,Armadillo,Lone Star Discs,2,187,,Clutch,Legacy,0.649668,5
57,,Armadillo,Lone Star Discs,3,440,,Hunter,Legacy,0.649668,5
57,,Armadillo,Lone Star Discs,4,386,,Gnome,Sacred Discs,0.663234,5
57,,Armadillo,Lone Star Discs,5,932,,Steady,DGA,0.770657,5
58,,Arowana,Elevation Disc Golf,1,190,,Cohort,Infinite Discs,0.000000,5
58,,Arowana,Elevation Disc Golf,2,139,,Bullfrog,Innova,0.092572,5
58,,Arowana,Elevation Disc Golf,3,995,,The Crater,Storm,0.227085,5
58,,Arowana,Elevation Disc Golf,4,275,,Douglas Fir,Above Ground Level,0.373285,5
58,,Arowana,Elevation Disc Golf,5,570,,Maiden,Westside Discs,0.373285,5
59,,Arrowhead,Sacred Discs,1,861,,Screech,Elevation Disc Golf,0.000000,5
59,,Arrowhead,Sacred Discs,2,283,,Drop,Discmania,0.361625,5
59,,Arrowhead,Sacred Discs,3,899,,Sol,Discraft,0.539719,5
59,,Arrowhead,Sacred Discs,4,428,,Hellbender,Daredevil Discs,0.681848,5
59,,Arrowhead,Sacred Discs,5,429,,Hellbender (Razorback),Daredevil Discs,0.681848,5
60,,Artemis,Lone Star Discs,1,677,,Owl,Stokely Discs,0.092572,5
60,,Artemis,Lone Star Discs,2,435,,Horny Toad,Lone Star Discs,0.227085,5
60,,Artemis,Lone Star Discs,3,510,,Kratos,Discraft,0.227085,5
60,,Artemis,Lone Star Discs,4,541,,Luna,Discraft,0.227085,5
60,,Artemis,Lone Star Discs,5,589,,Marvel,Birdie,0.227085,5
61,,Artifact,Infinite Discs,1,684,,P2,Discmania,0.000000,5
61,,Artifact,Infinite Discs,2,857,,Scarab,Infinite Discs,0.000000,5
61,,Artifact,Infinite Discs,3,742,,Pixel,Axiom Discs,0.092572,5
61,,Artifact,Infinite Discs,4,597,,Mercy,Latitude 64,0.227085,5
61,,Artifact,Infinite Discs,5,629,,Myth,Infinite Discs,0.277987,5
62,,Ascend,Streamline,1,843,,Sabre,Gateway,0.000000,5
62,,Ascend,Streamline,2,280,,Drift,Streamline,0.227085,5
62,,Ascend,Streamline,3,372,,Gazelle,Innova,0.277987,5
62,,Ascend,Streamline,4,1057,,Vela,Millennium,0.277987,5
62,,Ascend,Streamline,5,1105,,Wolverine,Daredevil Discs,0.346590,5
63,,Assassin,Gateway,1,845,,Sail,DGA,0.092572,5
63,,Assassin,Gateway,2,50,,Arch,Vibram,0.346590,5
63,,Assassin,Gateway,3,1049,,Valley,Vibram,0.346590,5
63,,Assassin,Gateway,4,471,,Jade,Latitude 64,0.498296,5
63,,Assassin,Gateway,5,664,,Onyx,Vibram,0.539719,5
64,,Astra,Millennium,1,249,,Daedalus,Innova,0.346590,5
64,,Astra,Millennium,2,210,,Criminal,Dynamic Discs,0.456124,5
64,,Astra,Millennium,3,465,,Invictus,Innova,0.456124,5
64,,Astra,Millennium,4,264,,Destroyer,Innova,0.462623,5
64,,Astra,Millennium,5,430,,Hellfire,DGA,0.462623,5
66,,Astronaut,Discmania,1,221,,Curl,Lone Star Discs,0.277987,5
66,,Astronaut,Discmania,2,398,,Growler,Lone Star Discs,0.361625,5
66,,Astronaut,Discmania,3,756,,Prince,Westside Discs,0.361625,5
66,,Astronaut,Discmania,4,696,,PD2,Discmania,0.406265,5
66,,Astronaut,Discmania,5,944,,Strive,Latitude 64,0.416858,5
67,,Athena,Discraft,1,313,,F1,Prodigy,0.000000,5
67,,Athena,Discraft,2,314,,F2,Prodigy,0.000000,5
67,,Athena,Discraft,3,315,,F3,Prodigy,0.000000,5
67,,Athena,Discraft,4,317,,F7,Prodigy,0.092572,5
67,,Athena,Discraft,5,1113,,Wyrm,Divergent,0.346590,5
68,,Atlas,Innova,1,170,,Chariot,Infinite Discs,0.092572,5
68,,Atlas,Innova,2,507,,Kotuku,RPM,0.373285,5
68,,Atlas,Innova,3,1075,,Waco,Prodigy,0.416858,5
68,,Atlas,Innova,4,528,,Lion,Innova,0.427013,5
68,,Atlas,Innova,5,837,,Ruin,Infinite Discs,0.506970,5
69,,Atom,MVP,1,612,,Mobius,EV-7,0.346590,5
69,,Atom,MVP,2,691,,PA2,Prodigy,0.346590,5
69,,Atom,MVP,3,835,,Rot,Doomsday Discs,0.346590,5
69,,Atom,MVP,4,904,,Sonar,DGA,0.346590,5
69,,Atom,MVP,5,634,,Neon,Løft Discs,0.373285,5
70,,Aura,Gateway,1,776,,Queen,Westside Discs,0.000000,5
70,,Aura,Gateway,2,795,,Reach,Birdie,0.000000,5
70,,Aura,Gateway,3,225,,Cypress,Other,0.227085,5
70,,Aura,Gateway,4,725,,Pestilence,Doomsday Discs,0.227085,5
70,,Aura,Gateway,5,782,,Raider,Dynamic Discs,0.277717,5
72,,Avalanche,DGA,1,907,,Spark,Latitude 64,0.000000,5
72,,Avalanche,DGA,2,290,,Elm,Above Ground Level,0.092572,5
72,,Avalanche,DGA,3,470,,Jackalope,Mint Discs,0.092572,5
72,,Avalanche,DGA,4,918,,Splice,Discmania,0.092572,5
72,,Avalanche,DGA,5,1033,,Turbulence,Streamline,0.092572,5
73,,Avatar,Innova,1,886,,Silicon,Løft Discs,0.557974,5
73,,Avatar,Innova,2,837,,Ruin,Infinite Discs,0.557974,5
73,,Avatar,Innova,3,457,,Inca,Infinite Discs,0.621299,5
73,,Avatar,Innova,4,602,,Method,Discmania,0.621299,5
73,,Avatar,Innova,5,528,,Lion,Innova,0.621299,5
74,,Avenger,Discraft,1,109,,Bi,Yikun,0.092572,5
74,,Avenger,Discraft,2,1072,,Votum,Thought Space Athletics,0.227085,5
74,,Avenger,Discraft,3,348,,Flipperi,Prodiscus,0.277987,5
74,,Avenger,Discraft,4,525,,Lift,Streamline,0.277987,5
74,,Avenger,Discraft,5,663,,Omen,Thought Space Athletics,0.277987,5
80,,AviarX3,Innova,1,750,,Popcorn,Clash Discs,0.629571,5
80,,AviarX3,Innova,2,476,,Jokeri,Prodiscus,0.765786,5
80,,AviarX3,Innova,3,477,,JokeriX,Prodiscus,0.765786,5
80,,AviarX3,Innova,4,862,,Sea Otter,Wild Discs,0.794578,5
80,,AviarX3,Innova,5,459,,Inner Core,Trash Panda,0.829995,5
81,,Axe,Viking,1,645,,Notion,Discmania,0.000000,5
81,,Axe,Viking,2,976,,Tank,Millennium,0.277987,5
81,,Axe,Viking,3,39,,Animal,Innova,0.462623,5
81,,Axe,Viking,4,176,,Chief OS,Gateway,0.462623,5
81,,Axe,Viking,5,812,,Rhyno,Innova,0.462623,5
82,,Aztec,Infinite Discs,1,1143,,Zodiac,Millennium,0.092572,5
82,,Aztec,Infinite Discs,2,879,,Shift,Streamline,0.185145,5
82,,Aztec,Infinite Discs,3,243,,DD1,Discmania,0.227085,5
82,,Aztec,Infinite Discs,4,474,,Jet,Streamline,0.227085,5
82,,Aztec,Infinite Discs,5,225,,Cypress,Other,0.277987,5
83,,BB6,Lone Star Discs,1,519,,Launch,Vibram,0.416858,5
83,,BB6,Lone Star Discs,2,632,,Nebula,Discraft,0.515352,5
83,,BB6,Lone Star Discs,3,422,,Hawg,Innova,0.587190,5
83,,BB6,Lone Star Discs,4,39,,Animal,Innova,0.663234,5
83,,BB6,Lone Star Discs,5,176,,Chief OS,Gateway,0.663234,5
84,,Badger,Legacy,1,288,,Echo,Streamline,0.185145,5
84,,Badger,Legacy,2,431,,Hex,Axiom Discs,0.277987,5
84,,Badger,Legacy,3,769,,Pursuit,Legacy,0.361625,5
84,,Badger,Legacy,4,800,,Recluse,Legacy,0.361625,5
84,,Badger,Legacy,5,2,,1 Helix,Lightning,0.416858,5
86,,Ballista,Latitude 64,1,130,,Bowie,Lone Star Discs,0.000000,5
86,,Ballista,Latitude 64,2,784,,Raketen (OOP),Latitude 64,0.000000,5
86,,Ballista,Latitude 64,3,127,,Bolt,Latitude 64,0.092572,5
86,,Ballista,Latitude 64,4,900,,Solace,Vibram,0.092572,5
86,,Ballista,Latitude 64,5,191,,Colossus,Innova,0.277987,5
87,,Ballista Pro,Latitude 64,1,801,,Recon,Legacy,0.092572,5
87,,Ballista Pro,Latitude 64,2,18,,Aftermath,Legacy,0.207360,5
87,,Ballista Pro,Latitude 64,3,1116,,X4,Prodigy,0.346590,5
87,,Ballista Pro,Latitude 64,4,86,,Ballista,Latitude 64,0.361625,5
87,,Ballista Pro,Latitude 64,5,130,,Bowie,Lone Star Discs,0.361625,5
88,,Bandit,Legacy,1,117,,Blade,Gateway,0.000000,5
88,,Bandit,Legacy,2,616,,Mongoose,Legacy,0.000000,5
88,,Bandit,Legacy,3,633,,Nemesis,Legacy,0.000000,5
88,,Bandit,Legacy,4,1113,,Wyrm,Divergent,0.227085,5
88,,Bandit,Legacy,5,312,,F Model US,Prodigy,0.227085,5
90,,Banshee,Innova,1,813,,Rhythm,Axiom Discs,0.000000,5
90,,Banshee,Innova,2,695,,PD,Discmania,0.346590,5
90,,Banshee,Innova,3,736,,Pioneer,Latitude 64,0.346590,5
90,,Banshee,Innova,4,751,,Power Disc (Phantom Sword),Innova,0.346590,5
90,,Banshee,Innova,5,833,,Roman,Infinite Discs,0.346590,5
91,,Banzai,DGA,1,34,,Anax,Discraft,0.000000,5
91,,Banzai,DGA,2,819,,Riptide,DGA,0.227085,5
91,,Banzai,DGA,3,408,,H2 (V2),Prodigy,0.361625,5
91,,Banzai,DGA,4,830,,Rockstar,Discmania,0.373285,5
91,,Banzai,DGA,5,411,,H5,Prodigy,0.427013,5
92,,Baobab,Above Ground Level,1,565,,Maestro,Discmania,0.227085,5
92,,Baobab,Above Ground Level,2,428,,Hellbender,Daredevil Discs,0.373285,5
92,,Baobab,Above Ground Level,3,429,,Hellbender (Razorback),Daredevil Discs,0.373285,5
92,,Baobab,Above Ground Level,4,1012,,Tomb,Infinite Discs,0.462623,5
92,,Baobab,Above Ground Level,5,219,,Culprit,Dynamic Discs,0.539719,5
93,,Barbarian,Viking,1,359,,Fu,Yikun,0.092572,5
93,,Barbarian,Viking,2,599,,Mermaid,Discmania,0.092572,5
93,,Barbarian,Viking,3,410,,H4 (V2),Prodigy,0.185145,5
93,,Barbarian,Viking,4,1044,,Underworld,Westside Discs,0.185145,5
93,,Barbarian,Viking,5,942,,Strike,Other,0.227085,5
94,,Bard,Westside Discs,1,735,,Pine,Westside Discs,0.092572,5
94,,Bard,Westside Discs,2,547,,M3,Prodigy,0.227085,5
94,,Bard,Westside Discs,3,560,,MX-3,Prodigy,0.227085,5
94,,Bard,Westside Discs,4,555,,MD4,Discmania,0.454171,5
94,,Bard,Westside Discs,5,553,,MD3,Discmania,0.456124,5
95,,Bash,Lone Star Discs,1,862,,Sea Otter,Wild Discs,0.594443,5
95,,Bash,Lone Star Discs,2,1091,,Watt,MVP,0.622728,5
95,,Bash,Lone Star Discs,3,138,,Bullet,Mint Discs,0.629571,5
95,,Bash,Lone Star Discs,4,761,,Proxy,Axiom Discs,0.649668,5
95,,Bash,Lone Star Discs,5,504,,Koi,Elevation Disc Golf,0.870402,5
96,,Bayonet,Lone Star Discs,1,244,,DD2,Discmania,0.000000,5
96,,Bayonet,Lone Star Discs,2,245,,DD2 (OOP),Discmania,0.000000,5
96,,Bayonet,Lone Star Discs,3,1098,,Wild Honey,Clash Discs,0.000000,5
96,,Bayonet,Lone Star Discs,4,513,,Lace,Vibram,0.277987,5
96,,Bayonet,Lone Star Discs,5,696,,PD2,Discmania,0.361625,5
97,,Bear,Westside Discs,1,563,,Mad Cat,Lone Star Discs,0.000000,5
97,,Bear,Westside Discs,2,925,,Stag,Westside Discs,0.000000,5
97,,Bear,Westside Discs,3,991,,Terra,MVP,0.000000,5
97,,Bear,Westside Discs,4,326,,FX-3,Prodigy,0.092572,5
97,,Bear,Westside Discs,5,327,,FX-4,Prodigy,0.227085,5
98,,Bearkat,Lone Star Discs,1,960,,Swarm,Discraft,0.000000,5
98,,Bearkat,Lone Star Discs,2,709,,Patrol,Dynamic Discs,0.277987,5
98,,Bearkat,Lone Star Discs,3,143,,Buzzz OS,Discraft,0.471794,5
98,,Bearkat,Lone Star Discs,4,211,,Crisis,Doomsday Discs,0.471794,5
98,,Bearkat,Lone Star Discs,5,820,,Rise,Birdie,0.500896,5
99,,Beast,Innova,1,198,,Convict,Dynamic Discs,0.092572,5
99,,Beast,Innova,2,928,,Starfire,Innova,0.092572,5
99,,Beast,Innova,3,1068,,Virus,Axiom Discs,0.092572,5
99,,Beast,Innova,4,909,,Spear,Gateway,0.185145,5
99,,Beast,Innova,5,858,,Scepter,Infinite Discs,0.277987,5
100,,Beaver,Daredevil Discs,1,919,,Spore,Discmania,0.471794,5
100,,Beaver,Daredevil Discs,2,1086,,Warlock,Gateway,0.649668,5
100,,Beaver,Daredevil Discs,3,351,,Focus,Discraft,0.649668,5
100,,Beaver,Daredevil Discs,4,1070,,Voodoo,Gateway,0.649668,5
100,,Beaver,Daredevil Discs,5,838,,Rune,Viking,0.680543,5
101,,Beech,Above Ground Level,1,903,,Solstice,Millennium,0.742336,5
101,,Beech,Above Ground Level,2,553,,MD3,Discmania,0.770657,5
101,,Beech,Above Ground Level,3,997,,The Eye,Storm,0.845826,5
101,,Beech,Above Ground Level,4,368,,Gatekeeper,Westside Discs,0.854026,5
101,,Beech,Above Ground Level,5,380,,Glacier,Discmania,0.854026,5
102,,Beetle,Latitude 64,1,905,,Sonic,Innova,1.253608,5
102,,Beetle,Latitude 64,2,1140,,Zeppelin,Discraft,1.374216,5
102,,Beetle,Latitude 64,3,209,,Credo,Crosslap,1.710001,5
102,,Beetle,Latitude 64,4,447,,I-One,Other,1.813113,5
102,,Beetle,Latitude 64,5,371,,Gauge,Legacy,1.837959,5
103,,Belleair,Climo Disc Golf,1,183,,Claymore,Latitude 64,0.000000,5
103,,Belleair,Climo Disc Golf,2,581,,Manta,Innova,0.373285,5
103,,Belleair,Climo Disc Golf,3,201,,Core,Latitude 64,0.462623,5
103,,Belleair,Climo Disc Golf,4,305,,Evidence,Dynamic Discs,0.498296,5
103,,Belleair,Climo Disc Golf,5,951,,Supreme EMac Truth,Dynamic Discs,0.515352,5
104,,Benny,Lone Star Discs,1,897,,Sockibomb Slammer,Dynamic Discs,0.227085,5
104,,Benny,Lone Star Discs,2,337,,Fierce,Discraft,0.227085,5
104,,Benny,Lone Star Discs,3,496,,Keystone,Latitude 64,0.227085,5
104,,Benny,Lone Star Discs,4,953,,Surf,DGA,0.277987,5
104,,Benny,Lone Star Discs,5,793,,Raze,Infinite Discs,0.373285,5
105,,Berg,Kastaplast,1,167,,Challenger SS,Discraft,0.277987,5
105,,Berg,Kastaplast,2,187,,Clutch,Legacy,0.373285,5
105,,Berg,Kastaplast,3,440,,Hunter,Legacy,0.373285,5
105,,Berg,Kastaplast,4,932,,Steady,DGA,0.416858,5
105,,Berg,Kastaplast,5,216,,Crown,Westside Discs,0.427013,5
106,,Berg X,Kastaplast,1,612,,Mobius,EV-7,0.346590,5
106,,Berg X,Kastaplast,2,691,,PA2,Prodigy,0.346590,5
106,,Berg X,Kastaplast,3,835,,Rot,Doomsday Discs,0.346590,5
106,,Berg X,Kastaplast,4,904,,Sonar,DGA,0.346590,5
106,,Berg X,Kastaplast,5,386,,Gnome,Sacred Discs,0.456124,5
107,,Berry,Clash Discs,1,608,,Mint,Clash Discs,0.092572,5
107,,Berry,Clash Discs,2,173,,Cherry,Clash Discs,0.346590,5
107,,Berry,Clash Discs,3,987,,Temple,Thought Space Athletics,0.427013,5
107,,Berry,Clash Discs,4,839,,Runway,Streamline,0.456124,5
107,,Berry,Clash Discs,5,580,,Mango,Clash Discs,0.515352,5
108,,Berserker,Viking,1,267,,Diablo,Gateway,0.227085,5
108,,Berserker,Viking,2,338,,Fighter,Legacy,0.227085,5
108,,Berserker,Viking,3,583,,Mantra,Thought Space Athletics,0.227085,5
108,,Berserker,Viking,4,348,,Flipperi,Prodiscus,0.277987,5
108,,Berserker,Viking,5,525,,Lift,Streamline,0.277987,5
109,,Bi,Yikun,1,74,,Avenger,Discraft,0.092572,5
109,,Bi,Yikun,2,348,,Flipperi,Prodiscus,0.227085,5
109,,Bi,Yikun,3,525,,Lift,Streamline,0.227085,5
109,,Bi,Yikun,4,663,,Omen,Thought Space Athletics,0.227085,5
109,,Bi,Yikun,5,1058,,Vengeance,Legacy,0.227085,5
111,,BigFoot,Daredevil Discs,1,1133,,Yeti,Daredevil Discs,0.000000,5
111,,BigFoot,Daredevil Discs,2,502,,Knight,Latitude 64,0.092572,5
111,,BigFoot,Daredevil Discs,3,206,,Crank,Discraft,0.277987,5
111,,BigFoot,Daredevil Discs,4,877,,Sheriff,Dynamic Discs,0.277987,5
111,,BigFoot,Daredevil Discs,5,191,,Colossus,Innova,0.462623,5
114,,Birdie,Innova,1,1103,,Wizard,Gateway,1.962400,5
114,,Birdie,Innova,2,564,,Madrone,Above Ground Level,2.044461,5
114,,Birdie,Innova,3,406,,Gumbputt,DGA,2.064583,5
114,,Birdie,Innova,4,919,,Spore,Discmania,2.172522,5
114,,Birdie,Innova,5,770,,Putt'r,Discraft,2.280420,5
116,,Blackout,Doomsday Discs,1,188,,Coalesce,Thought Space Athletics,0.000000,5
116,,Blackout,Doomsday Discs,2,846,,Saint,Latitude 64,0.000000,5
116,,Blackout,Doomsday Discs,3,439,,Huia,RPM,0.227085,5
116,,Blackout,Doomsday Discs,4,639,,Ninja,Gateway,0.277987,5
116,,Blackout,Doomsday Discs,5,668,,Orc,Innova,0.277987,5
117,,Blade,Gateway,1,88,,Bandit,Legacy,0.000000,5
117,,Blade,Gateway,2,616,,Mongoose,Legacy,0.000000,5
117,,Blade,Gateway,3,633,,Nemesis,Legacy,0.000000,5
117,,Blade,Gateway,4,1113,,Wyrm,Divergent,0.227085,5
117,,Blade,Gateway,5,312,,F Model US,Prodigy,0.227085,5
118,,Blast,DGA,1,1062,,Vessel,Thought Space Athletics,0.000000,5
118,,Blast,DGA,2,1146,,Zone GT (Banger Top),Discraft,0.373285,5
118,,Blast,DGA,3,855,,Savior,Latitude 64,0.406265,5
118,,Blast,DGA,4,505,,Kon Tiki,Infinite Discs,0.427013,5
118,,Blast,DGA,5,956,,Suspect,Dynamic Discs,0.462623,5
119,,Blaze,Gateway,1,257,,Demon,Gateway,0.000000,5
119,,Blaze,Gateway,2,818,,Rio Grande,Lone Star Discs,0.000000,5
119,,Blaze,Gateway,3,171,,Cheetah,Innova,0.277987,5
119,,Blaze,Gateway,4,936,,Stig,Kastaplast,0.346590,5
119,,Blaze,Gateway,5,1127,,Xtreme,Discraft,0.361625,5
120,,Bleak,Doomsday Discs,1,184,,Cliff,Climo Disc Golf,0.471794,5
120,,Bleak,Doomsday Discs,2,12,,APX,Discraft,0.680543,5
120,,Bleak,Doomsday Discs,3,856,,Scale,Gateway,0.719632,5
120,,Bleak,Doomsday Discs,4,870,,Serpent,Gateway,0.737278,5
120,,Bleak,Doomsday Discs,5,251,,Dart,Innova,0.758061,5
122,,Bluebonnet,Lone Star Discs,1,740,,Pivot,Prodigy,0.092572,5
122,,Bluebonnet,Lone Star Discs,2,39,,Animal,Innova,0.500896,5
122,,Bluebonnet,Lone Star Discs,3,176,,Chief OS,Gateway,0.500896,5
122,,Bluebonnet,Lone Star Discs,4,1145,,Zone,Discraft,0.515352,5
122,,Bluebonnet,Lone Star Discs,5,422,,Hawg,Innova,0.629571,5
123,,Boatman,Westside Discs,1,721,,Pepper,Clash Discs,0.829995,5
123,,Boatman,Westside Discs,2,274,,Dos X,Lone Star Discs,0.919888,5
123,,Boatman,Westside Discs,3,593,,Max (OOP),Innova,1.011766,5
123,,Boatman,Westside Discs,4,850,,Sampo,Westside Discs,1.016066,5
123,,Boatman,Westside Discs,5,636,,Nightjar,Disctroyer,1.019029,5
124,,Bobcat,Mint Discs,1,970,,Taco,Mint Discs,0.000000,5
124,,Bobcat,Mint Discs,2,403,,Guava,Clash Discs,0.185145,5
124,,Bobcat,Mint Discs,3,437,,Houston,Lone Star Discs,0.455960,5
124,,Bobcat,Mint Discs,4,218,,Crux,Thought Space Athletics,0.462623,5
124,,Bobcat,Mint Discs,5,205,,Crag,Vibram,0.471794,5
125,,Bohrium,Løft Discs,1,273,,Dominator (OOP),Innova,0.456124,5
125,,Bohrium,Løft Discs,2,487,,Kahu,RPM,0.539719,5
125,,Bohrium,Løft Discs,3,234,,D2 Pro,Prodigy,0.578053,5
125,,Bohrium,Løft Discs,4,521,,Legenda,Prodiscus,0.578053,5
125,,Bohrium,Løft Discs,5,726,,Pharaoh,Infinite Discs,0.663234,5
126,,Bokeh,Axiom Discs,1,321,,FD1,Discmania,0.000000,5
126,,Bokeh,Axiom Discs,2,133,,Brazos,Lone Star Discs,0.092572,5
126,,Bokeh,Axiom Discs,3,309,,Explorer,Latitude 64,0.092572,5
126,,Bokeh,Axiom Discs,4,172,,Chemtrail,Doomsday Discs,0.277987,5
126,,Bokeh,Axiom Discs,5,1052,,Vandal,Dynamic Discs,0.277987,5
127,,Bolt,Latitude 64,1,86,,Ballista,Latitude 64,0.092572,5
127,,Bolt,Latitude 64,2,130,,Bowie,Lone Star Discs,0.092572,5
127,,Bolt,Latitude 64,3,784,,Raketen (OOP),Latitude 64,0.092572,5
127,,Bolt,Latitude 64,4,900,,Solace,Vibram,0.185145,5
127,,Bolt,Latitude 64,5,247,,DDx (OOP),Discmania,0.227085,5
128,,Boss,Innova,1,947,,Sultan,Infinite Discs,0.277987,5
128,,Boss,Innova,2,45,,Ape,Innova,0.416858,5
128,,Boss,Innova,3,649,,Nuke OS,Discraft,0.462623,5
128,,Boss,Innova,4,775,,Quasar,Millennium,0.462623,5
128,,Boss,Innova,5,648,,Nuke,Discraft,0.471794,5
129,,Bounty,Dynamic Discs,1,895,,Sling,Westside Discs,0.456124,5
129,,Bounty,Dynamic Discs,2,997,,The Eye,Storm,0.621477,5
129,,Bounty,Dynamic Discs,3,1079,,Walrus,Daredevil Discs,0.649668,5
129,,Bounty,Dynamic Discs,4,631,,Nautilus,Neptune Discs,0.723275,5
129,,Bounty,Dynamic Discs,5,581,,Manta,Innova,0.855000,5
130,,Bowie,Lone Star Discs,1,86,,Ballista,Latitude 64,0.000000,5
130,,Bowie,Lone Star Discs,2,784,,Raketen (OOP),Latitude 64,0.000000,5
130,,Bowie,Lone Star Discs,3,127,,Bolt,Latitude 64,0.092572,5
130,,Bowie,Lone Star Discs,4,900,,Solace,Vibram,0.092572,5
130,,Bowie,Lone Star Discs,5,191,,Colossus,Innova,0.277987,5
132,,Brave,Latitude 64,1,864,,Seer,Westside Discs,0.361625,5
132,,Brave,Latitude 64,2,322,,FD2 (OOP),Discmania,0.373285,5
132,,Brave,Latitude 64,3,384,,Glory,Latitude 64,0.373285,5
132,,Brave,Latitude 64,4,451,,Idog,Kastaplast,0.373285,5
132,,Brave,Latitude 64,5,708,,Patriot,Legacy,0.373285,5
133,,Brazos,Lone Star Discs,1,309,,Explorer,Latitude 64,0.000000,5
133,,Brazos,Lone Star Discs,2,126,,Bokeh,Axiom Discs,0.092572,5
133,,Brazos,Lone Star Discs,3,321,,FD1,Discmania,0.092572,5
133,,Brazos,Lone Star Discs,4,172,,Chemtrail,Doomsday Discs,0.227085,5
133,,Brazos,Lone Star Discs,5,1052,,Vandal,Dynamic Discs,0.346590,5
135,,Breakout,Dynamic Discs,1,961,,Swift,AquaFlight,0.092572,5
135,,Breakout,Dynamic Discs,2,203,,Cosmos,Viking,0.277987,5
135,,Breakout,Dynamic Discs,3,517,,Laseri,Prodiscus,0.361625,5
135,,Breakout,Dynamic Discs,4,854,,Savant,Innova,0.361625,5
135,,Breakout,Dynamic Discs,5,912,,Sphinx,Infinite Discs,0.373285,5
136,,Buffalo,Daredevil Discs,1,6,,Tilt,Discmania,0.373285,5
136,,Buffalo,Daredevil Discs,2,180,,Cinnamon,Clash Discs,0.373285,5
136,,Buffalo,Daredevil Discs,3,325,,FX-2,Prodigy,0.373285,5
136,,Buffalo,Daredevil Discs,4,954,,Surge,Discraft,0.373285,5
136,,Buffalo,Daredevil Discs,5,344,,Flash,Discraft,0.416858,5
137,,Bull Snake,Lone Star Discs,1,1145,,Zone,Discraft,0.346590,5
137,,Bull Snake,Lone Star Discs,2,422,,Hawg,Innova,0.500896,5
137,,Bull Snake,Lone Star Discs,3,7,,A1,Prodigy,0.500896,5
137,,Bull Snake,Lone Star Discs,4,8,,A2,Prodigy,0.500896,5
137,,Bull Snake,Lone Star Discs,5,9,,A3,Prodigy,0.500896,5
138,,Bullet,Mint Discs,1,1091,,Watt,MVP,0.092572,5
138,,Bullet,Mint Discs,2,862,,Sea Otter,Wild Discs,0.277987,5
138,,Bullet,Mint Discs,3,476,,Jokeri,Prodiscus,0.373285,5
138,,Bullet,Mint Discs,4,477,,JokeriX,Prodiscus,0.373285,5
138,,Bullet,Mint Discs,5,793,,Raze,Infinite Discs,0.471794,5
139,,Bullfrog,Innova,1,58,,Arowana,Elevation Disc Golf,0.092572,5
139,,Bullfrog,Innova,2,190,,Cohort,Infinite Discs,0.092572,5
139,,Bullfrog,Innova,3,995,,The Crater,Storm,0.207360,5
139,,Bullfrog,Innova,4,275,,Douglas Fir,Above Ground Level,0.406265,5
139,,Bullfrog,Innova,5,570,,Maiden,Westside Discs,0.406265,5
140,,Butter,Clash Discs,1,261,,Despair,Doomsday Discs,0.846877,5
140,,Butter,Clash Discs,2,543,,M Model S,Prodigy,0.883237,5
140,,Butter,Clash Discs,3,360,,Fudge,Clash Discs,0.888075,5
140,,Butter,Clash Discs,4,572,,Mako,Innova,1.011766,5
140,,Butter,Clash Discs,5,205,,Crag,Vibram,1.094225,5
141,,Buzzz,Discraft,1,204,,Coyote,Innova,0.092572,5
141,,Buzzz,Discraft,2,347,,Flip,Hooligan Discs,0.277987,5
141,,Buzzz,Discraft,3,619,,Morningstar,Gateway,0.277987,5
141,,Buzzz,Discraft,4,1026,,Trust,Latitude 64,0.277987,5
141,,Buzzz,Discraft,5,555,,MD4,Discmania,0.346590,5
143,,Buzzz OS,Discraft,1,211,,Crisis,Doomsday Discs,0.000000,5
143,,Buzzz OS,Discraft,2,473,,Jay,Innova,0.227085,5
143,,Buzzz OS,Discraft,3,950,,Supra,Finish Line,0.456124,5
143,,Buzzz OS,Discraft,4,498,,Khonsu,Infinite Discs,0.456124,5
143,,Buzzz OS,Discraft,5,98,,Bearkat,Lone Star Discs,0.471794,5
145,,CD (OOP),Discmania,1,858,,Scepter,Infinite Discs,0.462623,5
145,,CD (OOP),Discmania,2,1066,,Viking,Innova,0.471794,5
145,,CD (OOP),Discmania,3,909,,Spear,Gateway,0.506970,5
145,,CD (OOP),Discmania,4,198,,Convict,Dynamic Discs,0.515352,5
145,,CD (OOP),Discmania,5,928,,Starfire,Innova,0.515352,5
146,,CD1,Discmania,1,1052,,Vandal,Dynamic Discs,0.092572,5
146,,CD1,Discmania,2,1053,,Vanguard,Discmania,0.207360,5
146,,CD1,Discmania,3,22,,Ahti,Westside Discs,0.227085,5
146,,CD1,Discmania,4,334,,Feedback,Prodigy,0.227085,5
146,,CD1,Discmania,5,126,,Bokeh,Axiom Discs,0.346590,5
147,,CD3 (OOP),Discmania,1,482,,Jun,Yikun,0.092572,5
147,,CD3 (OOP),Discmania,2,891,,Slaidi,Prodiscus,0.227085,5
147,,CD3 (OOP),Discmania,3,913,,Spice,Clash Discs,0.346590,5
147,,CD3 (OOP),Discmania,4,698,,PDx (OOP),Discmania,0.462623,5
147,,CD3 (OOP),Discmania,5,1131,,Yeet,Hooligan Discs,0.539719,5
149,,Cactus,Lone Star Discs,1,1018,,Trail,MVP,0.000000,5
149,,Cactus,Lone Star Discs,2,390,,Gorgon,Innova,0.092572,5
149,,Cactus,Lone Star Discs,3,391,,Gorgon (GStar),Innova,0.092572,5
149,,Cactus,Lone Star Discs,4,400,,Grym X (OOP),Kastaplast,0.227085,5
149,,Cactus,Lone Star Discs,5,896,,Sockibomb Felon,Dynamic Discs,0.227085,5
150,,Caiman,Innova,1,559,,MX-2,Prodigy,0.406265,5
150,,Caiman,Innova,2,722,,Peppermint,Clash Discs,0.406265,5
150,,Caiman,Innova,3,1014,,Toro,Innova,0.500896,5
150,,Caiman,Innova,4,370,,Gator3,Innova,0.629571,5
150,,Caiman,Innova,5,389,,Golem,Other,0.719031,5
151,,Candy,Clash Discs,1,1137,,Zeal,Other,0.346590,5
151,,Candy,Clash Discs,2,329,,Faith,Latitude 64,0.539719,5
151,,Candy,Clash Discs,3,902,,Sole,Vibram,0.555974,5
151,,Candy,Clash Discs,4,754,,Precision,Stokely Discs,0.629571,5
151,,Candy,Clash Discs,5,881,,Shogun,Discmania,0.723275,5
152,,Cannon,Legacy,1,787,,Rampage,Legacy,0.000000,5
152,,Cannon,Legacy,2,256,,Delirium,Axiom Discs,0.092572,5
152,,Cannon,Legacy,3,237,,D3 Max,Prodigy,0.277987,5
152,,Cannon,Legacy,4,270,,Dimension,MVP,0.373285,5
152,,Cannon,Legacy,5,491,,Katana,Innova,0.406265,5
154,,Captain,Dynamic Discs,1,162,,Catapult,Westside Discs,0.000000,5
154,,Captain,Dynamic Discs,2,865,,Seguin,Lone Star Discs,0.000000,5
154,,Captain,Dynamic Discs,3,196,,Conqueror,Infinite Discs,0.185145,5
154,,Captain,Dynamic Discs,4,297,,Enigma,Discmania,0.207360,5
154,,Captain,Dynamic Discs,5,394,,Grace,Latitude 64,0.207360,5
155,,Captain's Raptor,Discraft,1,1008,,Titan,Prodiscus,0.092572,5
155,,Captain's Raptor,Discraft,2,300,,Era,Finish Line,0.227085,5
155,,Captain's Raptor,Discraft,3,328,,Fairway Disc,Innova,0.227085,5
155,,Captain's Raptor,Discraft,4,177,,Chupacabra,Lone Star Discs,0.277987,5
155,,Captain's Raptor,Discraft,5,395,,Grackle,Mint Discs,0.373285,5
156,,Captain's Thrasher,Discraft,1,889,,Skyway,Climo Disc Golf,0.000000,5
156,,Captain's Thrasher,Discraft,2,217,,Crush,Discraft,0.185145,5
156,,Captain's Thrasher,Discraft,3,831,,Rogue,DGA,0.207360,5
156,,Captain's Thrasher,Discraft,4,226,,Czar,Infinite Discs,0.227085,5
156,,Captain's Thrasher,Discraft,5,842,,Sabot,Millennium,0.227085,5
157,,Capybara,Elevation Disc Golf,1,903,,Solstice,Millennium,0.578053,5
157,,Capybara,Elevation Disc Golf,2,540,,Lucky,Crosslap,0.594443,5
157,,Capybara,Elevation Disc Golf,3,1034,,Tursas,Westside Discs,0.681848,5
157,,Capybara,Elevation Disc Golf,4,98,,Bearkat,Lone Star Discs,0.794578,5
157,,Capybara,Elevation Disc Golf,5,960,,Swarm,Discraft,0.794578,5
158,,Cardinal,Stokely Discs,1,1040,,Ultra,Other,0.361625,5
158,,Cardinal,Stokely Discs,2,927,,Stalker,Discraft,0.416858,5
158,,Cardinal,Stokely Discs,3,820,,Rise,Birdie,0.500896,5
158,,Cardinal,Stokely Discs,4,706,,Passion,Discraft,0.557974,5
158,,Cardinal,Stokely Discs,5,774,,Quake,DGA,0.615687,5
159,,Caribou,Daredevil Discs,1,618,,Moose,Daredevil Discs,0.000000,5
159,,Caribou,Daredevil Discs,2,561,,Mace,Latitude 64,0.092572,5
159,,Caribou,Daredevil Discs,3,193,,Comet,Discraft,0.227085,5
159,,Caribou,Daredevil Discs,4,345,,Flat Earth,Doomsday Discs,0.227085,5
159,,Caribou,Daredevil Discs,5,361,,Fugitive,Dynamic Discs,0.277987,5
160,,Cataclysm,Doomsday Discs,1,1122,,XXX,Latitude 64,0.277987,5
160,,Cataclysm,Doomsday Discs,2,453,,Illusion,Gateway,0.373285,5
160,,Cataclysm,Doomsday Discs,3,1054,,Vanilla,Clash Discs,0.615687,5
160,,Cataclysm,Doomsday Discs,4,312,,F Model US,Prodigy,0.729150,5
160,,Cataclysm,Doomsday Discs,5,88,,Bandit,Legacy,0.752388,5
161,,Catalyst,MVP,1,233,,D2 Max,Prodigy,0.000000,5
161,,Catalyst,MVP,2,292,,Empire,Prodiscus,0.000000,5
161,,Catalyst,MVP,3,989,,Tenacity,Axiom Discs,0.000000,5
161,,Catalyst,MVP,4,1084,,Warbird,Lone Star Discs,0.277987,5
161,,Catalyst,MVP,5,806,,Relativity,MVP,0.346590,5
162,,Catapult,Westside Discs,1,154,,Captain,Dynamic Discs,0.000000,5
162,,Catapult,Westside Discs,2,865,,Seguin,Lone Star Discs,0.000000,5
162,,Catapult,Westside Discs,3,196,,Conqueror,Infinite Discs,0.185145,5
162,,Catapult,Westside Discs,4,297,,Enigma,Discmania,0.207360,5
162,,Catapult,Westside Discs,5,394,,Grace,Latitude 64,0.207360,5
163,,Cedar,Above Ground Level,1,643,,Northman,Westside Discs,0.555974,5
163,,Cedar,Above Ground Level,2,910,,Speed Demon,Gateway,0.594443,5
163,,Cedar,Above Ground Level,3,1054,,Vanilla,Clash Discs,0.622728,5
163,,Cedar,Above Ground Level,4,454,,Impa,Kastaplast,0.746571,5
163,,Cedar,Above Ground Level,5,1056,,Vass,Kastaplast,0.746571,5
164,,Centurion,Infinite Discs,1,1126,,Xpress,Discraft,0.185145,5
164,,Centurion,Infinite Discs,2,1121,,XS,Discraft,0.277987,5
164,,Centurion,Infinite Discs,3,62,,Ascend,Streamline,0.361625,5
164,,Centurion,Infinite Discs,4,843,,Sabre,Gateway,0.361625,5
164,,Centurion,Infinite Discs,5,1025,,Trinity,Lone Star Discs,0.424396,5
165,,Challenger,Discraft,1,710,,Peace Frog,AquaFlight,0.092572,5
165,,Challenger,Discraft,2,223,,Cyber Putter,Doomsday Discs,0.462623,5
165,,Challenger,Discraft,3,840,,Ruru,RPM,0.471794,5
165,,Challenger,Discraft,4,402,,Guard,Dynamic Discs,0.515352,5
165,,Challenger,Discraft,5,584,,Manzanita,Above Ground Level,0.578053,5
166,,Challenger OS,Discraft,1,27,,Alpaca,Infinite Discs,0.092572,5
166,,Challenger OS,Discraft,2,1096,,Whale,Innova,0.092572,5
166,,Challenger OS,Discraft,3,780,,Radar,Storm,0.185145,5
166,,Challenger OS,Discraft,4,700,,Pace,Finish Line,0.207360,5
166,,Challenger OS,Discraft,5,825,,Roach,Discraft,0.207360,5
167,,Challenger SS,Discraft,1,105,,Berg,Kastaplast,0.277987,5
167,,Challenger SS,Discraft,2,435,,Horny Toad,Lone Star Discs,0.277987,5
167,,Challenger SS,Discraft,3,510,,Kratos,Discraft,0.277987,5
167,,Challenger SS,Discraft,4,541,,Luna,Discraft,0.277987,5
167,,Challenger SS,Discraft,5,589,,Marvel,Birdie,0.277987,5
168,,Champ,Climo Disc Golf,1,729,,Phi,EV-7,0.092572,5
168,,Champ,Climo Disc Golf,2,700,,Pace,Finish Line,0.373285,5
168,,Champ,Climo Disc Golf,3,825,,Roach,Discraft,0.373285,5
168,,Champ,Climo Disc Golf,4,166,,Challenger OS,Discraft,0.427013,5
168,,Champ,Climo Disc Golf,5,469,,Jack Rabbit,Lone Star Discs,0.427013,5
169,,Charger,Innova,1,752,,Power Disc2,Innova,0.000000,5
169,,Charger,Innova,2,779,,Racer,Innova,0.000000,5
169,,Charger,Innova,3,1118,,XCaliber,Innova,0.000000,5
169,,Charger,Innova,4,232,,D2,Prodigy,0.092572,5
169,,Charger,Innova,5,1141,,Zeus,Discraft,0.092572,5
170,,Chariot,Infinite Discs,1,68,,Atlas,Innova,0.092572,5
170,,Chariot,Infinite Discs,2,507,,Kotuku,RPM,0.361625,5
170,,Chariot,Infinite Discs,3,528,,Lion,Innova,0.416858,5
170,,Chariot,Infinite Discs,4,1075,,Waco,Prodigy,0.427013,5
170,,Chariot,Infinite Discs,5,837,,Ruin,Infinite Discs,0.515352,5
171,,Cheetah,Innova,1,936,,Stig,Kastaplast,0.092572,5
171,,Cheetah,Innova,2,119,,Blaze,Gateway,0.277987,5
171,,Cheetah,Innova,3,257,,Demon,Gateway,0.277987,5
171,,Cheetah,Innova,4,818,,Rio Grande,Lone Star Discs,0.277987,5
171,,Cheetah,Innova,5,518,,Lasso,Mint Discs,0.427013,5
172,,Chemtrail,Doomsday Discs,1,133,,Brazos,Lone Star Discs,0.227085,5
172,,Chemtrail,Doomsday Discs,2,309,,Explorer,Latitude 64,0.227085,5
172,,Chemtrail,Doomsday Discs,3,126,,Bokeh,Axiom Discs,0.277987,5
172,,Chemtrail,Doomsday Discs,4,321,,FD1,Discmania,0.277987,5
172,,Chemtrail,Doomsday Discs,5,279,,Dream Weaver,Jester Disc Golf,0.361625,5
173,,Cherry,Clash Discs,1,107,,Berry,Clash Discs,0.346590,5
173,,Cherry,Clash Discs,2,839,,Runway,Streamline,0.373285,5
173,,Cherry,Clash Discs,3,608,,Mint,Clash Discs,0.424396,5
173,,Cherry,Clash Discs,4,580,,Mango,Clash Discs,0.498296,5
173,,Cherry,Clash Discs,5,579,,Mana,Thought Space Athletics,0.594443,5
174,,Chicane,Finish Line,1,608,,Mint,Clash Discs,0.539719,5
174,,Chicane,Finish Line,2,107,,Berry,Clash Discs,0.578053,5
174,,Chicane,Finish Line,3,987,,Temple,Thought Space Athletics,0.615687,5
174,,Chicane,Finish Line,4,590,,Matrix,MVP,0.663234,5
174,,Chicane,Finish Line,5,417,,Harp,Westside Discs,0.758061,5
175,,Chief,Gateway,1,899,,Sol,Discraft,0.346590,5
175,,Chief,Gateway,2,428,,Hellbender,Daredevil Discs,0.456124,5
175,,Chief,Gateway,3,429,,Hellbender (Razorback),Daredevil Discs,0.456124,5
175,,Chief,Gateway,4,58,,Arowana,Elevation Disc Golf,0.471794,5
175,,Chief,Gateway,5,190,,Cohort,Infinite Discs,0.471794,5
176,,Chief OS,Gateway,1,39,,Animal,Innova,0.000000,5
176,,Chief OS,Gateway,2,740,,Pivot,Prodigy,0.456124,5
176,,Chief OS,Gateway,3,81,,Axe,Viking,0.462623,5
176,,Chief OS,Gateway,4,645,,Notion,Discmania,0.462623,5
176,,Chief OS,Gateway,5,122,,Bluebonnet,Lone Star Discs,0.500896,5
177,,Chupacabra,Lone Star Discs,1,300,,Era,Finish Line,0.092572,5
177,,Chupacabra,Lone Star Discs,2,1008,,Titan,Prodiscus,0.227085,5
177,,Chupacabra,Lone Star Discs,3,40,,Animus,Thought Space Athletics,0.277987,5
177,,Chupacabra,Lone Star Discs,4,155,,Captain's Raptor,Discraft,0.277987,5
177,,Chupacabra,Lone Star Discs,5,197,,Construct,Thought Space Athletics,0.361625,5
178,,Cicada,Discraft,1,606,,Millet,Clash Discs,0.277987,5
178,,Cicada,Discraft,2,1074,,Vulture,Discraft,0.277987,5
178,,Cicada,Discraft,3,798,,Reaper,Discraft,0.539719,5
178,,Cicada,Discraft,4,943,,Striker,Latitude 64,0.555974,5
178,,Cicada,Discraft,5,1040,,Ultra,Other,0.555974,5
179,,Cigarra,Discraft,1,534,,Longbowman,Westside Discs,0.277987,5
179,,Cigarra,Discraft,2,522,,Leopard,Innova,0.427013,5
179,,Cigarra,Discraft,3,279,,Dream Weaver,Jester Disc Golf,0.471794,5
179,,Cigarra,Discraft,4,317,,F7,Prodigy,0.515352,5
179,,Cigarra,Discraft,5,67,,Athena,Discraft,0.539719,5
180,,Cinnamon,Clash Discs,1,6,,Tilt,Discmania,0.000000,5
180,,Cinnamon,Clash Discs,2,325,,FX-2,Prodigy,0.000000,5
180,,Cinnamon,Clash Discs,3,954,,Surge,Discraft,0.000000,5
180,,Cinnamon,Clash Discs,4,344,,Flash,Discraft,0.227085,5
180,,Cinnamon,Clash Discs,5,614,,Monarch,Innova,0.227085,5
181,,Classic Roc,Innova,1,686,,P3 (OOP),Discmania,0.277987,5
181,,Classic Roc,Innova,2,948,,Summit,Vibram,0.615687,5
181,,Classic Roc,Innova,3,976,,Tank,Millennium,0.682864,5
181,,Classic Roc,Innova,4,609,,Mirage,Innova,0.723275,5
181,,Classic Roc,Innova,5,81,,Axe,Viking,0.737278,5
182,,Claws,Yikun,1,383,,Glitch,MVP,0.719632,5
182,,Claws,Yikun,2,703,,Parachute,Streamline,0.719632,5
182,,Claws,Yikun,3,739,,Pitch,Axiom Discs,0.719632,5
182,,Claws,Yikun,4,814,,Ridge,Vibram,0.778232,5
182,,Claws,Yikun,5,908,,Sparta,Prodiscus,0.821189,5
183,,Claymore,Latitude 64,1,103,,Belleair,Climo Disc Golf,0.000000,5
183,,Claymore,Latitude 64,2,581,,Manta,Innova,0.373285,5
183,,Claymore,Latitude 64,3,201,,Core,Latitude 64,0.462623,5
183,,Claymore,Latitude 64,4,305,,Evidence,Dynamic Discs,0.498296,5
183,,Claymore,Latitude 64,5,951,,Supreme EMac Truth,Dynamic Discs,0.515352,5
184,,Cliff,Climo Disc Golf,1,120,,Bleak,Doomsday Discs,0.471794,5
184,,Cliff,Climo Disc Golf,2,692,,PA3,Prodigy,0.515352,5
184,,Cliff,Climo Disc Golf,3,435,,Horny Toad,Lone Star Discs,0.594443,5
184,,Cliff,Climo Disc Golf,4,510,,Kratos,Discraft,0.594443,5
184,,Cliff,Climo Disc Golf,5,541,,Luna,Discraft,0.594443,5
185,,Cloudbreaker,Discmania,1,405,,Guld,Kastaplast,0.000000,5
185,,Cloudbreaker,Discmania,2,802,,Redwood,Above Ground Level,0.000000,5
185,,Cloudbreaker,Discmania,3,822,,Rive,Latitude 64,0.000000,5
185,,Cloudbreaker,Discmania,4,851,,Samurai,Gateway,0.000000,5
185,,Cloudbreaker,Discmania,5,202,,Corvette,Innova,0.185145,5
186,,Clozer,Legacy,1,803,,Reef,DGA,0.000000,5
186,,Clozer,Legacy,2,187,,Clutch,Legacy,0.462623,5
186,,Clozer,Legacy,3,440,,Hunter,Legacy,0.462623,5
186,,Clozer,Legacy,4,760,,Prowler,Legacy,0.462623,5
186,,Clozer,Legacy,5,917,,Splash,Neptune Discs,0.499118,5
187,,Clutch,Legacy,1,440,,Hunter,Legacy,0.000000,5
187,,Clutch,Legacy,2,932,,Steady,DGA,0.227085,5
187,,Clutch,Legacy,3,216,,Crown,Westside Discs,0.277987,5
187,,Clutch,Legacy,4,568,,Magnet,Discraft,0.277987,5
187,,Clutch,Legacy,5,503,,Koa,Above Ground Level,0.346590,5
188,,Coalesce,Thought Space Athletics,1,116,,Blackout,Doomsday Discs,0.000000,5
188,,Coalesce,Thought Space Athletics,2,846,,Saint,Latitude 64,0.000000,5
188,,Coalesce,Thought Space Athletics,3,439,,Huia,RPM,0.227085,5
188,,Coalesce,Thought Space Athletics,4,639,,Ninja,Gateway,0.277987,5
188,,Coalesce,Thought Space Athletics,5,668,,Orc,Innova,0.277987,5
189,,Cobra,Innova,1,486,,KGB,Other,0.770657,5
189,,Cobra,Innova,2,741,,Piwakawaka,RPM,0.805384,5
189,,Cobra,Innova,3,201,,Core,Latitude 64,0.880573,5
189,,Cobra,Innova,4,569,,Magnolia,Above Ground Level,0.919888,5
189,,Cobra,Innova,5,1079,,Walrus,Daredevil Discs,0.924172,5
190,,Cohort,Infinite Discs,1,58,,Arowana,Elevation Disc Golf,0.000000,5
190,,Cohort,Infinite Discs,2,139,,Bullfrog,Innova,0.092572,5
190,,Cohort,Infinite Discs,3,995,,The Crater,Storm,0.227085,5
190,,Cohort,Infinite Discs,4,275,,Douglas Fir,Above Ground Level,0.373285,5
190,,Cohort,Infinite Discs,5,570,,Maiden,Westside Discs,0.373285,5
191,,Colossus,Innova,1,900,,Solace,Vibram,0.227085,5
191,,Colossus,Innova,2,86,,Ballista,Latitude 64,0.277987,5
191,,Colossus,Innova,3,130,,Bowie,Lone Star Discs,0.277987,5
191,,Colossus,Innova,4,784,,Raketen (OOP),Latitude 64,0.277987,5
191,,Colossus,Innova,5,127,,Bolt,Latitude 64,0.346590,5
192,,Colt,Innova,1,791,,Rat,Innova,0.277987,5
192,,Colt,Innova,2,275,,Douglas Fir,Above Ground Level,0.277987,5
192,,Colt,Innova,3,570,,Maiden,Westside Discs,0.277987,5
192,,Colt,Innova,4,788,,Range,Streamline,0.277987,5
192,,Colt,Innova,5,874,,Shaman,Gateway,0.277987,5
193,,Comet,Discraft,1,345,,Flat Earth,Doomsday Discs,0.000000,5
193,,Comet,Discraft,2,159,,Caribou,Daredevil Discs,0.227085,5
193,,Comet,Discraft,3,618,,Moose,Daredevil Discs,0.227085,5
193,,Comet,Discraft,4,561,,Mace,Latitude 64,0.277987,5
193,,Comet,Discraft,5,875,,Shark,Innova,0.373285,5
194,,Compass,Latitude 64,1,549,,M5,Prodigy,0.587190,5
194,,Compass,Latitude 64,2,880,,Shockwave,DGA,0.594443,5
194,,Compass,Latitude 64,3,449,,Ibex,Vibram,0.594443,5
194,,Compass,Latitude 64,4,551,,MD1,Discmania,0.615687,5
194,,Compass,Latitude 64,5,999,,Thor,Viking,0.997708,5
195,,Condor,Innova,1,542,,Lynx,Innova,1.387869,5
195,,Condor,Innova,2,1139,,Zephyr,Innova,2.932365,5
195,,Condor,Innova,3,1140,,Zeppelin,Discraft,7.453410,5
195,,Condor,Innova,4,447,,I-One,Other,7.546670,5
195,,Condor,Innova,5,3,,1 Hookshot,Lightning,7.598089,5
196,,Conqueror,Infinite Discs,1,154,,Captain,Dynamic Discs,0.185145,5
196,,Conqueror,Infinite Discs,2,162,,Catapult,Westside Discs,0.185145,5
196,,Conqueror,Infinite Discs,3,865,,Seguin,Lone Star Discs,0.185145,5
196,,Conqueror,Infinite Discs,4,206,,Crank,Discraft,0.227085,5
196,,Conqueror,Infinite Discs,5,877,,Sheriff,Dynamic Discs,0.227085,5
197,,Construct,Thought Space Athletics,1,395,,Grackle,Mint Discs,0.346590,5
197,,Construct,Thought Space Athletics,2,177,,Chupacabra,Lone Star Discs,0.361625,5
197,,Construct,Thought Space Athletics,3,300,,Era,Finish Line,0.373285,5
197,,Construct,Thought Space Athletics,4,407,,H1 (V2),Prodigy,0.406265,5
197,,Construct,Thought Space Athletics,5,1008,,Titan,Prodiscus,0.427013,5
198,,Convict,Dynamic Discs,1,928,,Starfire,Innova,0.000000,5
198,,Convict,Dynamic Discs,2,99,,Beast,Innova,0.092572,5
198,,Convict,Dynamic Discs,3,909,,Spear,Gateway,0.092572,5
198,,Convict,Dynamic Discs,4,1068,,Virus,Axiom Discs,0.185145,5
198,,Convict,Dynamic Discs,5,858,,Scepter,Infinite Discs,0.227085,5
199,,Cookie,Clash Discs,1,450,,Ice Age,Doomsday Discs,0.361625,5
199,,Cookie,Clash Discs,2,942,,Strike,Other,0.373285,5
199,,Cookie,Clash Discs,3,93,,Barbarian,Viking,0.456124,5
199,,Cookie,Clash Discs,4,898,,Soda,Clash Discs,0.462623,5
199,,Cookie,Clash Discs,5,359,,Fu,Yikun,0.500896,5
200,,Copperhead,Lone Star Discs,1,1090,,Wasp,Discraft,0.555974,5
200,,Copperhead,Lone Star Discs,2,894,,Sled,Discraft,0.680543,5
200,,Copperhead,Lone Star Discs,3,204,,Coyote,Innova,0.742336,5
200,,Copperhead,Lone Star Discs,4,141,,Buzzz,Discraft,0.770657,5
200,,Copperhead,Lone Star Discs,5,972,,Tailor,Discmania,0.855568,5
201,,Core,Latitude 64,1,569,,Magnolia,Above Ground Level,0.373285,5
201,,Core,Latitude 64,2,103,,Belleair,Climo Disc Golf,0.462623,5
201,,Core,Latitude 64,3,183,,Claymore,Latitude 64,0.462623,5
201,,Core,Latitude 64,4,741,,Piwakawaka,RPM,0.500896,5
201,,Core,Latitude 64,5,581,,Manta,Innova,0.594443,5
202,,Corvette,Innova,1,185,,Cloudbreaker,Discmania,0.185145,5
202,,Corvette,Innova,2,405,,Guld,Kastaplast,0.185145,5
202,,Corvette,Innova,3,802,,Redwood,Above Ground Level,0.185145,5
202,,Corvette,Innova,4,822,,Rive,Latitude 64,0.185145,5
202,,Corvette,Innova,5,851,,Samurai,Gateway,0.185145,5
203,,Cosmos,Viking,1,135,,Breakout,Dynamic Discs,0.277987,5
203,,Cosmos,Viking,2,961,,Swift,AquaFlight,0.346590,5
203,,Cosmos,Viking,3,516,,Lark,Stokely Discs,0.373285,5
203,,Cosmos,Viking,4,358,,Frio,Lone Star Discs,0.406265,5
203,,Cosmos,Viking,5,763,,Psyop,Doomsday Discs,0.416858,5
204,,Coyote,Innova,1,141,,Buzzz,Discraft,0.092572,5
204,,Coyote,Innova,2,347,,Flip,Hooligan Discs,0.346590,5
204,,Coyote,Innova,3,619,,Morningstar,Gateway,0.346590,5
204,,Coyote,Innova,4,1026,,Trust,Latitude 64,0.346590,5
204,,Coyote,Innova,5,555,,MD4,Discmania,0.424396,5
205,,Crag,Vibram,1,218,,Crux,Thought Space Athletics,0.092572,5
205,,Crag,Vibram,2,38,,Angler,Wild Discs,0.427013,5
205,,Crag,Vibram,3,403,,Guava,Clash Discs,0.471794,5
205,,Crag,Vibram,4,124,,Bobcat,Mint Discs,0.471794,5
205,,Crag,Vibram,5,970,,Taco,Mint Discs,0.471794,5
206,,Crank,Discraft,1,877,,Sheriff,Dynamic Discs,0.000000,5
206,,Crank,Discraft,2,196,,Conqueror,Infinite Discs,0.227085,5
206,,Crank,Discraft,3,502,,Knight,Latitude 64,0.227085,5
206,,Crank,Discraft,4,111,,BigFoot,Daredevil Discs,0.277987,5
206,,Crank,Discraft,5,1133,,Yeti,Daredevil Discs,0.277987,5
207,,Crank SS,Discraft,1,794,,Razeri,Prodiscus,0.227085,5
207,,Crank SS,Discraft,2,342,,Firestorm,Innova,0.277987,5
207,,Crank SS,Discraft,3,234,,D2 Pro,Prodigy,0.361625,5
207,,Crank SS,Discraft,4,521,,Legenda,Prodiscus,0.361625,5
207,,Crank SS,Discraft,5,296,,Engine,Streamline,0.373285,5
208,,Crave,Axiom Discs,1,826,,Roadrunner,Innova,0.092572,5
208,,Crave,Axiom Discs,2,871,,Servo,MVP,0.092572,5
208,,Crave,Axiom Discs,3,884,,Sidewinder,Innova,0.092572,5
208,,Crave,Axiom Discs,4,340,,Firebird,Innova,0.227085,5
208,,Crave,Axiom Discs,5,673,,Orion LS,Millennium,0.227085,5
209,,Credo,Crosslap,1,543,,M Model S,Prodigy,0.737278,5
209,,Credo,Crosslap,2,945,,Stryder,Prodigy,0.805384,5
209,,Credo,Crosslap,3,544,,M Model US,Prodigy,0.942535,5
209,,Credo,Crosslap,4,863,,Sector,Finish Line,0.942535,5
209,,Credo,Crosslap,5,140,,Butter,Clash Discs,1.112515,5
210,,Criminal,Dynamic Discs,1,465,,Invictus,Innova,0.000000,5
210,,Criminal,Dynamic Discs,2,869,,Sergeant,Dynamic Discs,0.092572,5
210,,Criminal,Dynamic Discs,3,978,,Tara iti,RPM,0.092572,5
210,,Criminal,Dynamic Discs,4,730,,Phoenix,Mint Discs,0.346590,5
210,,Criminal,Dynamic Discs,5,535,,Longhorn,Mint Discs,0.373285,5
211,,Crisis,Doomsday Discs,1,143,,Buzzz OS,Discraft,0.000000,5
211,,Crisis,Doomsday Discs,2,473,,Jay,Innova,0.227085,5
211,,Crisis,Doomsday Discs,3,950,,Supra,Finish Line,0.456124,5
211,,Crisis,Doomsday Discs,4,498,,Khonsu,Infinite Discs,0.456124,5
211,,Crisis,Doomsday Discs,5,98,,Bearkat,Lone Star Discs,0.471794,5
212,,Cro,Innova,1,298,,Entropy,MVP,0.346590,5
212,,Cro,Innova,2,213,,Croc,Innova,0.456124,5
212,,Cro,Innova,3,443,,Hydra,Innova,0.456124,5
212,,Cro,Innova,4,677,,Owl,Stokely Discs,0.456124,5
212,,Cro,Innova,5,369,,Gator,Innova,0.471794,5
213,,Croc,Innova,1,443,,Hydra,Innova,0.000000,5
213,,Croc,Innova,2,212,,Cro,Innova,0.456124,5
213,,Croc,Innova,3,677,,Owl,Stokely Discs,0.555974,5
213,,Croc,Innova,4,620,,Mortar,Millennium,0.594443,5
213,,Croc,Innova,5,733,,Pig,Innova,0.594443,5
214,,Crockett,Lone Star Discs,1,844,,Sage,Clash Discs,0.277987,5
214,,Crockett,Lone Star Discs,2,1017,,Trace,Streamline,0.373285,5
214,,Crockett,Lone Star Discs,3,108,,Berserker,Viking,0.427013,5
214,,Crockett,Lone Star Discs,4,387,,Goat,Mint Discs,0.500896,5
214,,Crockett,Lone Star Discs,5,388,,Goat (Eternal),Mint Discs,0.500896,5
216,,Crown,Westside Discs,1,503,,Koa,Above Ground Level,0.092572,5
216,,Crown,Westside Discs,2,932,,Steady,DGA,0.092572,5
216,,Crown,Westside Discs,3,187,,Clutch,Legacy,0.277987,5
216,,Crown,Westside Discs,4,440,,Hunter,Legacy,0.277987,5
216,,Crown,Westside Discs,5,483,,Jury,Dynamic Discs,0.277987,5
217,,Crush,Discraft,1,156,,Captain's Thrasher,Discraft,0.185145,5
217,,Crush,Discraft,2,889,,Skyway,Climo Disc Golf,0.185145,5
217,,Crush,Discraft,3,357,,Freetail,Mint Discs,0.227085,5
217,,Crush,Discraft,4,578,,Mammoth,Daredevil Discs,0.227085,5
217,,Crush,Discraft,5,831,,Rogue,DGA,0.277987,5
218,,Crux,Thought Space Athletics,1,205,,Crag,Vibram,0.092572,5
218,,Crux,Thought Space Athletics,2,38,,Angler,Wild Discs,0.416858,5
218,,Crux,Thought Space Athletics,3,124,,Bobcat,Mint Discs,0.462623,5
218,,Crux,Thought Space Athletics,4,970,,Taco,Mint Discs,0.462623,5
218,,Crux,Thought Space Athletics,5,403,,Guava,Clash Discs,0.498296,5
219,,Culprit,Dynamic Discs,1,1012,,Tomb,Infinite Discs,0.277987,5
219,,Culprit,Dynamic Discs,2,283,,Drop,Discmania,0.406265,5
219,,Culprit,Dynamic Discs,3,949,,Sumo,Legacy,0.539719,5
219,,Culprit,Dynamic Discs,4,92,,Baobab,Above Ground Level,0.539719,5
219,,Culprit,Dynamic Discs,5,576,,Malta,Discraft,0.578053,5
220,,Culverin,Latitude 64,1,301,,Escape,Dynamic Discs,0.373285,5
220,,Culverin,Latitude 64,2,412,,H7,Prodigy,0.456124,5
220,,Culverin,Latitude 64,3,923,,Squid,Neptune Discs,0.507187,5
220,,Culverin,Latitude 64,4,781,,Ragnarok,Viking,0.515352,5
220,,Culverin,Latitude 64,5,575,,Malm,Kastaplast,0.539580,5
221,,Curl,Lone Star Discs,1,66,,Astronaut,Discmania,0.277987,5
221,,Curl,Lone Star Discs,2,916,,Spirit,Gateway,0.277987,5
221,,Curl,Lone Star Discs,3,859,,Scorch,Discraft,0.361625,5
221,,Curl,Lone Star Discs,4,295,,Enforcer,Dynamic Discs,0.373285,5
221,,Curl,Lone Star Discs,5,374,,General,Dynamic Discs,0.373285,5
222,,Cutlass,Latitude 64,1,332,,Famine,Doomsday Discs,0.000000,5
222,,Cutlass,Latitude 64,2,226,,Czar,Infinite Discs,0.092572,5
222,,Cutlass,Latitude 64,3,842,,Sabot,Millennium,0.092572,5
222,,Cutlass,Latitude 64,4,831,,Rogue,DGA,0.185145,5
222,,Cutlass,Latitude 64,5,54,,Archon,Innova,0.207360,5
223,,Cyber Putter,Doomsday Discs,1,402,,Guard,Dynamic Discs,0.227085,5
223,,Cyber Putter,Doomsday Discs,2,584,,Manzanita,Above Ground Level,0.346590,5
223,,Cyber Putter,Doomsday Discs,3,351,,Focus,Discraft,0.373285,5
223,,Cyber Putter,Doomsday Discs,4,1070,,Voodoo,Gateway,0.373285,5
223,,Cyber Putter,Doomsday Discs,5,165,,Challenger,Discraft,0.462623,5
224,,Cyclone,Discraft,1,42,,Anvil,Westside Discs,0.277987,5
224,,Cyclone,Discraft,2,938,,Sting,Discraft,0.373285,5
224,,Cyclone,Discraft,3,372,,Gazelle,Innova,0.373285,5
224,,Cyclone,Discraft,4,62,,Ascend,Streamline,0.500896,5
224,,Cyclone,Discraft,5,843,,Sabre,Gateway,0.500896,5
225,,Cypress,Other,1,243,,DD1,Discmania,0.092572,5
225,,Cypress,Other,2,474,,Jet,Streamline,0.092572,5
225,,Cypress,Other,3,70,,Aura,Gateway,0.227085,5
225,,Cypress,Other,4,776,,Queen,Westside Discs,0.227085,5
225,,Cypress,Other,5,795,,Reach,Birdie,0.227085,5
226,,Czar,Infinite Discs,1,842,,Sabot,Millennium,0.000000,5
226,,Czar,Infinite Discs,2,222,,Cutlass,Latitude 64,0.092572,5
226,,Czar,Infinite Discs,3,332,,Famine,Doomsday Discs,0.092572,5
226,,Czar,Infinite Discs,4,831,,Rogue,DGA,0.092572,5
226,,Czar,Infinite Discs,5,54,,Archon,Innova,0.227085,5
227,,D Model OS,Prodigy,1,723,,Peregrine,Stokely Discs,0.185145,5
227,,D Model OS,Prodigy,2,255,,Defy,Axiom Discs,0.361625,5
227,,D Model OS,Prodigy,3,766,,Punisher,Discraft,0.361625,5
227,,D Model OS,Prodigy,4,1002,,Thrill,Axiom Discs,0.361625,5
227,,D Model OS,Prodigy,5,463,,Interval,Finish Line,0.373285,5
229,,D Model US,Prodigy,1,413,,Hades,Discraft,0.277987,5
229,,D Model US,Prodigy,2,24,,Albatross,Daredevil Discs,0.346590,5
229,,D Model US,Prodigy,3,253,,Defender,Dynamic Discs,0.346590,5
229,,D Model US,Prodigy,4,790,,Rask,Kastaplast,0.361625,5
229,,D Model US,Prodigy,5,297,,Enigma,Discmania,0.373285,5
230,,D1,Prodigy,1,235,,D2 Signature (Falcor),Prodigy,0.000000,5
230,,D1,Prodigy,2,236,,D3,Prodigy,0.000000,5
230,,D1,Prodigy,3,352,,Force,Discraft,0.000000,5
230,,D1,Prodigy,4,419,,Harrier,Lone Star Discs,0.000000,5
230,,D1,Prodigy,5,452,,Idol,Mint Discs,0.000000,5
231,,D1 Max,Prodigy,1,240,,D6,Prodigy,0.227085,5
231,,D1 Max,Prodigy,2,1059,,Venom (Old Version - OOP),Discraft,0.346590,5
231,,D1 Max,Prodigy,3,1060,,Venom (Retooled),Discraft,0.346590,5
231,,D1 Max,Prodigy,4,169,,Charger,Innova,0.373285,5
231,,D1 Max,Prodigy,5,752,,Power Disc2,Innova,0.373285,5
232,,D2,Prodigy,1,1141,,Zeus,Discraft,0.000000,5
232,,D2,Prodigy,2,169,,Charger,Innova,0.092572,5
232,,D2,Prodigy,3,752,,Power Disc2,Innova,0.092572,5
232,,D2,Prodigy,4,779,,Racer,Innova,0.092572,5
232,,D2,Prodigy,5,1118,,XCaliber,Innova,0.092572,5
233,,D2 Max,Prodigy,1,161,,Catalyst,MVP,0.000000,5
233,,D2 Max,Prodigy,2,292,,Empire,Prodiscus,0.000000,5
233,,D2 Max,Prodigy,3,989,,Tenacity,Axiom Discs,0.000000,5
233,,D2 Max,Prodigy,4,1084,,Warbird,Lone Star Discs,0.277987,5
233,,D2 Max,Prodigy,5,806,,Relativity,MVP,0.346590,5
234,,D2 Pro,Prodigy,1,521,,Legenda,Prodiscus,0.000000,5
234,,D2 Pro,Prodigy,2,487,,Kahu,RPM,0.092572,5
234,,D2 Pro,Prodigy,3,207,,Crank SS,Discraft,0.361625,5
234,,D2 Pro,Prodigy,4,794,,Razeri,Prodiscus,0.427013,5
234,,D2 Pro,Prodigy,5,723,,Peregrine,Stokely Discs,0.454171,5
235,,D2 Signature (Falcor),Prodigy,1,230,,D1,Prodigy,0.000000,5
235,,D2 Signature (Falcor),Prodigy,2,236,,D3,Prodigy,0.000000,5
235,,D2 Signature (Falcor),Prodigy,3,352,,Force,Discraft,0.000000,5
235,,D2 Signature (Falcor),Prodigy,4,419,,Harrier,Lone Star Discs,0.000000,5
235,,D2 Signature (Falcor),Prodigy,5,452,,Idol,Mint Discs,0.000000,5
236,,D3,Prodigy,1,230,,D1,Prodigy,0.000000,5
236,,D3,Prodigy,2,235,,D2 Signature (Falcor),Prodigy,0.000000,5
236,,D3,Prodigy,3,352,,Force,Discraft,0.000000,5
236,,D3,Prodigy,4,419,,Harrier,Lone Star Discs,0.000000,5
236,,D3,Prodigy,5,452,,Idol,Mint Discs,0.000000,5
237,,D3 Max,Prodigy,1,202,,Corvette,Innova,0.207360,5
237,,D3 Max,Prodigy,2,152,,Cannon,Legacy,0.277987,5
237,,D3 Max,Prodigy,3,787,,Rampage,Legacy,0.277987,5
237,,D3 Max,Prodigy,4,185,,Cloudbreaker,Discmania,0.277987,5
237,,D3 Max,Prodigy,5,405,,Guld,Kastaplast,0.277987,5
238,,D4,Prodigy,1,239,,D4 Max,Prodigy,0.207360,5
238,,D4,Prodigy,2,1084,,Warbird,Lone Star Discs,0.406265,5
238,,D4,Prodigy,3,161,,Catalyst,MVP,0.416858,5
238,,D4,Prodigy,4,233,,D2 Max,Prodigy,0.416858,5
238,,D4,Prodigy,5,292,,Empire,Prodiscus,0.416858,5
239,,D4 Max,Prodigy,1,238,,D4,Prodigy,0.207360,5
239,,D4 Max,Prodigy,2,161,,Catalyst,MVP,0.361625,5
239,,D4 Max,Prodigy,3,233,,D2 Max,Prodigy,0.361625,5
239,,D4 Max,Prodigy,4,292,,Empire,Prodiscus,0.361625,5
239,,D4 Max,Prodigy,5,989,,Tenacity,Axiom Discs,0.361625,5
240,,D6,Prodigy,1,231,,D1 Max,Prodigy,0.227085,5
240,,D6,Prodigy,2,169,,Charger,Innova,0.456124,5
240,,D6,Prodigy,3,752,,Power Disc2,Innova,0.456124,5
240,,D6,Prodigy,4,779,,Racer,Innova,0.456124,5
240,,D6,Prodigy,5,1118,,XCaliber,Innova,0.456124,5
241,,DD,Discmania,1,511,,Krut,Kastaplast,0.000000,5
241,,DD,Discmania,2,1138,,Zenith,MVP,0.000000,5
241,,DD,Discmania,3,638,,Nimitz,Lone Star Discs,0.092572,5
241,,DD,Discmania,4,1116,,X4,Prodigy,0.277987,5
241,,DD,Discmania,5,808,,Renegade,Dynamic Discs,0.277987,5
243,,DD1,Discmania,1,474,,Jet,Streamline,0.000000,5
243,,DD1,Discmania,2,225,,Cypress,Other,0.092572,5
243,,DD1,Discmania,3,82,,Aztec,Infinite Discs,0.227085,5
243,,DD1,Discmania,4,70,,Aura,Gateway,0.277987,5
243,,DD1,Discmania,5,776,,Queen,Westside Discs,0.277987,5
244,,DD2,Discmania,1,96,,Bayonet,Lone Star Discs,0.000000,5
244,,DD2,Discmania,2,245,,DD2 (OOP),Discmania,0.000000,5
244,,DD2,Discmania,3,1098,,Wild Honey,Clash Discs,0.000000,5
244,,DD2,Discmania,4,513,,Lace,Vibram,0.277987,5
244,,DD2,Discmania,5,696,,PD2,Discmania,0.361625,5
245,,DD2 (OOP),Discmania,1,96,,Bayonet,Lone Star Discs,0.000000,5
245,,DD2 (OOP),Discmania,2,244,,DD2,Discmania,0.000000,5
245,,DD2 (OOP),Discmania,3,1098,,Wild Honey,Clash Discs,0.000000,5
245,,DD2 (OOP),Discmania,4,513,,Lace,Vibram,0.277987,5
245,,DD2 (OOP),Discmania,5,696,,PD2,Discmania,0.361625,5
246,,DD3,Discmania,1,499,,King,Westside Discs,0.000000,5
246,,DD3,Discmania,2,1117,,X5,Prodigy,0.227085,5
246,,DD3,Discmania,3,1041,,UnLace,Vibram,0.277987,5
246,,DD3,Discmania,4,1022,,Trespass,Dynamic Discs,0.454171,5
246,,DD3,Discmania,5,398,,Growler,Lone Star Discs,0.471794,5
247,,DDx (OOP),Discmania,1,381,,Gladiator,Latitude 64,0.000000,5
247,,DDx (OOP),Discmania,2,849,,Salt,Clash Discs,0.000000,5
247,,DDx (OOP),Discmania,3,421,,Havoc,Latitude 64,0.092572,5
247,,DDx (OOP),Discmania,4,990,,Tern,Innova,0.092572,5
247,,DDx (OOP),Discmania,5,252,,Daytona,Finish Line,0.227085,5
249,,Daedalus,Innova,1,45,,Ape,Innova,0.277987,5
249,,Daedalus,Innova,2,64,,Astra,Millennium,0.346590,5
249,,Daedalus,Innova,3,23,,Air Strike,Gateway,0.373285,5
249,,Daedalus,Innova,4,947,,Sultan,Infinite Discs,0.416858,5
249,,Daedalus,Innova,5,169,,Charger,Innova,0.462623,5
250,,Dagger,Latitude 64,1,341,,Firefly,Innova,0.000000,5
250,,Dagger,Latitude 64,2,749,,Ponderosa,Above Ground Level,0.092572,5
250,,Dagger,Latitude 64,3,720,,Penrose,EV-7,0.277987,5
250,,Dagger,Latitude 64,4,742,,Pixel,Axiom Discs,0.361625,5
250,,Dagger,Latitude 64,5,61,,Artifact,Infinite Discs,0.373285,5
251,,Dart,Innova,1,20,,Agent,Dynamic Discs,0.539719,5
251,,Dart,Innova,2,5,,Great Horned Owl,Daredevil Discs,0.555974,5
251,,Dart,Innova,3,917,,Splash,Neptune Discs,0.578053,5
251,,Dart,Innova,4,733,,Pig,Innova,0.723275,5
251,,Dart,Innova,5,329,,Faith,Latitude 64,0.737278,5
252,,Daytona,Finish Line,1,911,,Spell,Gateway,0.000000,5
252,,Daytona,Finish Line,2,952,,Supreme Trespass,Dynamic Discs,0.000000,5
252,,Daytona,Finish Line,3,1063,,Vibe,Hooligan Discs,0.000000,5
252,,Daytona,Finish Line,4,1115,,X3,Prodigy,0.000000,5
252,,Daytona,Finish Line,5,31,,Alva,Kastaplast,0.092572,5
253,,Defender,Dynamic Discs,1,24,,Albatross,Daredevil Discs,0.000000,5
253,,Defender,Dynamic Discs,2,413,,Hades,Discraft,0.092572,5
253,,Defender,Dynamic Discs,3,229,,D Model US,Prodigy,0.346590,5
253,,Defender,Dynamic Discs,4,196,,Conqueror,Infinite Discs,0.361625,5
253,,Defender,Dynamic Discs,5,154,,Captain,Dynamic Discs,0.406265,5
254,,Deflector,MVP,1,282,,Drone,Discraft,0.277987,5
254,,Deflector,MVP,2,382,,Glide,Discraft,0.346590,5
254,,Deflector,MVP,3,38,,Angler,Wild Discs,0.737278,5
254,,Deflector,MVP,4,1067,,Viper,Innova,0.746571,5
254,,Deflector,MVP,5,558,,MX-1,Prodigy,0.752388,5
255,,Defy,Axiom Discs,1,766,,Punisher,Discraft,0.000000,5
255,,Defy,Axiom Discs,2,1002,,Thrill,Axiom Discs,0.000000,5
255,,Defy,Axiom Discs,3,463,,Interval,Finish Line,0.092572,5
255,,Defy,Axiom Discs,4,1055,,Vanish,Axiom Discs,0.092572,5
255,,Defy,Axiom Discs,5,342,,Firestorm,Innova,0.277987,5
256,,Delirium,Axiom Discs,1,152,,Cannon,Legacy,0.092572,5
256,,Delirium,Axiom Discs,2,787,,Rampage,Legacy,0.092572,5
256,,Delirium,Axiom Discs,3,237,,D3 Max,Prodigy,0.346590,5
256,,Delirium,Axiom Discs,4,270,,Dimension,MVP,0.361625,5
256,,Delirium,Axiom Discs,5,491,,Katana,Innova,0.455960,5
257,,Demon,Gateway,1,119,,Blaze,Gateway,0.000000,5
257,,Demon,Gateway,2,818,,Rio Grande,Lone Star Discs,0.000000,5
257,,Demon,Gateway,3,171,,Cheetah,Innova,0.277987,5
257,,Demon,Gateway,4,936,,Stig,Kastaplast,0.346590,5
257,,Demon,Gateway,5,1127,,Xtreme,Discraft,0.361625,5
258,,Depth Charge,Doomsday Discs,1,204,,Coyote,Innova,1.136910,5
258,,Depth Charge,Doomsday Discs,2,73,,Avatar,Innova,1.172070,5
258,,Depth Charge,Doomsday Discs,3,200,,Copperhead,Lone Star Discs,1.176233,5
258,,Depth Charge,Doomsday Discs,4,141,,Buzzz,Discraft,1.184893,5
258,,Depth Charge,Doomsday Discs,5,836,,Ruby,Latitude 64,1.197577,5
259,,Deputy,Dynamic Discs,1,1085,,Warden,Dynamic Discs,0.000000,5
259,,Deputy,Dynamic Discs,2,30,,Alter,Thought Space Athletics,0.092572,5
259,,Deputy,Dynamic Discs,3,433,,Hope,Latitude 64,0.092572,5
259,,Deputy,Dynamic Discs,4,538,,Love,Jester Disc Golf,0.092572,5
259,,Deputy,Dynamic Discs,5,783,,Rainmaker,Discmania,0.092572,5
260,,Desolation,Doomsday Discs,1,623,,Muse,Thought Space Athletics,1.010404,5
260,,Desolation,Doomsday Discs,2,838,,Rune,Viking,1.175632,5
260,,Desolation,Doomsday Discs,3,469,,Jack Rabbit,Lone Star Discs,1.227430,5
260,,Desolation,Doomsday Discs,4,584,,Manzanita,Above Ground Level,1.232707,5
260,,Desolation,Doomsday Discs,5,675,,Outer Core,Trash Panda,1.304887,5
261,,Despair,Doomsday Discs,1,205,,Crag,Vibram,0.539719,5
261,,Despair,Doomsday Discs,2,218,,Crux,Thought Space Athletics,0.578053,5
261,,Despair,Doomsday Discs,3,519,,Launch,Vibram,0.682864,5
261,,Despair,Doomsday Discs,4,681,,P Model US,Prodigy,0.770657,5
261,,Despair,Doomsday Discs,5,38,,Angler,Wild Discs,0.770657,5
262,,Desperado,Lone Star Discs,1,1025,,Trinity,Lone Star Discs,0.227085,5
262,,Desperado,Lone Star Discs,2,1121,,XS,Discraft,0.346590,5
262,,Desperado,Lone Star Discs,3,326,,FX-3,Prodigy,0.361625,5
262,,Desperado,Lone Star Discs,4,785,,Rally,Finish Line,0.361625,5
262,,Desperado,Lone Star Discs,5,97,,Bear,Westside Discs,0.373285,5
263,,Destiny,Westside Discs,1,617,,Monstrosity,Doomsday Discs,0.000000,5
263,,Destiny,Westside Discs,2,906,,Sorcerer,Westside Discs,0.092572,5
263,,Destiny,Westside Discs,3,773,,Qi,Yikun,0.092572,5
263,,Destiny,Westside Discs,4,868,,Sequoia,Above Ground Level,0.277987,5
263,,Destiny,Westside Discs,5,400,,Grym X (OOP),Kastaplast,0.346590,5
264,,Destroyer,Innova,1,1109,,Wraith,Innova,0.277987,5
264,,Destroyer,Innova,2,64,,Astra,Millennium,0.462623,5
264,,Destroyer,Innova,3,458,,Inertia,MVP,0.555974,5
264,,Destroyer,Innova,4,249,,Daedalus,Innova,0.578053,5
264,,Destroyer,Innova,5,456,,Impulse,MVP,0.616353,5
265,,Detour,MVP,1,625,,Mustang,Mint Discs,0.373285,5
265,,Detour,MVP,2,707,,Pathfinder,Thought Space Athletics,0.594443,5
265,,Detour,MVP,3,711,,Peace Train,Jester Disc Golf,0.594443,5
265,,Detour,MVP,4,1034,,Tursas,Westside Discs,0.615687,5
265,,Detour,MVP,5,771,,Pyro,Axiom Discs,0.616353,5
267,,Diablo,Gateway,1,338,,Fighter,Legacy,0.000000,5
267,,Diablo,Gateway,2,583,,Mantra,Thought Space Athletics,0.000000,5
267,,Diablo,Gateway,3,348,,Flipperi,Prodiscus,0.092572,5
267,,Diablo,Gateway,4,525,,Lift,Streamline,0.092572,5
267,,Diablo,Gateway,5,663,,Omen,Thought Space Athletics,0.092572,5
268,,Diamond,Latitude 64,1,285,,Dynasty,Infinite Discs,0.227085,5
268,,Diamond,Latitude 64,2,1093,,Weapon,Birdie,0.227085,5
268,,Diamond,Latitude 64,3,1038,,Tyrant,Other,0.406265,5
268,,Diamond,Latitude 64,4,1066,,Viking,Innova,0.416858,5
268,,Diamond,Latitude 64,5,858,,Scepter,Infinite Discs,0.427013,5
269,,Diamondback,Mint Discs,1,1054,,Vanilla,Clash Discs,0.361625,5
269,,Diamondback,Mint Discs,2,149,,Cactus,Lone Star Discs,0.373285,5
269,,Diamondback,Mint Discs,3,1018,,Trail,MVP,0.373285,5
269,,Diamondback,Mint Discs,4,390,,Gorgon,Innova,0.406265,5
269,,Diamondback,Mint Discs,5,391,,Gorgon (GStar),Innova,0.406265,5
270,,Dimension,MVP,1,256,,Delirium,Axiom Discs,0.361625,5
270,,Dimension,MVP,2,152,,Cannon,Legacy,0.373285,5
270,,Dimension,MVP,3,787,,Rampage,Legacy,0.373285,5
270,,Dimension,MVP,4,237,,D3 Max,Prodigy,0.500896,5
270,,Dimension,MVP,5,571,,Majesty,Discmania,0.539719,5
273,,Dominator (OOP),Innova,1,726,,Pharaoh,Infinite Discs,0.277987,5
273,,Dominator (OOP),Innova,2,415,,Halo,Latitude 64,0.373285,5
273,,Dominator (OOP),Innova,3,539,,Lu,Yikun,0.406265,5
273,,Dominator (OOP),Innova,4,1073,,Vulcan,Innova,0.406265,5
273,,Dominator (OOP),Innova,5,125,,Bohrium,Løft Discs,0.456124,5
274,,Dos X,Lone Star Discs,1,639,,Ninja,Gateway,0.373285,5
274,,Dos X,Lone Star Discs,2,668,,Orc,Innova,0.373285,5
274,,Dos X,Lone Star Discs,3,116,,Blackout,Doomsday Discs,0.427013,5
274,,Dos X,Lone Star Discs,4,188,,Coalesce,Thought Space Athletics,0.427013,5
274,,Dos X,Lone Star Discs,5,846,,Saint,Latitude 64,0.427013,5
275,,Douglas Fir,Above Ground Level,1,570,,Maiden,Westside Discs,0.000000,5
275,,Douglas Fir,Above Ground Level,2,788,,Range,Streamline,0.000000,5
275,,Douglas Fir,Above Ground Level,3,874,,Shaman,Gateway,0.000000,5
275,,Douglas Fir,Above Ground Level,4,192,,Colt,Innova,0.277987,5
275,,Douglas Fir,Above Ground Level,5,58,,Arowana,Elevation Disc Golf,0.373285,5
276,,Draco,Millennium,1,340,,Firebird,Innova,0.361625,5
276,,Draco,Millennium,2,673,,Orion LS,Millennium,0.361625,5
276,,Draco,Millennium,3,1048,,Valkyrie,Innova,0.361625,5
276,,Draco,Millennium,4,208,,Crave,Axiom Discs,0.427013,5
276,,Draco,Millennium,5,826,,Roadrunner,Innova,0.456124,5
277,,Dragon,Innova,1,1051,,Vamp,Vibram,0.277987,5
277,,Dragon,Innova,2,1127,,Xtreme,Discraft,0.346590,5
277,,Dragon,Innova,3,293,,Enemy,Legacy,0.456124,5
277,,Dragon,Innova,4,302,,Essence,Discmania,0.462623,5
277,,Dragon,Innova,5,586,,Marlin,Neptune Discs,0.498296,5
278,,Dragonfly,AquaFlight,1,462,,Interceptor,Elevation Disc Golf,1.019281,5
278,,Dragonfly,AquaFlight,2,817,,Ringer GT,Discraft,1.020457,5
278,,Dragonfly,AquaFlight,3,55,,Area 51,Doomsday Discs,1.058396,5
278,,Dragonfly,AquaFlight,4,585,,Maple,Above Ground Level,1.093464,5
278,,Dragonfly,AquaFlight,5,1148,,Zone SS,Discraft,1.139517,5
279,,Dream Weaver,Jester Disc Golf,1,172,,Chemtrail,Doomsday Discs,0.361625,5
279,,Dream Weaver,Jester Disc Golf,2,724,,Persona,Thought Space Athletics,0.406265,5
279,,Dream Weaver,Jester Disc Golf,3,635,,Nice!,Other,0.416858,5
279,,Dream Weaver,Jester Disc Golf,4,133,,Brazos,Lone Star Discs,0.427013,5
279,,Dream Weaver,Jester Disc Golf,5,309,,Explorer,Latitude 64,0.427013,5
280,,Drift,Streamline,1,1057,,Vela,Millennium,0.092572,5
280,,Drift,Streamline,2,1105,,Wolverine,Daredevil Discs,0.185145,5
280,,Drift,Streamline,3,62,,Ascend,Streamline,0.227085,5
280,,Drift,Streamline,4,843,,Sabre,Gateway,0.227085,5
280,,Drift,Streamline,5,97,,Bear,Westside Discs,0.346590,5
281,,Drive,Discraft,1,704,,Paradigm,Discmania,0.000000,5
281,,Drive,Discraft,2,809,,Requiem,Thought Space Athletics,0.000000,5
281,,Drive,Discraft,3,1000,,Thrasher,Discraft,0.000000,5
281,,Drive,Discraft,4,577,,Mamba,Innova,0.092572,5
281,,Drive,Discraft,5,31,,Alva,Kastaplast,0.227085,5
282,,Drone,Discraft,1,382,,Glide,Discraft,0.092572,5
282,,Drone,Discraft,2,254,,Deflector,MVP,0.277987,5
282,,Drone,Discraft,3,600,,Meteor,Discraft,0.555974,5
282,,Drone,Discraft,4,712,,Peach,Clash Discs,0.629571,5
282,,Drone,Discraft,5,38,,Angler,Wild Discs,0.682864,5
283,,Drop,Discmania,1,59,,Arrowhead,Sacred Discs,0.361625,5
283,,Drop,Discmania,2,861,,Screech,Elevation Disc Golf,0.361625,5
283,,Drop,Discmania,3,219,,Culprit,Dynamic Discs,0.406265,5
283,,Drop,Discmania,4,1012,,Tomb,Infinite Discs,0.557570,5
283,,Drop,Discmania,5,428,,Hellbender,Daredevil Discs,0.578053,5
284,,Dune,Trash Panda,1,1045,,Uplink,Axiom Discs,0.346590,5
284,,Dune,Trash Panda,2,688,,P4,Discmania,0.373285,5
284,,Dune,Trash Panda,3,971,,Tactic,Discmania,0.416858,5
284,,Dune,Trash Panda,4,886,,Silicon,Løft Discs,0.456124,5
284,,Dune,Trash Panda,5,579,,Mana,Thought Space Athletics,0.621477,5
285,,Dynasty,Infinite Discs,1,1093,,Weapon,Birdie,0.185145,5
285,,Dynasty,Infinite Discs,2,268,,Diamond,Latitude 64,0.227085,5
285,,Dynasty,Infinite Discs,3,339,,Fireball,Axiom Discs,0.277987,5
285,,Dynasty,Infinite Discs,4,460,,Insanity,Axiom Discs,0.346590,5
285,,Dynasty,Infinite Discs,5,1111,,Wrath,Axiom Discs,0.346590,5
286,,EMAC Judge,Dynamic Discs,1,483,,Jury,Dynamic Discs,0.092572,5
286,,EMAC Judge,Dynamic Discs,2,641,,Nomad,MVP,0.092572,5
286,,EMAC Judge,Dynamic Discs,3,683,,P1X,Discmania,0.092572,5
286,,EMAC Judge,Dynamic Discs,4,1129,,Yang,EV-7,0.092572,5
286,,EMAC Judge,Dynamic Discs,5,1136,,Yin,EV-7,0.092572,5
287,,Eagle,Innova,1,328,,Fairway Disc,Innova,0.346590,5
287,,Eagle,Innova,2,1005,,Timberwolf,Daredevil Discs,0.500896,5
287,,Eagle,Innova,3,728,,Phenom,Legacy,0.515352,5
287,,Eagle,Innova,4,90,,Banshee,Innova,0.539719,5
287,,Eagle,Innova,5,813,,Rhythm,Axiom Discs,0.539719,5
288,,Echo,Streamline,1,84,,Badger,Legacy,0.185145,5
288,,Echo,Streamline,2,431,,Hex,Axiom Discs,0.207360,5
288,,Echo,Streamline,3,769,,Pursuit,Legacy,0.406265,5
288,,Echo,Streamline,4,800,,Recluse,Legacy,0.406265,5
288,,Echo,Streamline,5,625,,Mustang,Mint Discs,0.427013,5
289,,Element,Gateway,1,920,,Spruce,Above Ground Level,0.991619,5
289,,Element,Gateway,2,631,,Nautilus,Neptune Discs,1.116526,5
289,,Element,Gateway,3,129,,Bounty,Dynamic Discs,1.120259,5
289,,Element,Gateway,4,759,,Prophecy,Gateway,1.212391,5
289,,Element,Gateway,5,157,,Capybara,Elevation Disc Golf,1.236157,5
290,,Elm,Above Ground Level,1,470,,Jackalope,Mint Discs,0.000000,5
290,,Elm,Above Ground Level,2,918,,Splice,Discmania,0.000000,5
290,,Elm,Above Ground Level,3,72,,Avalanche,DGA,0.092572,5
290,,Elm,Above Ground Level,4,907,,Spark,Latitude 64,0.092572,5
290,,Elm,Above Ground Level,5,1033,,Turbulence,Streamline,0.185145,5
291,,Emperor,Infinite Discs,1,366,,G-One,Gateway,0.000000,5
291,,Emperor,Infinite Discs,2,481,,Juggernaut,Innova,0.000000,5
291,,Emperor,Infinite Discs,3,882,,Shryke,Innova,0.000000,5
291,,Emperor,Infinite Discs,4,230,,D1,Prodigy,0.092572,5
291,,Emperor,Infinite Discs,5,235,,D2 Signature (Falcor),Prodigy,0.092572,5
292,,Empire,Prodiscus,1,161,,Catalyst,MVP,0.000000,5
292,,Empire,Prodiscus,2,233,,D2 Max,Prodigy,0.000000,5
292,,Empire,Prodiscus,3,989,,Tenacity,Axiom Discs,0.000000,5
292,,Empire,Prodiscus,4,1084,,Warbird,Lone Star Discs,0.277987,5
292,,Empire,Prodiscus,5,806,,Relativity,MVP,0.346590,5
293,,Enemy,Legacy,1,32,,Amphibian,Gateway,0.227085,5
293,,Enemy,Legacy,2,1051,,Vamp,Vibram,0.361625,5
293,,Enemy,Legacy,3,116,,Blackout,Doomsday Discs,0.406265,5
293,,Enemy,Legacy,4,188,,Coalesce,Thought Space Athletics,0.406265,5
293,,Enemy,Legacy,5,846,,Saint,Latitude 64,0.406265,5
294,,Energy,MVP,1,306,,Excite,Axiom Discs,0.424396,5
294,,Energy,MVP,2,520,,Lawin,Other,0.427013,5
294,,Energy,MVP,3,1076,,Wahoo,Innova,0.615687,5
294,,Energy,MVP,4,891,,Slaidi,Prodiscus,0.774760,5
294,,Energy,MVP,5,482,,Jun,Yikun,0.902909,5
295,,Enforcer,Dynamic Discs,1,374,,General,Dynamic Discs,0.000000,5
295,,Enforcer,Dynamic Discs,2,399,,Grym (OOP),Kastaplast,0.000000,5
295,,Enforcer,Dynamic Discs,3,743,,Plague,Doomsday Discs,0.000000,5
295,,Enforcer,Dynamic Discs,4,944,,Strive,Latitude 64,0.092572,5
295,,Enforcer,Dynamic Discs,5,1114,,X2,Prodigy,0.092572,5
296,,Engine,Streamline,1,725,,Pestilence,Doomsday Discs,0.092572,5
296,,Engine,Streamline,2,782,,Raider,Dynamic Discs,0.227085,5
296,,Engine,Streamline,3,650,,Nuke SS,Discraft,0.277987,5
296,,Engine,Streamline,4,70,,Aura,Gateway,0.277987,5
296,,Engine,Streamline,5,776,,Queen,Westside Discs,0.277987,5
297,,Enigma,Discmania,1,394,,Grace,Latitude 64,0.000000,5
297,,Enigma,Discmania,2,790,,Rask,Kastaplast,0.092572,5
297,,Enigma,Discmania,3,154,,Captain,Dynamic Discs,0.207360,5
297,,Enigma,Discmania,4,162,,Catapult,Westside Discs,0.207360,5
297,,Enigma,Discmania,5,865,,Seguin,Lone Star Discs,0.207360,5
298,,Entropy,MVP,1,286,,EMAC Judge,Dynamic Discs,0.227085,5
298,,Entropy,MVP,2,483,,Jury,Dynamic Discs,0.277987,5
298,,Entropy,MVP,3,641,,Nomad,MVP,0.277987,5
298,,Entropy,MVP,4,683,,P1X,Discmania,0.277987,5
298,,Entropy,MVP,5,1129,,Yang,EV-7,0.277987,5
299,,Envy,Axiom Discs,1,504,,Koi,Elevation Disc Golf,0.361625,5
299,,Envy,Axiom Discs,2,690,,PA1,Prodigy,0.539719,5
299,,Envy,Axiom Discs,3,693,,PA4,Prodigy,0.539719,5
299,,Envy,Axiom Discs,4,699,,PX-3,Prodigy,0.539719,5
299,,Envy,Axiom Discs,5,732,,Pickle,Mint Discs,0.539719,5
300,,Era,Finish Line,1,177,,Chupacabra,Lone Star Discs,0.092572,5
300,,Era,Finish Line,2,1008,,Titan,Prodiscus,0.207360,5
300,,Era,Finish Line,3,155,,Captain's Raptor,Discraft,0.227085,5
300,,Era,Finish Line,4,40,,Animus,Thought Space Athletics,0.346590,5
300,,Era,Finish Line,5,197,,Construct,Thought Space Athletics,0.373285,5
301,,Escape,Dynamic Discs,1,412,,H7,Prodigy,0.227085,5
301,,Escape,Dynamic Discs,2,220,,Culverin,Latitude 64,0.373285,5
301,,Escape,Dynamic Discs,3,923,,Squid,Neptune Discs,0.557570,5
301,,Escape,Dynamic Discs,4,575,,Malm,Kastaplast,0.615687,5
301,,Escape,Dynamic Discs,5,63,,Assassin,Gateway,0.622728,5
302,,Essence,Discmania,1,586,,Marlin,Neptune Discs,0.185145,5
302,,Essence,Discmania,2,785,,Rally,Finish Line,0.227085,5
302,,Essence,Discmania,3,1019,,Trance,Axiom Discs,0.346590,5
302,,Essence,Discmania,4,1025,,Trinity,Lone Star Discs,0.361625,5
302,,Essence,Discmania,5,1121,,XS,Discraft,0.406265,5
303,,Ether,Gateway,1,797,,Realm,Gateway,0.000000,5
303,,Ether,Gateway,2,654,,Oblivion,Doomsday Discs,0.092572,5
303,,Ether,Gateway,3,669,,Orca,Wild Discs,0.277987,5
303,,Ether,Gateway,4,667,,Orbital,MVP,0.373285,5
303,,Ether,Gateway,5,727,,Phase,MVP,0.373285,5
304,,Evader,Dynamic Discs,1,461,,Instinct,Discmania,0.092572,5
304,,Evader,Dynamic Discs,2,582,,Mantis,Discraft,0.227085,5
304,,Evader,Dynamic Discs,3,678,,Ozone,Trash Panda,0.227085,5
304,,Evader,Dynamic Discs,4,755,,Predator,Discraft,0.227085,5
304,,Evader,Dynamic Discs,5,318,,F9,Prodigy,0.361625,5
305,,Evidence,Dynamic Discs,1,951,,Supreme EMac Truth,Dynamic Discs,0.227085,5
305,,Evidence,Dynamic Discs,2,626,,Mutant,Discmania,0.346590,5
305,,Evidence,Dynamic Discs,3,103,,Belleair,Climo Disc Golf,0.498296,5
305,,Evidence,Dynamic Discs,4,183,,Claymore,Latitude 64,0.498296,5
305,,Evidence,Dynamic Discs,5,1027,,Truth,Dynamic Discs,0.506970,5
306,,Excite,Axiom Discs,1,294,,Energy,MVP,0.424396,5
306,,Excite,Axiom Discs,2,1076,,Wahoo,Innova,0.649668,5
306,,Excite,Axiom Discs,3,520,,Lawin,Other,0.719031,5
306,,Excite,Axiom Discs,4,806,,Relativity,MVP,0.929865,5
306,,Excite,Axiom Discs,5,977,,Tantrum,Axiom Discs,0.929865,5
307,,Exodus,Infinite Discs,1,1042,,Undertaker,Discraft,0.207360,5
307,,Exodus,Infinite Discs,2,926,,Stal,Kastaplast,0.277987,5
307,,Exodus,Infinite Discs,3,966,,TD,Discmania,0.277987,5
307,,Exodus,Infinite Discs,4,1102,,Witness,Dynamic Discs,0.277987,5
307,,Exodus,Infinite Discs,5,331,,Falk,Kastaplast,0.346590,5
308,,Expanse,Thought Space Athletics,1,349,,Flow,Latitude 64,0.207360,5
308,,Expanse,Thought Space Athletics,2,1004,,Tide,Westside Discs,0.227085,5
308,,Expanse,Thought Space Athletics,3,963,,Sword,Westside Discs,0.416858,5
308,,Expanse,Thought Space Athletics,4,841,,Sabertooth,Daredevil Discs,0.456124,5
308,,Expanse,Thought Space Athletics,5,156,,Captain's Thrasher,Discraft,0.462623,5
309,,Explorer,Latitude 64,1,133,,Brazos,Lone Star Discs,0.000000,5
309,,Explorer,Latitude 64,2,126,,Bokeh,Axiom Discs,0.092572,5
309,,Explorer,Latitude 64,3,321,,FD1,Discmania,0.092572,5
309,,Explorer,Latitude 64,4,172,,Chemtrail,Doomsday Discs,0.227085,5
309,,Explorer,Latitude 64,5,1052,,Vandal,Dynamic Discs,0.346590,5
310,,F Model OS,Prodigy,1,808,,Renegade,Dynamic Discs,0.092572,5
310,,F Model OS,Prodigy,2,22,,Ahti,Westside Discs,0.227085,5
310,,F Model OS,Prodigy,3,334,,Feedback,Prodigy,0.227085,5
310,,F Model OS,Prodigy,4,1053,,Vanguard,Discmania,0.277987,5
310,,F Model OS,Prodigy,5,638,,Nimitz,Lone Star Discs,0.277987,5
312,,F Model US,Prodigy,1,88,,Bandit,Legacy,0.227085,5
312,,F Model US,Prodigy,2,117,,Blade,Gateway,0.227085,5
312,,F Model US,Prodigy,3,616,,Mongoose,Legacy,0.227085,5
312,,F Model US,Prodigy,4,633,,Nemesis,Legacy,0.227085,5
312,,F Model US,Prodigy,5,453,,Illusion,Gateway,0.361625,5
313,,F1,Prodigy,1,67,,Athena,Discraft,0.000000,5
313,,F1,Prodigy,2,314,,F2,Prodigy,0.000000,5
313,,F1,Prodigy,3,315,,F3,Prodigy,0.000000,5
313,,F1,Prodigy,4,317,,F7,Prodigy,0.092572,5
313,,F1,Prodigy,5,1113,,Wyrm,Divergent,0.346590,5
314,,F2,Prodigy,1,67,,Athena,Discraft,0.000000,5
314,,F2,Prodigy,2,313,,F1,Prodigy,0.000000,5
314,,F2,Prodigy,3,315,,F3,Prodigy,0.000000,5
314,,F2,Prodigy,4,317,,F7,Prodigy,0.092572,5
314,,F2,Prodigy,5,1113,,Wyrm,Divergent,0.346590,5
315,,F3,Prodigy,1,67,,Athena,Discraft,0.000000,5
315,,F3,Prodigy,2,313,,F1,Prodigy,0.000000,5
315,,F3,Prodigy,3,314,,F2,Prodigy,0.000000,5
315,,F3,Prodigy,4,317,,F7,Prodigy,0.092572,5
315,,F3,Prodigy,5,1113,,Wyrm,Divergent,0.346590,5
316,,F5,Prodigy,1,898,,Soda,Clash Discs,0.373285,5
316,,F5,Prodigy,2,439,,Huia,RPM,0.406265,5
316,,F5,Prodigy,3,537,,Lotus,Clash Discs,0.427013,5
316,,F5,Prodigy,4,518,,Lasso,Mint Discs,0.427013,5
316,,F5,Prodigy,5,942,,Strike,Other,0.462623,5
317,,F7,Prodigy,1,67,,Athena,Discraft,0.092572,5
317,,F7,Prodigy,2,313,,F1,Prodigy,0.092572,5
317,,F7,Prodigy,3,314,,F2,Prodigy,0.092572,5
317,,F7,Prodigy,4,315,,F3,Prodigy,0.092572,5
317,,F7,Prodigy,5,737,,Pipeline,DGA,0.361625,5
318,,F9,Prodigy,1,304,,Evader,Dynamic Discs,0.361625,5
318,,F9,Prodigy,2,461,,Instinct,Discmania,0.373285,5
318,,F9,Prodigy,3,50,,Arch,Vibram,0.373285,5
318,,F9,Prodigy,4,1049,,Valley,Vibram,0.373285,5
318,,F9,Prodigy,5,582,,Mantis,Discraft,0.427013,5
319,,FD,Discmania,1,1038,,Tyrant,Other,0.227085,5
319,,FD,Discmania,2,981,,Teebird,Innova,0.471794,5
319,,FD,Discmania,3,1066,,Viking,Innova,0.499118,5
319,,FD,Discmania,4,268,,Diamond,Latitude 64,0.500896,5
319,,FD,Discmania,5,858,,Scepter,Infinite Discs,0.555974,5
321,,FD1,Discmania,1,126,,Bokeh,Axiom Discs,0.000000,5
321,,FD1,Discmania,2,133,,Brazos,Lone Star Discs,0.092572,5
321,,FD1,Discmania,3,309,,Explorer,Latitude 64,0.092572,5
321,,FD1,Discmania,4,172,,Chemtrail,Doomsday Discs,0.277987,5
321,,FD1,Discmania,5,1052,,Vandal,Dynamic Discs,0.277987,5
322,,FD2 (OOP),Discmania,1,384,,Glory,Latitude 64,0.000000,5
322,,FD2 (OOP),Discmania,2,451,,Idog,Kastaplast,0.000000,5
322,,FD2 (OOP),Discmania,3,708,,Patriot,Legacy,0.000000,5
322,,FD2 (OOP),Discmania,4,864,,Seer,Westside Discs,0.092572,5
322,,FD2 (OOP),Discmania,5,592,,Maverick,Dynamic Discs,0.277987,5
323,,FD3,Discmania,1,445,,Hyena,Wild Discs,0.277987,5
323,,FD3,Discmania,2,1053,,Vanguard,Discmania,0.361625,5
323,,FD3,Discmania,3,22,,Ahti,Westside Discs,0.373285,5
323,,FD3,Discmania,4,334,,Feedback,Prodigy,0.373285,5
323,,FD3,Discmania,5,146,,CD1,Discmania,0.416858,5
325,,FX-2,Prodigy,1,6,,Tilt,Discmania,0.000000,5
325,,FX-2,Prodigy,2,180,,Cinnamon,Clash Discs,0.000000,5
325,,FX-2,Prodigy,3,954,,Surge,Discraft,0.000000,5
325,,FX-2,Prodigy,4,344,,Flash,Discraft,0.227085,5
325,,FX-2,Prodigy,5,614,,Monarch,Innova,0.227085,5
326,,FX-3,Prodigy,1,97,,Bear,Westside Discs,0.092572,5
326,,FX-3,Prodigy,2,563,,Mad Cat,Lone Star Discs,0.092572,5
326,,FX-3,Prodigy,3,925,,Stag,Westside Discs,0.092572,5
326,,FX-3,Prodigy,4,991,,Terra,MVP,0.092572,5
326,,FX-3,Prodigy,5,327,,FX-4,Prodigy,0.207360,5
327,,FX-4,Prodigy,1,343,,Flare,Streamline,0.092572,5
327,,FX-4,Prodigy,2,326,,FX-3,Prodigy,0.207360,5
327,,FX-4,Prodigy,3,97,,Bear,Westside Discs,0.227085,5
327,,FX-4,Prodigy,4,563,,Mad Cat,Lone Star Discs,0.227085,5
327,,FX-4,Prodigy,5,925,,Stag,Westside Discs,0.227085,5
328,,Fairway Disc,Innova,1,155,,Captain's Raptor,Discraft,0.227085,5
328,,Fairway Disc,Innova,2,1008,,Titan,Prodiscus,0.277987,5
328,,Fairway Disc,Innova,3,287,,Eagle,Innova,0.346590,5
328,,Fairway Disc,Innova,4,1005,,Timberwolf,Daredevil Discs,0.361625,5
328,,Fairway Disc,Innova,5,395,,Grackle,Mint Discs,0.416858,5
329,,Faith,Latitude 64,1,629,,Myth,Infinite Discs,0.462623,5
329,,Faith,Latitude 64,2,1039,,UFO,Mint Discs,0.462623,5
329,,Faith,Latitude 64,3,1137,,Zeal,Other,0.471794,5
329,,Faith,Latitude 64,4,597,,Mercy,Latitude 64,0.471794,5
329,,Faith,Latitude 64,5,675,,Outer Core,Trash Panda,0.471794,5
331,,Falk,Kastaplast,1,996,,The Dome,Lone Star Discs,0.000000,5
331,,Falk,Kastaplast,2,926,,Stal,Kastaplast,0.092572,5
331,,Falk,Kastaplast,3,966,,TD,Discmania,0.092572,5
331,,Falk,Kastaplast,4,1102,,Witness,Dynamic Discs,0.092572,5
331,,Falk,Kastaplast,5,872,,Shadowfax,Prodigy,0.207360,5
332,,Famine,Doomsday Discs,1,222,,Cutlass,Latitude 64,0.000000,5
332,,Famine,Doomsday Discs,2,226,,Czar,Infinite Discs,0.092572,5
332,,Famine,Doomsday Discs,3,842,,Sabot,Millennium,0.092572,5
332,,Famine,Doomsday Discs,4,831,,Rogue,DGA,0.185145,5
332,,Famine,Doomsday Discs,5,54,,Archon,Innova,0.207360,5
333,,Fasti,Prodiscus,1,790,,Rask,Kastaplast,0.424396,5
333,,Fasti,Prodiscus,2,56,,Aries,Millennium,0.454171,5
333,,Fasti,Prodiscus,3,594,,Maya,Infinite Discs,0.454171,5
333,,Fasti,Prodiscus,4,627,,Mystere,Innova,0.454171,5
333,,Fasti,Prodiscus,5,400,,Grym X (OOP),Kastaplast,0.456124,5
334,,Feedback,Prodigy,1,22,,Ahti,Westside Discs,0.000000,5
334,,Feedback,Prodigy,2,1053,,Vanguard,Discmania,0.092572,5
334,,Feedback,Prodigy,3,310,,F Model OS,Prodigy,0.227085,5
334,,Feedback,Prodigy,4,146,,CD1,Discmania,0.227085,5
334,,Feedback,Prodigy,5,808,,Renegade,Dynamic Discs,0.277987,5
335,,Felon,Dynamic Discs,1,979,,Tasmanian Devil V2,Wild Discs,0.000000,5
335,,Felon,Dynamic Discs,2,624,,Musket,Latitude 64,0.092572,5
335,,Felon,Dynamic Discs,3,998,,Thief,Dynamic Discs,0.227085,5
335,,Felon,Dynamic Discs,4,916,,Spirit,Gateway,0.277987,5
335,,Felon,Dynamic Discs,5,363,,Function,Discmania,0.277987,5
336,,Fenrir,Viking,1,335,,Felon,Dynamic Discs,0.373285,5
336,,Fenrir,Viking,2,979,,Tasmanian Devil V2,Wild Discs,0.373285,5
336,,Fenrir,Viking,3,624,,Musket,Latitude 64,0.406265,5
336,,Fenrir,Viking,4,998,,Thief,Dynamic Discs,0.416858,5
336,,Fenrir,Viking,5,363,,Function,Discmania,0.427013,5
337,,Fierce,Discraft,1,496,,Keystone,Latitude 64,0.000000,5
337,,Fierce,Discraft,2,953,,Surf,DGA,0.092572,5
337,,Fierce,Discraft,3,104,,Benny,Lone Star Discs,0.227085,5
337,,Fierce,Discraft,4,464,,Invader,Innova,0.373285,5
337,,Fierce,Discraft,5,527,,Link,Discmania,0.373285,5
338,,Fighter,Legacy,1,267,,Diablo,Gateway,0.000000,5
338,,Fighter,Legacy,2,583,,Mantra,Thought Space Athletics,0.000000,5
338,,Fighter,Legacy,3,348,,Flipperi,Prodiscus,0.092572,5
338,,Fighter,Legacy,4,525,,Lift,Streamline,0.092572,5
338,,Fighter,Legacy,5,663,,Omen,Thought Space Athletics,0.092572,5
339,,Fireball,Axiom Discs,1,460,,Insanity,Axiom Discs,0.092572,5
339,,Fireball,Axiom Discs,2,1111,,Wrath,Axiom Discs,0.092572,5
339,,Fireball,Axiom Discs,3,285,,Dynasty,Infinite Discs,0.277987,5
339,,Fireball,Axiom Discs,4,99,,Beast,Innova,0.361625,5
339,,Fireball,Axiom Discs,5,198,,Convict,Dynamic Discs,0.373285,5
340,,Firebird,Innova,1,673,,Orion LS,Millennium,0.000000,5
340,,Firebird,Innova,2,1048,,Valkyrie,Innova,0.000000,5
340,,Firebird,Innova,3,208,,Crave,Axiom Discs,0.227085,5
340,,Firebird,Innova,4,826,,Roadrunner,Innova,0.277987,5
340,,Firebird,Innova,5,871,,Servo,MVP,0.277987,5
341,,Firefly,Innova,1,250,,Dagger,Latitude 64,0.000000,5
341,,Firefly,Innova,2,749,,Ponderosa,Above Ground Level,0.092572,5
341,,Firefly,Innova,3,720,,Penrose,EV-7,0.277987,5
341,,Firefly,Innova,4,742,,Pixel,Axiom Discs,0.361625,5
341,,Firefly,Innova,5,61,,Artifact,Infinite Discs,0.373285,5
342,,Firestorm,Innova,1,794,,Razeri,Prodiscus,0.092572,5
342,,Firestorm,Innova,2,463,,Interval,Finish Line,0.227085,5
342,,Firestorm,Innova,3,1055,,Vanish,Axiom Discs,0.227085,5
342,,Firestorm,Innova,4,255,,Defy,Axiom Discs,0.277987,5
342,,Firestorm,Innova,5,766,,Punisher,Discraft,0.277987,5
343,,Flare,Streamline,1,327,,FX-4,Prodigy,0.092572,5
343,,Flare,Streamline,2,326,,FX-3,Prodigy,0.227085,5
343,,Flare,Streamline,3,97,,Bear,Westside Discs,0.277987,5
343,,Flare,Streamline,4,563,,Mad Cat,Lone Star Discs,0.277987,5
343,,Flare,Streamline,5,925,,Stag,Westside Discs,0.277987,5
344,,Flash,Discraft,1,614,,Monarch,Innova,0.000000,5
344,,Flash,Discraft,2,6,,Tilt,Discmania,0.227085,5
344,,Flash,Discraft,3,180,,Cinnamon,Clash Discs,0.227085,5
344,,Flash,Discraft,4,325,,FX-2,Prodigy,0.227085,5
344,,Flash,Discraft,5,954,,Surge,Discraft,0.227085,5
345,,Flat Earth,Doomsday Discs,1,193,,Comet,Discraft,0.000000,5
345,,Flat Earth,Doomsday Discs,2,159,,Caribou,Daredevil Discs,0.227085,5
345,,Flat Earth,Doomsday Discs,3,618,,Moose,Daredevil Discs,0.227085,5
345,,Flat Earth,Doomsday Discs,4,561,,Mace,Latitude 64,0.277987,5
345,,Flat Earth,Doomsday Discs,5,875,,Shark,Innova,0.373285,5
346,,Flick,Discraft,1,762,,Psychic,Elevation Disc Golf,0.346590,5
346,,Flick,Discraft,2,460,,Insanity,Axiom Discs,0.515352,5
346,,Flick,Discraft,3,1111,,Wrath,Axiom Discs,0.515352,5
346,,Flick,Discraft,4,667,,Orbital,MVP,0.539719,5
346,,Flick,Discraft,5,727,,Phase,MVP,0.539719,5
347,,Flip,Hooligan Discs,1,619,,Morningstar,Gateway,0.000000,5
347,,Flip,Hooligan Discs,2,1026,,Trust,Latitude 64,0.000000,5
347,,Flip,Hooligan Discs,3,555,,MD4,Discmania,0.092572,5
347,,Flip,Hooligan Discs,4,141,,Buzzz,Discraft,0.277987,5
347,,Flip,Hooligan Discs,5,547,,M3,Prodigy,0.277987,5
348,,Flipperi,Prodiscus,1,525,,Lift,Streamline,0.000000,5
348,,Flipperi,Prodiscus,2,663,,Omen,Thought Space Athletics,0.000000,5
348,,Flipperi,Prodiscus,3,1058,,Vengeance,Legacy,0.000000,5
348,,Flipperi,Prodiscus,4,1110,,Wrangler,Lone Star Discs,0.000000,5
348,,Flipperi,Prodiscus,5,267,,Diablo,Gateway,0.092572,5
349,,Flow,Latitude 64,1,1004,,Tide,Westside Discs,0.092572,5
349,,Flow,Latitude 64,2,308,,Expanse,Thought Space Athletics,0.207360,5
349,,Flow,Latitude 64,3,185,,Cloudbreaker,Discmania,0.346590,5
349,,Flow,Latitude 64,4,405,,Guld,Kastaplast,0.346590,5
349,,Flow,Latitude 64,5,802,,Redwood,Above Ground Level,0.346590,5
351,,Focus,Discraft,1,1070,,Voodoo,Gateway,0.000000,5
351,,Focus,Discraft,2,223,,Cyber Putter,Doomsday Discs,0.373285,5
351,,Focus,Discraft,3,402,,Guard,Dynamic Discs,0.416858,5
351,,Focus,Discraft,4,838,,Rune,Viking,0.427013,5
351,,Focus,Discraft,5,1132,,Yellow Rose,Lone Star Discs,0.515352,5
352,,Force,Discraft,1,230,,D1,Prodigy,0.000000,5
352,,Force,Discraft,2,235,,D2 Signature (Falcor),Prodigy,0.000000,5
352,,Force,Discraft,3,236,,D3,Prodigy,0.000000,5
352,,Force,Discraft,4,419,,Harrier,Lone Star Discs,0.000000,5
352,,Force,Discraft,5,452,,Idol,Mint Discs,0.000000,5
353,,Fortress,Westside Discs,1,716,,Pekapeka,RPM,0.000000,5
353,,Fortress,Westside Discs,2,921,,Spur,Lone Star Discs,0.000000,5
353,,Fortress,Westside Discs,3,879,,Shift,Streamline,0.227085,5
353,,Fortress,Westside Discs,4,290,,Elm,Above Ground Level,0.227085,5
353,,Fortress,Westside Discs,5,470,,Jackalope,Mint Discs,0.227085,5
354,,Fossil,Discraft,1,69,,Atom,MVP,0.616353,5
354,,Fossil,Discraft,2,213,,Croc,Innova,0.649668,5
354,,Fossil,Discraft,3,443,,Hydra,Innova,0.649668,5
354,,Fossil,Discraft,4,677,,Owl,Stokely Discs,0.649668,5
354,,Fossil,Discraft,5,299,,Envy,Axiom Discs,0.680543,5
355,,Founder,Discmania,1,883,,Shu,Yikun,0.000000,5
355,,Founder,Discmania,2,939,,Stingray,Innova,0.456124,5
355,,Founder,Discmania,3,486,,KGB,Other,0.515352,5
355,,Founder,Discmania,4,895,,Sling,Westside Discs,0.707518,5
355,,Founder,Discmania,5,626,,Mutant,Discmania,0.778232,5
356,,Fox,Innova,1,587,,Mars Rover,Millennium,0.000000,5
356,,Fox,Innova,2,832,,Rollo,Innova,0.462623,5
356,,Fox,Innova,3,532,,Lone Wolf,Lone Star Discs,0.758061,5
356,,Fox,Innova,4,709,,Patrol,Dynamic Discs,0.924172,5
356,,Fox,Innova,5,1104,,Wolf,Innova,0.953682,5
357,,Freetail,Mint Discs,1,578,,Mammoth,Daredevil Discs,0.000000,5
357,,Freetail,Mint Discs,2,217,,Crush,Discraft,0.227085,5
357,,Freetail,Mint Discs,3,974,,Talisman,Prodiscus,0.277987,5
357,,Freetail,Mint Discs,4,156,,Captain's Thrasher,Discraft,0.346590,5
357,,Freetail,Mint Discs,5,889,,Skyway,Climo Disc Golf,0.346590,5
358,,Frio,Lone Star Discs,1,516,,Lark,Stokely Discs,0.092572,5
358,,Frio,Lone Star Discs,2,763,,Psyop,Doomsday Discs,0.277987,5
358,,Frio,Lone Star Discs,3,912,,Sphinx,Infinite Discs,0.346590,5
358,,Frio,Lone Star Discs,4,203,,Cosmos,Viking,0.406265,5
358,,Frio,Lone Star Discs,5,517,,Laseri,Prodiscus,0.424396,5
359,,Fu,Yikun,1,599,,Mermaid,Discmania,0.000000,5
359,,Fu,Yikun,2,93,,Barbarian,Viking,0.092572,5
359,,Fu,Yikun,3,410,,H4 (V2),Prodigy,0.092572,5
359,,Fu,Yikun,4,1044,,Underworld,Westside Discs,0.092572,5
359,,Fu,Yikun,5,942,,Strike,Other,0.277987,5
360,,Fudge,Clash Discs,1,259,,Deputy,Dynamic Discs,0.373285,5
360,,Fudge,Clash Discs,2,1085,,Warden,Dynamic Discs,0.373285,5
360,,Fudge,Clash Discs,3,30,,Alter,Thought Space Athletics,0.406265,5
360,,Fudge,Clash Discs,4,433,,Hope,Latitude 64,0.406265,5
360,,Fudge,Clash Discs,5,538,,Love,Jester Disc Golf,0.406265,5
361,,Fugitive,Dynamic Discs,1,362,,Fugitive (Supreme),Dynamic Discs,0.000000,5
361,,Fugitive,Dynamic Discs,2,561,,Mace,Latitude 64,0.227085,5
361,,Fugitive,Dynamic Discs,3,159,,Caribou,Daredevil Discs,0.277987,5
361,,Fugitive,Dynamic Discs,4,618,,Moose,Daredevil Discs,0.277987,5
361,,Fugitive,Dynamic Discs,5,41,,Anubis,Infinite Discs,0.370289,5
362,,Fugitive (Supreme),Dynamic Discs,1,361,,Fugitive,Dynamic Discs,0.000000,5
362,,Fugitive (Supreme),Dynamic Discs,2,561,,Mace,Latitude 64,0.227085,5
362,,Fugitive (Supreme),Dynamic Discs,3,159,,Caribou,Daredevil Discs,0.277987,5
362,,Fugitive (Supreme),Dynamic Discs,4,618,,Moose,Daredevil Discs,0.277987,5
362,,Fugitive (Supreme),Dynamic Discs,5,41,,Anubis,Infinite Discs,0.370289,5
363,,Function,Discmania,1,364,,Fury,Latitude 64,0.000000,5
363,,Function,Discmania,2,432,,Honor,Latitude 64,0.000000,5
363,,Function,Discmania,3,438,,Hu,Yikun,0.000000,5
363,,Function,Discmania,4,998,,Thief,Dynamic Discs,0.092572,5
363,,Function,Discmania,5,335,,Felon,Dynamic Discs,0.277987,5
364,,Fury,Latitude 64,1,363,,Function,Discmania,0.000000,5
364,,Fury,Latitude 64,2,432,,Honor,Latitude 64,0.000000,5
364,,Fury,Latitude 64,3,438,,Hu,Yikun,0.000000,5
364,,Fury,Latitude 64,4,998,,Thief,Dynamic Discs,0.092572,5
364,,Fury,Latitude 64,5,335,,Felon,Dynamic Discs,0.277987,5
365,,Fuse,Latitude 64,1,392,,Gote,Kastaplast,0.000000,5
365,,Fuse,Latitude 64,2,957,,Svea,Kastaplast,0.000000,5
365,,Fuse,Latitude 64,3,159,,Caribou,Daredevil Discs,0.361625,5
365,,Fuse,Latitude 64,4,618,,Moose,Daredevil Discs,0.361625,5
365,,Fuse,Latitude 64,5,561,,Mace,Latitude 64,0.373285,5
366,,G-One,Gateway,1,291,,Emperor,Infinite Discs,0.000000,5
366,,G-One,Gateway,2,481,,Juggernaut,Innova,0.000000,5
366,,G-One,Gateway,3,882,,Shryke,Innova,0.000000,5
366,,G-One,Gateway,4,230,,D1,Prodigy,0.092572,5
366,,G-One,Gateway,5,235,,D2 Signature (Falcor),Prodigy,0.092572,5
367,,Galleon,Infinite Discs,1,847,,Saint Pro,Latitude 64,0.346590,5
367,,Galleon,Infinite Discs,2,717,,Pelican,AquaFlight,0.373285,5
367,,Galleon,Infinite Discs,3,1064,,View,Yikun,0.406265,5
367,,Galleon,Infinite Discs,4,821,,Rival,Legacy,0.416858,5
367,,Galleon,Infinite Discs,5,518,,Lasso,Mint Discs,0.462623,5
368,,Gatekeeper,Westside Discs,1,380,,Glacier,Discmania,0.000000,5
368,,Gatekeeper,Westside Discs,2,603,,Mid-Disc3,Innova,0.000000,5
368,,Gatekeeper,Westside Discs,3,554,,MD3X,Discmania,0.227085,5
368,,Gatekeeper,Westside Discs,4,972,,Tailor,Discmania,0.277987,5
368,,Gatekeeper,Westside Discs,5,547,,M3,Prodigy,0.462623,5
369,,Gator,Innova,1,620,,Mortar,Millennium,0.277987,5
369,,Gator,Innova,2,212,,Cro,Innova,0.471794,5
369,,Gator,Innova,3,634,,Neon,Løft Discs,0.499118,5
369,,Gator,Innova,4,753,,Praxis,Thought Space Athletics,0.539719,5
369,,Gator,Innova,5,298,,Entropy,MVP,0.539719,5
370,,Gator3,Innova,1,620,,Mortar,Millennium,0.539719,5
370,,Gator3,Innova,2,848,,Salamander,Mint Discs,0.555974,5
370,,Gator3,Innova,3,559,,MX-2,Prodigy,0.578053,5
370,,Gator3,Innova,4,722,,Peppermint,Clash Discs,0.578053,5
370,,Gator3,Innova,5,150,,Caiman,Innova,0.629571,5
371,,Gauge,Legacy,1,572,,Mako,Innova,0.594443,5
371,,Gauge,Legacy,2,550,,MD,Discmania,0.723275,5
371,,Gauge,Legacy,3,551,,MD1,Discmania,0.821189,5
371,,Gauge,Legacy,4,193,,Comet,Discraft,0.824817,5
371,,Gauge,Legacy,5,345,,Flat Earth,Doomsday Discs,0.824817,5
372,,Gazelle,Innova,1,62,,Ascend,Streamline,0.277987,5
372,,Gazelle,Innova,2,843,,Sabre,Gateway,0.277987,5
372,,Gazelle,Innova,3,224,,Cyclone,Discraft,0.373285,5
372,,Gazelle,Innova,4,164,,Centurion,Infinite Discs,0.456124,5
372,,Gazelle,Innova,5,280,,Drift,Streamline,0.499118,5
373,,Gecko,Elevation Disc Golf,1,536,,Lots,Kastaplast,0.277987,5
373,,Gecko,Elevation Disc Golf,2,666,,Oracle,Sacred Discs,0.277987,5
373,,Gecko,Elevation Disc Golf,3,975,,Talon,Discraft,0.361625,5
373,,Gecko,Elevation Disc Golf,4,1033,,Turbulence,Streamline,0.416858,5
373,,Gecko,Elevation Disc Golf,5,72,,Avalanche,DGA,0.427013,5
374,,General,Dynamic Discs,1,295,,Enforcer,Dynamic Discs,0.000000,5
374,,General,Dynamic Discs,2,399,,Grym (OOP),Kastaplast,0.000000,5
374,,General,Dynamic Discs,3,743,,Plague,Doomsday Discs,0.000000,5
374,,General,Dynamic Discs,4,944,,Strive,Latitude 64,0.092572,5
374,,General,Dynamic Discs,5,1114,,X2,Prodigy,0.092572,5
375,,Genius,Discmania,1,962,,Swift Fox,Daredevil Discs,0.227085,5
375,,Genius,Discmania,2,424,,Hawkeye,Innova,0.277987,5
375,,Genius,Discmania,3,728,,Phenom,Legacy,0.416858,5
375,,Genius,Discmania,4,1072,,Votum,Thought Space Athletics,0.456124,5
375,,Genius,Discmania,5,1126,,Xpress,Discraft,0.471794,5
376,,Getaway,Dynamic Discs,1,872,,Shadowfax,Prodigy,0.092572,5
376,,Getaway,Dynamic Discs,2,331,,Falk,Kastaplast,0.227085,5
376,,Getaway,Dynamic Discs,3,996,,The Dome,Lone Star Discs,0.227085,5
376,,Getaway,Dynamic Discs,4,1020,,Treason,Dynamic Discs,0.227085,5
376,,Getaway,Dynamic Discs,5,926,,Stal,Kastaplast,0.277987,5
377,,Ghost,Legacy,1,827,,Roc,Innova,0.000000,5
377,,Ghost,Legacy,2,642,,Nord,Kastaplast,0.346590,5
377,,Ghost,Legacy,3,141,,Buzzz,Discraft,0.462623,5
377,,Ghost,Legacy,4,875,,Shark,Innova,0.462623,5
377,,Ghost,Legacy,5,1050,,Valor,Legacy,0.462623,5
378,,Giant,Westside Discs,1,54,,Archon,Innova,0.000000,5
378,,Giant,Westside Discs,2,230,,D1,Prodigy,0.092572,5
378,,Giant,Westside Discs,3,235,,D2 Signature (Falcor),Prodigy,0.092572,5
378,,Giant,Westside Discs,4,236,,D3,Prodigy,0.092572,5
378,,Giant,Westside Discs,5,352,,Force,Discraft,0.092572,5
379,,Ginger,Clash Discs,1,824,,River Pro (OOP),Latitude 64,0.539719,5
379,,Ginger,Clash Discs,2,34,,Anax,Discraft,0.689110,5
379,,Ginger,Clash Discs,3,91,,Banzai,DGA,0.689110,5
379,,Ginger,Clash Discs,4,636,,Nightjar,Disctroyer,0.719031,5
379,,Ginger,Clash Discs,5,819,,Riptide,DGA,0.737278,5
380,,Glacier,Discmania,1,368,,Gatekeeper,Westside Discs,0.000000,5
380,,Glacier,Discmania,2,603,,Mid-Disc3,Innova,0.000000,5
380,,Glacier,Discmania,3,554,,MD3X,Discmania,0.227085,5
380,,Glacier,Discmania,4,972,,Tailor,Discmania,0.277987,5
380,,Glacier,Discmania,5,547,,M3,Prodigy,0.462623,5
381,,Gladiator,Latitude 64,1,247,,DDx (OOP),Discmania,0.000000,5
381,,Gladiator,Latitude 64,2,849,,Salt,Clash Discs,0.000000,5
381,,Gladiator,Latitude 64,3,421,,Havoc,Latitude 64,0.092572,5
381,,Gladiator,Latitude 64,4,990,,Tern,Innova,0.092572,5
381,,Gladiator,Latitude 64,5,252,,Daytona,Finish Line,0.227085,5
382,,Glide,Discraft,1,282,,Drone,Discraft,0.092572,5
382,,Glide,Discraft,2,254,,Deflector,MVP,0.346590,5
382,,Glide,Discraft,3,600,,Meteor,Discraft,0.499118,5
382,,Glide,Discraft,4,712,,Peach,Clash Discs,0.622728,5
382,,Glide,Discraft,5,455,,Impact,Discraft,0.663234,5
383,,Glitch,MVP,1,703,,Parachute,Streamline,0.000000,5
383,,Glitch,MVP,2,739,,Pitch,Axiom Discs,0.000000,5
383,,Glitch,MVP,3,814,,Ridge,Vibram,0.456124,5
383,,Glitch,MVP,4,908,,Sparta,Prodiscus,0.616353,5
383,,Glitch,MVP,5,182,,Claws,Yikun,0.719632,5
384,,Glory,Latitude 64,1,322,,FD2 (OOP),Discmania,0.000000,5
384,,Glory,Latitude 64,2,451,,Idog,Kastaplast,0.000000,5
384,,Glory,Latitude 64,3,708,,Patriot,Legacy,0.000000,5
384,,Glory,Latitude 64,4,864,,Seer,Westside Discs,0.092572,5
384,,Glory,Latitude 64,5,592,,Maverick,Dynamic Discs,0.277987,5
385,,Glyph,Infinite Discs,1,682,,P1,Discmania,0.723275,5
385,,Glyph,Infinite Discs,2,1107,,Woodchuck,Daredevil Discs,0.723275,5
385,,Glyph,Infinite Discs,3,459,,Inner Core,Trash Panda,0.771286,5
385,,Glyph,Infinite Discs,4,57,,Armadillo,Lone Star Discs,0.805384,5
385,,Glyph,Infinite Discs,5,660,,Omega,Millennium,0.808640,5
386,,Gnome,Sacred Discs,1,887,,Sinus,Latitude 64,0.277987,5
386,,Gnome,Sacred Discs,2,634,,Neon,Løft Discs,0.346590,5
386,,Gnome,Sacred Discs,3,612,,Mobius,EV-7,0.373285,5
386,,Gnome,Sacred Discs,4,691,,PA2,Prodigy,0.373285,5
386,,Gnome,Sacred Discs,5,835,,Rot,Doomsday Discs,0.373285,5
387,,Goat,Mint Discs,1,388,,Goat (Eternal),Mint Discs,0.000000,5
387,,Goat,Mint Discs,2,1006,,Time-Lapse,Axiom Discs,0.000000,5
387,,Goat,Mint Discs,3,1007,,Time-Lapse (Retooled),Axiom Discs,0.000000,5
387,,Goat,Mint Discs,4,1017,,Trace,Streamline,0.277987,5
387,,Goat,Mint Discs,5,54,,Archon,Innova,0.361625,5
388,,Goat (Eternal),Mint Discs,1,387,,Goat,Mint Discs,0.000000,5
388,,Goat (Eternal),Mint Discs,2,1006,,Time-Lapse,Axiom Discs,0.000000,5
388,,Goat (Eternal),Mint Discs,3,1007,,Time-Lapse (Retooled),Axiom Discs,0.000000,5
388,,Goat (Eternal),Mint Discs,4,1017,,Trace,Streamline,0.277987,5
388,,Goat (Eternal),Mint Discs,5,54,,Archon,Innova,0.361625,5
389,,Golem,Other,1,1014,,Toro,Innova,0.277987,5
389,,Golem,Other,2,987,,Temple,Thought Space Athletics,0.373285,5
389,,Golem,Other,3,753,,Praxis,Thought Space Athletics,0.462623,5
389,,Golem,Other,4,988,,Tempo,Axiom Discs,0.471794,5
389,,Golem,Other,5,1147,,Zone OS,Discraft,0.471794,5
390,,Gorgon,Innova,1,391,,Gorgon (GStar),Innova,0.000000,5
390,,Gorgon,Innova,2,149,,Cactus,Lone Star Discs,0.092572,5
390,,Gorgon,Innova,3,1018,,Trail,MVP,0.092572,5
390,,Gorgon,Innova,4,400,,Grym X (OOP),Kastaplast,0.207360,5
390,,Gorgon,Innova,5,896,,Sockibomb Felon,Dynamic Discs,0.277987,5
391,,Gorgon (GStar),Innova,1,390,,Gorgon,Innova,0.000000,5
391,,Gorgon (GStar),Innova,2,149,,Cactus,Lone Star Discs,0.092572,5
391,,Gorgon (GStar),Innova,3,1018,,Trail,MVP,0.092572,5
391,,Gorgon (GStar),Innova,4,400,,Grym X (OOP),Kastaplast,0.207360,5
391,,Gorgon (GStar),Innova,5,896,,Sockibomb Felon,Dynamic Discs,0.277987,5
392,,Gote,Kastaplast,1,365,,Fuse,Latitude 64,0.000000,5
392,,Gote,Kastaplast,2,957,,Svea,Kastaplast,0.000000,5
392,,Gote,Kastaplast,3,159,,Caribou,Daredevil Discs,0.361625,5
392,,Gote,Kastaplast,4,618,,Moose,Daredevil Discs,0.361625,5
392,,Gote,Kastaplast,5,561,,Mace,Latitude 64,0.373285,5
394,,Grace,Latitude 64,1,297,,Enigma,Discmania,0.000000,5
394,,Grace,Latitude 64,2,790,,Rask,Kastaplast,0.092572,5
394,,Grace,Latitude 64,3,154,,Captain,Dynamic Discs,0.207360,5
394,,Grace,Latitude 64,4,162,,Catapult,Westside Discs,0.207360,5
394,,Grace,Latitude 64,5,865,,Seguin,Lone Star Discs,0.207360,5
395,,Grackle,Mint Discs,1,197,,Construct,Thought Space Athletics,0.346590,5
395,,Grackle,Mint Discs,2,943,,Striker,Latitude 64,0.373285,5
395,,Grackle,Mint Discs,3,155,,Captain's Raptor,Discraft,0.373285,5
395,,Grackle,Mint Discs,4,1008,,Titan,Prodiscus,0.406265,5
395,,Grackle,Mint Discs,5,328,,Fairway Disc,Innova,0.416858,5
396,,Grizzly,Daredevil Discs,1,365,,Fuse,Latitude 64,0.462623,5
396,,Grizzly,Daredevil Discs,2,392,,Gote,Kastaplast,0.462623,5
396,,Grizzly,Daredevil Discs,3,957,,Svea,Kastaplast,0.462623,5
396,,Grizzly,Daredevil Discs,4,53,,Archive,Prodigy,0.500896,5
396,,Grizzly,Daredevil Discs,5,1047,,VRoc,Innova,0.500896,5
397,,Groove,Innova,1,655,,Octane,MVP,0.000000,5
397,,Groove,Innova,2,701,,Panic,Axiom Discs,0.000000,5
397,,Groove,Innova,3,860,,Scorpius,Millennium,0.000000,5
397,,Groove,Innova,4,291,,Emperor,Infinite Discs,0.227085,5
397,,Groove,Innova,5,366,,G-One,Gateway,0.227085,5
398,,Growler,Lone Star Discs,1,756,,Prince,Westside Discs,0.000000,5
398,,Growler,Lone Star Discs,2,696,,PD2,Discmania,0.185145,5
398,,Growler,Lone Star Discs,3,944,,Strive,Latitude 64,0.207360,5
398,,Growler,Lone Star Discs,4,1114,,X2,Prodigy,0.207360,5
398,,Growler,Lone Star Discs,5,295,,Enforcer,Dynamic Discs,0.227085,5
399,,Grym (OOP),Kastaplast,1,295,,Enforcer,Dynamic Discs,0.000000,5
399,,Grym (OOP),Kastaplast,2,374,,General,Dynamic Discs,0.000000,5
399,,Grym (OOP),Kastaplast,3,743,,Plague,Doomsday Discs,0.000000,5
399,,Grym (OOP),Kastaplast,4,944,,Strive,Latitude 64,0.092572,5
399,,Grym (OOP),Kastaplast,5,1114,,X2,Prodigy,0.092572,5
400,,Grym X (OOP),Kastaplast,1,390,,Gorgon,Innova,0.207360,5
400,,Grym X (OOP),Kastaplast,2,391,,Gorgon (GStar),Innova,0.207360,5
400,,Grym X (OOP),Kastaplast,3,149,,Cactus,Lone Star Discs,0.227085,5
400,,Grym X (OOP),Kastaplast,4,1018,,Trail,MVP,0.227085,5
400,,Grym X (OOP),Kastaplast,5,906,,Sorcerer,Westside Discs,0.277987,5
402,,Guard,Dynamic Discs,1,223,,Cyber Putter,Doomsday Discs,0.227085,5
402,,Guard,Dynamic Discs,2,351,,Focus,Discraft,0.416858,5
402,,Guard,Dynamic Discs,3,1070,,Voodoo,Gateway,0.416858,5
402,,Guard,Dynamic Discs,4,710,,Peace Frog,AquaFlight,0.506970,5
402,,Guard,Dynamic Discs,5,165,,Challenger,Discraft,0.515352,5
403,,Guava,Clash Discs,1,124,,Bobcat,Mint Discs,0.185145,5
403,,Guava,Clash Discs,2,970,,Taco,Mint Discs,0.185145,5
403,,Guava,Clash Discs,3,437,,Houston,Lone Star Discs,0.373285,5
403,,Guava,Clash Discs,4,580,,Mango,Clash Discs,0.462623,5
403,,Guava,Clash Discs,5,205,,Crag,Vibram,0.471794,5
405,,Guld,Kastaplast,1,185,,Cloudbreaker,Discmania,0.000000,5
405,,Guld,Kastaplast,2,802,,Redwood,Above Ground Level,0.000000,5
405,,Guld,Kastaplast,3,822,,Rive,Latitude 64,0.000000,5
405,,Guld,Kastaplast,4,851,,Samurai,Gateway,0.000000,5
405,,Guld,Kastaplast,5,202,,Corvette,Innova,0.185145,5
406,,Gumbputt,DGA,1,114,,Birdie,Innova,2.064583,5
406,,Gumbputt,DGA,2,905,,Sonic,Innova,2.149138,5
406,,Gumbputt,DGA,3,102,,Beetle,Latitude 64,2.184349,5
406,,Gumbputt,DGA,4,1080,,Wand,Gateway,2.419540,5
406,,Gumbputt,DGA,5,182,,Claws,Yikun,2.590569,5
407,,H1 (V2),Prodigy,1,943,,Striker,Latitude 64,0.277987,5
407,,H1 (V2),Prodigy,2,197,,Construct,Thought Space Athletics,0.406265,5
407,,H1 (V2),Prodigy,3,395,,Grackle,Mint Discs,0.427013,5
407,,H1 (V2),Prodigy,4,819,,Riptide,DGA,0.462623,5
407,,H1 (V2),Prodigy,5,34,,Anax,Discraft,0.515352,5
408,,H2 (V2),Prodigy,1,830,,Rockstar,Discmania,0.092572,5
408,,H2 (V2),Prodigy,2,411,,H5,Prodigy,0.227085,5
408,,H2 (V2),Prodigy,3,409,,H3 (V2),Prodigy,0.277987,5
408,,H2 (V2),Prodigy,4,34,,Anax,Discraft,0.361625,5
408,,H2 (V2),Prodigy,5,91,,Banzai,DGA,0.361625,5
409,,H3 (V2),Prodigy,1,411,,H5,Prodigy,0.092572,5
409,,H3 (V2),Prodigy,2,408,,H2 (V2),Prodigy,0.277987,5
409,,H3 (V2),Prodigy,3,830,,Rockstar,Discmania,0.346590,5
409,,H3 (V2),Prodigy,4,819,,Riptide,DGA,0.373285,5
409,,H3 (V2),Prodigy,5,348,,Flipperi,Prodiscus,0.373285,5
410,,H4 (V2),Prodigy,1,1044,,Underworld,Westside Discs,0.000000,5
410,,H4 (V2),Prodigy,2,359,,Fu,Yikun,0.092572,5
410,,H4 (V2),Prodigy,3,599,,Mermaid,Discmania,0.092572,5
410,,H4 (V2),Prodigy,4,93,,Barbarian,Viking,0.185145,5
410,,H4 (V2),Prodigy,5,942,,Strike,Other,0.346590,5
411,,H5,Prodigy,1,409,,H3 (V2),Prodigy,0.092572,5
411,,H5,Prodigy,2,408,,H2 (V2),Prodigy,0.227085,5
411,,H5,Prodigy,3,830,,Rockstar,Discmania,0.277987,5
411,,H5,Prodigy,4,819,,Riptide,DGA,0.361625,5
411,,H5,Prodigy,5,348,,Flipperi,Prodiscus,0.406265,5
412,,H7,Prodigy,1,301,,Escape,Dynamic Discs,0.227085,5
412,,H7,Prodigy,2,923,,Squid,Neptune Discs,0.455960,5
412,,H7,Prodigy,3,220,,Culverin,Latitude 64,0.456124,5
412,,H7,Prodigy,4,318,,F9,Prodigy,0.578053,5
412,,H7,Prodigy,5,845,,Sail,DGA,0.587190,5
413,,Hades,Discraft,1,24,,Albatross,Daredevil Discs,0.092572,5
413,,Hades,Discraft,2,253,,Defender,Dynamic Discs,0.092572,5
413,,Hades,Discraft,3,229,,D Model US,Prodigy,0.277987,5
413,,Hades,Discraft,4,154,,Captain,Dynamic Discs,0.373285,5
413,,Hades,Discraft,5,162,,Catapult,Westside Discs,0.373285,5
414,,Hallux,Discraft,1,635,,Nice!,Other,0.277987,5
414,,Hallux,Discraft,2,445,,Hyena,Wild Discs,0.373285,5
414,,Hallux,Discraft,3,643,,Northman,Westside Discs,0.427013,5
414,,Hallux,Discraft,4,323,,FD3,Discmania,0.500896,5
414,,Hallux,Discraft,5,724,,Persona,Thought Space Athletics,0.555974,5
415,,Halo,Latitude 64,1,539,,Lu,Yikun,0.092572,5
415,,Halo,Latitude 64,2,1073,,Vulcan,Innova,0.092572,5
415,,Halo,Latitude 64,3,669,,Orca,Wild Discs,0.346590,5
415,,Halo,Latitude 64,4,273,,Dominator (OOP),Innova,0.373285,5
415,,Halo,Latitude 64,5,726,,Pharaoh,Infinite Discs,0.427013,5
417,,Harp,Westside Discs,1,988,,Tempo,Axiom Discs,0.346590,5
417,,Harp,Westside Discs,2,389,,Golem,Other,0.539719,5
417,,Harp,Westside Discs,3,987,,Temple,Thought Space Athletics,0.629571,5
417,,Harp,Westside Discs,4,1014,,Toro,Innova,0.723275,5
417,,Harp,Westside Discs,5,174,,Chicane,Finish Line,0.758061,5
419,,Harrier,Lone Star Discs,1,230,,D1,Prodigy,0.000000,5
419,,Harrier,Lone Star Discs,2,235,,D2 Signature (Falcor),Prodigy,0.000000,5
419,,Harrier,Lone Star Discs,3,236,,D3,Prodigy,0.000000,5
419,,Harrier,Lone Star Discs,4,352,,Force,Discraft,0.000000,5
419,,Harrier,Lone Star Discs,5,452,,Idol,Mint Discs,0.000000,5
420,,Hatchet,Westside Discs,1,821,,Rival,Legacy,0.277987,5
420,,Hatchet,Westside Discs,2,847,,Saint Pro,Latitude 64,0.427013,5
420,,Hatchet,Westside Discs,3,1010,,Tiyanak,Other,0.500896,5
420,,Hatchet,Westside Discs,4,316,,F5,Prodigy,0.515352,5
420,,Hatchet,Westside Discs,5,274,,Dos X,Lone Star Discs,0.578053,5
421,,Havoc,Latitude 64,1,990,,Tern,Innova,0.000000,5
421,,Havoc,Latitude 64,2,247,,DDx (OOP),Discmania,0.092572,5
421,,Havoc,Latitude 64,3,381,,Gladiator,Latitude 64,0.092572,5
421,,Havoc,Latitude 64,4,849,,Salt,Clash Discs,0.092572,5
421,,Havoc,Latitude 64,5,252,,Daytona,Finish Line,0.207360,5
422,,Hawg,Innova,1,1145,,Zone,Discraft,0.361625,5
422,,Hawg,Innova,2,632,,Nebula,Discraft,0.427013,5
422,,Hawg,Innova,3,137,,Bull Snake,Lone Star Discs,0.500896,5
422,,Hawg,Innova,4,685,,P2X,Discmania,0.515352,5
422,,Hawg,Innova,5,946,,Stud,Innova,0.515352,5
424,,Hawkeye,Innova,1,962,,Swift Fox,Daredevil Discs,0.092572,5
424,,Hawkeye,Innova,2,974,,Talisman,Prodiscus,0.277987,5
424,,Hawkeye,Innova,3,375,,Genius,Discmania,0.277987,5
424,,Hawkeye,Innova,4,1072,,Votum,Thought Space Athletics,0.361625,5
424,,Hawkeye,Innova,5,728,,Phenom,Legacy,0.406265,5
425,,Heat,Discraft,1,29,,Alpha,Mint Discs,0.227085,5
425,,Heat,Discraft,2,913,,Spice,Clash Discs,0.506970,5
425,,Heat,Discraft,3,644,,Notch,Vibram,0.587190,5
425,,Heat,Discraft,4,1120,,XL,Discraft,0.621477,5
425,,Heat,Discraft,5,1010,,Tiyanak,Other,0.629571,5
426,,Heist,Dynamic Discs,1,31,,Alva,Kastaplast,0.000000,5
426,,Heist,Dynamic Discs,2,252,,Daytona,Finish Line,0.092572,5
426,,Heist,Dynamic Discs,3,911,,Spell,Gateway,0.092572,5
426,,Heist,Dynamic Discs,4,952,,Supreme Trespass,Dynamic Discs,0.092572,5
426,,Heist,Dynamic Discs,5,1063,,Vibe,Hooligan Discs,0.092572,5
428,,Hellbender,Daredevil Discs,1,429,,Hellbender (Razorback),Daredevil Discs,0.000000,5
428,,Hellbender,Daredevil Discs,2,899,,Sol,Discraft,0.373285,5
428,,Hellbender,Daredevil Discs,3,92,,Baobab,Above Ground Level,0.373285,5
428,,Hellbender,Daredevil Discs,4,175,,Chief,Gateway,0.456124,5
428,,Hellbender,Daredevil Discs,5,565,,Maestro,Discmania,0.456124,5
429,,Hellbender (Razorback),Daredevil Discs,1,428,,Hellbender,Daredevil Discs,0.000000,5
429,,Hellbender (Razorback),Daredevil Discs,2,899,,Sol,Discraft,0.373285,5
429,,Hellbender (Razorback),Daredevil Discs,3,92,,Baobab,Above Ground Level,0.373285,5
429,,Hellbender (Razorback),Daredevil Discs,4,175,,Chief,Gateway,0.456124,5
429,,Hellbender (Razorback),Daredevil Discs,5,565,,Maestro,Discmania,0.456124,5
430,,Hellfire,DGA,1,757,,Procyon,Trash Panda,0.092572,5
430,,Hellfire,DGA,2,1081,,War Horse,Westside Discs,0.092572,5
430,,Hellfire,DGA,3,232,,D2,Prodigy,0.277987,5
430,,Hellfire,DGA,4,1141,,Zeus,Discraft,0.277987,5
430,,Hellfire,DGA,5,169,,Charger,Innova,0.346590,5
431,,Hex,Axiom Discs,1,288,,Echo,Streamline,0.207360,5
431,,Hex,Axiom Discs,2,84,,Badger,Legacy,0.277987,5
431,,Hex,Axiom Discs,3,625,,Mustang,Mint Discs,0.373285,5
431,,Hex,Axiom Discs,4,769,,Pursuit,Legacy,0.456124,5
431,,Hex,Axiom Discs,5,800,,Recluse,Legacy,0.456124,5
432,,Honor,Latitude 64,1,363,,Function,Discmania,0.000000,5
432,,Honor,Latitude 64,2,364,,Fury,Latitude 64,0.000000,5
432,,Honor,Latitude 64,3,438,,Hu,Yikun,0.000000,5
432,,Honor,Latitude 64,4,998,,Thief,Dynamic Discs,0.092572,5
432,,Honor,Latitude 64,5,335,,Felon,Dynamic Discs,0.277987,5
433,,Hope,Latitude 64,1,30,,Alter,Thought Space Athletics,0.000000,5
433,,Hope,Latitude 64,2,538,,Love,Jester Disc Golf,0.000000,5
433,,Hope,Latitude 64,3,783,,Rainmaker,Discmania,0.000000,5
433,,Hope,Latitude 64,4,259,,Deputy,Dynamic Discs,0.092572,5
433,,Hope,Latitude 64,5,1085,,Warden,Dynamic Discs,0.092572,5
434,,Hornet,Discraft,1,1011,,Tomahawk,Yikun,0.373285,5
434,,Hornet,Discraft,2,705,,Paradox,Axiom Discs,0.462623,5
434,,Hornet,Discraft,3,600,,Meteor,Discraft,0.462623,5
434,,Hornet,Discraft,4,712,,Peach,Clash Discs,0.500896,5
434,,Hornet,Discraft,5,922,,Squall,DGA,0.539580,5
435,,Horny Toad,Lone Star Discs,1,510,,Kratos,Discraft,0.000000,5
435,,Horny Toad,Lone Star Discs,2,541,,Luna,Discraft,0.000000,5
435,,Horny Toad,Lone Star Discs,3,589,,Marvel,Birdie,0.000000,5
435,,Horny Toad,Lone Star Discs,4,873,,Shadowplay,Crosslap,0.000000,5
435,,Horny Toad,Lone Star Discs,5,1112,,Wren,Stokely Discs,0.000000,5
436,,Houdini,Gateway,1,1099,,Wild Thing,Jester Disc Golf,0.000000,5
436,,Houdini,Gateway,2,793,,Raze,Infinite Discs,0.277987,5
436,,Houdini,Gateway,3,671,,Origo,Prodiscus,0.346590,5
436,,Houdini,Gateway,4,897,,Sockibomb Slammer,Dynamic Discs,0.361625,5
436,,Houdini,Gateway,5,104,,Benny,Lone Star Discs,0.427013,5
437,,Houston,Lone Star Discs,1,1130,,Yao,Yikun,0.361625,5
437,,Houston,Lone Star Discs,2,403,,Guava,Clash Discs,0.373285,5
437,,Houston,Lone Star Discs,3,930,,Stari,Prodiscus,0.427013,5
437,,Houston,Lone Star Discs,4,124,,Bobcat,Mint Discs,0.455960,5
437,,Houston,Lone Star Discs,5,970,,Taco,Mint Discs,0.455960,5
438,,Hu,Yikun,1,363,,Function,Discmania,0.000000,5
438,,Hu,Yikun,2,364,,Fury,Latitude 64,0.000000,5
438,,Hu,Yikun,3,432,,Honor,Latitude 64,0.000000,5
438,,Hu,Yikun,4,998,,Thief,Dynamic Discs,0.092572,5
438,,Hu,Yikun,5,335,,Felon,Dynamic Discs,0.277987,5
439,,Huia,RPM,1,116,,Blackout,Doomsday Discs,0.227085,5
439,,Huia,RPM,2,188,,Coalesce,Thought Space Athletics,0.227085,5
439,,Huia,RPM,3,846,,Saint,Latitude 64,0.227085,5
439,,Huia,RPM,4,518,,Lasso,Mint Discs,0.346590,5
439,,Huia,RPM,5,316,,F5,Prodigy,0.406265,5
440,,Hunter,Legacy,1,187,,Clutch,Legacy,0.000000,5
440,,Hunter,Legacy,2,932,,Steady,DGA,0.227085,5
440,,Hunter,Legacy,3,216,,Crown,Westside Discs,0.277987,5
440,,Hunter,Legacy,4,568,,Magnet,Discraft,0.277987,5
440,,Hunter,Legacy,5,503,,Koa,Above Ground Level,0.346590,5
442,,Hybrid,Gateway,1,964,,Sycamore,Above Ground Level,0.000000,5
442,,Hybrid,Gateway,2,512,,Kui,Yikun,0.515352,5
442,,Hybrid,Gateway,3,1120,,XL,Discraft,0.905353,5
442,,Hybrid,Gateway,4,1087,,Warrior (Gateway),Gateway,1.112515,5
442,,Hybrid,Gateway,5,425,,Heat,Discraft,1.136483,5
443,,Hydra,Innova,1,213,,Croc,Innova,0.000000,5
443,,Hydra,Innova,2,212,,Cro,Innova,0.456124,5
443,,Hydra,Innova,3,677,,Owl,Stokely Discs,0.555974,5
443,,Hydra,Innova,4,620,,Mortar,Millennium,0.594443,5
443,,Hydra,Innova,5,733,,Pig,Innova,0.594443,5
444,,Hydrogen,Løft Discs,1,682,,P1,Discmania,0.723275,5
444,,Hydrogen,Løft Discs,2,1107,,Woodchuck,Daredevil Discs,0.723275,5
444,,Hydrogen,Løft Discs,3,61,,Artifact,Infinite Discs,0.775386,5
444,,Hydrogen,Løft Discs,4,684,,P2,Discmania,0.775386,5
444,,Hydrogen,Løft Discs,5,857,,Scarab,Infinite Discs,0.775386,5
445,,Hyena,Wild Discs,1,323,,FD3,Discmania,0.277987,5
445,,Hyena,Wild Discs,2,414,,Hallux,Discraft,0.373285,5
445,,Hyena,Wild Discs,3,1052,,Vandal,Dynamic Discs,0.373285,5
445,,Hyena,Wild Discs,4,146,,CD1,Discmania,0.406265,5
445,,Hyena,Wild Discs,5,126,,Bokeh,Axiom Discs,0.427013,5
446,,Hypercane,DGA,1,890,,Slab,Infinite Discs,0.227085,5
446,,Hypercane,DGA,2,965,,Synapse,Thought Space Athletics,0.227085,5
446,,Hypercane,DGA,3,40,,Animus,Thought Space Athletics,0.346590,5
446,,Hypercane,DGA,4,430,,Hellfire,DGA,0.361625,5
446,,Hypercane,DGA,5,757,,Procyon,Trash Panda,0.373285,5
447,,I-One,Other,1,1140,,Zeppelin,Discraft,0.682864,5
447,,I-One,Other,2,258,,Depth Charge,Doomsday Discs,1.211651,5
447,,I-One,Other,3,514,,Land Mine,Doomsday Discs,1.503346,5
447,,I-One,Other,4,396,,Grizzly,Daredevil Discs,1.591957,5
447,,I-One,Other,5,365,,Fuse,Latitude 64,1.657814,5
449,,Ibex,Vibram,1,194,,Compass,Latitude 64,0.594443,5
449,,Ibex,Vibram,2,880,,Shockwave,DGA,0.925246,5
449,,Ibex,Vibram,3,549,,M5,Prodigy,1.178023,5
449,,Ibex,Vibram,4,551,,MD1,Discmania,1.206771,5
449,,Ibex,Vibram,5,17,,Aero,Innova,1.242580,5
450,,Ice Age,Doomsday Discs,1,199,,Cookie,Clash Discs,0.361625,5
450,,Ice Age,Doomsday Discs,2,823,,River,Latitude 64,0.462623,5
450,,Ice Age,Doomsday Discs,3,898,,Soda,Clash Discs,0.587190,5
450,,Ice Age,Doomsday Discs,4,537,,Lotus,Clash Discs,0.649668,5
450,,Ice Age,Doomsday Discs,5,938,,Sting,Discraft,0.663234,5
451,,Idog,Kastaplast,1,322,,FD2 (OOP),Discmania,0.000000,5
451,,Idog,Kastaplast,2,384,,Glory,Latitude 64,0.000000,5
451,,Idog,Kastaplast,3,708,,Patriot,Legacy,0.000000,5
451,,Idog,Kastaplast,4,864,,Seer,Westside Discs,0.092572,5
451,,Idog,Kastaplast,5,592,,Maverick,Dynamic Discs,0.277987,5
452,,Idol,Mint Discs,1,230,,D1,Prodigy,0.000000,5
452,,Idol,Mint Discs,2,235,,D2 Signature (Falcor),Prodigy,0.000000,5
452,,Idol,Mint Discs,3,236,,D3,Prodigy,0.000000,5
452,,Idol,Mint Discs,4,352,,Force,Discraft,0.000000,5
452,,Idol,Mint Discs,5,419,,Harrier,Lone Star Discs,0.000000,5
453,,Illusion,Gateway,1,312,,F Model US,Prodigy,0.361625,5
453,,Illusion,Gateway,2,160,,Cataclysm,Doomsday Discs,0.373285,5
453,,Illusion,Gateway,3,88,,Bandit,Legacy,0.427013,5
453,,Illusion,Gateway,4,117,,Blade,Gateway,0.427013,5
453,,Illusion,Gateway,5,616,,Mongoose,Legacy,0.427013,5
454,,Impa,Kastaplast,1,1056,,Vass,Kastaplast,0.000000,5
454,,Impa,Kastaplast,2,1032,,Tumbleweed,Lone Star Discs,0.092572,5
454,,Impa,Kastaplast,3,638,,Nimitz,Lone Star Discs,0.361625,5
454,,Impa,Kastaplast,4,241,,DD,Discmania,0.373285,5
454,,Impa,Kastaplast,5,511,,Krut,Kastaplast,0.373285,5
455,,Impact,Discraft,1,642,,Nord,Kastaplast,0.361625,5
455,,Impact,Discraft,2,600,,Meteor,Discraft,0.373285,5
455,,Impact,Discraft,3,545,,M1,Prodigy,0.427013,5
455,,Impact,Discraft,4,546,,M2,Prodigy,0.427013,5
455,,Impact,Discraft,5,548,,M4,Prodigy,0.427013,5
456,,Impulse,MVP,1,621,,Motion,MVP,0.000000,5
456,,Impulse,MVP,2,992,,Tesla,MVP,0.000000,5
456,,Impulse,MVP,3,458,,Inertia,MVP,0.373285,5
456,,Impulse,MVP,4,1109,,Wraith,Innova,0.427013,5
456,,Impulse,MVP,5,340,,Firebird,Innova,0.500896,5
457,,Inca,Infinite Discs,1,602,,Method,Discmania,0.000000,5
457,,Inca,Infinite Discs,2,930,,Stari,Prodiscus,0.373285,5
457,,Inca,Infinite Discs,3,1130,,Yao,Yikun,0.456124,5
457,,Inca,Infinite Discs,4,552,,MD2 (OOP),Discmania,0.506970,5
457,,Inca,Infinite Discs,5,777,,RA,Infinite Discs,0.539719,5
458,,Inertia,MVP,1,340,,Firebird,Innova,0.277987,5
458,,Inertia,MVP,2,673,,Orion LS,Millennium,0.277987,5
458,,Inertia,MVP,3,1048,,Valkyrie,Innova,0.277987,5
458,,Inertia,MVP,4,1109,,Wraith,Innova,0.277987,5
458,,Inertia,MVP,5,456,,Impulse,MVP,0.373285,5
459,,Inner Core,Trash Panda,1,497,,Khan,Innova,0.185145,5
459,,Inner Core,Trash Panda,2,687,,P3X,Discmania,0.424396,5
459,,Inner Core,Trash Panda,3,464,,Invader,Innova,0.455960,5
459,,Inner Core,Trash Panda,4,527,,Link,Discmania,0.455960,5
459,,Inner Core,Trash Panda,5,659,,Ohm,MVP,0.455960,5
460,,Insanity,Axiom Discs,1,1111,,Wrath,Axiom Discs,0.000000,5
460,,Insanity,Axiom Discs,2,339,,Fireball,Axiom Discs,0.092572,5
460,,Insanity,Axiom Discs,3,285,,Dynasty,Infinite Discs,0.346590,5
460,,Insanity,Axiom Discs,4,1068,,Virus,Axiom Discs,0.361625,5
460,,Insanity,Axiom Discs,5,99,,Beast,Innova,0.373285,5
461,,Instinct,Discmania,1,304,,Evader,Dynamic Discs,0.092572,5
461,,Instinct,Discmania,2,582,,Mantis,Discraft,0.277987,5
461,,Instinct,Discmania,3,678,,Ozone,Trash Panda,0.277987,5
461,,Instinct,Discmania,4,755,,Predator,Discraft,0.277987,5
461,,Instinct,Discmania,5,318,,F9,Prodigy,0.373285,5
462,,Interceptor,Elevation Disc Golf,1,468,,JLS,Millennium,0.663234,5
462,,Interceptor,Elevation Disc Golf,2,522,,Leopard,Innova,0.742336,5
462,,Interceptor,Elevation Disc Golf,3,666,,Oracle,Sacred Discs,0.775386,5
462,,Interceptor,Elevation Disc Golf,4,981,,Teebird,Innova,0.809240,5
462,,Interceptor,Elevation Disc Golf,5,55,,Area 51,Doomsday Discs,0.923329,5
463,,Interval,Finish Line,1,1055,,Vanish,Axiom Discs,0.000000,5
463,,Interval,Finish Line,2,255,,Defy,Axiom Discs,0.092572,5
463,,Interval,Finish Line,3,766,,Punisher,Discraft,0.092572,5
463,,Interval,Finish Line,4,1002,,Thrill,Axiom Discs,0.092572,5
463,,Interval,Finish Line,5,342,,Firestorm,Innova,0.227085,5
464,,Invader,Innova,1,527,,Link,Discmania,0.000000,5
464,,Invader,Innova,2,659,,Ohm,MVP,0.000000,5
464,,Invader,Innova,3,734,,Pilot,Streamline,0.000000,5
464,,Invader,Innova,4,671,,Origo,Prodiscus,0.207360,5
464,,Invader,Innova,5,793,,Raze,Infinite Discs,0.227085,5
465,,Invictus,Innova,1,210,,Criminal,Dynamic Discs,0.000000,5
465,,Invictus,Innova,2,869,,Sergeant,Dynamic Discs,0.092572,5
465,,Invictus,Innova,3,978,,Tara iti,RPM,0.092572,5
465,,Invictus,Innova,4,730,,Phoenix,Mint Discs,0.346590,5
465,,Invictus,Innova,5,535,,Longhorn,Mint Discs,0.373285,5
466,,Ion,MVP,1,758,,Profit,Mint Discs,0.373285,5
466,,Ion,MVP,2,1132,,Yellow Rose,Lone Star Discs,0.615687,5
466,,Ion,MVP,3,718,,Penny Putter (Premium),Lone Star Discs,0.682864,5
466,,Ion,MVP,4,719,,Penny Putter (Victor),Lone Star Discs,0.682864,5
466,,Ion,MVP,5,914,,Spin,MVP,0.682864,5
468,,JLS,Millennium,1,666,,Oracle,Sacred Discs,0.427013,5
468,,JLS,Millennium,2,975,,Talon,Discraft,0.499118,5
468,,JLS,Millennium,3,373,,Gecko,Elevation Disc Golf,0.616353,5
468,,JLS,Millennium,4,462,,Interceptor,Elevation Disc Golf,0.663234,5
468,,JLS,Millennium,5,203,,Cosmos,Viking,0.723275,5
469,,Jack Rabbit,Lone Star Discs,1,700,,Pace,Finish Line,0.277987,5
469,,Jack Rabbit,Lone Star Discs,2,825,,Roach,Discraft,0.277987,5
469,,Jack Rabbit,Lone Star Discs,3,168,,Champ,Climo Disc Golf,0.427013,5
469,,Jack Rabbit,Lone Star Discs,4,166,,Challenger OS,Discraft,0.454171,5
469,,Jack Rabbit,Lone Star Discs,5,480,,Judge,Dynamic Discs,0.456124,5
470,,Jackalope,Mint Discs,1,290,,Elm,Above Ground Level,0.000000,5
470,,Jackalope,Mint Discs,2,918,,Splice,Discmania,0.000000,5
470,,Jackalope,Mint Discs,3,72,,Avalanche,DGA,0.092572,5
470,,Jackalope,Mint Discs,4,907,,Spark,Latitude 64,0.092572,5
470,,Jackalope,Mint Discs,5,1033,,Turbulence,Streamline,0.185145,5
471,,Jade,Latitude 64,1,664,,Onyx,Vibram,0.207360,5
471,,Jade,Latitude 64,2,926,,Stal,Kastaplast,0.361625,5
471,,Jade,Latitude 64,3,966,,TD,Discmania,0.361625,5
471,,Jade,Latitude 64,4,1102,,Witness,Dynamic Discs,0.361625,5
471,,Jade,Latitude 64,5,331,,Falk,Kastaplast,0.373285,5
472,,Jarn,Kastaplast,1,753,,Praxis,Thought Space Athletics,0.416858,5
472,,Jarn,Kastaplast,2,580,,Mango,Clash Discs,0.427013,5
472,,Jarn,Kastaplast,3,1147,,Zone OS,Discraft,0.427013,5
472,,Jarn,Kastaplast,4,688,,P4,Discmania,0.456124,5
472,,Jarn,Kastaplast,5,987,,Temple,Thought Space Athletics,0.515352,5
473,,Jay,Innova,1,143,,Buzzz OS,Discraft,0.227085,5
473,,Jay,Innova,2,211,,Crisis,Doomsday Discs,0.227085,5
473,,Jay,Innova,3,1027,,Truth,Dynamic Discs,0.346590,5
473,,Jay,Innova,4,1061,,Verdict,Dynamic Discs,0.346590,5
473,,Jay,Innova,5,950,,Supra,Finish Line,0.373285,5
474,,Jet,Streamline,1,243,,DD1,Discmania,0.000000,5
474,,Jet,Streamline,2,225,,Cypress,Other,0.092572,5
474,,Jet,Streamline,3,82,,Aztec,Infinite Discs,0.227085,5
474,,Jet,Streamline,4,70,,Aura,Gateway,0.277987,5
474,,Jet,Streamline,5,776,,Queen,Westside Discs,0.277987,5
476,,Jokeri,Prodiscus,1,477,,JokeriX,Prodiscus,0.000000,5
476,,Jokeri,Prodiscus,2,1091,,Watt,MVP,0.361625,5
476,,Jokeri,Prodiscus,3,138,,Bullet,Mint Discs,0.373285,5
476,,Jokeri,Prodiscus,4,862,,Sea Otter,Wild Discs,0.427013,5
476,,Jokeri,Prodiscus,5,687,,P3X,Discmania,0.462623,5
477,,JokeriX,Prodiscus,1,476,,Jokeri,Prodiscus,0.000000,5
477,,JokeriX,Prodiscus,2,1091,,Watt,MVP,0.361625,5
477,,JokeriX,Prodiscus,3,138,,Bullet,Mint Discs,0.373285,5
477,,JokeriX,Prodiscus,4,862,,Sea Otter,Wild Discs,0.427013,5
477,,JokeriX,Prodiscus,5,687,,P3X,Discmania,0.462623,5
479,,Joy,Discraft,1,713,,Peak,Latitude 64,0.346590,5
479,,Joy,Discraft,2,685,,P2X,Discmania,0.427013,5
479,,Joy,Discraft,3,946,,Stud,Innova,0.427013,5
479,,Joy,Discraft,4,888,,Skeeter,Innova,0.427013,5
479,,Joy,Discraft,5,531,,Logic,Discmania,0.456124,5
480,,Judge,Dynamic Discs,1,1030,,Tuff,Kastaplast,0.000000,5
480,,Judge,Dynamic Discs,2,30,,Alter,Thought Space Athletics,0.092572,5
480,,Judge,Dynamic Discs,3,433,,Hope,Latitude 64,0.092572,5
480,,Judge,Dynamic Discs,4,538,,Love,Jester Disc Golf,0.092572,5
480,,Judge,Dynamic Discs,5,783,,Rainmaker,Discmania,0.092572,5
481,,Juggernaut,Innova,1,291,,Emperor,Infinite Discs,0.000000,5
481,,Juggernaut,Innova,2,366,,G-One,Gateway,0.000000,5
481,,Juggernaut,Innova,3,882,,Shryke,Innova,0.000000,5
481,,Juggernaut,Innova,4,230,,D1,Prodigy,0.092572,5
481,,Juggernaut,Innova,5,235,,D2 Signature (Falcor),Prodigy,0.092572,5
482,,Jun,Yikun,1,147,,CD3 (OOP),Discmania,0.092572,5
482,,Jun,Yikun,2,891,,Slaidi,Prodiscus,0.207360,5
482,,Jun,Yikun,3,913,,Spice,Clash Discs,0.424396,5
482,,Jun,Yikun,4,698,,PDx (OOP),Discmania,0.471794,5
482,,Jun,Yikun,5,1131,,Yeet,Hooligan Discs,0.515352,5
483,,Jury,Dynamic Discs,1,641,,Nomad,MVP,0.000000,5
483,,Jury,Dynamic Discs,2,683,,P1X,Discmania,0.000000,5
483,,Jury,Dynamic Discs,3,1129,,Yang,EV-7,0.000000,5
483,,Jury,Dynamic Discs,4,1136,,Yin,EV-7,0.000000,5
483,,Jury,Dynamic Discs,5,286,,EMAC Judge,Dynamic Discs,0.092572,5
484,,Justice,Dynamic Discs,1,796,,Reactor,MVP,0.456124,5
484,,Justice,Dynamic Discs,2,769,,Pursuit,Legacy,0.462623,5
484,,Justice,Dynamic Discs,3,800,,Recluse,Legacy,0.462623,5
484,,Justice,Dynamic Discs,4,576,,Malta,Discraft,0.499118,5
484,,Justice,Dynamic Discs,5,949,,Sumo,Legacy,0.555974,5
486,,KGB,Other,1,355,,Founder,Discmania,0.515352,5
486,,KGB,Other,2,883,,Shu,Yikun,0.515352,5
486,,KGB,Other,3,581,,Manta,Innova,0.682864,5
486,,KGB,Other,4,1079,,Walrus,Daredevil Discs,0.765786,5
486,,KGB,Other,5,939,,Stingray,Innova,0.770657,5
487,,Kahu,RPM,1,234,,D2 Pro,Prodigy,0.092572,5
487,,Kahu,RPM,2,521,,Legenda,Prodiscus,0.092572,5
487,,Kahu,RPM,3,207,,Crank SS,Discraft,0.373285,5
487,,Kahu,RPM,4,794,,Razeri,Prodiscus,0.456124,5
487,,Kahu,RPM,5,723,,Peregrine,Stokely Discs,0.499118,5
491,,Katana,Innova,1,152,,Cannon,Legacy,0.406265,5
491,,Katana,Innova,2,787,,Rampage,Legacy,0.406265,5
491,,Katana,Innova,3,237,,D3 Max,Prodigy,0.416858,5
491,,Katana,Innova,4,256,,Delirium,Axiom Discs,0.455960,5
491,,Katana,Innova,5,595,,Mayhem,Axiom Discs,0.506970,5
492,,Kaxe (Old - OOP),Kastaplast,1,493,,Kaxe (Retooled),Kastaplast,0.000000,5
492,,Kaxe (Old - OOP),Kastaplast,2,567,,Magician,Discmania,0.594443,5
492,,Kaxe (Old - OOP),Kastaplast,3,375,,Genius,Discmania,0.719632,5
492,,Kaxe (Old - OOP),Kastaplast,4,962,,Swift Fox,Daredevil Discs,0.820106,5
492,,Kaxe (Old - OOP),Kastaplast,5,424,,Hawkeye,Innova,0.845826,5
493,,Kaxe (Retooled),Kastaplast,1,492,,Kaxe (Old - OOP),Kastaplast,0.000000,5
493,,Kaxe (Retooled),Kastaplast,2,567,,Magician,Discmania,0.594443,5
493,,Kaxe (Retooled),Kastaplast,3,375,,Genius,Discmania,0.719632,5
493,,Kaxe (Retooled),Kastaplast,4,962,,Swift Fox,Daredevil Discs,0.820106,5
493,,Kaxe (Retooled),Kastaplast,5,424,,Hawkeye,Innova,0.845826,5
494,,Kaxe Z (OOP),Kastaplast,1,556,,MD5,Discmania,0.346590,5
494,,Kaxe Z (OOP),Kastaplast,2,1097,,Whippet,Innova,0.580554,5
494,,Kaxe Z (OOP),Kastaplast,3,567,,Magician,Discmania,0.629571,5
494,,Kaxe Z (OOP),Kastaplast,4,7,,A1,Prodigy,0.649668,5
494,,Kaxe Z (OOP),Kastaplast,5,8,,A2,Prodigy,0.649668,5
496,,Keystone,Latitude 64,1,337,,Fierce,Discraft,0.000000,5
496,,Keystone,Latitude 64,2,953,,Surf,DGA,0.092572,5
496,,Keystone,Latitude 64,3,104,,Benny,Lone Star Discs,0.227085,5
496,,Keystone,Latitude 64,4,464,,Invader,Innova,0.373285,5
496,,Keystone,Latitude 64,5,527,,Link,Discmania,0.373285,5
497,,Khan,Innova,1,459,,Inner Core,Trash Panda,0.185145,5
497,,Khan,Innova,2,687,,P3X,Discmania,0.277987,5
497,,Khan,Innova,3,464,,Invader,Innova,0.373285,5
497,,Khan,Innova,4,527,,Link,Discmania,0.373285,5
497,,Khan,Innova,5,659,,Ohm,MVP,0.373285,5
498,,Khonsu,Infinite Discs,1,473,,Jay,Innova,0.373285,5
498,,Khonsu,Infinite Discs,2,631,,Nautilus,Neptune Discs,0.406265,5
498,,Khonsu,Infinite Discs,3,759,,Prophecy,Gateway,0.427013,5
498,,Khonsu,Infinite Discs,4,1027,,Truth,Dynamic Discs,0.456124,5
498,,Khonsu,Infinite Discs,5,1061,,Verdict,Dynamic Discs,0.456124,5
499,,King,Westside Discs,1,246,,DD3,Discmania,0.000000,5
499,,King,Westside Discs,2,1117,,X5,Prodigy,0.227085,5
499,,King,Westside Discs,3,1041,,UnLace,Vibram,0.277987,5
499,,King,Westside Discs,4,1022,,Trespass,Dynamic Discs,0.454171,5
499,,King,Westside Discs,5,398,,Growler,Lone Star Discs,0.471794,5
501,,Knife,Viking,1,812,,Rhyno,Innova,0.373285,5
501,,Knife,Viking,2,531,,Logic,Discmania,0.427013,5
501,,Knife,Viking,3,685,,P2X,Discmania,0.456124,5
501,,Knife,Viking,4,946,,Stud,Innova,0.456124,5
501,,Knife,Viking,5,58,,Arowana,Elevation Disc Golf,0.462623,5
502,,Knight,Latitude 64,1,111,,BigFoot,Daredevil Discs,0.092572,5
502,,Knight,Latitude 64,2,1133,,Yeti,Daredevil Discs,0.092572,5
502,,Knight,Latitude 64,3,206,,Crank,Discraft,0.227085,5
502,,Knight,Latitude 64,4,877,,Sheriff,Dynamic Discs,0.227085,5
502,,Knight,Latitude 64,5,196,,Conqueror,Infinite Discs,0.454171,5
503,,Koa,Above Ground Level,1,216,,Crown,Westside Discs,0.092572,5
503,,Koa,Above Ground Level,2,932,,Steady,DGA,0.185145,5
503,,Koa,Above Ground Level,3,483,,Jury,Dynamic Discs,0.227085,5
503,,Koa,Above Ground Level,4,641,,Nomad,MVP,0.227085,5
503,,Koa,Above Ground Level,5,683,,P1X,Discmania,0.227085,5
504,,Koi,Elevation Disc Golf,1,924,,Stabilizer,Streamline,0.361625,5
504,,Koi,Elevation Disc Golf,2,299,,Envy,Axiom Discs,0.361625,5
504,,Koi,Elevation Disc Golf,3,753,,Praxis,Thought Space Athletics,0.416858,5
504,,Koi,Elevation Disc Golf,4,1147,,Zone OS,Discraft,0.427013,5
504,,Koi,Elevation Disc Golf,5,69,,Atom,MVP,0.462623,5
505,,Kon Tiki,Infinite Discs,1,1146,,Zone GT (Banger Top),Discraft,0.277987,5
505,,Kon Tiki,Infinite Discs,2,1094,,Wedge,Innova,0.277987,5
505,,Kon Tiki,Infinite Discs,3,118,,Blast,DGA,0.427013,5
505,,Kon Tiki,Infinite Discs,4,1062,,Vessel,Thought Space Athletics,0.427013,5
505,,Kon Tiki,Infinite Discs,5,585,,Maple,Above Ground Level,0.515352,5
507,,Kotuku,RPM,1,528,,Lion,Innova,0.207360,5
507,,Kotuku,RPM,2,1075,,Waco,Prodigy,0.227085,5
507,,Kotuku,RPM,3,170,,Chariot,Infinite Discs,0.361625,5
507,,Kotuku,RPM,4,68,,Atlas,Innova,0.373285,5
507,,Kotuku,RPM,5,777,,RA,Infinite Discs,0.498296,5
508,,Krait,Innova,1,294,,Energy,MVP,1.052130,5
508,,Krait,Innova,2,520,,Lawin,Other,1.188885,5
508,,Krait,Innova,3,781,,Ragnarok,Viking,1.253596,5
508,,Krait,Innova,4,306,,Excite,Axiom Discs,1.256486,5
508,,Krait,Innova,5,29,,Alpha,Mint Discs,1.260189,5
510,,Kratos,Discraft,1,435,,Horny Toad,Lone Star Discs,0.000000,5
510,,Kratos,Discraft,2,541,,Luna,Discraft,0.000000,5
510,,Kratos,Discraft,3,589,,Marvel,Birdie,0.000000,5
510,,Kratos,Discraft,4,873,,Shadowplay,Crosslap,0.000000,5
510,,Kratos,Discraft,5,1112,,Wren,Stokely Discs,0.000000,5
511,,Krut,Kastaplast,1,241,,DD,Discmania,0.000000,5
511,,Krut,Kastaplast,2,1138,,Zenith,MVP,0.000000,5
511,,Krut,Kastaplast,3,638,,Nimitz,Lone Star Discs,0.092572,5
511,,Krut,Kastaplast,4,1116,,X4,Prodigy,0.277987,5
511,,Krut,Kastaplast,5,808,,Renegade,Dynamic Discs,0.277987,5
512,,Kui,Yikun,1,442,,Hybrid,Gateway,0.515352,5
512,,Kui,Yikun,2,964,,Sycamore,Above Ground Level,0.515352,5
512,,Kui,Yikun,3,558,,MX-1,Prodigy,0.724503,5
512,,Kui,Yikun,4,1120,,XL,Discraft,0.821189,5
512,,Kui,Yikun,5,367,,Galleon,Infinite Discs,0.855506,5
513,,Lace,Vibram,1,96,,Bayonet,Lone Star Discs,0.277987,5
513,,Lace,Vibram,2,244,,DD2,Discmania,0.277987,5
513,,Lace,Vibram,3,245,,DD2 (OOP),Discmania,0.277987,5
513,,Lace,Vibram,4,1098,,Wild Honey,Clash Discs,0.277987,5
513,,Lace,Vibram,5,696,,PD2,Discmania,0.456124,5
514,,Land Mine,Doomsday Discs,1,544,,M Model US,Prodigy,0.997170,5
514,,Land Mine,Doomsday Discs,2,863,,Sector,Finish Line,0.997170,5
514,,Land Mine,Doomsday Discs,3,837,,Ruin,Infinite Discs,1.116526,5
514,,Land Mine,Doomsday Discs,4,3,,1 Hookshot,Lightning,1.123035,5
514,,Land Mine,Doomsday Discs,5,945,,Stryder,Prodigy,1.248712,5
515,,Lariat,Lone Star Discs,1,929,,Starfire L,Innova,0.000000,5
515,,Lariat,Lone Star Discs,2,1095,,Wei,Yikun,0.000000,5
515,,Lariat,Lone Star Discs,3,577,,Mamba,Innova,0.277987,5
515,,Lariat,Lone Star Discs,4,281,,Drive,Discraft,0.346590,5
515,,Lariat,Lone Star Discs,5,704,,Paradigm,Discmania,0.346590,5
516,,Lark,Stokely Discs,1,358,,Frio,Lone Star Discs,0.092572,5
516,,Lark,Stokely Discs,2,763,,Psyop,Doomsday Discs,0.227085,5
516,,Lark,Stokely Discs,3,912,,Sphinx,Infinite Discs,0.277987,5
516,,Lark,Stokely Discs,4,517,,Laseri,Prodiscus,0.346590,5
516,,Lark,Stokely Discs,5,854,,Savant,Innova,0.346590,5
517,,Laseri,Prodiscus,1,854,,Savant,Innova,0.000000,5
517,,Laseri,Prodiscus,2,912,,Sphinx,Infinite Discs,0.092572,5
517,,Laseri,Prodiscus,3,763,,Psyop,Doomsday Discs,0.185145,5
517,,Laseri,Prodiscus,4,13,,Abyss,Storm,0.227085,5
517,,Laseri,Prodiscus,5,1069,,Volt,MVP,0.227085,5
518,,Lasso,Mint Discs,1,439,,Huia,RPM,0.346590,5
518,,Lasso,Mint Discs,2,119,,Blaze,Gateway,0.373285,5
518,,Lasso,Mint Discs,3,257,,Demon,Gateway,0.373285,5
518,,Lasso,Mint Discs,4,818,,Rio Grande,Lone Star Discs,0.373285,5
518,,Lasso,Mint Discs,5,171,,Cheetah,Innova,0.427013,5
519,,Launch,Vibram,1,83,,BB6,Lone Star Discs,0.416858,5
519,,Launch,Vibram,2,632,,Nebula,Discraft,0.594443,5
519,,Launch,Vibram,3,600,,Meteor,Discraft,0.594443,5
519,,Launch,Vibram,4,880,,Shockwave,DGA,0.594443,5
519,,Launch,Vibram,5,261,,Despair,Doomsday Discs,0.682864,5
520,,Lawin,Other,1,294,,Energy,MVP,0.427013,5
520,,Lawin,Other,2,1076,,Wahoo,Innova,0.578053,5
520,,Lawin,Other,3,306,,Excite,Axiom Discs,0.719031,5
520,,Lawin,Other,4,891,,Slaidi,Prodiscus,0.724503,5
520,,Lawin,Other,5,482,,Jun,Yikun,0.808640,5
521,,Legenda,Prodiscus,1,234,,D2 Pro,Prodigy,0.000000,5
521,,Legenda,Prodiscus,2,487,,Kahu,RPM,0.092572,5
521,,Legenda,Prodiscus,3,207,,Crank SS,Discraft,0.361625,5
521,,Legenda,Prodiscus,4,794,,Razeri,Prodiscus,0.427013,5
521,,Legenda,Prodiscus,5,723,,Peregrine,Stokely Discs,0.454171,5
522,,Leopard,Innova,1,179,,Cigarra,Discraft,0.427013,5
522,,Leopard,Innova,2,172,,Chemtrail,Doomsday Discs,0.539719,5
522,,Leopard,Innova,3,981,,Teebird,Innova,0.539719,5
522,,Leopard,Innova,4,534,,Longbowman,Westside Discs,0.616353,5
522,,Leopard,Innova,5,279,,Dream Weaver,Jester Disc Golf,0.649668,5
524,,Leviathan,Other,1,702,,Panther,Innova,0.800046,5
524,,Leviathan,Other,2,52,,Archer,Discraft,0.888075,5
524,,Leviathan,Other,3,42,,Anvil,Westside Discs,0.894677,5
524,,Leviathan,Other,4,224,,Cyclone,Discraft,1.032742,5
524,,Leviathan,Other,5,746,,Polaris LF (OOP),Millennium,1.055933,5
525,,Lift,Streamline,1,348,,Flipperi,Prodiscus,0.000000,5
525,,Lift,Streamline,2,663,,Omen,Thought Space Athletics,0.000000,5
525,,Lift,Streamline,3,1058,,Vengeance,Legacy,0.000000,5
525,,Lift,Streamline,4,1110,,Wrangler,Lone Star Discs,0.000000,5
525,,Lift,Streamline,5,267,,Diablo,Gateway,0.092572,5
527,,Link,Discmania,1,464,,Invader,Innova,0.000000,5
527,,Link,Discmania,2,659,,Ohm,MVP,0.000000,5
527,,Link,Discmania,3,734,,Pilot,Streamline,0.000000,5
527,,Link,Discmania,4,671,,Origo,Prodiscus,0.207360,5
527,,Link,Discmania,5,793,,Raze,Infinite Discs,0.227085,5
528,,Lion,Innova,1,1075,,Waco,Prodigy,0.092572,5
528,,Lion,Innova,2,507,,Kotuku,RPM,0.207360,5
528,,Lion,Innova,3,170,,Chariot,Infinite Discs,0.416858,5
528,,Lion,Innova,4,68,,Atlas,Innova,0.427013,5
528,,Lion,Innova,5,777,,RA,Infinite Discs,0.539719,5
529,,Lobster,Mint Discs,1,922,,Squall,DGA,0.207360,5
529,,Lobster,Mint Discs,2,705,,Paradox,Axiom Discs,0.346590,5
529,,Lobster,Mint Discs,3,707,,Pathfinder,Thought Space Athletics,0.462623,5
529,,Lobster,Mint Discs,4,711,,Peace Train,Jester Disc Golf,0.462623,5
529,,Lobster,Mint Discs,5,434,,Hornet,Discraft,0.578053,5
530,,Locust,Above Ground Level,1,896,,Sockibomb Felon,Dynamic Discs,0.092572,5
530,,Locust,Above Ground Level,2,1003,,Thunderbird,Innova,0.227085,5
530,,Locust,Above Ground Level,3,149,,Cactus,Lone Star Discs,0.277987,5
530,,Locust,Above Ground Level,4,1018,,Trail,MVP,0.277987,5
530,,Locust,Above Ground Level,5,390,,Gorgon,Innova,0.346590,5
531,,Logic,Discmania,1,685,,P2X,Discmania,0.092572,5
531,,Logic,Discmania,2,946,,Stud,Innova,0.092572,5
531,,Logic,Discmania,3,812,,Rhyno,Innova,0.277987,5
531,,Logic,Discmania,4,713,,Peak,Latitude 64,0.373285,5
531,,Logic,Discmania,5,501,,Knife,Viking,0.427013,5
532,,Lone Wolf,Lone Star Discs,1,637,,Nimbus,Elevation Disc Golf,0.689110,5
532,,Lone Wolf,Lone Star Discs,2,356,,Fox,Innova,0.758061,5
532,,Lone Wolf,Lone Star Discs,3,587,,Mars Rover,Millennium,0.758061,5
532,,Lone Wolf,Lone Star Discs,4,820,,Rise,Birdie,0.845341,5
532,,Lone Wolf,Lone Star Discs,5,832,,Rollo,Innova,0.888075,5
534,,Longbowman,Westside Discs,1,179,,Cigarra,Discraft,0.277987,5
534,,Longbowman,Westside Discs,2,67,,Athena,Discraft,0.462623,5
534,,Longbowman,Westside Discs,3,313,,F1,Prodigy,0.462623,5
534,,Longbowman,Westside Discs,4,314,,F2,Prodigy,0.462623,5
534,,Longbowman,Westside Discs,5,315,,F3,Prodigy,0.462623,5
535,,Longhorn,Mint Discs,1,869,,Sergeant,Dynamic Discs,0.361625,5
535,,Longhorn,Mint Discs,2,978,,Tara iti,RPM,0.361625,5
535,,Longhorn,Mint Discs,3,210,,Criminal,Dynamic Discs,0.373285,5
535,,Longhorn,Mint Discs,4,465,,Invictus,Innova,0.373285,5
535,,Longhorn,Mint Discs,5,730,,Phoenix,Mint Discs,0.456124,5
536,,Lots,Kastaplast,1,373,,Gecko,Elevation Disc Golf,0.277987,5
536,,Lots,Kastaplast,2,1001,,Thread,Hooligan Discs,0.277987,5
536,,Lots,Kastaplast,3,290,,Elm,Above Ground Level,0.361625,5
536,,Lots,Kastaplast,4,470,,Jackalope,Mint Discs,0.361625,5
536,,Lots,Kastaplast,5,918,,Splice,Discmania,0.361625,5
537,,Lotus,Clash Discs,1,898,,Soda,Clash Discs,0.277987,5
537,,Lotus,Clash Discs,2,316,,F5,Prodigy,0.427013,5
537,,Lotus,Clash Discs,3,823,,River,Latitude 64,0.456124,5
537,,Lotus,Clash Discs,4,274,,Dos X,Lone Star Discs,0.500896,5
537,,Lotus,Clash Discs,5,199,,Cookie,Clash Discs,0.539719,5
538,,Love,Jester Disc Golf,1,30,,Alter,Thought Space Athletics,0.000000,5
538,,Love,Jester Disc Golf,2,433,,Hope,Latitude 64,0.000000,5
538,,Love,Jester Disc Golf,3,783,,Rainmaker,Discmania,0.000000,5
538,,Love,Jester Disc Golf,4,259,,Deputy,Dynamic Discs,0.092572,5
538,,Love,Jester Disc Golf,5,1085,,Warden,Dynamic Discs,0.092572,5
539,,Lu,Yikun,1,1073,,Vulcan,Innova,0.000000,5
539,,Lu,Yikun,2,415,,Halo,Latitude 64,0.092572,5
539,,Lu,Yikun,3,669,,Orca,Wild Discs,0.277987,5
539,,Lu,Yikun,4,273,,Dominator (OOP),Innova,0.406265,5
539,,Lu,Yikun,5,726,,Pharaoh,Infinite Discs,0.416858,5
540,,Lucky,Crosslap,1,1034,,Tursas,Westside Discs,0.277987,5
540,,Lucky,Crosslap,2,894,,Sled,Discraft,0.456124,5
540,,Lucky,Crosslap,3,903,,Solstice,Millennium,0.456124,5
540,,Lucky,Crosslap,4,972,,Tailor,Discmania,0.462623,5
540,,Lucky,Crosslap,5,554,,MD3X,Discmania,0.471794,5
541,,Luna,Discraft,1,435,,Horny Toad,Lone Star Discs,0.000000,5
541,,Luna,Discraft,2,510,,Kratos,Discraft,0.000000,5
541,,Luna,Discraft,3,589,,Marvel,Birdie,0.000000,5
541,,Luna,Discraft,4,873,,Shadowplay,Crosslap,0.000000,5
541,,Luna,Discraft,5,1112,,Wren,Stokely Discs,0.000000,5
542,,Lynx,Innova,1,195,,Condor,Innova,1.387869,5
542,,Lynx,Innova,2,1139,,Zephyr,Innova,2.025918,5
542,,Lynx,Innova,3,1140,,Zeppelin,Discraft,7.749048,5
542,,Lynx,Innova,4,447,,I-One,Other,7.838791,5
542,,Lynx,Innova,5,3,,1 Hookshot,Lightning,8.128821,5
543,,M Model S,Prodigy,1,945,,Stryder,Prodigy,0.373285,5
543,,M Model S,Prodigy,2,544,,M Model US,Prodigy,0.587190,5
543,,M Model S,Prodigy,3,863,,Sector,Finish Line,0.587190,5
543,,M Model S,Prodigy,4,552,,MD2 (OOP),Discmania,0.719632,5
543,,M Model S,Prodigy,5,209,,Credo,Crosslap,0.737278,5
544,,M Model US,Prodigy,1,863,,Sector,Finish Line,0.000000,5
544,,M Model US,Prodigy,2,945,,Stryder,Prodigy,0.471794,5
544,,M Model US,Prodigy,3,543,,M Model S,Prodigy,0.587190,5
544,,M Model US,Prodigy,4,35,,Anchor,Latitude 64,0.649668,5
544,,M Model US,Prodigy,5,457,,Inca,Infinite Discs,0.778232,5
545,,M1,Prodigy,1,546,,M2,Prodigy,0.000000,5
545,,M1,Prodigy,2,548,,M4,Prodigy,0.000000,5
545,,M1,Prodigy,3,642,,Nord,Kastaplast,0.227085,5
545,,M1,Prodigy,4,53,,Archive,Prodigy,0.373285,5
545,,M1,Prodigy,5,1047,,VRoc,Innova,0.373285,5
546,,M2,Prodigy,1,545,,M1,Prodigy,0.000000,5
546,,M2,Prodigy,2,548,,M4,Prodigy,0.000000,5
546,,M2,Prodigy,3,642,,Nord,Kastaplast,0.227085,5
546,,M2,Prodigy,4,53,,Archive,Prodigy,0.373285,5
546,,M2,Prodigy,5,1047,,VRoc,Innova,0.373285,5
547,,M3,Prodigy,1,560,,MX-3,Prodigy,0.000000,5
547,,M3,Prodigy,2,94,,Bard,Westside Discs,0.227085,5
547,,M3,Prodigy,3,555,,MD4,Discmania,0.227085,5
547,,M3,Prodigy,4,735,,Pine,Westside Discs,0.277987,5
547,,M3,Prodigy,5,347,,Flip,Hooligan Discs,0.277987,5
548,,M4,Prodigy,1,545,,M1,Prodigy,0.000000,5
548,,M4,Prodigy,2,546,,M2,Prodigy,0.000000,5
548,,M4,Prodigy,3,642,,Nord,Kastaplast,0.227085,5
548,,M4,Prodigy,4,53,,Archive,Prodigy,0.373285,5
548,,M4,Prodigy,5,1047,,VRoc,Innova,0.373285,5
549,,M5,Prodigy,1,551,,MD1,Discmania,0.185145,5
549,,M5,Prodigy,2,999,,Thor,Viking,0.471794,5
549,,M5,Prodigy,3,1089,,Warship,Westside Discs,0.515352,5
549,,M5,Prodigy,4,875,,Shark,Innova,0.578053,5
549,,M5,Prodigy,5,1050,,Valor,Legacy,0.578053,5
550,,MD,Discmania,1,1106,,Wombat3,Innova,0.471794,5
550,,MD,Discmania,2,552,,MD2 (OOP),Discmania,0.587190,5
550,,MD,Discmania,3,572,,Mako,Innova,0.616353,5
550,,MD,Discmania,4,361,,Fugitive,Dynamic Discs,0.689110,5
550,,MD,Discmania,5,362,,Fugitive (Supreme),Dynamic Discs,0.689110,5
551,,MD1,Discmania,1,549,,M5,Prodigy,0.185145,5
551,,MD1,Discmania,2,999,,Thor,Viking,0.471794,5
551,,MD1,Discmania,3,875,,Shark,Innova,0.515352,5
551,,MD1,Discmania,4,1050,,Valor,Legacy,0.515352,5
551,,MD1,Discmania,5,1089,,Warship,Westside Discs,0.578053,5
552,,MD2 (OOP),Discmania,1,1106,,Wombat3,Innova,0.373285,5
552,,MD2 (OOP),Discmania,2,457,,Inca,Infinite Discs,0.506970,5
552,,MD2 (OOP),Discmania,3,602,,Method,Discmania,0.506970,5
552,,MD2 (OOP),Discmania,4,550,,MD,Discmania,0.587190,5
552,,MD2 (OOP),Discmania,5,1130,,Yao,Yikun,0.615687,5
553,,MD3,Discmania,1,547,,M3,Prodigy,0.373285,5
553,,MD3,Discmania,2,560,,MX-3,Prodigy,0.373285,5
553,,MD3,Discmania,3,555,,MD4,Discmania,0.416858,5
553,,MD3,Discmania,4,347,,Flip,Hooligan Discs,0.427013,5
553,,MD3,Discmania,5,619,,Morningstar,Gateway,0.427013,5
554,,MD3X,Discmania,1,972,,Tailor,Discmania,0.092572,5
554,,MD3X,Discmania,2,368,,Gatekeeper,Westside Discs,0.227085,5
554,,MD3X,Discmania,3,380,,Glacier,Discmania,0.227085,5
554,,MD3X,Discmania,4,603,,Mid-Disc3,Innova,0.227085,5
554,,MD3X,Discmania,5,1090,,Wasp,Discraft,0.456124,5
555,,MD4,Discmania,1,347,,Flip,Hooligan Discs,0.092572,5
555,,MD4,Discmania,2,619,,Morningstar,Gateway,0.092572,5
555,,MD4,Discmania,3,1026,,Trust,Latitude 64,0.092572,5
555,,MD4,Discmania,4,547,,M3,Prodigy,0.227085,5
555,,MD4,Discmania,5,560,,MX-3,Prodigy,0.227085,5
556,,MD5,Discmania,1,494,,Kaxe Z (OOP),Kastaplast,0.346590,5
556,,MD5,Discmania,2,137,,Bull Snake,Lone Star Discs,0.539719,5
556,,MD5,Discmania,3,888,,Skeeter,Innova,0.557570,5
556,,MD5,Discmania,4,7,,A1,Prodigy,0.594443,5
556,,MD5,Discmania,5,8,,A2,Prodigy,0.594443,5
558,,MX-1,Prodigy,1,632,,Nebula,Discraft,0.555974,5
558,,MX-1,Prodigy,2,712,,Peach,Clash Discs,0.681848,5
558,,MX-1,Prodigy,3,512,,Kui,Yikun,0.724503,5
558,,MX-1,Prodigy,4,282,,Drone,Discraft,0.746571,5
558,,MX-1,Prodigy,5,254,,Deflector,MVP,0.752388,5
559,,MX-2,Prodigy,1,722,,Peppermint,Clash Discs,0.000000,5
559,,MX-2,Prodigy,2,1014,,Toro,Innova,0.227085,5
559,,MX-2,Prodigy,3,150,,Caiman,Innova,0.406265,5
559,,MX-2,Prodigy,4,389,,Golem,Other,0.499118,5
559,,MX-2,Prodigy,5,370,,Gator3,Innova,0.578053,5
560,,MX-3,Prodigy,1,547,,M3,Prodigy,0.000000,5
560,,MX-3,Prodigy,2,94,,Bard,Westside Discs,0.227085,5
560,,MX-3,Prodigy,3,555,,MD4,Discmania,0.227085,5
560,,MX-3,Prodigy,4,735,,Pine,Westside Discs,0.277987,5
560,,MX-3,Prodigy,5,347,,Flip,Hooligan Discs,0.277987,5
561,,Mace,Latitude 64,1,159,,Caribou,Daredevil Discs,0.092572,5
561,,Mace,Latitude 64,2,618,,Moose,Daredevil Discs,0.092572,5
561,,Mace,Latitude 64,3,361,,Fugitive,Dynamic Discs,0.227085,5
561,,Mace,Latitude 64,4,362,,Fugitive (Supreme),Dynamic Discs,0.227085,5
561,,Mace,Latitude 64,5,193,,Comet,Discraft,0.277987,5
562,,Machete,Discraft,1,56,,Aries,Millennium,0.092572,5
562,,Machete,Discraft,2,594,,Maya,Infinite Discs,0.092572,5
562,,Machete,Discraft,3,627,,Mystere,Innova,0.092572,5
562,,Machete,Discraft,4,790,,Rask,Kastaplast,0.227085,5
562,,Machete,Discraft,5,297,,Enigma,Discmania,0.277987,5
563,,Mad Cat,Lone Star Discs,1,97,,Bear,Westside Discs,0.000000,5
563,,Mad Cat,Lone Star Discs,2,925,,Stag,Westside Discs,0.000000,5
563,,Mad Cat,Lone Star Discs,3,991,,Terra,MVP,0.000000,5
563,,Mad Cat,Lone Star Discs,4,326,,FX-3,Prodigy,0.092572,5
563,,Mad Cat,Lone Star Discs,5,327,,FX-4,Prodigy,0.227085,5
564,,Madrone,Above Ground Level,1,165,,Challenger,Discraft,0.682864,5
564,,Madrone,Above Ground Level,2,710,,Peace Frog,AquaFlight,0.689110,5
564,,Madrone,Above Ground Level,3,223,,Cyber Putter,Doomsday Discs,0.824817,5
564,,Madrone,Above Ground Level,4,1103,,Wizard,Gateway,0.824817,5
564,,Madrone,Above Ground Level,5,840,,Ruru,RPM,0.829995,5
565,,Maestro,Discmania,1,92,,Baobab,Above Ground Level,0.227085,5
565,,Maestro,Discmania,2,428,,Hellbender,Daredevil Discs,0.456124,5
565,,Maestro,Discmania,3,429,,Hellbender (Razorback),Daredevil Discs,0.456124,5
565,,Maestro,Discmania,4,1012,,Tomb,Infinite Discs,0.515352,5
565,,Maestro,Discmania,5,275,,Douglas Fir,Above Ground Level,0.587190,5
566,,Magic,Gateway,1,799,,Rebel,Legacy,0.227085,5
566,,Magic,Gateway,2,749,,Ponderosa,Above Ground Level,0.361625,5
566,,Magic,Gateway,3,250,,Dagger,Latitude 64,0.373285,5
566,,Magic,Gateway,4,341,,Firefly,Innova,0.373285,5
566,,Magic,Gateway,5,720,,Penrose,EV-7,0.427013,5
567,,Magician,Discmania,1,1097,,Whippet,Innova,0.515352,5
567,,Magician,Discmania,2,492,,Kaxe (Old - OOP),Kastaplast,0.594443,5
567,,Magician,Discmania,3,493,,Kaxe (Retooled),Kastaplast,0.594443,5
567,,Magician,Discmania,4,494,,Kaxe Z (OOP),Kastaplast,0.629571,5
567,,Magician,Discmania,5,372,,Gazelle,Innova,0.689110,5
568,,Magnet,Discraft,1,187,,Clutch,Legacy,0.277987,5
568,,Magnet,Discraft,2,440,,Hunter,Legacy,0.277987,5
568,,Magnet,Discraft,3,932,,Steady,DGA,0.499118,5
568,,Magnet,Discraft,4,105,,Berg,Kastaplast,0.500896,5
568,,Magnet,Discraft,5,186,,Clozer,Legacy,0.539719,5
569,,Magnolia,Above Ground Level,1,741,,Piwakawaka,RPM,0.277987,5
569,,Magnolia,Above Ground Level,2,201,,Core,Latitude 64,0.373285,5
569,,Magnolia,Above Ground Level,3,581,,Manta,Innova,0.462623,5
569,,Magnolia,Above Ground Level,4,1079,,Walrus,Daredevil Discs,0.578053,5
569,,Magnolia,Above Ground Level,5,103,,Belleair,Climo Disc Golf,0.594443,5
570,,Maiden,Westside Discs,1,275,,Douglas Fir,Above Ground Level,0.000000,5
570,,Maiden,Westside Discs,2,788,,Range,Streamline,0.000000,5
570,,Maiden,Westside Discs,3,874,,Shaman,Gateway,0.000000,5
570,,Maiden,Westside Discs,4,192,,Colt,Innova,0.277987,5
570,,Maiden,Westside Discs,5,58,,Arowana,Elevation Disc Golf,0.373285,5
571,,Majesty,Discmania,1,893,,Slayer,Gateway,0.277987,5
571,,Majesty,Discmania,2,397,,Groove,Innova,0.373285,5
571,,Majesty,Discmania,3,655,,Octane,MVP,0.373285,5
571,,Majesty,Discmania,4,701,,Panic,Axiom Discs,0.373285,5
571,,Majesty,Discmania,5,860,,Scorpius,Millennium,0.373285,5
572,,Mako,Innova,1,371,,Gauge,Legacy,0.594443,5
572,,Mako,Innova,2,550,,MD,Discmania,0.616353,5
572,,Mako,Innova,3,552,,MD2 (OOP),Discmania,0.680543,5
572,,Mako,Innova,4,875,,Shark,Innova,0.682864,5
572,,Mako,Innova,5,1050,,Valor,Legacy,0.682864,5
574,,Malita,Discraft,1,702,,Panther,Innova,0.594443,5
574,,Malita,Discraft,2,28,,Alpas,Divergent,0.629571,5
574,,Malita,Discraft,3,1146,,Zone GT (Banger Top),Discraft,0.681848,5
574,,Malita,Discraft,4,791,,Rat,Innova,0.846877,5
574,,Malita,Discraft,5,42,,Anvil,Westside Discs,0.854026,5
575,,Malm,Kastaplast,1,582,,Mantis,Discraft,0.227085,5
575,,Malm,Kastaplast,2,678,,Ozone,Trash Panda,0.227085,5
575,,Malm,Kastaplast,3,755,,Predator,Discraft,0.227085,5
575,,Malm,Kastaplast,4,789,,Raptor,Discraft,0.427013,5
575,,Malm,Kastaplast,5,304,,Evader,Dynamic Discs,0.454171,5
576,,Malta,Discraft,1,949,,Sumo,Legacy,0.092572,5
576,,Malta,Discraft,2,796,,Reactor,MVP,0.427013,5
576,,Malta,Discraft,3,484,,Justice,Dynamic Discs,0.499118,5
576,,Malta,Discraft,4,219,,Culprit,Dynamic Discs,0.578053,5
576,,Malta,Discraft,5,92,,Baobab,Above Ground Level,0.621477,5
577,,Mamba,Innova,1,281,,Drive,Discraft,0.092572,5
577,,Mamba,Innova,2,704,,Paradigm,Discmania,0.092572,5
577,,Mamba,Innova,3,809,,Requiem,Thought Space Athletics,0.092572,5
577,,Mamba,Innova,4,1000,,Thrasher,Discraft,0.092572,5
577,,Mamba,Innova,5,31,,Alva,Kastaplast,0.277987,5
578,,Mammoth,Daredevil Discs,1,357,,Freetail,Mint Discs,0.000000,5
578,,Mammoth,Daredevil Discs,2,217,,Crush,Discraft,0.227085,5
578,,Mammoth,Daredevil Discs,3,974,,Talisman,Prodiscus,0.277987,5
578,,Mammoth,Daredevil Discs,4,156,,Captain's Thrasher,Discraft,0.346590,5
578,,Mammoth,Daredevil Discs,5,889,,Skyway,Climo Disc Golf,0.346590,5
579,,Mana,Thought Space Athletics,1,1045,,Uplink,Axiom Discs,0.277987,5
579,,Mana,Thought Space Athletics,2,580,,Mango,Clash Discs,0.373285,5
579,,Mana,Thought Space Athletics,3,839,,Runway,Streamline,0.462623,5
579,,Mana,Thought Space Athletics,4,437,,Houston,Lone Star Discs,0.498296,5
579,,Mana,Thought Space Athletics,5,886,,Silicon,Løft Discs,0.500896,5
580,,Mango,Clash Discs,1,579,,Mana,Thought Space Athletics,0.373285,5
580,,Mango,Clash Discs,2,472,,Jarn,Kastaplast,0.427013,5
580,,Mango,Clash Discs,3,1045,,Uplink,Axiom Discs,0.427013,5
580,,Mango,Clash Discs,4,403,,Guava,Clash Discs,0.462623,5
580,,Mango,Clash Discs,5,124,,Bobcat,Mint Discs,0.498296,5
581,,Manta,Innova,1,1079,,Walrus,Daredevil Discs,0.346590,5
581,,Manta,Innova,2,103,,Belleair,Climo Disc Golf,0.373285,5
581,,Manta,Innova,3,183,,Claymore,Latitude 64,0.373285,5
581,,Manta,Innova,4,569,,Magnolia,Above Ground Level,0.462623,5
581,,Manta,Innova,5,741,,Piwakawaka,RPM,0.539719,5
582,,Mantis,Discraft,1,678,,Ozone,Trash Panda,0.000000,5
582,,Mantis,Discraft,2,755,,Predator,Discraft,0.000000,5
582,,Mantis,Discraft,3,575,,Malm,Kastaplast,0.227085,5
582,,Mantis,Discraft,4,304,,Evader,Dynamic Discs,0.227085,5
582,,Mantis,Discraft,5,461,,Instinct,Discmania,0.277987,5
583,,Mantra,Thought Space Athletics,1,267,,Diablo,Gateway,0.000000,5
583,,Mantra,Thought Space Athletics,2,338,,Fighter,Legacy,0.000000,5
583,,Mantra,Thought Space Athletics,3,348,,Flipperi,Prodiscus,0.092572,5
583,,Mantra,Thought Space Athletics,4,525,,Lift,Streamline,0.092572,5
583,,Mantra,Thought Space Athletics,5,663,,Omen,Thought Space Athletics,0.092572,5
584,,Manzanita,Above Ground Level,1,223,,Cyber Putter,Doomsday Discs,0.346590,5
584,,Manzanita,Above Ground Level,2,402,,Guard,Dynamic Discs,0.555974,5
584,,Manzanita,Above Ground Level,3,351,,Focus,Discraft,0.557570,5
584,,Manzanita,Above Ground Level,4,1070,,Voodoo,Gateway,0.557570,5
584,,Manzanita,Above Ground Level,5,165,,Challenger,Discraft,0.578053,5
585,,Maple,Above Ground Level,1,1148,,Zone SS,Discraft,0.185145,5
585,,Maple,Above Ground Level,2,956,,Suspect,Dynamic Discs,0.361625,5
585,,Maple,Above Ground Level,3,1146,,Zone GT (Banger Top),Discraft,0.471794,5
585,,Maple,Above Ground Level,4,505,,Kon Tiki,Infinite Discs,0.515352,5
585,,Maple,Above Ground Level,5,118,,Blast,DGA,0.587190,5
586,,Marlin,Neptune Discs,1,302,,Essence,Discmania,0.185145,5
586,,Marlin,Neptune Discs,2,785,,Rally,Finish Line,0.346590,5
586,,Marlin,Neptune Discs,3,1121,,XS,Discraft,0.361625,5
586,,Marlin,Neptune Discs,4,1025,,Trinity,Lone Star Discs,0.406265,5
586,,Marlin,Neptune Discs,5,1126,,Xpress,Discraft,0.416858,5
587,,Mars Rover,Millennium,1,356,,Fox,Innova,0.000000,5
587,,Mars Rover,Millennium,2,832,,Rollo,Innova,0.462623,5
587,,Mars Rover,Millennium,3,532,,Lone Wolf,Lone Star Discs,0.758061,5
587,,Mars Rover,Millennium,4,709,,Patrol,Dynamic Discs,0.924172,5
587,,Mars Rover,Millennium,5,1104,,Wolf,Innova,0.953682,5
588,,Marshal,Dynamic Discs,1,623,,Muse,Thought Space Athletics,0.346590,5
588,,Marshal,Dynamic Discs,2,1132,,Yellow Rose,Lone Star Discs,0.373285,5
588,,Marshal,Dynamic Discs,3,908,,Sparta,Prodiscus,0.427013,5
588,,Marshal,Dynamic Discs,4,838,,Rune,Viking,0.471794,5
588,,Marshal,Dynamic Discs,5,814,,Ridge,Vibram,0.580554,5
589,,Marvel,Birdie,1,435,,Horny Toad,Lone Star Discs,0.000000,5
589,,Marvel,Birdie,2,510,,Kratos,Discraft,0.000000,5
589,,Marvel,Birdie,3,541,,Luna,Discraft,0.000000,5
589,,Marvel,Birdie,4,873,,Shadowplay,Crosslap,0.000000,5
589,,Marvel,Birdie,5,1112,,Wren,Stokely Discs,0.000000,5
590,,Matrix,MVP,1,839,,Runway,Streamline,0.471794,5
590,,Matrix,MVP,2,173,,Cherry,Clash Discs,0.615687,5
590,,Matrix,MVP,3,107,,Berry,Clash Discs,0.629571,5
590,,Matrix,MVP,4,608,,Mint,Clash Discs,0.649668,5
590,,Matrix,MVP,5,174,,Chicane,Finish Line,0.663234,5
591,,Maul,Latitude 64,1,1009,,Titanium,Løft Discs,0.427013,5
591,,Maul,Latitude 64,2,789,,Raptor,Discraft,0.681848,5
591,,Maul,Latitude 64,3,923,,Squid,Neptune Discs,0.774833,5
591,,Maul,Latitude 64,4,821,,Rival,Legacy,0.778232,5
591,,Maul,Latitude 64,5,420,,Hatchet,Westside Discs,0.805384,5
592,,Maverick,Dynamic Discs,1,647,,Nuance,Thought Space Athletics,0.000000,5
592,,Maverick,Dynamic Discs,2,864,,Seer,Westside Discs,0.227085,5
592,,Maverick,Dynamic Discs,3,322,,FD2 (OOP),Discmania,0.277987,5
592,,Maverick,Dynamic Discs,4,384,,Glory,Latitude 64,0.277987,5
592,,Maverick,Dynamic Discs,5,451,,Idog,Kastaplast,0.277987,5
593,,Max (OOP),Innova,1,850,,Sampo,Westside Discs,0.277987,5
593,,Max (OOP),Innova,2,1131,,Yeet,Hooligan Discs,0.373285,5
593,,Max (OOP),Innova,3,698,,PDx (OOP),Discmania,0.427013,5
593,,Max (OOP),Innova,4,963,,Sword,Westside Discs,0.462623,5
593,,Max (OOP),Innova,5,1084,,Warbird,Lone Star Discs,0.500896,5
594,,Maya,Infinite Discs,1,56,,Aries,Millennium,0.000000,5
594,,Maya,Infinite Discs,2,627,,Mystere,Innova,0.000000,5
594,,Maya,Infinite Discs,3,562,,Machete,Discraft,0.092572,5
594,,Maya,Infinite Discs,4,790,,Rask,Kastaplast,0.277987,5
594,,Maya,Infinite Discs,5,13,,Abyss,Storm,0.277987,5
595,,Mayhem,Axiom Discs,1,640,,Nitro,MVP,0.000000,5
595,,Mayhem,Axiom Discs,2,1035,,Twin Swords,Yikun,0.092572,5
595,,Mayhem,Axiom Discs,3,161,,Catalyst,MVP,0.361625,5
595,,Mayhem,Axiom Discs,4,233,,D2 Max,Prodigy,0.361625,5
595,,Mayhem,Axiom Discs,5,292,,Empire,Prodiscus,0.361625,5
596,,Mentor,Discmania,1,327,,FX-4,Prodigy,0.592879,5
596,,Mentor,Discmania,2,93,,Barbarian,Viking,0.616353,5
596,,Mentor,Discmania,3,97,,Bear,Westside Discs,0.621477,5
596,,Mentor,Discmania,4,563,,Mad Cat,Lone Star Discs,0.621477,5
596,,Mentor,Discmania,5,925,,Stag,Westside Discs,0.621477,5
597,,Mercy,Latitude 64,1,629,,Myth,Infinite Discs,0.092572,5
597,,Mercy,Latitude 64,2,1039,,UFO,Mint Discs,0.092572,5
597,,Mercy,Latitude 64,3,675,,Outer Core,Trash Panda,0.185145,5
597,,Mercy,Latitude 64,4,973,,Takapu,RPM,0.185145,5
597,,Mercy,Latitude 64,5,742,,Pixel,Axiom Discs,0.207360,5
598,,Merlin,Daredevil Discs,1,931,,Starship,Sacred Discs,0.000000,5
598,,Merlin,Daredevil Discs,2,651,,O-Lace,Vibram,0.092572,5
598,,Merlin,Daredevil Discs,3,247,,DDx (OOP),Discmania,0.373285,5
598,,Merlin,Daredevil Discs,4,381,,Gladiator,Latitude 64,0.373285,5
598,,Merlin,Daredevil Discs,5,849,,Salt,Clash Discs,0.373285,5
599,,Mermaid,Discmania,1,359,,Fu,Yikun,0.000000,5
599,,Mermaid,Discmania,2,93,,Barbarian,Viking,0.092572,5
599,,Mermaid,Discmania,3,410,,H4 (V2),Prodigy,0.092572,5
599,,Mermaid,Discmania,4,1044,,Underworld,Westside Discs,0.092572,5
599,,Mermaid,Discmania,5,942,,Strike,Other,0.277987,5
600,,Meteor,Discraft,1,455,,Impact,Discraft,0.373285,5
600,,Meteor,Discraft,2,434,,Hornet,Discraft,0.462623,5
600,,Meteor,Discraft,3,382,,Glide,Discraft,0.499118,5
600,,Meteor,Discraft,4,282,,Drone,Discraft,0.555974,5
600,,Meteor,Discraft,5,519,,Launch,Vibram,0.594443,5
601,,Meteor Hammer,Yikun,1,1124,,Xero,Innova,0.000000,5
601,,Meteor Hammer,Yikun,2,745,,Polar Bear,Daredevil Discs,0.092572,5
601,,Meteor Hammer,Yikun,3,259,,Deputy,Dynamic Discs,0.227085,5
601,,Meteor Hammer,Yikun,4,1085,,Warden,Dynamic Discs,0.227085,5
601,,Meteor Hammer,Yikun,5,682,,P1,Discmania,0.227085,5
602,,Method,Discmania,1,457,,Inca,Infinite Discs,0.000000,5
602,,Method,Discmania,2,930,,Stari,Prodiscus,0.373285,5
602,,Method,Discmania,3,1130,,Yao,Yikun,0.456124,5
602,,Method,Discmania,4,552,,MD2 (OOP),Discmania,0.506970,5
602,,Method,Discmania,5,777,,RA,Infinite Discs,0.539719,5
603,,Mid-Disc3,Innova,1,368,,Gatekeeper,Westside Discs,0.000000,5
603,,Mid-Disc3,Innova,2,380,,Glacier,Discmania,0.000000,5
603,,Mid-Disc3,Innova,3,554,,MD3X,Discmania,0.227085,5
603,,Mid-Disc3,Innova,4,972,,Tailor,Discmania,0.277987,5
603,,Mid-Disc3,Innova,5,547,,M3,Prodigy,0.462623,5
604,,Midari,Prodiscus,1,33,,Amulet,Prodiscus,0.000000,5
604,,Midari,Prodiscus,2,35,,Anchor,Latitude 64,0.373285,5
604,,Midari,Prodiscus,3,886,,Silicon,Løft Discs,0.719632,5
604,,Midari,Prodiscus,4,777,,RA,Infinite Discs,0.772706,5
604,,Midari,Prodiscus,5,579,,Mana,Thought Space Athletics,0.794578,5
606,,Millet,Clash Discs,1,1074,,Vulture,Discraft,0.000000,5
606,,Millet,Clash Discs,2,943,,Striker,Latitude 64,0.277987,5
606,,Millet,Clash Discs,3,178,,Cicada,Discraft,0.277987,5
606,,Millet,Clash Discs,4,798,,Reaper,Discraft,0.462623,5
606,,Millet,Clash Discs,5,395,,Grackle,Mint Discs,0.500896,5
607,,Minotaur,Other,1,823,,River,Latitude 64,0.622728,5
607,,Minotaur,Other,2,941,,Streak,Climo Disc Golf,0.723275,5
607,,Minotaur,Other,3,537,,Lotus,Clash Discs,0.878287,5
607,,Minotaur,Other,4,898,,Soda,Clash Discs,0.883237,5
607,,Minotaur,Other,5,1144,,Zombee,Discraft,0.953682,5
608,,Mint,Clash Discs,1,107,,Berry,Clash Discs,0.092572,5
608,,Mint,Clash Discs,2,987,,Temple,Thought Space Athletics,0.416858,5
608,,Mint,Clash Discs,3,173,,Cherry,Clash Discs,0.424396,5
608,,Mint,Clash Discs,4,839,,Runway,Streamline,0.500896,5
608,,Mint,Clash Discs,5,688,,P4,Discmania,0.515352,5
609,,Mirage,Innova,1,1101,,Wings,Yikun,0.539719,5
609,,Mirage,Innova,2,686,,P3 (OOP),Discmania,0.539719,5
609,,Mirage,Innova,3,702,,Panther,Innova,0.555974,5
609,,Mirage,Innova,4,948,,Summit,Vibram,0.580554,5
609,,Mirage,Innova,5,934,,Stego,Other,0.681848,5
610,,Missilen (OOP),Latitude 64,1,937,,Stiletto,Latitude 64,0.416858,5
610,,Missilen (OOP),Latitude 64,2,18,,Aftermath,Legacy,0.729150,5
610,,Missilen (OOP),Latitude 64,3,801,,Recon,Legacy,0.752388,5
610,,Missilen (OOP),Latitude 64,4,87,,Ballista Pro,Latitude 64,0.758061,5
610,,Missilen (OOP),Latitude 64,5,1032,,Tumbleweed,Lone Star Discs,0.809240,5
611,,Moab,Millennium,1,1027,,Truth,Dynamic Discs,0.771286,5
611,,Moab,Millennium,2,1061,,Verdict,Dynamic Discs,0.771286,5
611,,Moab,Millennium,3,706,,Passion,Discraft,0.888075,5
611,,Moab,Millennium,4,759,,Prophecy,Gateway,0.908990,5
611,,Moab,Millennium,5,772,,Python,Innova,0.924291,5
612,,Mobius,EV-7,1,691,,PA2,Prodigy,0.000000,5
612,,Mobius,EV-7,2,835,,Rot,Doomsday Discs,0.000000,5
612,,Mobius,EV-7,3,904,,Sonar,DGA,0.000000,5
612,,Mobius,EV-7,4,106,,Berg X,Kastaplast,0.346590,5
612,,Mobius,EV-7,5,69,,Atom,MVP,0.346590,5
614,,Monarch,Innova,1,344,,Flash,Discraft,0.000000,5
614,,Monarch,Innova,2,6,,Tilt,Discmania,0.227085,5
614,,Monarch,Innova,3,180,,Cinnamon,Clash Discs,0.227085,5
614,,Monarch,Innova,4,325,,FX-2,Prodigy,0.227085,5
614,,Monarch,Innova,5,954,,Surge,Discraft,0.227085,5
616,,Mongoose,Legacy,1,88,,Bandit,Legacy,0.000000,5
616,,Mongoose,Legacy,2,117,,Blade,Gateway,0.000000,5
616,,Mongoose,Legacy,3,633,,Nemesis,Legacy,0.000000,5
616,,Mongoose,Legacy,4,1113,,Wyrm,Divergent,0.227085,5
616,,Mongoose,Legacy,5,312,,F Model US,Prodigy,0.227085,5
617,,Monstrosity,Doomsday Discs,1,263,,Destiny,Westside Discs,0.000000,5
617,,Monstrosity,Doomsday Discs,2,906,,Sorcerer,Westside Discs,0.092572,5
617,,Monstrosity,Doomsday Discs,3,773,,Qi,Yikun,0.092572,5
617,,Monstrosity,Doomsday Discs,4,868,,Sequoia,Above Ground Level,0.277987,5
617,,Monstrosity,Doomsday Discs,5,400,,Grym X (OOP),Kastaplast,0.346590,5
618,,Moose,Daredevil Discs,1,159,,Caribou,Daredevil Discs,0.000000,5
618,,Moose,Daredevil Discs,2,561,,Mace,Latitude 64,0.092572,5
618,,Moose,Daredevil Discs,3,193,,Comet,Discraft,0.227085,5
618,,Moose,Daredevil Discs,4,345,,Flat Earth,Doomsday Discs,0.227085,5
618,,Moose,Daredevil Discs,5,361,,Fugitive,Dynamic Discs,0.277987,5
619,,Morningstar,Gateway,1,347,,Flip,Hooligan Discs,0.000000,5
619,,Morningstar,Gateway,2,1026,,Trust,Latitude 64,0.000000,5
619,,Morningstar,Gateway,3,555,,MD4,Discmania,0.092572,5
619,,Morningstar,Gateway,4,141,,Buzzz,Discraft,0.277987,5
619,,Morningstar,Gateway,5,547,,M3,Prodigy,0.277987,5
620,,Mortar,Millennium,1,369,,Gator,Innova,0.277987,5
620,,Mortar,Millennium,2,212,,Cro,Innova,0.515352,5
620,,Mortar,Millennium,3,370,,Gator3,Innova,0.539719,5
620,,Mortar,Millennium,4,213,,Croc,Innova,0.594443,5
620,,Mortar,Millennium,5,443,,Hydra,Innova,0.594443,5
621,,Motion,MVP,1,456,,Impulse,MVP,0.000000,5
621,,Motion,MVP,2,992,,Tesla,MVP,0.000000,5
621,,Motion,MVP,3,458,,Inertia,MVP,0.373285,5
621,,Motion,MVP,4,1109,,Wraith,Innova,0.427013,5
621,,Motion,MVP,5,340,,Firebird,Innova,0.500896,5
622,,Motive,Dynamic Discs,1,664,,Onyx,Vibram,0.462623,5
622,,Motive,Dynamic Discs,2,203,,Cosmos,Viking,0.471794,5
622,,Motive,Dynamic Discs,3,471,,Jade,Latitude 64,0.506970,5
622,,Motive,Dynamic Discs,4,135,,Breakout,Dynamic Discs,0.515352,5
622,,Motive,Dynamic Discs,5,961,,Swift,AquaFlight,0.539719,5
623,,Muse,Thought Space Athletics,1,588,,Marshal,Dynamic Discs,0.346590,5
623,,Muse,Thought Space Athletics,2,1132,,Yellow Rose,Lone Star Discs,0.456124,5
623,,Muse,Thought Space Athletics,3,838,,Rune,Viking,0.539719,5
623,,Muse,Thought Space Athletics,4,758,,Profit,Mint Discs,0.629571,5
623,,Muse,Thought Space Athletics,5,908,,Sparta,Prodiscus,0.663234,5
624,,Musket,Latitude 64,1,335,,Felon,Dynamic Discs,0.092572,5
624,,Musket,Latitude 64,2,979,,Tasmanian Devil V2,Wild Discs,0.092572,5
624,,Musket,Latitude 64,3,916,,Spirit,Gateway,0.227085,5
624,,Musket,Latitude 64,4,998,,Thief,Dynamic Discs,0.277987,5
624,,Musket,Latitude 64,5,363,,Function,Discmania,0.346590,5
625,,Mustang,Mint Discs,1,265,,Detour,MVP,0.373285,5
625,,Mustang,Mint Discs,2,431,,Hex,Axiom Discs,0.373285,5
625,,Mustang,Mint Discs,3,288,,Echo,Streamline,0.427013,5
625,,Mustang,Mint Discs,4,771,,Pyro,Axiom Discs,0.454171,5
625,,Mustang,Mint Discs,5,707,,Pathfinder,Thought Space Athletics,0.462623,5
626,,Mutant,Discmania,1,305,,Evidence,Dynamic Discs,0.346590,5
626,,Mutant,Discmania,2,951,,Supreme EMac Truth,Dynamic Discs,0.454171,5
626,,Mutant,Discmania,3,895,,Sling,Westside Discs,0.455960,5
626,,Mutant,Discmania,4,714,,Pearl,Latitude 64,0.456124,5
626,,Mutant,Discmania,5,143,,Buzzz OS,Discraft,0.471794,5
627,,Mystere,Innova,1,56,,Aries,Millennium,0.000000,5
627,,Mystere,Innova,2,594,,Maya,Infinite Discs,0.000000,5
627,,Mystere,Innova,3,562,,Machete,Discraft,0.092572,5
627,,Mystere,Innova,4,790,,Rask,Kastaplast,0.277987,5
627,,Mystere,Innova,5,13,,Abyss,Storm,0.277987,5
628,,Mystic,Gateway,1,486,,KGB,Other,0.883237,5
628,,Mystic,Gateway,2,569,,Magnolia,Above Ground Level,1.016066,5
628,,Mystic,Gateway,3,741,,Piwakawaka,RPM,1.093464,5
628,,Mystic,Gateway,4,581,,Manta,Innova,1.116427,5
628,,Mystic,Gateway,5,1079,,Walrus,Daredevil Discs,1.205210,5
629,,Myth,Infinite Discs,1,1039,,UFO,Mint Discs,0.000000,5
629,,Myth,Infinite Discs,2,597,,Mercy,Latitude 64,0.092572,5
629,,Myth,Infinite Discs,3,675,,Outer Core,Trash Panda,0.092572,5
629,,Myth,Infinite Discs,4,973,,Takapu,RPM,0.092572,5
629,,Myth,Infinite Discs,5,742,,Pixel,Axiom Discs,0.227085,5
630,,Narwhal,Other,1,122,,Bluebonnet,Lone Star Discs,1.277994,5
630,,Narwhal,Other,2,740,,Pivot,Prodigy,1.307820,5
630,,Narwhal,Other,3,120,,Bleak,Doomsday Discs,1.503111,5
630,,Narwhal,Other,4,39,,Animal,Innova,1.561210,5
630,,Narwhal,Other,5,176,,Chief OS,Gateway,1.561210,5
631,,Nautilus,Neptune Discs,1,759,,Prophecy,Gateway,0.227085,5
631,,Nautilus,Neptune Discs,2,498,,Khonsu,Infinite Discs,0.406265,5
631,,Nautilus,Neptune Discs,3,920,,Spruce,Above Ground Level,0.416858,5
631,,Nautilus,Neptune Discs,4,997,,The Eye,Storm,0.471794,5
631,,Nautilus,Neptune Discs,5,895,,Sling,Westside Discs,0.649668,5
632,,Nebula,Discraft,1,422,,Hawg,Innova,0.427013,5
632,,Nebula,Discraft,2,83,,BB6,Lone Star Discs,0.515352,5
632,,Nebula,Discraft,3,479,,Joy,Discraft,0.515352,5
632,,Nebula,Discraft,4,558,,MX-1,Prodigy,0.555974,5
632,,Nebula,Discraft,5,888,,Skeeter,Innova,0.587190,5
633,,Nemesis,Legacy,1,88,,Bandit,Legacy,0.000000,5
633,,Nemesis,Legacy,2,117,,Blade,Gateway,0.000000,5
633,,Nemesis,Legacy,3,616,,Mongoose,Legacy,0.000000,5
633,,Nemesis,Legacy,4,1113,,Wyrm,Divergent,0.227085,5
633,,Nemesis,Legacy,5,312,,F Model US,Prodigy,0.227085,5
634,,Neon,Løft Discs,1,887,,Sinus,Latitude 64,0.092572,5
634,,Neon,Løft Discs,2,386,,Gnome,Sacred Discs,0.346590,5
634,,Neon,Løft Discs,3,69,,Atom,MVP,0.373285,5
634,,Neon,Løft Discs,4,11,,A5,Prodigy,0.427013,5
634,,Neon,Løft Discs,5,612,,Mobius,EV-7,0.456124,5
635,,Nice!,Other,1,414,,Hallux,Discraft,0.277987,5
635,,Nice!,Other,2,724,,Persona,Thought Space Athletics,0.277987,5
635,,Nice!,Other,3,279,,Dream Weaver,Jester Disc Golf,0.416858,5
635,,Nice!,Other,4,445,,Hyena,Wild Discs,0.500896,5
635,,Nice!,Other,5,534,,Longbowman,Westside Discs,0.594443,5
636,,Nightjar,Disctroyer,1,765,,Pulse,Discraft,0.361625,5
636,,Nightjar,Disctroyer,2,379,,Ginger,Clash Discs,0.719031,5
636,,Nightjar,Disctroyer,3,409,,H3 (V2),Prodigy,0.737278,5
636,,Nightjar,Disctroyer,4,214,,Crockett,Lone Star Discs,0.737278,5
636,,Nightjar,Disctroyer,5,411,,H5,Prodigy,0.765786,5
637,,Nimbus,Elevation Disc Golf,1,820,,Rise,Birdie,0.471794,5
637,,Nimbus,Elevation Disc Golf,2,709,,Patrol,Dynamic Discs,0.587190,5
637,,Nimbus,Elevation Disc Golf,3,98,,Bearkat,Lone Star Discs,0.649668,5
637,,Nimbus,Elevation Disc Golf,4,960,,Swarm,Discraft,0.649668,5
637,,Nimbus,Elevation Disc Golf,5,532,,Lone Wolf,Lone Star Discs,0.689110,5
638,,Nimitz,Lone Star Discs,1,241,,DD,Discmania,0.092572,5
638,,Nimitz,Lone Star Discs,2,511,,Krut,Kastaplast,0.092572,5
638,,Nimitz,Lone Star Discs,3,1138,,Zenith,MVP,0.092572,5
638,,Nimitz,Lone Star Discs,4,808,,Renegade,Dynamic Discs,0.227085,5
638,,Nimitz,Lone Star Discs,5,310,,F Model OS,Prodigy,0.277987,5
639,,Ninja,Gateway,1,668,,Orc,Innova,0.000000,5
639,,Ninja,Gateway,2,850,,Sampo,Westside Discs,0.277987,5
639,,Ninja,Gateway,3,116,,Blackout,Doomsday Discs,0.277987,5
639,,Ninja,Gateway,4,188,,Coalesce,Thought Space Athletics,0.277987,5
639,,Ninja,Gateway,5,846,,Saint,Latitude 64,0.277987,5
640,,Nitro,MVP,1,595,,Mayhem,Axiom Discs,0.000000,5
640,,Nitro,MVP,2,1035,,Twin Swords,Yikun,0.092572,5
640,,Nitro,MVP,3,161,,Catalyst,MVP,0.361625,5
640,,Nitro,MVP,4,233,,D2 Max,Prodigy,0.361625,5
640,,Nitro,MVP,5,292,,Empire,Prodiscus,0.361625,5
641,,Nomad,MVP,1,483,,Jury,Dynamic Discs,0.000000,5
641,,Nomad,MVP,2,683,,P1X,Discmania,0.000000,5
641,,Nomad,MVP,3,1129,,Yang,EV-7,0.000000,5
641,,Nomad,MVP,4,1136,,Yin,EV-7,0.000000,5
641,,Nomad,MVP,5,286,,EMAC Judge,Dynamic Discs,0.092572,5
642,,Nord,Kastaplast,1,545,,M1,Prodigy,0.227085,5
642,,Nord,Kastaplast,2,546,,M2,Prodigy,0.227085,5
642,,Nord,Kastaplast,3,548,,M4,Prodigy,0.227085,5
642,,Nord,Kastaplast,4,377,,Ghost,Legacy,0.346590,5
642,,Nord,Kastaplast,5,827,,Roc,Innova,0.346590,5
643,,Northman,Westside Discs,1,414,,Hallux,Discraft,0.427013,5
643,,Northman,Westside Discs,2,163,,Cedar,Above Ground Level,0.555974,5
643,,Northman,Westside Discs,3,635,,Nice!,Other,0.616353,5
643,,Northman,Westside Discs,4,1054,,Vanilla,Clash Discs,0.724503,5
643,,Northman,Westside Discs,5,323,,FD3,Discmania,0.746571,5
644,,Notch,Vibram,1,913,,Spice,Clash Discs,0.416858,5
644,,Notch,Vibram,2,1051,,Vamp,Vibram,0.462623,5
644,,Notch,Vibram,3,277,,Dragon,Innova,0.539719,5
644,,Notch,Vibram,4,49,,Aquarius,Millennium,0.539719,5
644,,Notch,Vibram,5,43,,Apache (OOP),Gateway,0.555974,5
645,,Notion,Discmania,1,81,,Axe,Viking,0.000000,5
645,,Notion,Discmania,2,976,,Tank,Millennium,0.277987,5
645,,Notion,Discmania,3,39,,Animal,Innova,0.462623,5
645,,Notion,Discmania,4,176,,Chief OS,Gateway,0.462623,5
645,,Notion,Discmania,5,812,,Rhyno,Innova,0.462623,5
646,,Nova,Innova,1,878,,Shield,Westside Discs,1.377331,5
646,,Nova,Innova,2,881,,Shogun,Discmania,1.452074,5
646,,Nova,Innova,3,754,,Precision,Stokely Discs,1.495088,5
646,,Nova,Innova,4,1137,,Zeal,Other,1.885495,5
646,,Nova,Innova,5,902,,Sole,Vibram,1.899121,5
647,,Nuance,Thought Space Athletics,1,592,,Maverick,Dynamic Discs,0.000000,5
647,,Nuance,Thought Space Athletics,2,864,,Seer,Westside Discs,0.227085,5
647,,Nuance,Thought Space Athletics,3,322,,FD2 (OOP),Discmania,0.277987,5
647,,Nuance,Thought Space Athletics,4,384,,Glory,Latitude 64,0.277987,5
647,,Nuance,Thought Space Athletics,5,451,,Idog,Kastaplast,0.277987,5
648,,Nuke,Discraft,1,649,,Nuke OS,Discraft,0.092572,5
648,,Nuke,Discraft,2,775,,Quasar,Millennium,0.092572,5
648,,Nuke,Discraft,3,1108,,World,Westside Discs,0.277987,5
648,,Nuke,Discraft,4,983,,Teedevil,Innova,0.346590,5
648,,Nuke,Discraft,5,128,,Boss,Innova,0.471794,5
649,,Nuke OS,Discraft,1,775,,Quasar,Millennium,0.000000,5
649,,Nuke OS,Discraft,2,648,,Nuke,Discraft,0.092572,5
649,,Nuke OS,Discraft,3,1108,,World,Westside Discs,0.227085,5
649,,Nuke OS,Discraft,4,983,,Teedevil,Innova,0.277987,5
649,,Nuke OS,Discraft,5,128,,Boss,Innova,0.462623,5
650,,Nuke SS,Discraft,1,296,,Engine,Streamline,0.277987,5
650,,Nuke SS,Discraft,2,725,,Pestilence,Doomsday Discs,0.346590,5
650,,Nuke SS,Discraft,3,782,,Raider,Dynamic Discs,0.424926,5
650,,Nuke SS,Discraft,4,207,,Crank SS,Discraft,0.427013,5
650,,Nuke SS,Discraft,5,415,,Halo,Latitude 64,0.515352,5
651,,O-Lace,Vibram,1,598,,Merlin,Daredevil Discs,0.092572,5
651,,O-Lace,Vibram,2,931,,Starship,Sacred Discs,0.092572,5
651,,O-Lace,Vibram,3,247,,DDx (OOP),Discmania,0.406265,5
651,,O-Lace,Vibram,4,381,,Gladiator,Latitude 64,0.406265,5
651,,O-Lace,Vibram,5,849,,Salt,Clash Discs,0.406265,5
653,,Obex,Vibram,1,519,,Launch,Vibram,0.778232,5
653,,Obex,Vibram,2,600,,Meteor,Discraft,0.824817,5
653,,Obex,Vibram,3,880,,Shockwave,DGA,0.824817,5
653,,Obex,Vibram,4,1144,,Zombee,Discraft,0.855568,5
653,,Obex,Vibram,5,201,,Core,Latitude 64,0.883237,5
654,,Oblivion,Doomsday Discs,1,303,,Ether,Gateway,0.092572,5
654,,Oblivion,Doomsday Discs,2,797,,Realm,Gateway,0.092572,5
654,,Oblivion,Doomsday Discs,3,669,,Orca,Wild Discs,0.227085,5
654,,Oblivion,Doomsday Discs,4,667,,Orbital,MVP,0.361625,5
654,,Oblivion,Doomsday Discs,5,727,,Phase,MVP,0.361625,5
655,,Octane,MVP,1,397,,Groove,Innova,0.000000,5
655,,Octane,MVP,2,701,,Panic,Axiom Discs,0.000000,5
655,,Octane,MVP,3,860,,Scorpius,Millennium,0.000000,5
655,,Octane,MVP,4,291,,Emperor,Infinite Discs,0.227085,5
655,,Octane,MVP,5,366,,G-One,Gateway,0.227085,5
656,,Odin,Viking,1,669,,Orca,Wild Discs,0.361625,5
656,,Odin,Viking,2,654,,Oblivion,Doomsday Discs,0.427013,5
656,,Odin,Viking,3,303,,Ether,Gateway,0.456124,5
656,,Odin,Viking,4,797,,Realm,Gateway,0.456124,5
656,,Odin,Viking,5,539,,Lu,Yikun,0.456124,5
658,,Ogopogo,Daredevil Discs,1,1123,,Xenon,Løft Discs,0.000000,5
658,,Ogopogo,Daredevil Discs,2,967,,TDx (OOP),Discmania,0.092572,5
658,,Ogopogo,Daredevil Discs,3,672,,Orion LF,Millennium,0.346590,5
658,,Ogopogo,Daredevil Discs,4,730,,Phoenix,Mint Discs,0.373285,5
658,,Ogopogo,Daredevil Discs,5,869,,Sergeant,Dynamic Discs,0.427013,5
659,,Ohm,MVP,1,464,,Invader,Innova,0.000000,5
659,,Ohm,MVP,2,527,,Link,Discmania,0.000000,5
659,,Ohm,MVP,3,734,,Pilot,Streamline,0.000000,5
659,,Ohm,MVP,4,671,,Origo,Prodiscus,0.207360,5
659,,Ohm,MVP,5,793,,Raze,Infinite Discs,0.227085,5
660,,Omega,Millennium,1,780,,Radar,Storm,0.277987,5
660,,Omega,Millennium,2,27,,Alpaca,Infinite Discs,0.346590,5
660,,Omega,Millennium,3,1096,,Whale,Innova,0.346590,5
660,,Omega,Millennium,4,682,,P1,Discmania,0.361625,5
660,,Omega,Millennium,5,1107,,Woodchuck,Daredevil Discs,0.361625,5
663,,Omen,Thought Space Athletics,1,348,,Flipperi,Prodiscus,0.000000,5
663,,Omen,Thought Space Athletics,2,525,,Lift,Streamline,0.000000,5
663,,Omen,Thought Space Athletics,3,1058,,Vengeance,Legacy,0.000000,5
663,,Omen,Thought Space Athletics,4,1110,,Wrangler,Lone Star Discs,0.000000,5
663,,Omen,Thought Space Athletics,5,267,,Diablo,Gateway,0.092572,5
664,,Onyx,Vibram,1,471,,Jade,Latitude 64,0.207360,5
664,,Onyx,Vibram,2,307,,Exodus,Infinite Discs,0.406265,5
664,,Onyx,Vibram,3,926,,Stal,Kastaplast,0.416858,5
664,,Onyx,Vibram,4,966,,TD,Discmania,0.416858,5
664,,Onyx,Vibram,5,1102,,Witness,Dynamic Discs,0.416858,5
665,,Openwater,Crosslap,1,46,,Apex,Gateway,0.498296,5
665,,Openwater,Crosslap,2,910,,Speed Demon,Gateway,1.019029,5
665,,Openwater,Crosslap,3,721,,Pepper,Clash Discs,1.237106,5
665,,Openwater,Crosslap,4,781,,Ragnarok,Viking,1.250185,5
665,,Openwater,Crosslap,5,220,,Culverin,Latitude 64,1.253995,5
666,,Oracle,Sacred Discs,1,373,,Gecko,Elevation Disc Golf,0.277987,5
666,,Oracle,Sacred Discs,2,981,,Teebird,Innova,0.373285,5
666,,Oracle,Sacred Discs,3,468,,JLS,Millennium,0.427013,5
666,,Oracle,Sacred Discs,4,975,,Talon,Discraft,0.456124,5
666,,Oracle,Sacred Discs,5,358,,Frio,Lone Star Discs,0.515352,5
667,,Orbital,MVP,1,727,,Phase,MVP,0.000000,5
667,,Orbital,MVP,2,731,,Photon,MVP,0.092572,5
667,,Orbital,MVP,3,1092,,Wave,MVP,0.092572,5
667,,Orbital,MVP,4,726,,Pharaoh,Infinite Discs,0.346590,5
667,,Orbital,MVP,5,654,,Oblivion,Doomsday Discs,0.361625,5
668,,Orc,Innova,1,639,,Ninja,Gateway,0.000000,5
668,,Orc,Innova,2,850,,Sampo,Westside Discs,0.277987,5
668,,Orc,Innova,3,116,,Blackout,Doomsday Discs,0.277987,5
668,,Orc,Innova,4,188,,Coalesce,Thought Space Athletics,0.277987,5
668,,Orc,Innova,5,846,,Saint,Latitude 64,0.277987,5
669,,Orca,Wild Discs,1,654,,Oblivion,Doomsday Discs,0.227085,5
669,,Orca,Wild Discs,2,303,,Ether,Gateway,0.277987,5
669,,Orca,Wild Discs,3,797,,Realm,Gateway,0.277987,5
669,,Orca,Wild Discs,4,539,,Lu,Yikun,0.277987,5
669,,Orca,Wild Discs,5,1073,,Vulcan,Innova,0.277987,5
670,,Origin,Discmania,1,956,,Suspect,Dynamic Discs,0.427013,5
670,,Origin,Discmania,2,1077,,Walker,Lone Star Discs,0.539719,5
670,,Origin,Discmania,3,1040,,Ultra,Other,0.555974,5
670,,Origin,Discmania,4,855,,Savior,Latitude 64,0.578053,5
670,,Origin,Discmania,5,118,,Blast,DGA,0.629571,5
671,,Origo,Prodiscus,1,793,,Raze,Infinite Discs,0.092572,5
671,,Origo,Prodiscus,2,464,,Invader,Innova,0.207360,5
671,,Origo,Prodiscus,3,527,,Link,Discmania,0.207360,5
671,,Origo,Prodiscus,4,659,,Ohm,MVP,0.207360,5
671,,Origo,Prodiscus,5,734,,Pilot,Streamline,0.207360,5
672,,Orion LF,Millennium,1,967,,TDx (OOP),Discmania,0.277987,5
672,,Orion LF,Millennium,2,658,,Ogopogo,Daredevil Discs,0.346590,5
672,,Orion LF,Millennium,3,1123,,Xenon,Løft Discs,0.346590,5
672,,Orion LF,Millennium,4,695,,PD,Discmania,0.373285,5
672,,Orion LF,Millennium,5,736,,Pioneer,Latitude 64,0.373285,5
673,,Orion LS,Millennium,1,340,,Firebird,Innova,0.000000,5
673,,Orion LS,Millennium,2,1048,,Valkyrie,Innova,0.000000,5
673,,Orion LS,Millennium,3,208,,Crave,Axiom Discs,0.227085,5
673,,Orion LS,Millennium,4,826,,Roadrunner,Innova,0.277987,5
673,,Orion LS,Millennium,5,871,,Servo,MVP,0.277987,5
675,,Outer Core,Trash Panda,1,973,,Takapu,RPM,0.000000,5
675,,Outer Core,Trash Panda,2,629,,Myth,Infinite Discs,0.092572,5
675,,Outer Core,Trash Panda,3,1039,,UFO,Mint Discs,0.092572,5
675,,Outer Core,Trash Panda,4,597,,Mercy,Latitude 64,0.185145,5
675,,Outer Core,Trash Panda,5,742,,Pixel,Axiom Discs,0.277987,5
677,,Owl,Stokely Discs,1,60,,Artemis,Lone Star Discs,0.092572,5
677,,Owl,Stokely Discs,2,435,,Horny Toad,Lone Star Discs,0.277987,5
677,,Owl,Stokely Discs,3,510,,Kratos,Discraft,0.277987,5
677,,Owl,Stokely Discs,4,541,,Luna,Discraft,0.277987,5
677,,Owl,Stokely Discs,5,589,,Marvel,Birdie,0.277987,5
678,,Ozone,Trash Panda,1,582,,Mantis,Discraft,0.000000,5
678,,Ozone,Trash Panda,2,755,,Predator,Discraft,0.000000,5
678,,Ozone,Trash Panda,3,575,,Malm,Kastaplast,0.227085,5
678,,Ozone,Trash Panda,4,304,,Evader,Dynamic Discs,0.227085,5
678,,Ozone,Trash Panda,5,461,,Instinct,Discmania,0.277987,5
681,,P Model US,Prodigy,1,483,,Jury,Dynamic Discs,0.373285,5
681,,P Model US,Prodigy,2,641,,Nomad,MVP,0.373285,5
681,,P Model US,Prodigy,3,683,,P1X,Discmania,0.373285,5
681,,P Model US,Prodigy,4,1129,,Yang,EV-7,0.373285,5
681,,P Model US,Prodigy,5,1136,,Yin,EV-7,0.373285,5
682,,P1,Discmania,1,1107,,Woodchuck,Daredevil Discs,0.000000,5
682,,P1,Discmania,2,745,,Polar Bear,Daredevil Discs,0.207360,5
682,,P1,Discmania,3,601,,Meteor Hammer,Yikun,0.227085,5
682,,P1,Discmania,4,1124,,Xero,Innova,0.227085,5
682,,P1,Discmania,5,660,,Omega,Millennium,0.361625,5
683,,P1X,Discmania,1,483,,Jury,Dynamic Discs,0.000000,5
683,,P1X,Discmania,2,641,,Nomad,MVP,0.000000,5
683,,P1X,Discmania,3,1129,,Yang,EV-7,0.000000,5
683,,P1X,Discmania,4,1136,,Yin,EV-7,0.000000,5
683,,P1X,Discmania,5,286,,EMAC Judge,Dynamic Discs,0.092572,5
684,,P2,Discmania,1,61,,Artifact,Infinite Discs,0.000000,5
684,,P2,Discmania,2,857,,Scarab,Infinite Discs,0.000000,5
684,,P2,Discmania,3,742,,Pixel,Axiom Discs,0.092572,5
684,,P2,Discmania,4,597,,Mercy,Latitude 64,0.227085,5
684,,P2,Discmania,5,629,,Myth,Infinite Discs,0.277987,5
685,,P2X,Discmania,1,946,,Stud,Innova,0.000000,5
685,,P2X,Discmania,2,531,,Logic,Discmania,0.092572,5
685,,P2X,Discmania,3,812,,Rhyno,Innova,0.346590,5
685,,P2X,Discmania,4,713,,Peak,Latitude 64,0.406265,5
685,,P2X,Discmania,5,479,,Joy,Discraft,0.427013,5
686,,P3 (OOP),Discmania,1,181,,Classic Roc,Innova,0.277987,5
686,,P3 (OOP),Discmania,2,609,,Mirage,Innova,0.539719,5
686,,P3 (OOP),Discmania,3,948,,Summit,Vibram,0.622728,5
686,,P3 (OOP),Discmania,4,81,,Axe,Viking,0.682864,5
686,,P3 (OOP),Discmania,5,645,,Notion,Discmania,0.682864,5
687,,P3X,Discmania,1,497,,Khan,Innova,0.277987,5
687,,P3X,Discmania,2,793,,Raze,Infinite Discs,0.361625,5
687,,P3X,Discmania,3,671,,Origo,Prodiscus,0.373285,5
687,,P3X,Discmania,4,459,,Inner Core,Trash Panda,0.424396,5
687,,P3X,Discmania,5,464,,Invader,Innova,0.427013,5
688,,P4,Discmania,1,971,,Tactic,Discmania,0.227085,5
688,,P4,Discmania,2,284,,Dune,Trash Panda,0.373285,5
688,,P4,Discmania,3,472,,Jarn,Kastaplast,0.456124,5
688,,P4,Discmania,4,1045,,Uplink,Axiom Discs,0.456124,5
688,,P4,Discmania,5,580,,Mango,Clash Discs,0.499118,5
690,,PA1,Prodigy,1,693,,PA4,Prodigy,0.000000,5
690,,PA1,Prodigy,2,699,,PX-3,Prodigy,0.000000,5
690,,PA1,Prodigy,3,732,,Pickle,Mint Discs,0.000000,5
690,,PA1,Prodigy,4,744,,Pneuma,Thought Space Athletics,0.000000,5
690,,PA1,Prodigy,5,612,,Mobius,EV-7,0.373285,5
691,,PA2,Prodigy,1,612,,Mobius,EV-7,0.000000,5
691,,PA2,Prodigy,2,835,,Rot,Doomsday Discs,0.000000,5
691,,PA2,Prodigy,3,904,,Sonar,DGA,0.000000,5
691,,PA2,Prodigy,4,106,,Berg X,Kastaplast,0.346590,5
691,,PA2,Prodigy,5,69,,Atom,MVP,0.346590,5
692,,PA3,Prodigy,1,167,,Challenger SS,Discraft,0.406265,5
692,,PA3,Prodigy,2,435,,Horny Toad,Lone Star Discs,0.416858,5
692,,PA3,Prodigy,3,510,,Kratos,Discraft,0.416858,5
692,,PA3,Prodigy,4,541,,Luna,Discraft,0.416858,5
692,,PA3,Prodigy,5,589,,Marvel,Birdie,0.416858,5
693,,PA4,Prodigy,1,690,,PA1,Prodigy,0.000000,5
693,,PA4,Prodigy,2,699,,PX-3,Prodigy,0.000000,5
693,,PA4,Prodigy,3,732,,Pickle,Mint Discs,0.000000,5
693,,PA4,Prodigy,4,744,,Pneuma,Thought Space Athletics,0.000000,5
693,,PA4,Prodigy,5,612,,Mobius,EV-7,0.373285,5
695,,PD,Discmania,1,736,,Pioneer,Latitude 64,0.000000,5
695,,PD,Discmania,2,751,,Power Disc (Phantom Sword),Innova,0.000000,5
695,,PD,Discmania,3,833,,Roman,Infinite Discs,0.000000,5
695,,PD,Discmania,4,730,,Phoenix,Mint Discs,0.227085,5
695,,PD,Discmania,5,90,,Banshee,Innova,0.346590,5
696,,PD2,Discmania,1,398,,Growler,Lone Star Discs,0.185145,5
696,,PD2,Discmania,2,756,,Prince,Westside Discs,0.185145,5
696,,PD2,Discmania,3,944,,Strive,Latitude 64,0.277987,5
696,,PD2,Discmania,4,1114,,X2,Prodigy,0.277987,5
696,,PD2,Discmania,5,295,,Enforcer,Dynamic Discs,0.346590,5
697,,PD3 (OOP),Discmania,1,893,,Slayer,Gateway,0.277987,5
697,,PD3 (OOP),Discmania,2,222,,Cutlass,Latitude 64,0.361625,5
697,,PD3 (OOP),Discmania,3,332,,Famine,Doomsday Discs,0.361625,5
697,,PD3 (OOP),Discmania,4,226,,Czar,Infinite Discs,0.373285,5
697,,PD3 (OOP),Discmania,5,842,,Sabot,Millennium,0.373285,5
698,,PDx (OOP),Discmania,1,1131,,Yeet,Hooligan Discs,0.277987,5
698,,PDx (OOP),Discmania,2,32,,Amphibian,Gateway,0.277987,5
698,,PDx (OOP),Discmania,3,850,,Sampo,Westside Discs,0.373285,5
698,,PDx (OOP),Discmania,4,593,,Max (OOP),Innova,0.427013,5
698,,PDx (OOP),Discmania,5,49,,Aquarius,Millennium,0.427013,5
699,,PX-3,Prodigy,1,690,,PA1,Prodigy,0.000000,5
699,,PX-3,Prodigy,2,693,,PA4,Prodigy,0.000000,5
699,,PX-3,Prodigy,3,732,,Pickle,Mint Discs,0.000000,5
699,,PX-3,Prodigy,4,744,,Pneuma,Thought Space Athletics,0.000000,5
699,,PX-3,Prodigy,5,612,,Mobius,EV-7,0.373285,5
700,,Pace,Finish Line,1,825,,Roach,Discraft,0.000000,5
700,,Pace,Finish Line,2,166,,Challenger OS,Discraft,0.207360,5
700,,Pace,Finish Line,3,27,,Alpaca,Infinite Discs,0.227085,5
700,,Pace,Finish Line,4,1096,,Whale,Innova,0.227085,5
700,,Pace,Finish Line,5,469,,Jack Rabbit,Lone Star Discs,0.277987,5
701,,Panic,Axiom Discs,1,397,,Groove,Innova,0.000000,5
701,,Panic,Axiom Discs,2,655,,Octane,MVP,0.000000,5
701,,Panic,Axiom Discs,3,860,,Scorpius,Millennium,0.000000,5
701,,Panic,Axiom Discs,4,291,,Emperor,Infinite Discs,0.227085,5
701,,Panic,Axiom Discs,5,366,,G-One,Gateway,0.227085,5
702,,Panther,Innova,1,609,,Mirage,Innova,0.555974,5
702,,Panther,Innova,2,574,,Malita,Discraft,0.594443,5
702,,Panther,Innova,3,888,,Skeeter,Innova,0.689110,5
702,,Panther,Innova,4,28,,Alpas,Divergent,0.752388,5
702,,Panther,Innova,5,42,,Anvil,Westside Discs,0.770657,5
703,,Parachute,Streamline,1,383,,Glitch,MVP,0.000000,5
703,,Parachute,Streamline,2,739,,Pitch,Axiom Discs,0.000000,5
703,,Parachute,Streamline,3,814,,Ridge,Vibram,0.456124,5
703,,Parachute,Streamline,4,908,,Sparta,Prodiscus,0.616353,5
703,,Parachute,Streamline,5,182,,Claws,Yikun,0.719632,5
704,,Paradigm,Discmania,1,281,,Drive,Discraft,0.000000,5
704,,Paradigm,Discmania,2,809,,Requiem,Thought Space Athletics,0.000000,5
704,,Paradigm,Discmania,3,1000,,Thrasher,Discraft,0.000000,5
704,,Paradigm,Discmania,4,577,,Mamba,Innova,0.092572,5
704,,Paradigm,Discmania,5,31,,Alva,Kastaplast,0.227085,5
705,,Paradox,Axiom Discs,1,922,,Squall,DGA,0.277717,5
705,,Paradox,Axiom Discs,2,529,,Lobster,Mint Discs,0.346590,5
705,,Paradox,Axiom Discs,3,434,,Hornet,Discraft,0.462623,5
705,,Paradox,Axiom Discs,4,1090,,Wasp,Discraft,0.500896,5
705,,Paradox,Axiom Discs,5,707,,Pathfinder,Thought Space Athletics,0.578053,5
706,,Passion,Discraft,1,927,,Stalker,Discraft,0.227085,5
706,,Passion,Discraft,2,158,,Cardinal,Stokely Discs,0.557974,5
706,,Passion,Discraft,3,774,,Quake,DGA,0.680543,5
706,,Passion,Discraft,4,820,,Rise,Birdie,0.723946,5
706,,Passion,Discraft,5,178,,Cicada,Discraft,0.774736,5
707,,Pathfinder,Thought Space Athletics,1,711,,Peace Train,Jester Disc Golf,0.000000,5
707,,Pathfinder,Thought Space Athletics,2,796,,Reactor,MVP,0.373285,5
707,,Pathfinder,Thought Space Athletics,3,625,,Mustang,Mint Discs,0.462623,5
707,,Pathfinder,Thought Space Athletics,4,529,,Lobster,Mint Discs,0.462623,5
707,,Pathfinder,Thought Space Athletics,5,922,,Squall,DGA,0.506970,5
708,,Patriot,Legacy,1,322,,FD2 (OOP),Discmania,0.000000,5
708,,Patriot,Legacy,2,384,,Glory,Latitude 64,0.000000,5
708,,Patriot,Legacy,3,451,,Idog,Kastaplast,0.000000,5
708,,Patriot,Legacy,4,864,,Seer,Westside Discs,0.092572,5
708,,Patriot,Legacy,5,592,,Maverick,Dynamic Discs,0.277987,5
709,,Patrol,Dynamic Discs,1,98,,Bearkat,Lone Star Discs,0.277987,5
709,,Patrol,Dynamic Discs,2,960,,Swarm,Discraft,0.277987,5
709,,Patrol,Dynamic Discs,3,820,,Rise,Birdie,0.373285,5
709,,Patrol,Dynamic Discs,4,473,,Jay,Innova,0.498296,5
709,,Patrol,Dynamic Discs,5,1027,,Truth,Dynamic Discs,0.515352,5
710,,Peace Frog,AquaFlight,1,165,,Challenger,Discraft,0.092572,5
710,,Peace Frog,AquaFlight,2,223,,Cyber Putter,Doomsday Discs,0.471794,5
710,,Peace Frog,AquaFlight,3,840,,Ruru,RPM,0.498296,5
710,,Peace Frog,AquaFlight,4,402,,Guard,Dynamic Discs,0.506970,5
710,,Peace Frog,AquaFlight,5,1086,,Warlock,Gateway,0.587190,5
711,,Peace Train,Jester Disc Golf,1,707,,Pathfinder,Thought Space Athletics,0.000000,5
711,,Peace Train,Jester Disc Golf,2,796,,Reactor,MVP,0.373285,5
711,,Peace Train,Jester Disc Golf,3,625,,Mustang,Mint Discs,0.462623,5
711,,Peace Train,Jester Disc Golf,4,529,,Lobster,Mint Discs,0.462623,5
711,,Peace Train,Jester Disc Golf,5,922,,Squall,DGA,0.506970,5
712,,Peach,Clash Discs,1,434,,Hornet,Discraft,0.500896,5
712,,Peach,Clash Discs,2,479,,Joy,Discraft,0.580554,5
712,,Peach,Clash Discs,3,529,,Lobster,Mint Discs,0.587190,5
712,,Peach,Clash Discs,4,922,,Squall,DGA,0.622728,5
712,,Peach,Clash Discs,5,382,,Glide,Discraft,0.622728,5
713,,Peak,Latitude 64,1,479,,Joy,Discraft,0.346590,5
713,,Peak,Latitude 64,2,531,,Logic,Discmania,0.373285,5
713,,Peak,Latitude 64,3,685,,P2X,Discmania,0.406265,5
713,,Peak,Latitude 64,4,946,,Stud,Innova,0.406265,5
713,,Peak,Latitude 64,5,812,,Rhyno,Innova,0.427013,5
714,,Pearl,Latitude 64,1,626,,Mutant,Discmania,0.456124,5
714,,Pearl,Latitude 64,2,143,,Buzzz OS,Discraft,0.629571,5
714,,Pearl,Latitude 64,3,211,,Crisis,Doomsday Discs,0.629571,5
714,,Pearl,Latitude 64,4,950,,Supra,Finish Line,0.680543,5
714,,Pearl,Latitude 64,5,1090,,Wasp,Discraft,0.682864,5
715,,Pegasus,Innova,1,172,,Chemtrail,Doomsday Discs,0.373285,5
715,,Pegasus,Innova,2,133,,Brazos,Lone Star Discs,0.416858,5
715,,Pegasus,Innova,3,309,,Explorer,Latitude 64,0.416858,5
715,,Pegasus,Innova,4,126,,Bokeh,Axiom Discs,0.427013,5
715,,Pegasus,Innova,5,321,,FD1,Discmania,0.427013,5
716,,Pekapeka,RPM,1,353,,Fortress,Westside Discs,0.000000,5
716,,Pekapeka,RPM,2,921,,Spur,Lone Star Discs,0.000000,5
716,,Pekapeka,RPM,3,879,,Shift,Streamline,0.227085,5
716,,Pekapeka,RPM,4,290,,Elm,Above Ground Level,0.227085,5
716,,Pekapeka,RPM,5,470,,Jackalope,Mint Discs,0.227085,5
717,,Pelican,AquaFlight,1,1064,,View,Yikun,0.092572,5
717,,Pelican,AquaFlight,2,367,,Galleon,Infinite Discs,0.373285,5
717,,Pelican,AquaFlight,3,43,,Apache (OOP),Gateway,0.373285,5
717,,Pelican,AquaFlight,4,44,,Apache (retooled),Gateway,0.373285,5
717,,Pelican,AquaFlight,5,847,,Saint Pro,Latitude 64,0.456124,5
718,,Penny Putter (Premium),Lone Star Discs,1,719,,Penny Putter (Victor),Lone Star Discs,0.000000,5
718,,Penny Putter (Premium),Lone Star Discs,2,914,,Spin,MVP,0.000000,5
718,,Penny Putter (Premium),Lone Star Discs,3,985,,Telos,EV-7,0.227085,5
718,,Penny Putter (Premium),Lone Star Discs,4,104,,Benny,Lone Star Discs,0.373285,5
718,,Penny Putter (Premium),Lone Star Discs,5,897,,Sockibomb Slammer,Dynamic Discs,0.416858,5
719,,Penny Putter (Victor),Lone Star Discs,1,718,,Penny Putter (Premium),Lone Star Discs,0.000000,5
719,,Penny Putter (Victor),Lone Star Discs,2,914,,Spin,MVP,0.000000,5
719,,Penny Putter (Victor),Lone Star Discs,3,985,,Telos,EV-7,0.227085,5
719,,Penny Putter (Victor),Lone Star Discs,4,104,,Benny,Lone Star Discs,0.373285,5
719,,Penny Putter (Victor),Lone Star Discs,5,897,,Sockibomb Slammer,Dynamic Discs,0.416858,5
720,,Penrose,EV-7,1,749,,Ponderosa,Above Ground Level,0.227085,5
720,,Penrose,EV-7,2,250,,Dagger,Latitude 64,0.277987,5
720,,Penrose,EV-7,3,341,,Firefly,Innova,0.277987,5
720,,Penrose,EV-7,4,675,,Outer Core,Trash Panda,0.361625,5
720,,Penrose,EV-7,5,973,,Takapu,RPM,0.361625,5
721,,Pepper,Clash Discs,1,214,,Crockett,Lone Star Discs,0.615687,5
721,,Pepper,Clash Discs,2,819,,Riptide,DGA,0.680543,5
721,,Pepper,Clash Discs,3,910,,Speed Demon,Gateway,0.689110,5
721,,Pepper,Clash Discs,4,844,,Sage,Clash Discs,0.724503,5
721,,Pepper,Clash Discs,5,274,,Dos X,Lone Star Discs,0.742336,5
722,,Peppermint,Clash Discs,1,559,,MX-2,Prodigy,0.000000,5
722,,Peppermint,Clash Discs,2,1014,,Toro,Innova,0.227085,5
722,,Peppermint,Clash Discs,3,150,,Caiman,Innova,0.406265,5
722,,Peppermint,Clash Discs,4,389,,Golem,Other,0.499118,5
722,,Peppermint,Clash Discs,5,370,,Gator3,Innova,0.578053,5
723,,Peregrine,Stokely Discs,1,227,,D Model OS,Prodigy,0.185145,5
723,,Peregrine,Stokely Discs,2,463,,Interval,Finish Line,0.373285,5
723,,Peregrine,Stokely Discs,3,1055,,Vanish,Axiom Discs,0.373285,5
723,,Peregrine,Stokely Discs,4,255,,Defy,Axiom Discs,0.406265,5
723,,Peregrine,Stokely Discs,5,766,,Punisher,Discraft,0.406265,5
724,,Persona,Thought Space Athletics,1,635,,Nice!,Other,0.277987,5
724,,Persona,Thought Space Athletics,2,279,,Dream Weaver,Jester Disc Golf,0.406265,5
724,,Persona,Thought Space Athletics,3,414,,Hallux,Discraft,0.555974,5
724,,Persona,Thought Space Athletics,4,179,,Cigarra,Discraft,0.594443,5
724,,Persona,Thought Space Athletics,5,534,,Longbowman,Westside Discs,0.681848,5
725,,Pestilence,Doomsday Discs,1,296,,Engine,Streamline,0.092572,5
725,,Pestilence,Doomsday Discs,2,70,,Aura,Gateway,0.227085,5
725,,Pestilence,Doomsday Discs,3,776,,Queen,Westside Discs,0.227085,5
725,,Pestilence,Doomsday Discs,4,795,,Reach,Birdie,0.227085,5
725,,Pestilence,Doomsday Discs,5,782,,Raider,Dynamic Discs,0.277987,5
726,,Pharaoh,Infinite Discs,1,273,,Dominator (OOP),Innova,0.277987,5
726,,Pharaoh,Infinite Discs,2,731,,Photon,MVP,0.277987,5
726,,Pharaoh,Infinite Discs,3,1092,,Wave,MVP,0.277987,5
726,,Pharaoh,Infinite Discs,4,667,,Orbital,MVP,0.346590,5
726,,Pharaoh,Infinite Discs,5,727,,Phase,MVP,0.346590,5
727,,Phase,MVP,1,667,,Orbital,MVP,0.000000,5
727,,Phase,MVP,2,731,,Photon,MVP,0.092572,5
727,,Phase,MVP,3,1092,,Wave,MVP,0.092572,5
727,,Phase,MVP,4,726,,Pharaoh,Infinite Discs,0.346590,5
727,,Phase,MVP,5,654,,Oblivion,Doomsday Discs,0.361625,5
728,,Phenom,Legacy,1,1072,,Votum,Thought Space Athletics,0.185145,5
728,,Phenom,Legacy,2,74,,Avenger,Discraft,0.346590,5
728,,Phenom,Legacy,3,962,,Swift Fox,Daredevil Discs,0.373285,5
728,,Phenom,Legacy,4,424,,Hawkeye,Innova,0.406265,5
728,,Phenom,Legacy,5,375,,Genius,Discmania,0.416858,5
729,,Phi,EV-7,1,168,,Champ,Climo Disc Golf,0.092572,5
729,,Phi,EV-7,2,700,,Pace,Finish Line,0.361625,5
729,,Phi,EV-7,3,825,,Roach,Discraft,0.361625,5
729,,Phi,EV-7,4,166,,Challenger OS,Discraft,0.416858,5
729,,Phi,EV-7,5,27,,Alpaca,Infinite Discs,0.427013,5
730,,Phoenix,Mint Discs,1,695,,PD,Discmania,0.227085,5
730,,Phoenix,Mint Discs,2,736,,Pioneer,Latitude 64,0.227085,5
730,,Phoenix,Mint Discs,3,751,,Power Disc (Phantom Sword),Innova,0.227085,5
730,,Phoenix,Mint Discs,4,833,,Roman,Infinite Discs,0.227085,5
730,,Phoenix,Mint Discs,5,869,,Sergeant,Dynamic Discs,0.277987,5
731,,Photon,MVP,1,1092,,Wave,MVP,0.000000,5
731,,Photon,MVP,2,667,,Orbital,MVP,0.092572,5
731,,Photon,MVP,3,727,,Phase,MVP,0.092572,5
731,,Photon,MVP,4,726,,Pharaoh,Infinite Discs,0.277987,5
731,,Photon,MVP,5,654,,Oblivion,Doomsday Discs,0.373285,5
732,,Pickle,Mint Discs,1,690,,PA1,Prodigy,0.000000,5
732,,Pickle,Mint Discs,2,693,,PA4,Prodigy,0.000000,5
732,,Pickle,Mint Discs,3,699,,PX-3,Prodigy,0.000000,5
732,,Pickle,Mint Discs,4,744,,Pneuma,Thought Space Athletics,0.000000,5
732,,Pickle,Mint Discs,5,612,,Mobius,EV-7,0.373285,5
733,,Pig,Innova,1,212,,Cro,Innova,0.515352,5
733,,Pig,Innova,2,213,,Croc,Innova,0.594443,5
733,,Pig,Innova,3,443,,Hydra,Innova,0.594443,5
733,,Pig,Innova,4,251,,Dart,Innova,0.723275,5
733,,Pig,Innova,5,298,,Entropy,MVP,0.723275,5
734,,Pilot,Streamline,1,464,,Invader,Innova,0.000000,5
734,,Pilot,Streamline,2,527,,Link,Discmania,0.000000,5
734,,Pilot,Streamline,3,659,,Ohm,MVP,0.000000,5
734,,Pilot,Streamline,4,671,,Origo,Prodiscus,0.207360,5
734,,Pilot,Streamline,5,793,,Raze,Infinite Discs,0.227085,5
735,,Pine,Westside Discs,1,94,,Bard,Westside Discs,0.092572,5
735,,Pine,Westside Discs,2,547,,M3,Prodigy,0.277987,5
735,,Pine,Westside Discs,3,560,,MX-3,Prodigy,0.277987,5
735,,Pine,Westside Discs,4,555,,MD4,Discmania,0.499118,5
735,,Pine,Westside Discs,5,553,,MD3,Discmania,0.500896,5
736,,Pioneer,Latitude 64,1,695,,PD,Discmania,0.000000,5
736,,Pioneer,Latitude 64,2,751,,Power Disc (Phantom Sword),Innova,0.000000,5
736,,Pioneer,Latitude 64,3,833,,Roman,Infinite Discs,0.000000,5
736,,Pioneer,Latitude 64,4,730,,Phoenix,Mint Discs,0.227085,5
736,,Pioneer,Latitude 64,5,90,,Banshee,Innova,0.346590,5
737,,Pipeline,DGA,1,317,,F7,Prodigy,0.361625,5
737,,Pipeline,DGA,2,67,,Athena,Discraft,0.373285,5
737,,Pipeline,DGA,3,313,,F1,Prodigy,0.373285,5
737,,Pipeline,DGA,4,314,,F2,Prodigy,0.373285,5
737,,Pipeline,DGA,5,315,,F3,Prodigy,0.373285,5
739,,Pitch,Axiom Discs,1,383,,Glitch,MVP,0.000000,5
739,,Pitch,Axiom Discs,2,703,,Parachute,Streamline,0.000000,5
739,,Pitch,Axiom Discs,3,814,,Ridge,Vibram,0.456124,5
739,,Pitch,Axiom Discs,4,908,,Sparta,Prodiscus,0.616353,5
739,,Pitch,Axiom Discs,5,182,,Claws,Yikun,0.719632,5
740,,Pivot,Prodigy,1,122,,Bluebonnet,Lone Star Discs,0.092572,5
740,,Pivot,Prodigy,2,39,,Animal,Innova,0.456124,5
740,,Pivot,Prodigy,3,176,,Chief OS,Gateway,0.456124,5
740,,Pivot,Prodigy,4,1145,,Zone,Discraft,0.539719,5
740,,Pivot,Prodigy,5,422,,Hawg,Innova,0.649668,5
741,,Piwakawaka,RPM,1,569,,Magnolia,Above Ground Level,0.277987,5
741,,Piwakawaka,RPM,2,1079,,Walrus,Daredevil Discs,0.471794,5
741,,Piwakawaka,RPM,3,201,,Core,Latitude 64,0.500896,5
741,,Piwakawaka,RPM,4,581,,Manta,Innova,0.539719,5
741,,Piwakawaka,RPM,5,103,,Belleair,Climo Disc Golf,0.681848,5
742,,Pixel,Axiom Discs,1,61,,Artifact,Infinite Discs,0.092572,5
742,,Pixel,Axiom Discs,2,684,,P2,Discmania,0.092572,5
742,,Pixel,Axiom Discs,3,857,,Scarab,Infinite Discs,0.092572,5
742,,Pixel,Axiom Discs,4,597,,Mercy,Latitude 64,0.207360,5
742,,Pixel,Axiom Discs,5,629,,Myth,Infinite Discs,0.227085,5
743,,Plague,Doomsday Discs,1,295,,Enforcer,Dynamic Discs,0.000000,5
743,,Plague,Doomsday Discs,2,374,,General,Dynamic Discs,0.000000,5
743,,Plague,Doomsday Discs,3,399,,Grym (OOP),Kastaplast,0.000000,5
743,,Plague,Doomsday Discs,4,944,,Strive,Latitude 64,0.092572,5
743,,Plague,Doomsday Discs,5,1114,,X2,Prodigy,0.092572,5
744,,Pneuma,Thought Space Athletics,1,690,,PA1,Prodigy,0.000000,5
744,,Pneuma,Thought Space Athletics,2,693,,PA4,Prodigy,0.000000,5
744,,Pneuma,Thought Space Athletics,3,699,,PX-3,Prodigy,0.000000,5
744,,Pneuma,Thought Space Athletics,4,732,,Pickle,Mint Discs,0.000000,5
744,,Pneuma,Thought Space Athletics,5,612,,Mobius,EV-7,0.373285,5
745,,Polar Bear,Daredevil Discs,1,601,,Meteor Hammer,Yikun,0.092572,5
745,,Polar Bear,Daredevil Discs,2,1124,,Xero,Innova,0.092572,5
745,,Polar Bear,Daredevil Discs,3,682,,P1,Discmania,0.207360,5
745,,Polar Bear,Daredevil Discs,4,1107,,Woodchuck,Daredevil Discs,0.207360,5
745,,Polar Bear,Daredevil Discs,5,259,,Deputy,Dynamic Discs,0.277987,5
746,,Polaris LF (OOP),Millennium,1,747,,Polaris LS,Millennium,0.000000,5
746,,Polaris LF (OOP),Millennium,2,318,,F9,Prodigy,0.555974,5
746,,Polaris LF (OOP),Millennium,3,461,,Instinct,Discmania,0.616353,5
746,,Polaris LF (OOP),Millennium,4,592,,Maverick,Dynamic Discs,0.629571,5
746,,Polaris LF (OOP),Millennium,5,647,,Nuance,Thought Space Athletics,0.629571,5
747,,Polaris LS,Millennium,1,746,,Polaris LF (OOP),Millennium,0.000000,5
747,,Polaris LS,Millennium,2,318,,F9,Prodigy,0.555974,5
747,,Polaris LS,Millennium,3,461,,Instinct,Discmania,0.616353,5
747,,Polaris LS,Millennium,4,592,,Maverick,Dynamic Discs,0.629571,5
747,,Polaris LS,Millennium,5,647,,Nuance,Thought Space Athletics,0.629571,5
749,,Ponderosa,Above Ground Level,1,250,,Dagger,Latitude 64,0.092572,5
749,,Ponderosa,Above Ground Level,2,341,,Firefly,Innova,0.092572,5
749,,Ponderosa,Above Ground Level,3,720,,Penrose,EV-7,0.227085,5
749,,Ponderosa,Above Ground Level,4,566,,Magic,Gateway,0.361625,5
749,,Ponderosa,Above Ground Level,5,742,,Pixel,Axiom Discs,0.373285,5
750,,Popcorn,Clash Discs,1,908,,Sparta,Prodiscus,0.622728,5
750,,Popcorn,Clash Discs,2,80,,AviarX3,Innova,0.629571,5
750,,Popcorn,Clash Discs,3,687,,P3X,Discmania,0.794578,5
750,,Popcorn,Clash Discs,4,497,,Khan,Innova,0.800046,5
750,,Popcorn,Clash Discs,5,459,,Inner Core,Trash Panda,0.821189,5
751,,Power Disc (Phantom Sword),Innova,1,695,,PD,Discmania,0.000000,5
751,,Power Disc (Phantom Sword),Innova,2,736,,Pioneer,Latitude 64,0.000000,5
751,,Power Disc (Phantom Sword),Innova,3,833,,Roman,Infinite Discs,0.000000,5
751,,Power Disc (Phantom Sword),Innova,4,730,,Phoenix,Mint Discs,0.227085,5
751,,Power Disc (Phantom Sword),Innova,5,90,,Banshee,Innova,0.346590,5
752,,Power Disc2,Innova,1,169,,Charger,Innova,0.000000,5
752,,Power Disc2,Innova,2,779,,Racer,Innova,0.000000,5
752,,Power Disc2,Innova,3,1118,,XCaliber,Innova,0.000000,5
752,,Power Disc2,Innova,4,232,,D2,Prodigy,0.092572,5
752,,Power Disc2,Innova,5,1141,,Zeus,Discraft,0.092572,5
753,,Praxis,Thought Space Athletics,1,1147,,Zone OS,Discraft,0.092572,5
753,,Praxis,Thought Space Athletics,2,924,,Stabilizer,Streamline,0.207360,5
753,,Praxis,Thought Space Athletics,3,504,,Koi,Elevation Disc Golf,0.416858,5
753,,Praxis,Thought Space Athletics,4,472,,Jarn,Kastaplast,0.416858,5
753,,Praxis,Thought Space Athletics,5,389,,Golem,Other,0.462623,5
754,,Precision,Stokely Discs,1,151,,Candy,Clash Discs,0.629571,5
754,,Precision,Stokely Discs,2,1137,,Zeal,Other,0.808640,5
754,,Precision,Stokely Discs,3,881,,Shogun,Discmania,0.855568,5
754,,Precision,Stokely Discs,4,902,,Sole,Vibram,0.972634,5
754,,Precision,Stokely Discs,5,329,,Faith,Latitude 64,1.111743,5
755,,Predator,Discraft,1,582,,Mantis,Discraft,0.000000,5
755,,Predator,Discraft,2,678,,Ozone,Trash Panda,0.000000,5
755,,Predator,Discraft,3,575,,Malm,Kastaplast,0.227085,5
755,,Predator,Discraft,4,304,,Evader,Dynamic Discs,0.227085,5
755,,Predator,Discraft,5,461,,Instinct,Discmania,0.277987,5
756,,Prince,Westside Discs,1,398,,Growler,Lone Star Discs,0.000000,5
756,,Prince,Westside Discs,2,696,,PD2,Discmania,0.185145,5
756,,Prince,Westside Discs,3,944,,Strive,Latitude 64,0.207360,5
756,,Prince,Westside Discs,4,1114,,X2,Prodigy,0.207360,5
756,,Prince,Westside Discs,5,295,,Enforcer,Dynamic Discs,0.227085,5
757,,Procyon,Trash Panda,1,1081,,War Horse,Westside Discs,0.000000,5
757,,Procyon,Trash Panda,2,430,,Hellfire,DGA,0.092572,5
757,,Procyon,Trash Panda,3,232,,D2,Prodigy,0.227085,5
757,,Procyon,Trash Panda,4,1141,,Zeus,Discraft,0.227085,5
757,,Procyon,Trash Panda,5,169,,Charger,Innova,0.277987,5
758,,Profit,Mint Discs,1,466,,Ion,MVP,0.373285,5
758,,Profit,Mint Discs,2,1132,,Yellow Rose,Lone Star Discs,0.471794,5
758,,Profit,Mint Discs,3,588,,Marshal,Dynamic Discs,0.615687,5
758,,Profit,Mint Discs,4,623,,Muse,Thought Space Athletics,0.629571,5
758,,Profit,Mint Discs,5,104,,Benny,Lone Star Discs,0.682864,5
759,,Prophecy,Gateway,1,631,,Nautilus,Neptune Discs,0.227085,5
759,,Prophecy,Gateway,2,920,,Spruce,Above Ground Level,0.373285,5
759,,Prophecy,Gateway,3,498,,Khonsu,Infinite Discs,0.427013,5
759,,Prophecy,Gateway,4,997,,The Eye,Storm,0.506970,5
759,,Prophecy,Gateway,5,473,,Jay,Innova,0.752388,5
760,,Prowler,Legacy,1,5,,Great Horned Owl,Daredevil Discs,0.277987,5
760,,Prowler,Legacy,2,186,,Clozer,Legacy,0.462623,5
760,,Prowler,Legacy,3,803,,Reef,DGA,0.462623,5
760,,Prowler,Legacy,4,866,,Sensei,Discmania,0.649668,5
760,,Prowler,Legacy,5,917,,Splash,Neptune Discs,0.680543,5
761,,Proxy,Axiom Discs,1,718,,Penny Putter (Premium),Lone Star Discs,0.462623,5
761,,Proxy,Axiom Discs,2,719,,Penny Putter (Victor),Lone Star Discs,0.462623,5
761,,Proxy,Axiom Discs,3,914,,Spin,MVP,0.462623,5
761,,Proxy,Axiom Discs,4,985,,Telos,EV-7,0.515352,5
761,,Proxy,Axiom Discs,5,104,,Benny,Lone Star Discs,0.594443,5
762,,Psychic,Elevation Disc Golf,1,1013,,Tombstone,Lone Star Discs,0.227085,5
762,,Psychic,Elevation Disc Golf,2,346,,Flick,Discraft,0.346590,5
762,,Psychic,Elevation Disc Golf,3,731,,Photon,MVP,0.462623,5
762,,Psychic,Elevation Disc Golf,4,1092,,Wave,MVP,0.462623,5
762,,Psychic,Elevation Disc Golf,5,667,,Orbital,MVP,0.471794,5
763,,Psyop,Doomsday Discs,1,912,,Sphinx,Infinite Discs,0.092572,5
763,,Psyop,Doomsday Discs,2,517,,Laseri,Prodiscus,0.185145,5
763,,Psyop,Doomsday Discs,3,854,,Savant,Innova,0.185145,5
763,,Psyop,Doomsday Discs,4,516,,Lark,Stokely Discs,0.227085,5
763,,Psyop,Doomsday Discs,5,358,,Frio,Lone Star Discs,0.277987,5
765,,Pulse,Discraft,1,636,,Nightjar,Disctroyer,0.361625,5
765,,Pulse,Discraft,2,108,,Berserker,Viking,0.689110,5
765,,Pulse,Discraft,3,267,,Diablo,Gateway,0.713653,5
765,,Pulse,Discraft,4,338,,Fighter,Legacy,0.713653,5
765,,Pulse,Discraft,5,583,,Mantra,Thought Space Athletics,0.713653,5
766,,Punisher,Discraft,1,255,,Defy,Axiom Discs,0.000000,5
766,,Punisher,Discraft,2,1002,,Thrill,Axiom Discs,0.000000,5
766,,Punisher,Discraft,3,463,,Interval,Finish Line,0.092572,5
766,,Punisher,Discraft,4,1055,,Vanish,Axiom Discs,0.092572,5
766,,Punisher,Discraft,5,342,,Firestorm,Innova,0.277987,5
767,,Pure,Latitude 64,1,892,,Slammer,Dynamic Discs,0.000000,5
767,,Pure,Latitude 64,2,804,,Reko,Kastaplast,0.092572,5
767,,Pure,Latitude 64,3,924,,Stabilizer,Streamline,0.424396,5
767,,Pure,Latitude 64,4,1031,,Tui,RPM,0.427013,5
767,,Pure,Latitude 64,5,386,,Gnome,Sacred Discs,0.462623,5
769,,Pursuit,Legacy,1,800,,Recluse,Legacy,0.000000,5
769,,Pursuit,Legacy,2,84,,Badger,Legacy,0.361625,5
769,,Pursuit,Legacy,3,288,,Echo,Streamline,0.406265,5
769,,Pursuit,Legacy,4,431,,Hex,Axiom Discs,0.456124,5
769,,Pursuit,Legacy,5,484,,Justice,Dynamic Discs,0.462623,5
770,,Putt'r,Discraft,1,840,,Ruru,RPM,0.578053,5
770,,Putt'r,Discraft,2,1086,,Warlock,Gateway,0.629571,5
770,,Putt'r,Discraft,3,919,,Spore,Discmania,0.878287,5
770,,Putt'r,Discraft,4,710,,Peace Frog,AquaFlight,0.952705,5
770,,Putt'r,Discraft,5,165,,Challenger,Discraft,0.966104,5
771,,Pyro,Axiom Discs,1,2,,1 Helix,Lightning,0.092572,5
771,,Pyro,Axiom Discs,2,84,,Badger,Legacy,0.427013,5
771,,Pyro,Axiom Discs,3,288,,Echo,Streamline,0.427013,5
771,,Pyro,Axiom Discs,4,625,,Mustang,Mint Discs,0.454171,5
771,,Pyro,Axiom Discs,5,431,,Hex,Axiom Discs,0.557974,5
772,,Python,Innova,1,643,,Northman,Westside Discs,0.838571,5
772,,Python,Innova,2,611,,Moab,Millennium,0.924291,5
772,,Python,Innova,3,1065,,Vigil,Crosslap,0.925246,5
772,,Python,Innova,4,706,,Passion,Discraft,1.058396,5
772,,Python,Innova,5,635,,Nice!,Other,1.108386,5
773,,Qi,Yikun,1,263,,Destiny,Westside Discs,0.092572,5
773,,Qi,Yikun,2,617,,Monstrosity,Doomsday Discs,0.092572,5
773,,Qi,Yikun,3,906,,Sorcerer,Westside Discs,0.185145,5
773,,Qi,Yikun,4,868,,Sequoia,Above Ground Level,0.227085,5
773,,Qi,Yikun,5,154,,Captain,Dynamic Discs,0.373285,5
774,,Quake,DGA,1,950,,Supra,Finish Line,0.346590,5
774,,Quake,DGA,2,1027,,Truth,Dynamic Discs,0.373285,5
774,,Quake,DGA,3,1061,,Verdict,Dynamic Discs,0.373285,5
774,,Quake,DGA,4,820,,Rise,Birdie,0.515352,5
774,,Quake,DGA,5,927,,Stalker,Discraft,0.539719,5
775,,Quasar,Millennium,1,649,,Nuke OS,Discraft,0.000000,5
775,,Quasar,Millennium,2,648,,Nuke,Discraft,0.092572,5
775,,Quasar,Millennium,3,1108,,World,Westside Discs,0.227085,5
775,,Quasar,Millennium,4,983,,Teedevil,Innova,0.277987,5
775,,Quasar,Millennium,5,128,,Boss,Innova,0.462623,5
776,,Queen,Westside Discs,1,70,,Aura,Gateway,0.000000,5
776,,Queen,Westside Discs,2,795,,Reach,Birdie,0.000000,5
776,,Queen,Westside Discs,3,225,,Cypress,Other,0.227085,5
776,,Queen,Westside Discs,4,725,,Pestilence,Doomsday Discs,0.227085,5
776,,Queen,Westside Discs,5,782,,Raider,Dynamic Discs,0.277717,5
777,,RA,Infinite Discs,1,886,,Silicon,Løft Discs,0.427013,5
777,,RA,Infinite Discs,2,507,,Kotuku,RPM,0.498296,5
777,,RA,Infinite Discs,3,837,,Ruin,Infinite Discs,0.500896,5
777,,RA,Infinite Discs,4,457,,Inca,Infinite Discs,0.539719,5
777,,RA,Infinite Discs,5,602,,Method,Discmania,0.539719,5
778,,RESPECTi,Prodiscus,1,901,,Solar Death Ray,Doomsday Discs,0.462623,5
778,,RESPECTi,Prodiscus,2,1019,,Trance,Axiom Discs,0.689110,5
778,,RESPECTi,Prodiscus,3,785,,Rally,Finish Line,0.689110,5
778,,RESPECTi,Prodiscus,4,302,,Essence,Discmania,0.737278,5
778,,RESPECTi,Prodiscus,5,841,,Sabertooth,Daredevil Discs,0.737278,5
779,,Racer,Innova,1,169,,Charger,Innova,0.000000,5
779,,Racer,Innova,2,752,,Power Disc2,Innova,0.000000,5
779,,Racer,Innova,3,1118,,XCaliber,Innova,0.000000,5
779,,Racer,Innova,4,232,,D2,Prodigy,0.092572,5
779,,Racer,Innova,5,1141,,Zeus,Discraft,0.092572,5
780,,Radar,Storm,1,27,,Alpaca,Infinite Discs,0.092572,5
780,,Radar,Storm,2,1096,,Whale,Innova,0.092572,5
780,,Radar,Storm,3,166,,Challenger OS,Discraft,0.185145,5
780,,Radar,Storm,4,660,,Omega,Millennium,0.277987,5
780,,Radar,Storm,5,700,,Pace,Finish Line,0.277987,5
781,,Ragnarok,Viking,1,220,,Culverin,Latitude 64,0.515352,5
781,,Ragnarok,Viking,2,301,,Escape,Dynamic Discs,0.649668,5
781,,Ragnarok,Viking,3,412,,H7,Prodigy,0.770657,5
781,,Ragnarok,Viking,4,29,,Alpha,Mint Discs,0.821189,5
781,,Ragnarok,Viking,5,923,,Squid,Neptune Discs,0.833378,5
782,,Raider,Dynamic Discs,1,296,,Engine,Streamline,0.227085,5
782,,Raider,Dynamic Discs,2,70,,Aura,Gateway,0.277717,5
782,,Raider,Dynamic Discs,3,776,,Queen,Westside Discs,0.277717,5
782,,Raider,Dynamic Discs,4,795,,Reach,Birdie,0.277717,5
782,,Raider,Dynamic Discs,5,725,,Pestilence,Doomsday Discs,0.277987,5
783,,Rainmaker,Discmania,1,30,,Alter,Thought Space Athletics,0.000000,5
783,,Rainmaker,Discmania,2,433,,Hope,Latitude 64,0.000000,5
783,,Rainmaker,Discmania,3,538,,Love,Jester Disc Golf,0.000000,5
783,,Rainmaker,Discmania,4,259,,Deputy,Dynamic Discs,0.092572,5
783,,Rainmaker,Discmania,5,1085,,Warden,Dynamic Discs,0.092572,5
784,,Raketen (OOP),Latitude 64,1,86,,Ballista,Latitude 64,0.000000,5
784,,Raketen (OOP),Latitude 64,2,130,,Bowie,Lone Star Discs,0.000000,5
784,,Raketen (OOP),Latitude 64,3,127,,Bolt,Latitude 64,0.092572,5
784,,Raketen (OOP),Latitude 64,4,900,,Solace,Vibram,0.092572,5
784,,Raketen (OOP),Latitude 64,5,191,,Colossus,Innova,0.277987,5
785,,Rally,Finish Line,1,1019,,Trance,Axiom Discs,0.185145,5
785,,Rally,Finish Line,2,302,,Essence,Discmania,0.227085,5
785,,Rally,Finish Line,3,586,,Marlin,Neptune Discs,0.346590,5
785,,Rally,Finish Line,4,841,,Sabertooth,Daredevil Discs,0.346590,5
785,,Rally,Finish Line,5,262,,Desperado,Lone Star Discs,0.361625,5
786,,Ram,Innova,1,4,,1 Hyzer,Lightning,0.462623,5
786,,Ram,Innova,2,1067,,Viper,Innova,0.723275,5
786,,Ram,Innova,3,941,,Streak,Climo Disc Golf,0.805384,5
786,,Ram,Innova,4,735,,Pine,Westside Discs,0.833961,5
786,,Ram,Innova,5,94,,Bard,Westside Discs,0.898274,5
787,,Rampage,Legacy,1,152,,Cannon,Legacy,0.000000,5
787,,Rampage,Legacy,2,256,,Delirium,Axiom Discs,0.092572,5
787,,Rampage,Legacy,3,237,,D3 Max,Prodigy,0.277987,5
787,,Rampage,Legacy,4,270,,Dimension,MVP,0.373285,5
787,,Rampage,Legacy,5,491,,Katana,Innova,0.406265,5
788,,Range,Streamline,1,275,,Douglas Fir,Above Ground Level,0.000000,5
788,,Range,Streamline,2,570,,Maiden,Westside Discs,0.000000,5
788,,Range,Streamline,3,874,,Shaman,Gateway,0.000000,5
788,,Range,Streamline,4,192,,Colt,Innova,0.277987,5
788,,Range,Streamline,5,58,,Arowana,Elevation Disc Golf,0.373285,5
789,,Raptor,Discraft,1,582,,Mantis,Discraft,0.361625,5
789,,Raptor,Discraft,2,678,,Ozone,Trash Panda,0.361625,5
789,,Raptor,Discraft,3,755,,Predator,Discraft,0.361625,5
789,,Raptor,Discraft,4,575,,Malm,Kastaplast,0.427013,5
789,,Raptor,Discraft,5,304,,Evader,Dynamic Discs,0.427013,5
790,,Rask,Kastaplast,1,297,,Enigma,Discmania,0.092572,5
790,,Rask,Kastaplast,2,394,,Grace,Latitude 64,0.092572,5
790,,Rask,Kastaplast,3,154,,Captain,Dynamic Discs,0.227085,5
790,,Rask,Kastaplast,4,162,,Catapult,Westside Discs,0.227085,5
790,,Rask,Kastaplast,5,865,,Seguin,Lone Star Discs,0.227085,5
791,,Rat,Innova,1,192,,Colt,Innova,0.277987,5
791,,Rat,Innova,2,995,,The Crater,Storm,0.456124,5
791,,Rat,Innova,3,685,,P2X,Discmania,0.515352,5
791,,Rat,Innova,4,946,,Stud,Innova,0.515352,5
791,,Rat,Innova,5,888,,Skeeter,Innova,0.515352,5
793,,Raze,Infinite Discs,1,671,,Origo,Prodiscus,0.092572,5
793,,Raze,Infinite Discs,2,464,,Invader,Innova,0.227085,5
793,,Raze,Infinite Discs,3,527,,Link,Discmania,0.227085,5
793,,Raze,Infinite Discs,4,659,,Ohm,MVP,0.227085,5
793,,Raze,Infinite Discs,5,734,,Pilot,Streamline,0.227085,5
794,,Razeri,Prodiscus,1,342,,Firestorm,Innova,0.092572,5
794,,Razeri,Prodiscus,2,207,,Crank SS,Discraft,0.227085,5
794,,Razeri,Prodiscus,3,463,,Interval,Finish Line,0.277987,5
794,,Razeri,Prodiscus,4,1055,,Vanish,Axiom Discs,0.277987,5
794,,Razeri,Prodiscus,5,255,,Defy,Axiom Discs,0.346590,5
795,,Reach,Birdie,1,70,,Aura,Gateway,0.000000,5
795,,Reach,Birdie,2,776,,Queen,Westside Discs,0.000000,5
795,,Reach,Birdie,3,225,,Cypress,Other,0.227085,5
795,,Reach,Birdie,4,725,,Pestilence,Doomsday Discs,0.227085,5
795,,Reach,Birdie,5,782,,Raider,Dynamic Discs,0.277717,5
796,,Reactor,MVP,1,707,,Pathfinder,Thought Space Athletics,0.373285,5
796,,Reactor,MVP,2,711,,Peace Train,Jester Disc Golf,0.373285,5
796,,Reactor,MVP,3,576,,Malta,Discraft,0.427013,5
796,,Reactor,MVP,4,949,,Sumo,Legacy,0.456124,5
796,,Reactor,MVP,5,484,,Justice,Dynamic Discs,0.456124,5
797,,Realm,Gateway,1,303,,Ether,Gateway,0.000000,5
797,,Realm,Gateway,2,654,,Oblivion,Doomsday Discs,0.092572,5
797,,Realm,Gateway,3,669,,Orca,Wild Discs,0.277987,5
797,,Realm,Gateway,4,667,,Orbital,MVP,0.373285,5
797,,Realm,Gateway,5,727,,Phase,MVP,0.373285,5
798,,Reaper,Discraft,1,606,,Millet,Clash Discs,0.462623,5
798,,Reaper,Discraft,2,1074,,Vulture,Discraft,0.462623,5
798,,Reaper,Discraft,3,1100,,Wildcat,Discraft,0.500896,5
798,,Reaper,Discraft,4,943,,Striker,Latitude 64,0.539719,5
798,,Reaper,Discraft,5,178,,Cicada,Discraft,0.539719,5
799,,Rebel,Legacy,1,566,,Magic,Gateway,0.227085,5
799,,Rebel,Legacy,2,720,,Penrose,EV-7,0.361625,5
799,,Rebel,Legacy,3,749,,Ponderosa,Above Ground Level,0.427013,5
799,,Rebel,Legacy,4,250,,Dagger,Latitude 64,0.456124,5
799,,Rebel,Legacy,5,341,,Firefly,Innova,0.456124,5
800,,Recluse,Legacy,1,769,,Pursuit,Legacy,0.000000,5
800,,Recluse,Legacy,2,84,,Badger,Legacy,0.361625,5
800,,Recluse,Legacy,3,288,,Echo,Streamline,0.406265,5
800,,Recluse,Legacy,4,431,,Hex,Axiom Discs,0.456124,5
800,,Recluse,Legacy,5,484,,Justice,Dynamic Discs,0.462623,5
801,,Recon,Legacy,1,87,,Ballista Pro,Latitude 64,0.092572,5
801,,Recon,Legacy,2,18,,Aftermath,Legacy,0.227085,5
801,,Recon,Legacy,3,1116,,X4,Prodigy,0.277987,5
801,,Recon,Legacy,4,127,,Bolt,Latitude 64,0.361625,5
801,,Recon,Legacy,5,937,,Stiletto,Latitude 64,0.361625,5
802,,Redwood,Above Ground Level,1,185,,Cloudbreaker,Discmania,0.000000,5
802,,Redwood,Above Ground Level,2,405,,Guld,Kastaplast,0.000000,5
802,,Redwood,Above Ground Level,3,822,,Rive,Latitude 64,0.000000,5
802,,Redwood,Above Ground Level,4,851,,Samurai,Gateway,0.000000,5
802,,Redwood,Above Ground Level,5,202,,Corvette,Innova,0.185145,5
803,,Reef,DGA,1,186,,Clozer,Legacy,0.000000,5
803,,Reef,DGA,2,187,,Clutch,Legacy,0.462623,5
803,,Reef,DGA,3,440,,Hunter,Legacy,0.462623,5
803,,Reef,DGA,4,760,,Prowler,Legacy,0.462623,5
803,,Reef,DGA,5,917,,Splash,Neptune Discs,0.499118,5
804,,Reko,Kastaplast,1,767,,Pure,Latitude 64,0.092572,5
804,,Reko,Kastaplast,2,892,,Slammer,Dynamic Discs,0.092572,5
804,,Reko,Kastaplast,3,924,,Stabilizer,Streamline,0.346590,5
804,,Reko,Kastaplast,4,1147,,Zone OS,Discraft,0.454171,5
804,,Reko,Kastaplast,5,1031,,Tui,RPM,0.456124,5
805,,Reko X,Kastaplast,1,11,,A5,Prodigy,0.456124,5
805,,Reko X,Kastaplast,2,971,,Tactic,Discmania,0.471794,5
805,,Reko X,Kastaplast,3,836,,Ruby,Latitude 64,0.500896,5
805,,Reko X,Kastaplast,4,688,,P4,Discmania,0.539719,5
805,,Reko X,Kastaplast,5,681,,P Model US,Prodigy,0.594443,5
806,,Relativity,MVP,1,977,,Tantrum,Axiom Discs,0.000000,5
806,,Relativity,MVP,2,984,,Teleport,MVP,0.000000,5
806,,Relativity,MVP,3,161,,Catalyst,MVP,0.346590,5
806,,Relativity,MVP,4,233,,D2 Max,Prodigy,0.346590,5
806,,Relativity,MVP,5,292,,Empire,Prodiscus,0.346590,5
807,,Relay,MVP,1,885,,Signal,MVP,0.000000,5
807,,Relay,MVP,2,810,,Resistor,MVP,0.185145,5
807,,Relay,MVP,3,90,,Banshee,Innova,0.427013,5
807,,Relay,MVP,4,813,,Rhythm,Axiom Discs,0.427013,5
807,,Relay,MVP,5,672,,Orion LF,Millennium,0.499118,5
808,,Renegade,Dynamic Discs,1,310,,F Model OS,Prodigy,0.092572,5
808,,Renegade,Dynamic Discs,2,638,,Nimitz,Lone Star Discs,0.227085,5
808,,Renegade,Dynamic Discs,3,22,,Ahti,Westside Discs,0.277987,5
808,,Renegade,Dynamic Discs,4,241,,DD,Discmania,0.277987,5
808,,Renegade,Dynamic Discs,5,334,,Feedback,Prodigy,0.277987,5
809,,Requiem,Thought Space Athletics,1,281,,Drive,Discraft,0.000000,5
809,,Requiem,Thought Space Athletics,2,704,,Paradigm,Discmania,0.000000,5
809,,Requiem,Thought Space Athletics,3,1000,,Thrasher,Discraft,0.000000,5
809,,Requiem,Thought Space Athletics,4,577,,Mamba,Innova,0.092572,5
809,,Requiem,Thought Space Athletics,5,31,,Alva,Kastaplast,0.227085,5
810,,Resistor,MVP,1,807,,Relay,MVP,0.185145,5
810,,Resistor,MVP,2,885,,Signal,MVP,0.185145,5
810,,Resistor,MVP,3,672,,Orion LF,Millennium,0.424926,5
810,,Resistor,MVP,4,90,,Banshee,Innova,0.427013,5
810,,Resistor,MVP,5,813,,Rhythm,Axiom Discs,0.427013,5
812,,Rhyno,Innova,1,531,,Logic,Discmania,0.277987,5
812,,Rhyno,Innova,2,685,,P2X,Discmania,0.346590,5
812,,Rhyno,Innova,3,946,,Stud,Innova,0.346590,5
812,,Rhyno,Innova,4,501,,Knife,Viking,0.373285,5
812,,Rhyno,Innova,5,713,,Peak,Latitude 64,0.427013,5
813,,Rhythm,Axiom Discs,1,90,,Banshee,Innova,0.000000,5
813,,Rhythm,Axiom Discs,2,695,,PD,Discmania,0.346590,5
813,,Rhythm,Axiom Discs,3,736,,Pioneer,Latitude 64,0.346590,5
813,,Rhythm,Axiom Discs,4,751,,Power Disc (Phantom Sword),Innova,0.346590,5
813,,Rhythm,Axiom Discs,5,833,,Roman,Infinite Discs,0.346590,5
814,,Ridge,Vibram,1,383,,Glitch,MVP,0.456124,5
814,,Ridge,Vibram,2,703,,Parachute,Streamline,0.456124,5
814,,Ridge,Vibram,3,739,,Pitch,Axiom Discs,0.456124,5
814,,Ridge,Vibram,4,1132,,Yellow Rose,Lone Star Discs,0.499118,5
814,,Ridge,Vibram,5,351,,Focus,Discraft,0.539719,5
816,,Ringer,Discraft,1,948,,Summit,Vibram,0.587190,5
816,,Ringer,Discraft,2,1101,,Wings,Yikun,0.752388,5
816,,Ringer,Discraft,3,58,,Arowana,Elevation Disc Golf,0.805384,5
816,,Ringer,Discraft,4,190,,Cohort,Infinite Discs,0.805384,5
816,,Ringer,Discraft,5,139,,Bullfrog,Innova,0.821189,5
817,,Ringer GT,Discraft,1,1094,,Wedge,Innova,0.794578,5
817,,Ringer GT,Discraft,2,505,,Kon Tiki,Infinite Discs,0.800046,5
817,,Ringer GT,Discraft,3,1146,,Zone GT (Banger Top),Discraft,0.896296,5
817,,Ringer GT,Discraft,4,1101,,Wings,Yikun,0.919442,5
817,,Ringer GT,Discraft,5,816,,Ringer,Discraft,0.942535,5
818,,Rio Grande,Lone Star Discs,1,119,,Blaze,Gateway,0.000000,5
818,,Rio Grande,Lone Star Discs,2,257,,Demon,Gateway,0.000000,5
818,,Rio Grande,Lone Star Discs,3,171,,Cheetah,Innova,0.277987,5
818,,Rio Grande,Lone Star Discs,4,936,,Stig,Kastaplast,0.346590,5
818,,Rio Grande,Lone Star Discs,5,1127,,Xtreme,Discraft,0.361625,5
819,,Riptide,DGA,1,34,,Anax,Discraft,0.227085,5
819,,Riptide,DGA,2,91,,Banzai,DGA,0.227085,5
819,,Riptide,DGA,3,411,,H5,Prodigy,0.361625,5
819,,Riptide,DGA,4,409,,H3 (V2),Prodigy,0.373285,5
819,,Riptide,DGA,5,408,,H2 (V2),Prodigy,0.427013,5
820,,Rise,Birdie,1,709,,Patrol,Dynamic Discs,0.373285,5
820,,Rise,Birdie,2,637,,Nimbus,Elevation Disc Golf,0.471794,5
820,,Rise,Birdie,3,950,,Supra,Finish Line,0.498296,5
820,,Rise,Birdie,4,927,,Stalker,Discraft,0.499118,5
820,,Rise,Birdie,5,98,,Bearkat,Lone Star Discs,0.500896,5
821,,Rival,Legacy,1,420,,Hatchet,Westside Discs,0.277987,5
821,,Rival,Legacy,2,367,,Galleon,Infinite Discs,0.416858,5
821,,Rival,Legacy,3,847,,Saint Pro,Latitude 64,0.455960,5
821,,Rival,Legacy,4,316,,F5,Prodigy,0.471794,5
821,,Rival,Legacy,5,898,,Soda,Clash Discs,0.587190,5
822,,Rive,Latitude 64,1,185,,Cloudbreaker,Discmania,0.000000,5
822,,Rive,Latitude 64,2,405,,Guld,Kastaplast,0.000000,5
822,,Rive,Latitude 64,3,802,,Redwood,Above Ground Level,0.000000,5
822,,Rive,Latitude 64,4,851,,Samurai,Gateway,0.000000,5
822,,Rive,Latitude 64,5,202,,Corvette,Innova,0.185145,5
823,,River,Latitude 64,1,898,,Soda,Clash Discs,0.361625,5
823,,River,Latitude 64,2,537,,Lotus,Clash Discs,0.456124,5
823,,River,Latitude 64,3,450,,Ice Age,Doomsday Discs,0.462623,5
823,,River,Latitude 64,4,941,,Streak,Climo Disc Golf,0.557570,5
823,,River,Latitude 64,5,199,,Cookie,Clash Discs,0.587190,5
824,,River Pro (OOP),Latitude 64,1,379,,Ginger,Clash Discs,0.539719,5
824,,River Pro (OOP),Latitude 64,2,199,,Cookie,Clash Discs,0.682864,5
824,,River Pro (OOP),Latitude 64,3,450,,Ice Age,Doomsday Discs,0.772706,5
824,,River Pro (OOP),Latitude 64,4,942,,Strike,Other,0.778232,5
824,,River Pro (OOP),Latitude 64,5,93,,Barbarian,Viking,0.821189,5
825,,Roach,Discraft,1,700,,Pace,Finish Line,0.000000,5
825,,Roach,Discraft,2,166,,Challenger OS,Discraft,0.207360,5
825,,Roach,Discraft,3,27,,Alpaca,Infinite Discs,0.227085,5
825,,Roach,Discraft,4,1096,,Whale,Innova,0.227085,5
825,,Roach,Discraft,5,469,,Jack Rabbit,Lone Star Discs,0.277987,5
826,,Roadrunner,Innova,1,871,,Servo,MVP,0.000000,5
826,,Roadrunner,Innova,2,884,,Sidewinder,Innova,0.000000,5
826,,Roadrunner,Innova,3,208,,Crave,Axiom Discs,0.092572,5
826,,Roadrunner,Innova,4,340,,Firebird,Innova,0.277987,5
826,,Roadrunner,Innova,5,673,,Orion LS,Millennium,0.277987,5
827,,Roc,Innova,1,377,,Ghost,Legacy,0.000000,5
827,,Roc,Innova,2,642,,Nord,Kastaplast,0.346590,5
827,,Roc,Innova,3,141,,Buzzz,Discraft,0.462623,5
827,,Roc,Innova,4,875,,Shark,Innova,0.462623,5
827,,Roc,Innova,5,1050,,Valor,Legacy,0.462623,5
830,,Rockstar,Discmania,1,408,,H2 (V2),Prodigy,0.092572,5
830,,Rockstar,Discmania,2,411,,H5,Prodigy,0.277987,5
830,,Rockstar,Discmania,3,409,,H3 (V2),Prodigy,0.346590,5
830,,Rockstar,Discmania,4,34,,Anax,Discraft,0.373285,5
830,,Rockstar,Discmania,5,91,,Banzai,DGA,0.373285,5
831,,Rogue,DGA,1,226,,Czar,Infinite Discs,0.092572,5
831,,Rogue,DGA,2,842,,Sabot,Millennium,0.092572,5
831,,Rogue,DGA,3,222,,Cutlass,Latitude 64,0.185145,5
831,,Rogue,DGA,4,332,,Famine,Doomsday Discs,0.185145,5
831,,Rogue,DGA,5,156,,Captain's Thrasher,Discraft,0.207360,5
832,,Rollo,Innova,1,356,,Fox,Innova,0.462623,5
832,,Rollo,Innova,2,587,,Mars Rover,Millennium,0.462623,5
832,,Rollo,Innova,3,709,,Patrol,Dynamic Discs,0.800046,5
832,,Rollo,Innova,4,1104,,Wolf,Innova,0.833961,5
832,,Rollo,Innova,5,498,,Khonsu,Infinite Discs,0.855506,5
833,,Roman,Infinite Discs,1,695,,PD,Discmania,0.000000,5
833,,Roman,Infinite Discs,2,736,,Pioneer,Latitude 64,0.000000,5
833,,Roman,Infinite Discs,3,751,,Power Disc (Phantom Sword),Innova,0.000000,5
833,,Roman,Infinite Discs,4,730,,Phoenix,Mint Discs,0.227085,5
833,,Roman,Infinite Discs,5,90,,Banshee,Innova,0.346590,5
835,,Rot,Doomsday Discs,1,612,,Mobius,EV-7,0.000000,5
835,,Rot,Doomsday Discs,2,691,,PA2,Prodigy,0.000000,5
835,,Rot,Doomsday Discs,3,904,,Sonar,DGA,0.000000,5
835,,Rot,Doomsday Discs,4,106,,Berg X,Kastaplast,0.346590,5
835,,Rot,Doomsday Discs,5,69,,Atom,MVP,0.346590,5
836,,Ruby,Latitude 64,1,805,,Reko X,Kastaplast,0.500896,5
836,,Ruby,Latitude 64,2,284,,Dune,Trash Panda,0.723275,5
836,,Ruby,Latitude 64,3,971,,Tactic,Discmania,0.724503,5
836,,Ruby,Latitude 64,4,57,,Armadillo,Lone Star Discs,0.838839,5
836,,Ruby,Latitude 64,5,688,,P4,Discmania,0.855000,5
837,,Ruin,Infinite Discs,1,777,,RA,Infinite Discs,0.500896,5
837,,Ruin,Infinite Discs,2,68,,Atlas,Innova,0.506970,5
837,,Ruin,Infinite Discs,3,170,,Chariot,Infinite Discs,0.515352,5
837,,Ruin,Infinite Discs,4,73,,Avatar,Innova,0.557974,5
837,,Ruin,Infinite Discs,5,1075,,Waco,Prodigy,0.587190,5
838,,Rune,Viking,1,351,,Focus,Discraft,0.427013,5
838,,Rune,Viking,2,1070,,Voodoo,Gateway,0.427013,5
838,,Rune,Viking,3,588,,Marshal,Dynamic Discs,0.471794,5
838,,Rune,Viking,4,623,,Muse,Thought Space Athletics,0.539719,5
838,,Rune,Viking,5,1132,,Yellow Rose,Lone Star Discs,0.587190,5
839,,Runway,Streamline,1,173,,Cherry,Clash Discs,0.373285,5
839,,Runway,Streamline,2,107,,Berry,Clash Discs,0.456124,5
839,,Runway,Streamline,3,579,,Mana,Thought Space Athletics,0.462623,5
839,,Runway,Streamline,4,590,,Matrix,MVP,0.471794,5
839,,Runway,Streamline,5,608,,Mint,Clash Discs,0.500896,5
840,,Ruru,RPM,1,1086,,Warlock,Gateway,0.406265,5
840,,Ruru,RPM,2,165,,Challenger,Discraft,0.471794,5
840,,Ruru,RPM,3,710,,Peace Frog,AquaFlight,0.498296,5
840,,Ruru,RPM,4,770,,Putt'r,Discraft,0.578053,5
840,,Ruru,RPM,5,564,,Madrone,Above Ground Level,0.829995,5
841,,Sabertooth,Daredevil Discs,1,1019,,Trance,Axiom Discs,0.227085,5
841,,Sabertooth,Daredevil Discs,2,785,,Rally,Finish Line,0.346590,5
841,,Sabertooth,Daredevil Discs,3,308,,Expanse,Thought Space Athletics,0.456124,5
841,,Sabertooth,Daredevil Discs,4,49,,Aquarius,Millennium,0.462623,5
841,,Sabertooth,Daredevil Discs,5,852,,Sapphire,Latitude 64,0.462623,5
842,,Sabot,Millennium,1,226,,Czar,Infinite Discs,0.000000,5
842,,Sabot,Millennium,2,222,,Cutlass,Latitude 64,0.092572,5
842,,Sabot,Millennium,3,332,,Famine,Doomsday Discs,0.092572,5
842,,Sabot,Millennium,4,831,,Rogue,DGA,0.092572,5
842,,Sabot,Millennium,5,54,,Archon,Innova,0.227085,5
843,,Sabre,Gateway,1,62,,Ascend,Streamline,0.000000,5
843,,Sabre,Gateway,2,280,,Drift,Streamline,0.227085,5
843,,Sabre,Gateway,3,372,,Gazelle,Innova,0.277987,5
843,,Sabre,Gateway,4,1057,,Vela,Millennium,0.277987,5
843,,Sabre,Gateway,5,1105,,Wolverine,Daredevil Discs,0.346590,5
844,,Sage,Clash Discs,1,214,,Crockett,Lone Star Discs,0.277987,5
844,,Sage,Clash Discs,2,387,,Goat,Mint Discs,0.373285,5
844,,Sage,Clash Discs,3,388,,Goat (Eternal),Mint Discs,0.373285,5
844,,Sage,Clash Discs,4,1006,,Time-Lapse,Axiom Discs,0.373285,5
844,,Sage,Clash Discs,5,1007,,Time-Lapse (Retooled),Axiom Discs,0.373285,5
845,,Sail,DGA,1,63,,Assassin,Gateway,0.092572,5
845,,Sail,DGA,2,50,,Arch,Vibram,0.277987,5
845,,Sail,DGA,3,1049,,Valley,Vibram,0.277987,5
845,,Sail,DGA,4,471,,Jade,Latitude 64,0.471794,5
845,,Sail,DGA,5,318,,F9,Prodigy,0.500896,5
846,,Saint,Latitude 64,1,116,,Blackout,Doomsday Discs,0.000000,5
846,,Saint,Latitude 64,2,188,,Coalesce,Thought Space Athletics,0.000000,5
846,,Saint,Latitude 64,3,439,,Huia,RPM,0.227085,5
846,,Saint,Latitude 64,4,639,,Ninja,Gateway,0.277987,5
846,,Saint,Latitude 64,5,668,,Orc,Innova,0.277987,5
847,,Saint Pro,Latitude 64,1,367,,Galleon,Infinite Discs,0.346590,5
847,,Saint Pro,Latitude 64,2,1064,,View,Yikun,0.427013,5
847,,Saint Pro,Latitude 64,3,420,,Hatchet,Westside Discs,0.427013,5
847,,Saint Pro,Latitude 64,4,1010,,Tiyanak,Other,0.454171,5
847,,Saint Pro,Latitude 64,5,821,,Rival,Legacy,0.455960,5
848,,Salamander,Mint Discs,1,370,,Gator3,Innova,0.555974,5
848,,Salamander,Mint Discs,2,567,,Magician,Discmania,0.719632,5
848,,Salamander,Mint Discs,3,51,,Archangel,Innova,0.775907,5
848,,Salamander,Mint Discs,4,1097,,Whippet,Innova,0.824817,5
848,,Salamander,Mint Discs,5,492,,Kaxe (Old - OOP),Kastaplast,0.924172,5
849,,Salt,Clash Discs,1,247,,DDx (OOP),Discmania,0.000000,5
849,,Salt,Clash Discs,2,381,,Gladiator,Latitude 64,0.000000,5
849,,Salt,Clash Discs,3,421,,Havoc,Latitude 64,0.092572,5
849,,Salt,Clash Discs,4,990,,Tern,Innova,0.092572,5
849,,Salt,Clash Discs,5,252,,Daytona,Finish Line,0.227085,5
850,,Sampo,Westside Discs,1,593,,Max (OOP),Innova,0.277987,5
850,,Sampo,Westside Discs,2,639,,Ninja,Gateway,0.277987,5
850,,Sampo,Westside Discs,3,668,,Orc,Innova,0.277987,5
850,,Sampo,Westside Discs,4,698,,PDx (OOP),Discmania,0.373285,5
850,,Sampo,Westside Discs,5,32,,Amphibian,Gateway,0.427013,5
851,,Samurai,Gateway,1,185,,Cloudbreaker,Discmania,0.000000,5
851,,Samurai,Gateway,2,405,,Guld,Kastaplast,0.000000,5
851,,Samurai,Gateway,3,802,,Redwood,Above Ground Level,0.000000,5
851,,Samurai,Gateway,4,822,,Rive,Latitude 64,0.000000,5
851,,Samurai,Gateway,5,202,,Corvette,Innova,0.185145,5
852,,Sapphire,Latitude 64,1,357,,Freetail,Mint Discs,0.373285,5
852,,Sapphire,Latitude 64,2,578,,Mammoth,Daredevil Discs,0.373285,5
852,,Sapphire,Latitude 64,3,217,,Crush,Discraft,0.416858,5
852,,Sapphire,Latitude 64,4,156,,Captain's Thrasher,Discraft,0.456124,5
852,,Sapphire,Latitude 64,5,889,,Skyway,Climo Disc Golf,0.456124,5
853,,Sasquatch,Daredevil Discs,1,191,,Colossus,Innova,0.373285,5
853,,Sasquatch,Daredevil Discs,2,900,,Solace,Vibram,0.456124,5
853,,Sasquatch,Daredevil Discs,3,651,,O-Lace,Vibram,0.499118,5
853,,Sasquatch,Daredevil Discs,4,86,,Ballista,Latitude 64,0.500896,5
853,,Sasquatch,Daredevil Discs,5,130,,Bowie,Lone Star Discs,0.500896,5
854,,Savant,Innova,1,517,,Laseri,Prodiscus,0.000000,5
854,,Savant,Innova,2,912,,Sphinx,Infinite Discs,0.092572,5
854,,Savant,Innova,3,763,,Psyop,Doomsday Discs,0.185145,5
854,,Savant,Innova,4,13,,Abyss,Storm,0.227085,5
854,,Savant,Innova,5,1069,,Volt,MVP,0.227085,5
855,,Savior,Latitude 64,1,118,,Blast,DGA,0.406265,5
855,,Savior,Latitude 64,2,1062,,Vessel,Thought Space Athletics,0.406265,5
855,,Savior,Latitude 64,3,940,,Stratus,Discraft,0.471794,5
855,,Savior,Latitude 64,4,670,,Origin,Discmania,0.578053,5
855,,Savior,Latitude 64,5,956,,Suspect,Dynamic Discs,0.615687,5
856,,Scale,Gateway,1,870,,Serpent,Gateway,0.092572,5
856,,Scale,Gateway,2,566,,Magic,Gateway,0.462623,5
856,,Scale,Gateway,3,799,,Rebel,Legacy,0.515352,5
856,,Scale,Gateway,4,749,,Ponderosa,Above Ground Level,0.587190,5
856,,Scale,Gateway,5,250,,Dagger,Latitude 64,0.594443,5
857,,Scarab,Infinite Discs,1,61,,Artifact,Infinite Discs,0.000000,5
857,,Scarab,Infinite Discs,2,684,,P2,Discmania,0.000000,5
857,,Scarab,Infinite Discs,3,742,,Pixel,Axiom Discs,0.092572,5
857,,Scarab,Infinite Discs,4,597,,Mercy,Latitude 64,0.227085,5
857,,Scarab,Infinite Discs,5,629,,Myth,Infinite Discs,0.277987,5
858,,Scepter,Infinite Discs,1,1066,,Viking,Innova,0.092572,5
858,,Scepter,Infinite Discs,2,909,,Spear,Gateway,0.207360,5
858,,Scepter,Infinite Discs,3,198,,Convict,Dynamic Discs,0.227085,5
858,,Scepter,Infinite Discs,4,928,,Starfire,Innova,0.227085,5
858,,Scepter,Infinite Discs,5,99,,Beast,Innova,0.277987,5
859,,Scorch,Discraft,1,295,,Enforcer,Dynamic Discs,0.092572,5
859,,Scorch,Discraft,2,374,,General,Dynamic Discs,0.092572,5
859,,Scorch,Discraft,3,399,,Grym (OOP),Kastaplast,0.092572,5
859,,Scorch,Discraft,4,743,,Plague,Doomsday Discs,0.092572,5
859,,Scorch,Discraft,5,944,,Strive,Latitude 64,0.185145,5
860,,Scorpius,Millennium,1,397,,Groove,Innova,0.000000,5
860,,Scorpius,Millennium,2,655,,Octane,MVP,0.000000,5
860,,Scorpius,Millennium,3,701,,Panic,Axiom Discs,0.000000,5
860,,Scorpius,Millennium,4,291,,Emperor,Infinite Discs,0.227085,5
860,,Scorpius,Millennium,5,366,,G-One,Gateway,0.227085,5
861,,Screech,Elevation Disc Golf,1,59,,Arrowhead,Sacred Discs,0.000000,5
861,,Screech,Elevation Disc Golf,2,283,,Drop,Discmania,0.361625,5
861,,Screech,Elevation Disc Golf,3,899,,Sol,Discraft,0.539719,5
861,,Screech,Elevation Disc Golf,4,428,,Hellbender,Daredevil Discs,0.681848,5
861,,Screech,Elevation Disc Golf,5,429,,Hellbender (Razorback),Daredevil Discs,0.681848,5
862,,Sea Otter,Wild Discs,1,1091,,Watt,MVP,0.227085,5
862,,Sea Otter,Wild Discs,2,138,,Bullet,Mint Discs,0.277987,5
862,,Sea Otter,Wild Discs,3,476,,Jokeri,Prodiscus,0.427013,5
862,,Sea Otter,Wild Discs,4,477,,JokeriX,Prodiscus,0.427013,5
862,,Sea Otter,Wild Discs,5,464,,Invader,Innova,0.462623,5
863,,Sector,Finish Line,1,544,,M Model US,Prodigy,0.000000,5
863,,Sector,Finish Line,2,945,,Stryder,Prodigy,0.471794,5
863,,Sector,Finish Line,3,543,,M Model S,Prodigy,0.587190,5
863,,Sector,Finish Line,4,35,,Anchor,Latitude 64,0.649668,5
863,,Sector,Finish Line,5,457,,Inca,Infinite Discs,0.778232,5
864,,Seer,Westside Discs,1,322,,FD2 (OOP),Discmania,0.092572,5
864,,Seer,Westside Discs,2,384,,Glory,Latitude 64,0.092572,5
864,,Seer,Westside Discs,3,451,,Idog,Kastaplast,0.092572,5
864,,Seer,Westside Discs,4,708,,Patriot,Legacy,0.092572,5
864,,Seer,Westside Discs,5,592,,Maverick,Dynamic Discs,0.227085,5
865,,Seguin,Lone Star Discs,1,154,,Captain,Dynamic Discs,0.000000,5
865,,Seguin,Lone Star Discs,2,162,,Catapult,Westside Discs,0.000000,5
865,,Seguin,Lone Star Discs,3,196,,Conqueror,Infinite Discs,0.185145,5
865,,Seguin,Lone Star Discs,4,297,,Enigma,Discmania,0.207360,5
865,,Seguin,Lone Star Discs,5,394,,Grace,Latitude 64,0.207360,5
866,,Sensei,Discmania,1,5,,Great Horned Owl,Daredevil Discs,0.587190,5
866,,Sensei,Discmania,2,760,,Prowler,Legacy,0.649668,5
866,,Sensei,Discmania,3,902,,Sole,Vibram,0.772706,5
866,,Sensei,Discmania,4,1137,,Zeal,Other,0.805384,5
866,,Sensei,Discmania,5,251,,Dart,Innova,0.808640,5
868,,Sequoia,Above Ground Level,1,773,,Qi,Yikun,0.227085,5
868,,Sequoia,Above Ground Level,2,263,,Destiny,Westside Discs,0.277987,5
868,,Sequoia,Above Ground Level,3,617,,Monstrosity,Doomsday Discs,0.277987,5
868,,Sequoia,Above Ground Level,4,906,,Sorcerer,Westside Discs,0.346590,5
868,,Sequoia,Above Ground Level,5,206,,Crank,Discraft,0.373285,5
869,,Sergeant,Dynamic Discs,1,978,,Tara iti,RPM,0.000000,5
869,,Sergeant,Dynamic Discs,2,210,,Criminal,Dynamic Discs,0.092572,5
869,,Sergeant,Dynamic Discs,3,465,,Invictus,Innova,0.092572,5
869,,Sergeant,Dynamic Discs,4,730,,Phoenix,Mint Discs,0.277987,5
869,,Sergeant,Dynamic Discs,5,535,,Longhorn,Mint Discs,0.361625,5
870,,Serpent,Gateway,1,856,,Scale,Gateway,0.092572,5
870,,Serpent,Gateway,2,566,,Magic,Gateway,0.471794,5
870,,Serpent,Gateway,3,799,,Rebel,Legacy,0.539719,5
870,,Serpent,Gateway,4,250,,Dagger,Latitude 64,0.587190,5
870,,Serpent,Gateway,5,341,,Firefly,Innova,0.587190,5
871,,Servo,MVP,1,826,,Roadrunner,Innova,0.000000,5
871,,Servo,MVP,2,884,,Sidewinder,Innova,0.000000,5
871,,Servo,MVP,3,208,,Crave,Axiom Discs,0.092572,5
871,,Servo,MVP,4,340,,Firebird,Innova,0.277987,5
871,,Servo,MVP,5,673,,Orion LS,Millennium,0.277987,5
872,,Shadowfax,Prodigy,1,376,,Getaway,Dynamic Discs,0.092572,5
872,,Shadowfax,Prodigy,2,331,,Falk,Kastaplast,0.207360,5
872,,Shadowfax,Prodigy,3,996,,The Dome,Lone Star Discs,0.207360,5
872,,Shadowfax,Prodigy,4,926,,Stal,Kastaplast,0.227085,5
872,,Shadowfax,Prodigy,5,966,,TD,Discmania,0.227085,5
873,,Shadowplay,Crosslap,1,435,,Horny Toad,Lone Star Discs,0.000000,5
873,,Shadowplay,Crosslap,2,510,,Kratos,Discraft,0.000000,5
873,,Shadowplay,Crosslap,3,541,,Luna,Discraft,0.000000,5
873,,Shadowplay,Crosslap,4,589,,Marvel,Birdie,0.000000,5
873,,Shadowplay,Crosslap,5,1112,,Wren,Stokely Discs,0.000000,5
874,,Shaman,Gateway,1,275,,Douglas Fir,Above Ground Level,0.000000,5
874,,Shaman,Gateway,2,570,,Maiden,Westside Discs,0.000000,5
874,,Shaman,Gateway,3,788,,Range,Streamline,0.000000,5
874,,Shaman,Gateway,4,192,,Colt,Innova,0.277987,5
874,,Shaman,Gateway,5,58,,Arowana,Elevation Disc Golf,0.373285,5
875,,Shark,Innova,1,1050,,Valor,Legacy,0.000000,5
875,,Shark,Innova,2,999,,Thor,Viking,0.277987,5
875,,Shark,Innova,3,193,,Comet,Discraft,0.373285,5
875,,Shark,Innova,4,345,,Flat Earth,Doomsday Discs,0.373285,5
875,,Shark,Innova,5,159,,Caribou,Daredevil Discs,0.416858,5
877,,Sheriff,Dynamic Discs,1,206,,Crank,Discraft,0.000000,5
877,,Sheriff,Dynamic Discs,2,196,,Conqueror,Infinite Discs,0.227085,5
877,,Sheriff,Dynamic Discs,3,502,,Knight,Latitude 64,0.227085,5
877,,Sheriff,Dynamic Discs,4,111,,BigFoot,Daredevil Discs,0.277987,5
877,,Sheriff,Dynamic Discs,5,1133,,Yeti,Daredevil Discs,0.277987,5
878,,Shield,Westside Discs,1,881,,Shogun,Discmania,0.919442,5
878,,Shield,Westside Discs,2,12,,APX,Discraft,1.031566,5
878,,Shield,Westside Discs,3,866,,Sensei,Discmania,1.188885,5
878,,Shield,Westside Discs,4,902,,Sole,Vibram,1.219604,5
878,,Shield,Westside Discs,5,1137,,Zeal,Other,1.226671,5
879,,Shift,Streamline,1,1143,,Zodiac,Millennium,0.092572,5
879,,Shift,Streamline,2,82,,Aztec,Infinite Discs,0.185145,5
879,,Shift,Streamline,3,353,,Fortress,Westside Discs,0.227085,5
879,,Shift,Streamline,4,716,,Pekapeka,RPM,0.227085,5
879,,Shift,Streamline,5,921,,Spur,Lone Star Discs,0.227085,5
880,,Shockwave,DGA,1,194,,Compass,Latitude 64,0.594443,5
880,,Shockwave,DGA,2,519,,Launch,Vibram,0.594443,5
880,,Shockwave,DGA,3,549,,M5,Prodigy,0.729150,5
880,,Shockwave,DGA,4,551,,MD1,Discmania,0.774736,5
880,,Shockwave,DGA,5,653,,Obex,Vibram,0.824817,5
881,,Shogun,Discmania,1,902,,Sole,Vibram,0.462623,5
881,,Shogun,Discmania,2,1137,,Zeal,Other,0.515352,5
881,,Shogun,Discmania,3,151,,Candy,Clash Discs,0.723275,5
881,,Shogun,Discmania,4,754,,Precision,Stokely Discs,0.855568,5
881,,Shogun,Discmania,5,919,,Spore,Discmania,0.870402,5
882,,Shryke,Innova,1,291,,Emperor,Infinite Discs,0.000000,5
882,,Shryke,Innova,2,366,,G-One,Gateway,0.000000,5
882,,Shryke,Innova,3,481,,Juggernaut,Innova,0.000000,5
882,,Shryke,Innova,4,230,,D1,Prodigy,0.092572,5
882,,Shryke,Innova,5,235,,D2 Signature (Falcor),Prodigy,0.092572,5
883,,Shu,Yikun,1,355,,Founder,Discmania,0.000000,5
883,,Shu,Yikun,2,939,,Stingray,Innova,0.456124,5
883,,Shu,Yikun,3,486,,KGB,Other,0.515352,5
883,,Shu,Yikun,4,895,,Sling,Westside Discs,0.707518,5
883,,Shu,Yikun,5,626,,Mutant,Discmania,0.778232,5
884,,Sidewinder,Innova,1,826,,Roadrunner,Innova,0.000000,5
884,,Sidewinder,Innova,2,871,,Servo,MVP,0.000000,5
884,,Sidewinder,Innova,3,208,,Crave,Axiom Discs,0.092572,5
884,,Sidewinder,Innova,4,340,,Firebird,Innova,0.277987,5
884,,Sidewinder,Innova,5,673,,Orion LS,Millennium,0.277987,5
885,,Signal,MVP,1,807,,Relay,MVP,0.000000,5
885,,Signal,MVP,2,810,,Resistor,MVP,0.185145,5
885,,Signal,MVP,3,90,,Banshee,Innova,0.427013,5
885,,Signal,MVP,4,813,,Rhythm,Axiom Discs,0.427013,5
885,,Signal,MVP,5,672,,Orion LF,Millennium,0.499118,5
886,,Silicon,Løft Discs,1,1045,,Uplink,Axiom Discs,0.373285,5
886,,Silicon,Løft Discs,2,777,,RA,Infinite Discs,0.427013,5
886,,Silicon,Løft Discs,3,284,,Dune,Trash Panda,0.456124,5
886,,Silicon,Løft Discs,4,930,,Stari,Prodiscus,0.462623,5
886,,Silicon,Løft Discs,5,579,,Mana,Thought Space Athletics,0.500896,5
887,,Sinus,Latitude 64,1,634,,Neon,Løft Discs,0.092572,5
887,,Sinus,Latitude 64,2,386,,Gnome,Sacred Discs,0.277987,5
887,,Sinus,Latitude 64,3,69,,Atom,MVP,0.406265,5
887,,Sinus,Latitude 64,4,11,,A5,Prodigy,0.416858,5
887,,Sinus,Latitude 64,5,612,,Mobius,EV-7,0.427013,5
888,,Skeeter,Innova,1,479,,Joy,Discraft,0.427013,5
888,,Skeeter,Innova,2,685,,P2X,Discmania,0.454171,5
888,,Skeeter,Innova,3,946,,Stud,Innova,0.454171,5
888,,Skeeter,Innova,4,531,,Logic,Discmania,0.499118,5
888,,Skeeter,Innova,5,791,,Rat,Innova,0.515352,5
889,,Skyway,Climo Disc Golf,1,156,,Captain's Thrasher,Discraft,0.000000,5
889,,Skyway,Climo Disc Golf,2,217,,Crush,Discraft,0.185145,5
889,,Skyway,Climo Disc Golf,3,831,,Rogue,DGA,0.207360,5
889,,Skyway,Climo Disc Golf,4,226,,Czar,Infinite Discs,0.227085,5
889,,Skyway,Climo Disc Golf,5,842,,Sabot,Millennium,0.227085,5
890,,Slab,Infinite Discs,1,965,,Synapse,Thought Space Athletics,0.000000,5
890,,Slab,Infinite Discs,2,446,,Hypercane,DGA,0.227085,5
890,,Slab,Infinite Discs,3,983,,Teedevil,Innova,0.277987,5
890,,Slab,Infinite Discs,4,1108,,World,Westside Discs,0.346590,5
890,,Slab,Infinite Discs,5,232,,D2,Prodigy,0.373285,5
891,,Slaidi,Prodiscus,1,482,,Jun,Yikun,0.207360,5
891,,Slaidi,Prodiscus,2,147,,CD3 (OOP),Discmania,0.227085,5
891,,Slaidi,Prodiscus,3,1131,,Yeet,Hooligan Discs,0.471794,5
891,,Slaidi,Prodiscus,4,698,,PDx (OOP),Discmania,0.515352,5
891,,Slaidi,Prodiscus,5,913,,Spice,Clash Discs,0.555974,5
892,,Slammer,Dynamic Discs,1,767,,Pure,Latitude 64,0.000000,5
892,,Slammer,Dynamic Discs,2,804,,Reko,Kastaplast,0.092572,5
892,,Slammer,Dynamic Discs,3,924,,Stabilizer,Streamline,0.424396,5
892,,Slammer,Dynamic Discs,4,1031,,Tui,RPM,0.427013,5
892,,Slammer,Dynamic Discs,5,386,,Gnome,Sacred Discs,0.462623,5
893,,Slayer,Gateway,1,571,,Majesty,Discmania,0.277987,5
893,,Slayer,Gateway,2,697,,PD3 (OOP),Discmania,0.277987,5
893,,Slayer,Gateway,3,291,,Emperor,Infinite Discs,0.361625,5
893,,Slayer,Gateway,4,366,,G-One,Gateway,0.361625,5
893,,Slayer,Gateway,5,481,,Juggernaut,Innova,0.361625,5
894,,Sled,Discraft,1,540,,Lucky,Crosslap,0.456124,5
894,,Sled,Discraft,2,1090,,Wasp,Discraft,0.471794,5
894,,Sled,Discraft,3,972,,Tailor,Discmania,0.649668,5
894,,Sled,Discraft,4,1034,,Tursas,Westside Discs,0.663234,5
894,,Sled,Discraft,5,200,,Copperhead,Lone Star Discs,0.680543,5
895,,Sling,Westside Discs,1,626,,Mutant,Discmania,0.455960,5
895,,Sling,Westside Discs,2,129,,Bounty,Dynamic Discs,0.456124,5
895,,Sling,Westside Discs,3,1079,,Walrus,Daredevil Discs,0.462623,5
895,,Sling,Westside Discs,4,997,,The Eye,Storm,0.500896,5
895,,Sling,Westside Discs,5,581,,Manta,Innova,0.578053,5
896,,Sockibomb Felon,Dynamic Discs,1,530,,Locust,Above Ground Level,0.092572,5
896,,Sockibomb Felon,Dynamic Discs,2,149,,Cactus,Lone Star Discs,0.227085,5
896,,Sockibomb Felon,Dynamic Discs,3,1018,,Trail,MVP,0.227085,5
896,,Sockibomb Felon,Dynamic Discs,4,1003,,Thunderbird,Innova,0.277987,5
896,,Sockibomb Felon,Dynamic Discs,5,390,,Gorgon,Innova,0.277987,5
897,,Sockibomb Slammer,Dynamic Discs,1,104,,Benny,Lone Star Discs,0.227085,5
897,,Sockibomb Slammer,Dynamic Discs,2,436,,Houdini,Gateway,0.361625,5
897,,Sockibomb Slammer,Dynamic Discs,3,1099,,Wild Thing,Jester Disc Golf,0.361625,5
897,,Sockibomb Slammer,Dynamic Discs,4,718,,Penny Putter (Premium),Lone Star Discs,0.416858,5
897,,Sockibomb Slammer,Dynamic Discs,5,719,,Penny Putter (Victor),Lone Star Discs,0.416858,5
898,,Soda,Clash Discs,1,537,,Lotus,Clash Discs,0.277987,5
898,,Soda,Clash Discs,2,823,,River,Latitude 64,0.361625,5
898,,Soda,Clash Discs,3,316,,F5,Prodigy,0.373285,5
898,,Soda,Clash Discs,4,199,,Cookie,Clash Discs,0.462623,5
898,,Soda,Clash Discs,5,821,,Rival,Legacy,0.587190,5
899,,Sol,Discraft,1,175,,Chief,Gateway,0.346590,5
899,,Sol,Discraft,2,428,,Hellbender,Daredevil Discs,0.373285,5
899,,Sol,Discraft,3,429,,Hellbender (Razorback),Daredevil Discs,0.373285,5
899,,Sol,Discraft,4,995,,The Crater,Storm,0.471794,5
899,,Sol,Discraft,5,139,,Bullfrog,Innova,0.515352,5
900,,Solace,Vibram,1,86,,Ballista,Latitude 64,0.092572,5
900,,Solace,Vibram,2,130,,Bowie,Lone Star Discs,0.092572,5
900,,Solace,Vibram,3,784,,Raketen (OOP),Latitude 64,0.092572,5
900,,Solace,Vibram,4,127,,Bolt,Latitude 64,0.185145,5
900,,Solace,Vibram,5,191,,Colossus,Innova,0.227085,5
901,,Solar Death Ray,Doomsday Discs,1,778,,RESPECTi,Prodiscus,0.462623,5
901,,Solar Death Ray,Doomsday Discs,2,852,,Sapphire,Latitude 64,0.737278,5
901,,Solar Death Ray,Doomsday Discs,3,974,,Talisman,Prodiscus,0.778232,5
901,,Solar Death Ray,Doomsday Discs,4,357,,Freetail,Mint Discs,0.805384,5
901,,Solar Death Ray,Doomsday Discs,5,578,,Mammoth,Daredevil Discs,0.805384,5
902,,Sole,Vibram,1,1137,,Zeal,Other,0.227085,5
902,,Sole,Vibram,2,881,,Shogun,Discmania,0.462623,5
902,,Sole,Vibram,3,329,,Faith,Latitude 64,0.539719,5
902,,Sole,Vibram,4,151,,Candy,Clash Discs,0.555974,5
902,,Sole,Vibram,5,919,,Spore,Discmania,0.737278,5
903,,Solstice,Millennium,1,1034,,Tursas,Westside Discs,0.361625,5
903,,Solstice,Millennium,2,14,,Addax,Wild Discs,0.456124,5
903,,Solstice,Millennium,3,540,,Lucky,Crosslap,0.456124,5
903,,Solstice,Millennium,4,157,,Capybara,Elevation Disc Golf,0.578053,5
903,,Solstice,Millennium,5,368,,Gatekeeper,Westside Discs,0.587190,5
904,,Sonar,DGA,1,612,,Mobius,EV-7,0.000000,5
904,,Sonar,DGA,2,691,,PA2,Prodigy,0.000000,5
904,,Sonar,DGA,3,835,,Rot,Doomsday Discs,0.000000,5
904,,Sonar,DGA,4,106,,Berg X,Kastaplast,0.346590,5
904,,Sonar,DGA,5,69,,Atom,MVP,0.346590,5
905,,Sonic,Innova,1,25,,Alien,Innova,1.209018,5
905,,Sonic,Innova,2,102,,Beetle,Latitude 64,1.253608,5
905,,Sonic,Innova,3,1080,,Wand,Gateway,1.293271,5
905,,Sonic,Innova,4,919,,Spore,Discmania,1.826555,5
905,,Sonic,Innova,5,100,,Beaver,Daredevil Discs,1.931395,5
906,,Sorcerer,Westside Discs,1,263,,Destiny,Westside Discs,0.092572,5
906,,Sorcerer,Westside Discs,2,617,,Monstrosity,Doomsday Discs,0.092572,5
906,,Sorcerer,Westside Discs,3,773,,Qi,Yikun,0.185145,5
906,,Sorcerer,Westside Discs,4,400,,Grym X (OOP),Kastaplast,0.277987,5
906,,Sorcerer,Westside Discs,5,868,,Sequoia,Above Ground Level,0.346590,5
907,,Spark,Latitude 64,1,72,,Avalanche,DGA,0.000000,5
907,,Spark,Latitude 64,2,290,,Elm,Above Ground Level,0.092572,5
907,,Spark,Latitude 64,3,470,,Jackalope,Mint Discs,0.092572,5
907,,Spark,Latitude 64,4,918,,Splice,Discmania,0.092572,5
907,,Spark,Latitude 64,5,1033,,Turbulence,Streamline,0.092572,5
908,,Sparta,Prodiscus,1,588,,Marshal,Dynamic Discs,0.427013,5
908,,Sparta,Prodiscus,2,383,,Glitch,MVP,0.616353,5
908,,Sparta,Prodiscus,3,703,,Parachute,Streamline,0.616353,5
908,,Sparta,Prodiscus,4,739,,Pitch,Axiom Discs,0.616353,5
908,,Sparta,Prodiscus,5,750,,Popcorn,Clash Discs,0.622728,5
909,,Spear,Gateway,1,198,,Convict,Dynamic Discs,0.092572,5
909,,Spear,Gateway,2,928,,Starfire,Innova,0.092572,5
909,,Spear,Gateway,3,99,,Beast,Innova,0.185145,5
909,,Spear,Gateway,4,858,,Scepter,Infinite Discs,0.207360,5
909,,Spear,Gateway,5,1066,,Viking,Innova,0.227085,5
910,,Speed Demon,Gateway,1,454,,Impa,Kastaplast,0.594443,5
910,,Speed Demon,Gateway,2,1056,,Vass,Kastaplast,0.594443,5
910,,Speed Demon,Gateway,3,163,,Cedar,Above Ground Level,0.594443,5
910,,Speed Demon,Gateway,4,1032,,Tumbleweed,Lone Star Discs,0.615687,5
910,,Speed Demon,Gateway,5,336,,Fenrir,Viking,0.616353,5
911,,Spell,Gateway,1,252,,Daytona,Finish Line,0.000000,5
911,,Spell,Gateway,2,952,,Supreme Trespass,Dynamic Discs,0.000000,5
911,,Spell,Gateway,3,1063,,Vibe,Hooligan Discs,0.000000,5
911,,Spell,Gateway,4,1115,,X3,Prodigy,0.000000,5
911,,Spell,Gateway,5,31,,Alva,Kastaplast,0.092572,5
912,,Sphinx,Infinite Discs,1,763,,Psyop,Doomsday Discs,0.092572,5
912,,Sphinx,Infinite Discs,2,517,,Laseri,Prodiscus,0.092572,5
912,,Sphinx,Infinite Discs,3,854,,Savant,Innova,0.092572,5
912,,Sphinx,Infinite Discs,4,516,,Lark,Stokely Discs,0.277987,5
912,,Sphinx,Infinite Discs,5,13,,Abyss,Storm,0.277987,5
913,,Spice,Clash Discs,1,147,,CD3 (OOP),Discmania,0.346590,5
913,,Spice,Clash Discs,2,1010,,Tiyanak,Other,0.373285,5
913,,Spice,Clash Discs,3,644,,Notch,Vibram,0.416858,5
913,,Spice,Clash Discs,4,482,,Jun,Yikun,0.424396,5
913,,Spice,Clash Discs,5,29,,Alpha,Mint Discs,0.471794,5
914,,Spin,MVP,1,718,,Penny Putter (Premium),Lone Star Discs,0.000000,5
914,,Spin,MVP,2,719,,Penny Putter (Victor),Lone Star Discs,0.000000,5
914,,Spin,MVP,3,985,,Telos,EV-7,0.227085,5
914,,Spin,MVP,4,104,,Benny,Lone Star Discs,0.373285,5
914,,Spin,MVP,5,897,,Sockibomb Slammer,Dynamic Discs,0.416858,5
916,,Spirit,Gateway,1,624,,Musket,Latitude 64,0.227085,5
916,,Spirit,Gateway,2,221,,Curl,Lone Star Discs,0.277987,5
916,,Spirit,Gateway,3,335,,Felon,Dynamic Discs,0.277987,5
916,,Spirit,Gateway,4,979,,Tasmanian Devil V2,Wild Discs,0.277987,5
916,,Spirit,Gateway,5,1020,,Treason,Dynamic Discs,0.361625,5
917,,Splash,Neptune Discs,1,20,,Agent,Dynamic Discs,0.092572,5
917,,Splash,Neptune Discs,2,483,,Jury,Dynamic Discs,0.471794,5
917,,Splash,Neptune Discs,3,641,,Nomad,MVP,0.471794,5
917,,Splash,Neptune Discs,4,683,,P1X,Discmania,0.471794,5
917,,Splash,Neptune Discs,5,1129,,Yang,EV-7,0.471794,5
918,,Splice,Discmania,1,290,,Elm,Above Ground Level,0.000000,5
918,,Splice,Discmania,2,470,,Jackalope,Mint Discs,0.000000,5
918,,Splice,Discmania,3,72,,Avalanche,DGA,0.092572,5
918,,Splice,Discmania,4,907,,Spark,Latitude 64,0.092572,5
918,,Splice,Discmania,5,1033,,Turbulence,Streamline,0.185145,5
919,,Spore,Discmania,1,100,,Beaver,Daredevil Discs,0.471794,5
919,,Spore,Discmania,2,1086,,Warlock,Gateway,0.500896,5
919,,Spore,Discmania,3,902,,Sole,Vibram,0.737278,5
919,,Spore,Discmania,4,1137,,Zeal,Other,0.845826,5
919,,Spore,Discmania,5,881,,Shogun,Discmania,0.870402,5
920,,Spruce,Above Ground Level,1,759,,Prophecy,Gateway,0.373285,5
920,,Spruce,Above Ground Level,2,631,,Nautilus,Neptune Discs,0.416858,5
920,,Spruce,Above Ground Level,3,997,,The Eye,Storm,0.629571,5
920,,Spruce,Above Ground Level,4,498,,Khonsu,Infinite Discs,0.774833,5
920,,Spruce,Above Ground Level,5,129,,Bounty,Dynamic Discs,0.932143,5
921,,Spur,Lone Star Discs,1,353,,Fortress,Westside Discs,0.000000,5
921,,Spur,Lone Star Discs,2,716,,Pekapeka,RPM,0.000000,5
921,,Spur,Lone Star Discs,3,879,,Shift,Streamline,0.227085,5
921,,Spur,Lone Star Discs,4,290,,Elm,Above Ground Level,0.227085,5
921,,Spur,Lone Star Discs,5,470,,Jackalope,Mint Discs,0.227085,5
922,,Squall,DGA,1,529,,Lobster,Mint Discs,0.207360,5
922,,Squall,DGA,2,705,,Paradox,Axiom Discs,0.277717,5
922,,Squall,DGA,3,707,,Pathfinder,Thought Space Athletics,0.506970,5
922,,Squall,DGA,4,711,,Peace Train,Jester Disc Golf,0.506970,5
922,,Squall,DGA,5,434,,Hornet,Discraft,0.539580,5
923,,Squid,Neptune Discs,1,412,,H7,Prodigy,0.455960,5
923,,Squid,Neptune Discs,2,582,,Mantis,Discraft,0.471794,5
923,,Squid,Neptune Discs,3,678,,Ozone,Trash Panda,0.471794,5
923,,Squid,Neptune Discs,4,755,,Predator,Discraft,0.471794,5
923,,Squid,Neptune Discs,5,304,,Evader,Dynamic Discs,0.506970,5
924,,Stabilizer,Streamline,1,753,,Praxis,Thought Space Athletics,0.207360,5
924,,Stabilizer,Streamline,2,1147,,Zone OS,Discraft,0.227085,5
924,,Stabilizer,Streamline,3,804,,Reko,Kastaplast,0.346590,5
924,,Stabilizer,Streamline,4,504,,Koi,Elevation Disc Golf,0.361625,5
924,,Stabilizer,Streamline,5,767,,Pure,Latitude 64,0.424396,5
925,,Stag,Westside Discs,1,97,,Bear,Westside Discs,0.000000,5
925,,Stag,Westside Discs,2,563,,Mad Cat,Lone Star Discs,0.000000,5
925,,Stag,Westside Discs,3,991,,Terra,MVP,0.000000,5
925,,Stag,Westside Discs,4,326,,FX-3,Prodigy,0.092572,5
925,,Stag,Westside Discs,5,327,,FX-4,Prodigy,0.227085,5
926,,Stal,Kastaplast,1,966,,TD,Discmania,0.000000,5
926,,Stal,Kastaplast,2,1102,,Witness,Dynamic Discs,0.000000,5
926,,Stal,Kastaplast,3,331,,Falk,Kastaplast,0.092572,5
926,,Stal,Kastaplast,4,996,,The Dome,Lone Star Discs,0.092572,5
926,,Stal,Kastaplast,5,1042,,Undertaker,Discraft,0.185145,5
927,,Stalker,Discraft,1,706,,Passion,Discraft,0.227085,5
927,,Stalker,Discraft,2,158,,Cardinal,Stokely Discs,0.416858,5
927,,Stalker,Discraft,3,820,,Rise,Birdie,0.499118,5
927,,Stalker,Discraft,4,774,,Quake,DGA,0.539719,5
927,,Stalker,Discraft,5,709,,Patrol,Dynamic Discs,0.663234,5
928,,Starfire,Innova,1,198,,Convict,Dynamic Discs,0.000000,5
928,,Starfire,Innova,2,99,,Beast,Innova,0.092572,5
928,,Starfire,Innova,3,909,,Spear,Gateway,0.092572,5
928,,Starfire,Innova,4,1068,,Virus,Axiom Discs,0.185145,5
928,,Starfire,Innova,5,858,,Scepter,Infinite Discs,0.227085,5
929,,Starfire L,Innova,1,515,,Lariat,Lone Star Discs,0.000000,5
929,,Starfire L,Innova,2,1095,,Wei,Yikun,0.000000,5
929,,Starfire L,Innova,3,577,,Mamba,Innova,0.277987,5
929,,Starfire L,Innova,4,281,,Drive,Discraft,0.346590,5
929,,Starfire L,Innova,5,704,,Paradigm,Discmania,0.346590,5
930,,Stari,Prodiscus,1,1130,,Yao,Yikun,0.227085,5
930,,Stari,Prodiscus,2,457,,Inca,Infinite Discs,0.373285,5
930,,Stari,Prodiscus,3,602,,Method,Discmania,0.373285,5
930,,Stari,Prodiscus,4,437,,Houston,Lone Star Discs,0.427013,5
930,,Stari,Prodiscus,5,886,,Silicon,Løft Discs,0.462623,5
931,,Starship,Sacred Discs,1,598,,Merlin,Daredevil Discs,0.000000,5
931,,Starship,Sacred Discs,2,651,,O-Lace,Vibram,0.092572,5
931,,Starship,Sacred Discs,3,247,,DDx (OOP),Discmania,0.373285,5
931,,Starship,Sacred Discs,4,381,,Gladiator,Latitude 64,0.373285,5
931,,Starship,Sacred Discs,5,849,,Salt,Clash Discs,0.373285,5
932,,Steady,DGA,1,216,,Crown,Westside Discs,0.092572,5
932,,Steady,DGA,2,503,,Koa,Above Ground Level,0.185145,5
932,,Steady,DGA,3,187,,Clutch,Legacy,0.227085,5
932,,Steady,DGA,4,440,,Hunter,Legacy,0.227085,5
932,,Steady,DGA,5,483,,Jury,Dynamic Discs,0.346590,5
934,,Stego,Other,1,1101,,Wings,Yikun,0.373285,5
934,,Stego,Other,2,1094,,Wedge,Innova,0.594443,5
934,,Stego,Other,3,940,,Stratus,Discraft,0.616353,5
934,,Stego,Other,4,609,,Mirage,Innova,0.681848,5
934,,Stego,Other,5,505,,Kon Tiki,Infinite Discs,0.681848,5
936,,Stig,Kastaplast,1,171,,Cheetah,Innova,0.092572,5
936,,Stig,Kastaplast,2,119,,Blaze,Gateway,0.346590,5
936,,Stig,Kastaplast,3,257,,Demon,Gateway,0.346590,5
936,,Stig,Kastaplast,4,818,,Rio Grande,Lone Star Discs,0.346590,5
936,,Stig,Kastaplast,5,518,,Lasso,Mint Discs,0.456124,5
937,,Stiletto,Latitude 64,1,801,,Recon,Legacy,0.361625,5
937,,Stiletto,Latitude 64,2,87,,Ballista Pro,Latitude 64,0.373285,5
937,,Stiletto,Latitude 64,3,610,,Missilen (OOP),Latitude 64,0.416858,5
937,,Stiletto,Latitude 64,4,18,,Aftermath,Legacy,0.427013,5
937,,Stiletto,Latitude 64,5,1116,,X4,Prodigy,0.456124,5
938,,Sting,Discraft,1,224,,Cyclone,Discraft,0.373285,5
938,,Sting,Discraft,2,42,,Anvil,Westside Discs,0.427013,5
938,,Sting,Discraft,3,199,,Cookie,Clash Discs,0.555974,5
938,,Sting,Discraft,4,450,,Ice Age,Doomsday Discs,0.663234,5
938,,Sting,Discraft,5,942,,Strike,Other,0.719031,5
939,,Stingray,Innova,1,355,,Founder,Discmania,0.456124,5
939,,Stingray,Innova,2,883,,Shu,Yikun,0.456124,5
939,,Stingray,Innova,3,626,,Mutant,Discmania,0.765786,5
939,,Stingray,Innova,4,486,,KGB,Other,0.770657,5
939,,Stingray,Innova,5,714,,Pearl,Latitude 64,0.778232,5
940,,Stratus,Discraft,1,855,,Savior,Latitude 64,0.471794,5
940,,Stratus,Discraft,2,118,,Blast,DGA,0.594443,5
940,,Stratus,Discraft,3,1062,,Vessel,Thought Space Athletics,0.594443,5
940,,Stratus,Discraft,4,934,,Stego,Other,0.616353,5
940,,Stratus,Discraft,5,1077,,Walker,Lone Star Discs,0.723275,5
941,,Streak,Climo Disc Golf,1,823,,River,Latitude 64,0.557570,5
941,,Streak,Climo Disc Golf,2,607,,Minotaur,Other,0.723275,5
941,,Streak,Climo Disc Golf,3,450,,Ice Age,Doomsday Discs,0.724503,5
941,,Streak,Climo Disc Golf,4,786,,Ram,Innova,0.805384,5
941,,Streak,Climo Disc Golf,5,898,,Soda,Clash Discs,0.838571,5
942,,Strike,Other,1,93,,Barbarian,Viking,0.227085,5
942,,Strike,Other,2,359,,Fu,Yikun,0.277987,5
942,,Strike,Other,3,599,,Mermaid,Discmania,0.277987,5
942,,Strike,Other,4,410,,H4 (V2),Prodigy,0.346590,5
942,,Strike,Other,5,1044,,Underworld,Westside Discs,0.346590,5
943,,Striker,Latitude 64,1,606,,Millet,Clash Discs,0.277987,5
943,,Striker,Latitude 64,2,1074,,Vulture,Discraft,0.277987,5
943,,Striker,Latitude 64,3,407,,H1 (V2),Prodigy,0.277987,5
943,,Striker,Latitude 64,4,395,,Grackle,Mint Discs,0.373285,5
943,,Striker,Latitude 64,5,34,,Anax,Discraft,0.471794,5
944,,Strive,Latitude 64,1,1114,,X2,Prodigy,0.000000,5
944,,Strive,Latitude 64,2,295,,Enforcer,Dynamic Discs,0.092572,5
944,,Strive,Latitude 64,3,374,,General,Dynamic Discs,0.092572,5
944,,Strive,Latitude 64,4,399,,Grym (OOP),Kastaplast,0.092572,5
944,,Strive,Latitude 64,5,743,,Plague,Doomsday Discs,0.092572,5
945,,Stryder,Prodigy,1,543,,M Model S,Prodigy,0.373285,5
945,,Stryder,Prodigy,2,544,,M Model US,Prodigy,0.471794,5
945,,Stryder,Prodigy,3,863,,Sector,Finish Line,0.471794,5
945,,Stryder,Prodigy,4,1106,,Wombat3,Innova,0.765786,5
945,,Stryder,Prodigy,5,209,,Credo,Crosslap,0.805384,5
946,,Stud,Innova,1,685,,P2X,Discmania,0.000000,5
946,,Stud,Innova,2,531,,Logic,Discmania,0.092572,5
946,,Stud,Innova,3,812,,Rhyno,Innova,0.346590,5
946,,Stud,Innova,4,713,,Peak,Latitude 64,0.406265,5
946,,Stud,Innova,5,479,,Joy,Discraft,0.427013,5
947,,Sultan,Infinite Discs,1,128,,Boss,Innova,0.277987,5
947,,Sultan,Infinite Discs,2,45,,Ape,Innova,0.406265,5
947,,Sultan,Infinite Discs,3,249,,Daedalus,Innova,0.416858,5
947,,Sultan,Infinite Discs,4,983,,Teedevil,Innova,0.462623,5
947,,Sultan,Infinite Discs,5,1108,,World,Westside Discs,0.471794,5
948,,Summit,Vibram,1,609,,Mirage,Innova,0.580554,5
948,,Summit,Vibram,2,816,,Ringer,Discraft,0.587190,5
948,,Summit,Vibram,3,181,,Classic Roc,Innova,0.615687,5
948,,Summit,Vibram,4,1101,,Wings,Yikun,0.622728,5
948,,Summit,Vibram,5,686,,P3 (OOP),Discmania,0.622728,5
949,,Sumo,Legacy,1,576,,Malta,Discraft,0.092572,5
949,,Sumo,Legacy,2,796,,Reactor,MVP,0.456124,5
949,,Sumo,Legacy,3,219,,Culprit,Dynamic Discs,0.539719,5
949,,Sumo,Legacy,4,484,,Justice,Dynamic Discs,0.555974,5
949,,Sumo,Legacy,5,92,,Baobab,Above Ground Level,0.555974,5
950,,Supra,Finish Line,1,774,,Quake,DGA,0.346590,5
950,,Supra,Finish Line,2,473,,Jay,Innova,0.373285,5
950,,Supra,Finish Line,3,1027,,Truth,Dynamic Discs,0.456124,5
950,,Supra,Finish Line,4,1061,,Verdict,Dynamic Discs,0.456124,5
950,,Supra,Finish Line,5,143,,Buzzz OS,Discraft,0.456124,5
951,,Supreme EMac Truth,Dynamic Discs,1,305,,Evidence,Dynamic Discs,0.227085,5
951,,Supreme EMac Truth,Dynamic Discs,2,626,,Mutant,Discmania,0.454171,5
951,,Supreme EMac Truth,Dynamic Discs,3,1027,,Truth,Dynamic Discs,0.471794,5
951,,Supreme EMac Truth,Dynamic Discs,4,1061,,Verdict,Dynamic Discs,0.471794,5
951,,Supreme EMac Truth,Dynamic Discs,5,103,,Belleair,Climo Disc Golf,0.515352,5
952,,Supreme Trespass,Dynamic Discs,1,252,,Daytona,Finish Line,0.000000,5
952,,Supreme Trespass,Dynamic Discs,2,911,,Spell,Gateway,0.000000,5
952,,Supreme Trespass,Dynamic Discs,3,1063,,Vibe,Hooligan Discs,0.000000,5
952,,Supreme Trespass,Dynamic Discs,4,1115,,X3,Prodigy,0.000000,5
952,,Supreme Trespass,Dynamic Discs,5,31,,Alva,Kastaplast,0.092572,5
953,,Surf,DGA,1,337,,Fierce,Discraft,0.092572,5
953,,Surf,DGA,2,496,,Keystone,Latitude 64,0.092572,5
953,,Surf,DGA,3,104,,Benny,Lone Star Discs,0.277987,5
953,,Surf,DGA,4,464,,Invader,Innova,0.361625,5
953,,Surf,DGA,5,527,,Link,Discmania,0.361625,5
954,,Surge,Discraft,1,6,,Tilt,Discmania,0.000000,5
954,,Surge,Discraft,2,180,,Cinnamon,Clash Discs,0.000000,5
954,,Surge,Discraft,3,325,,FX-2,Prodigy,0.000000,5
954,,Surge,Discraft,4,344,,Flash,Discraft,0.227085,5
954,,Surge,Discraft,5,614,,Monarch,Innova,0.227085,5
956,,Suspect,Dynamic Discs,1,585,,Maple,Above Ground Level,0.361625,5
956,,Suspect,Dynamic Discs,2,1148,,Zone SS,Discraft,0.406265,5
956,,Suspect,Dynamic Discs,3,670,,Origin,Discmania,0.427013,5
956,,Suspect,Dynamic Discs,4,118,,Blast,DGA,0.462623,5
956,,Suspect,Dynamic Discs,5,1062,,Vessel,Thought Space Athletics,0.462623,5
957,,Svea,Kastaplast,1,365,,Fuse,Latitude 64,0.000000,5
957,,Svea,Kastaplast,2,392,,Gote,Kastaplast,0.000000,5
957,,Svea,Kastaplast,3,159,,Caribou,Daredevil Discs,0.361625,5
957,,Svea,Kastaplast,4,618,,Moose,Daredevil Discs,0.361625,5
957,,Svea,Kastaplast,5,561,,Mace,Latitude 64,0.373285,5
960,,Swarm,Discraft,1,98,,Bearkat,Lone Star Discs,0.000000,5
960,,Swarm,Discraft,2,709,,Patrol,Dynamic Discs,0.277987,5
960,,Swarm,Discraft,3,143,,Buzzz OS,Discraft,0.471794,5
960,,Swarm,Discraft,4,211,,Crisis,Doomsday Discs,0.471794,5
960,,Swarm,Discraft,5,820,,Rise,Birdie,0.500896,5
961,,Swift,AquaFlight,1,135,,Breakout,Dynamic Discs,0.092572,5
961,,Swift,AquaFlight,2,203,,Cosmos,Viking,0.346590,5
961,,Swift,AquaFlight,3,517,,Laseri,Prodiscus,0.373285,5
961,,Swift,AquaFlight,4,854,,Savant,Innova,0.373285,5
961,,Swift,AquaFlight,5,912,,Sphinx,Infinite Discs,0.406265,5
962,,Swift Fox,Daredevil Discs,1,424,,Hawkeye,Innova,0.092572,5
962,,Swift Fox,Daredevil Discs,2,375,,Genius,Discmania,0.227085,5
962,,Swift Fox,Daredevil Discs,3,974,,Talisman,Prodiscus,0.346590,5
962,,Swift Fox,Daredevil Discs,4,728,,Phenom,Legacy,0.373285,5
962,,Swift Fox,Daredevil Discs,5,1072,,Votum,Thought Space Athletics,0.373285,5
963,,Sword,Westside Discs,1,349,,Flow,Latitude 64,0.361625,5
963,,Sword,Westside Discs,2,1004,,Tide,Westside Discs,0.373285,5
963,,Sword,Westside Discs,3,308,,Expanse,Thought Space Athletics,0.416858,5
963,,Sword,Westside Discs,4,593,,Max (OOP),Innova,0.462623,5
963,,Sword,Westside Discs,5,1017,,Trace,Streamline,0.462623,5
964,,Sycamore,Above Ground Level,1,442,,Hybrid,Gateway,0.000000,5
964,,Sycamore,Above Ground Level,2,512,,Kui,Yikun,0.515352,5
964,,Sycamore,Above Ground Level,3,1120,,XL,Discraft,0.905353,5
964,,Sycamore,Above Ground Level,4,1087,,Warrior (Gateway),Gateway,1.112515,5
964,,Sycamore,Above Ground Level,5,425,,Heat,Discraft,1.136483,5
965,,Synapse,Thought Space Athletics,1,890,,Slab,Infinite Discs,0.000000,5
965,,Synapse,Thought Space Athletics,2,446,,Hypercane,DGA,0.227085,5
965,,Synapse,Thought Space Athletics,3,983,,Teedevil,Innova,0.277987,5
965,,Synapse,Thought Space Athletics,4,1108,,World,Westside Discs,0.346590,5
965,,Synapse,Thought Space Athletics,5,232,,D2,Prodigy,0.373285,5
966,,TD,Discmania,1,926,,Stal,Kastaplast,0.000000,5
966,,TD,Discmania,2,1102,,Witness,Dynamic Discs,0.000000,5
966,,TD,Discmania,3,331,,Falk,Kastaplast,0.092572,5
966,,TD,Discmania,4,996,,The Dome,Lone Star Discs,0.092572,5
966,,TD,Discmania,5,1042,,Undertaker,Discraft,0.185145,5
967,,TDx (OOP),Discmania,1,658,,Ogopogo,Daredevil Discs,0.092572,5
967,,TDx (OOP),Discmania,2,1123,,Xenon,Løft Discs,0.092572,5
967,,TDx (OOP),Discmania,3,672,,Orion LF,Millennium,0.277987,5
967,,TDx (OOP),Discmania,4,730,,Phoenix,Mint Discs,0.361625,5
967,,TDx (OOP),Discmania,5,695,,PD,Discmania,0.427013,5
970,,Taco,Mint Discs,1,124,,Bobcat,Mint Discs,0.000000,5
970,,Taco,Mint Discs,2,403,,Guava,Clash Discs,0.185145,5
970,,Taco,Mint Discs,3,437,,Houston,Lone Star Discs,0.455960,5
970,,Taco,Mint Discs,4,218,,Crux,Thought Space Athletics,0.462623,5
970,,Taco,Mint Discs,5,205,,Crag,Vibram,0.471794,5
971,,Tactic,Discmania,1,688,,P4,Discmania,0.227085,5
971,,Tactic,Discmania,2,284,,Dune,Trash Panda,0.416858,5
971,,Tactic,Discmania,3,805,,Reko X,Kastaplast,0.471794,5
971,,Tactic,Discmania,4,472,,Jarn,Kastaplast,0.616353,5
971,,Tactic,Discmania,5,1045,,Uplink,Axiom Discs,0.616353,5
972,,Tailor,Discmania,1,554,,MD3X,Discmania,0.092572,5
972,,Tailor,Discmania,2,368,,Gatekeeper,Westside Discs,0.277987,5
972,,Tailor,Discmania,3,380,,Glacier,Discmania,0.277987,5
972,,Tailor,Discmania,4,603,,Mid-Disc3,Innova,0.277987,5
972,,Tailor,Discmania,5,1090,,Wasp,Discraft,0.427013,5
973,,Takapu,RPM,1,675,,Outer Core,Trash Panda,0.000000,5
973,,Takapu,RPM,2,629,,Myth,Infinite Discs,0.092572,5
973,,Takapu,RPM,3,1039,,UFO,Mint Discs,0.092572,5
973,,Takapu,RPM,4,597,,Mercy,Latitude 64,0.185145,5
973,,Takapu,RPM,5,742,,Pixel,Axiom Discs,0.277987,5
974,,Talisman,Prodiscus,1,424,,Hawkeye,Innova,0.277987,5
974,,Talisman,Prodiscus,2,357,,Freetail,Mint Discs,0.277987,5
974,,Talisman,Prodiscus,3,578,,Mammoth,Daredevil Discs,0.277987,5
974,,Talisman,Prodiscus,4,962,,Swift Fox,Daredevil Discs,0.346590,5
974,,Talisman,Prodiscus,5,109,,Bi,Yikun,0.361625,5
975,,Talon,Discraft,1,373,,Gecko,Elevation Disc Golf,0.361625,5
975,,Talon,Discraft,2,536,,Lots,Kastaplast,0.456124,5
975,,Talon,Discraft,3,666,,Oracle,Sacred Discs,0.456124,5
975,,Talon,Discraft,4,203,,Cosmos,Viking,0.471794,5
975,,Talon,Discraft,5,468,,JLS,Millennium,0.499118,5
976,,Tank,Millennium,1,81,,Axe,Viking,0.277987,5
976,,Tank,Millennium,2,645,,Notion,Discmania,0.277987,5
976,,Tank,Millennium,3,39,,Animal,Innova,0.539719,5
976,,Tank,Millennium,4,176,,Chief OS,Gateway,0.539719,5
976,,Tank,Millennium,5,812,,Rhyno,Innova,0.539719,5
977,,Tantrum,Axiom Discs,1,806,,Relativity,MVP,0.000000,5
977,,Tantrum,Axiom Discs,2,984,,Teleport,MVP,0.000000,5
977,,Tantrum,Axiom Discs,3,161,,Catalyst,MVP,0.346590,5
977,,Tantrum,Axiom Discs,4,233,,D2 Max,Prodigy,0.346590,5
977,,Tantrum,Axiom Discs,5,292,,Empire,Prodiscus,0.346590,5
978,,Tara iti,RPM,1,869,,Sergeant,Dynamic Discs,0.000000,5
978,,Tara iti,RPM,2,210,,Criminal,Dynamic Discs,0.092572,5
978,,Tara iti,RPM,3,465,,Invictus,Innova,0.092572,5
978,,Tara iti,RPM,4,730,,Phoenix,Mint Discs,0.277987,5
978,,Tara iti,RPM,5,535,,Longhorn,Mint Discs,0.361625,5
979,,Tasmanian Devil V2,Wild Discs,1,335,,Felon,Dynamic Discs,0.000000,5
979,,Tasmanian Devil V2,Wild Discs,2,624,,Musket,Latitude 64,0.092572,5
979,,Tasmanian Devil V2,Wild Discs,3,998,,Thief,Dynamic Discs,0.227085,5
979,,Tasmanian Devil V2,Wild Discs,4,916,,Spirit,Gateway,0.277987,5
979,,Tasmanian Devil V2,Wild Discs,5,363,,Function,Discmania,0.277987,5
981,,Teebird,Innova,1,666,,Oracle,Sacred Discs,0.373285,5
981,,Teebird,Innova,2,317,,F7,Prodigy,0.416858,5
981,,Teebird,Innova,3,67,,Athena,Discraft,0.427013,5
981,,Teebird,Innova,4,313,,F1,Prodigy,0.427013,5
981,,Teebird,Innova,5,314,,F2,Prodigy,0.427013,5
983,,Teedevil,Innova,1,1108,,World,Westside Discs,0.092572,5
983,,Teedevil,Innova,2,649,,Nuke OS,Discraft,0.277987,5
983,,Teedevil,Innova,3,775,,Quasar,Millennium,0.277987,5
983,,Teedevil,Innova,4,890,,Slab,Infinite Discs,0.277987,5
983,,Teedevil,Innova,5,965,,Synapse,Thought Space Athletics,0.277987,5
984,,Teleport,MVP,1,806,,Relativity,MVP,0.000000,5
984,,Teleport,MVP,2,977,,Tantrum,Axiom Discs,0.000000,5
984,,Teleport,MVP,3,161,,Catalyst,MVP,0.346590,5
984,,Teleport,MVP,4,233,,D2 Max,Prodigy,0.346590,5
984,,Teleport,MVP,5,292,,Empire,Prodiscus,0.346590,5
985,,Telos,EV-7,1,718,,Penny Putter (Premium),Lone Star Discs,0.227085,5
985,,Telos,EV-7,2,719,,Penny Putter (Victor),Lone Star Discs,0.227085,5
985,,Telos,EV-7,3,914,,Spin,MVP,0.227085,5
985,,Telos,EV-7,4,337,,Fierce,Discraft,0.373285,5
985,,Telos,EV-7,5,496,,Keystone,Latitude 64,0.373285,5
987,,Temple,Thought Space Athletics,1,389,,Golem,Other,0.373285,5
987,,Temple,Thought Space Athletics,2,608,,Mint,Clash Discs,0.416858,5
987,,Temple,Thought Space Athletics,3,107,,Berry,Clash Discs,0.427013,5
987,,Temple,Thought Space Athletics,4,1014,,Toro,Innova,0.500896,5
987,,Temple,Thought Space Athletics,5,472,,Jarn,Kastaplast,0.515352,5
988,,Tempo,Axiom Discs,1,417,,Harp,Westside Discs,0.346590,5
988,,Tempo,Axiom Discs,2,389,,Golem,Other,0.471794,5
988,,Tempo,Axiom Discs,3,1014,,Toro,Innova,0.515352,5
988,,Tempo,Axiom Discs,4,987,,Temple,Thought Space Athletics,0.615687,5
988,,Tempo,Axiom Discs,5,559,,MX-2,Prodigy,0.648299,5
989,,Tenacity,Axiom Discs,1,161,,Catalyst,MVP,0.000000,5
989,,Tenacity,Axiom Discs,2,233,,D2 Max,Prodigy,0.000000,5
989,,Tenacity,Axiom Discs,3,292,,Empire,Prodiscus,0.000000,5
989,,Tenacity,Axiom Discs,4,1084,,Warbird,Lone Star Discs,0.277987,5
989,,Tenacity,Axiom Discs,5,806,,Relativity,MVP,0.346590,5
990,,Tern,Innova,1,421,,Havoc,Latitude 64,0.000000,5
990,,Tern,Innova,2,247,,DDx (OOP),Discmania,0.092572,5
990,,Tern,Innova,3,381,,Gladiator,Latitude 64,0.092572,5
990,,Tern,Innova,4,849,,Salt,Clash Discs,0.092572,5
990,,Tern,Innova,5,252,,Daytona,Finish Line,0.207360,5
991,,Terra,MVP,1,97,,Bear,Westside Discs,0.000000,5
991,,Terra,MVP,2,563,,Mad Cat,Lone Star Discs,0.000000,5
991,,Terra,MVP,3,925,,Stag,Westside Discs,0.000000,5
991,,Terra,MVP,4,326,,FX-3,Prodigy,0.092572,5
991,,Terra,MVP,5,327,,FX-4,Prodigy,0.227085,5
992,,Tesla,MVP,1,456,,Impulse,MVP,0.000000,5
992,,Tesla,MVP,2,621,,Motion,MVP,0.000000,5
992,,Tesla,MVP,3,458,,Inertia,MVP,0.373285,5
992,,Tesla,MVP,4,1109,,Wraith,Innova,0.427013,5
992,,Tesla,MVP,5,340,,Firebird,Innova,0.500896,5
995,,The Crater,Storm,1,139,,Bullfrog,Innova,0.207360,5
995,,The Crater,Storm,2,58,,Arowana,Elevation Disc Golf,0.227085,5
995,,The Crater,Storm,3,190,,Cohort,Infinite Discs,0.227085,5
995,,The Crater,Storm,4,192,,Colt,Innova,0.361625,5
995,,The Crater,Storm,5,791,,Rat,Innova,0.456124,5
996,,The Dome,Lone Star Discs,1,331,,Falk,Kastaplast,0.000000,5
996,,The Dome,Lone Star Discs,2,926,,Stal,Kastaplast,0.092572,5
996,,The Dome,Lone Star Discs,3,966,,TD,Discmania,0.092572,5
996,,The Dome,Lone Star Discs,4,1102,,Witness,Dynamic Discs,0.092572,5
996,,The Dome,Lone Star Discs,5,872,,Shadowfax,Prodigy,0.207360,5
997,,The Eye,Storm,1,631,,Nautilus,Neptune Discs,0.471794,5
997,,The Eye,Storm,2,895,,Sling,Westside Discs,0.500896,5
997,,The Eye,Storm,3,759,,Prophecy,Gateway,0.506970,5
997,,The Eye,Storm,4,581,,Manta,Innova,0.587190,5
997,,The Eye,Storm,5,498,,Khonsu,Infinite Discs,0.594443,5
998,,Thief,Dynamic Discs,1,363,,Function,Discmania,0.092572,5
998,,Thief,Dynamic Discs,2,364,,Fury,Latitude 64,0.092572,5
998,,Thief,Dynamic Discs,3,432,,Honor,Latitude 64,0.092572,5
998,,Thief,Dynamic Discs,4,438,,Hu,Yikun,0.092572,5
998,,Thief,Dynamic Discs,5,335,,Felon,Dynamic Discs,0.227085,5
999,,Thor,Viking,1,875,,Shark,Innova,0.277987,5
999,,Thor,Viking,2,1050,,Valor,Legacy,0.277987,5
999,,Thor,Viking,3,1089,,Warship,Westside Discs,0.277987,5
999,,Thor,Viking,4,561,,Mace,Latitude 64,0.373285,5
999,,Thor,Viking,5,159,,Caribou,Daredevil Discs,0.406265,5
1000,,Thrasher,Discraft,1,281,,Drive,Discraft,0.000000,5
1000,,Thrasher,Discraft,2,704,,Paradigm,Discmania,0.000000,5
1000,,Thrasher,Discraft,3,809,,Requiem,Thought Space Athletics,0.000000,5
1000,,Thrasher,Discraft,4,577,,Mamba,Innova,0.092572,5
1000,,Thrasher,Discraft,5,31,,Alva,Kastaplast,0.227085,5
1001,,Thread,Hooligan Discs,1,536,,Lots,Kastaplast,0.277987,5
1001,,Thread,Hooligan Discs,2,353,,Fortress,Westside Discs,0.373285,5
1001,,Thread,Hooligan Discs,3,716,,Pekapeka,RPM,0.373285,5
1001,,Thread,Hooligan Discs,4,921,,Spur,Lone Star Discs,0.373285,5
1001,,Thread,Hooligan Discs,5,879,,Shift,Streamline,0.416858,5
1002,,Thrill,Axiom Discs,1,255,,Defy,Axiom Discs,0.000000,5
1002,,Thrill,Axiom Discs,2,766,,Punisher,Discraft,0.000000,5
1002,,Thrill,Axiom Discs,3,463,,Interval,Finish Line,0.092572,5
1002,,Thrill,Axiom Discs,4,1055,,Vanish,Axiom Discs,0.092572,5
1002,,Thrill,Axiom Discs,5,342,,Firestorm,Innova,0.277987,5
1003,,Thunderbird,Innova,1,530,,Locust,Above Ground Level,0.227085,5
1003,,Thunderbird,Innova,2,896,,Sockibomb Felon,Dynamic Discs,0.277987,5
1003,,Thunderbird,Innova,3,912,,Sphinx,Infinite Discs,0.361625,5
1003,,Thunderbird,Innova,4,763,,Psyop,Doomsday Discs,0.373285,5
1003,,Thunderbird,Innova,5,517,,Laseri,Prodiscus,0.373285,5
1004,,Tide,Westside Discs,1,349,,Flow,Latitude 64,0.092572,5
1004,,Tide,Westside Discs,2,308,,Expanse,Thought Space Athletics,0.227085,5
1004,,Tide,Westside Discs,3,185,,Cloudbreaker,Discmania,0.277987,5
1004,,Tide,Westside Discs,4,405,,Guld,Kastaplast,0.277987,5
1004,,Tide,Westside Discs,5,802,,Redwood,Above Ground Level,0.277987,5
1005,,Timberwolf,Daredevil Discs,1,328,,Fairway Disc,Innova,0.361625,5
1005,,Timberwolf,Daredevil Discs,2,155,,Captain's Raptor,Discraft,0.427013,5
1005,,Timberwolf,Daredevil Discs,3,1008,,Titan,Prodiscus,0.456124,5
1005,,Timberwolf,Daredevil Discs,4,424,,Hawkeye,Innova,0.462623,5
1005,,Timberwolf,Daredevil Discs,5,962,,Swift Fox,Daredevil Discs,0.471794,5
1006,,Time-Lapse,Axiom Discs,1,387,,Goat,Mint Discs,0.000000,5
1006,,Time-Lapse,Axiom Discs,2,388,,Goat (Eternal),Mint Discs,0.000000,5
1006,,Time-Lapse,Axiom Discs,3,1007,,Time-Lapse (Retooled),Axiom Discs,0.000000,5
1006,,Time-Lapse,Axiom Discs,4,1017,,Trace,Streamline,0.277987,5
1006,,Time-Lapse,Axiom Discs,5,54,,Archon,Innova,0.361625,5
1007,,Time-Lapse (Retooled),Axiom Discs,1,387,,Goat,Mint Discs,0.000000,5
1007,,Time-Lapse (Retooled),Axiom Discs,2,388,,Goat (Eternal),Mint Discs,0.000000,5
1007,,Time-Lapse (Retooled),Axiom Discs,3,1006,,Time-Lapse,Axiom Discs,0.000000,5
1007,,Time-Lapse (Retooled),Axiom Discs,4,1017,,Trace,Streamline,0.277987,5
1007,,Time-Lapse (Retooled),Axiom Discs,5,54,,Archon,Innova,0.361625,5
1008,,Titan,Prodiscus,1,155,,Captain's Raptor,Discraft,0.092572,5
1008,,Titan,Prodiscus,2,300,,Era,Finish Line,0.207360,5
1008,,Titan,Prodiscus,3,177,,Chupacabra,Lone Star Discs,0.227085,5
1008,,Titan,Prodiscus,4,328,,Fairway Disc,Innova,0.277987,5
1008,,Titan,Prodiscus,5,395,,Grackle,Mint Discs,0.406265,5
1009,,Titanium,Løft Discs,1,591,,Maul,Latitude 64,0.427013,5
1009,,Titanium,Løft Discs,2,923,,Squid,Neptune Discs,0.616353,5
1009,,Titanium,Løft Discs,3,461,,Instinct,Discmania,0.649668,5
1009,,Titanium,Løft Discs,4,304,,Evader,Dynamic Discs,0.681848,5
1009,,Titanium,Løft Discs,5,821,,Rival,Legacy,0.713653,5
1010,,Tiyanak,Other,1,913,,Spice,Clash Discs,0.373285,5
1010,,Tiyanak,Other,2,847,,Saint Pro,Latitude 64,0.454171,5
1010,,Tiyanak,Other,3,639,,Ninja,Gateway,0.471794,5
1010,,Tiyanak,Other,4,668,,Orc,Innova,0.471794,5
1010,,Tiyanak,Other,5,420,,Hatchet,Westside Discs,0.500896,5
1011,,Tomahawk,Yikun,1,555,,MD4,Discmania,0.361625,5
1011,,Tomahawk,Yikun,2,347,,Flip,Hooligan Discs,0.373285,5
1011,,Tomahawk,Yikun,3,619,,Morningstar,Gateway,0.373285,5
1011,,Tomahawk,Yikun,4,1026,,Trust,Latitude 64,0.373285,5
1011,,Tomahawk,Yikun,5,434,,Hornet,Discraft,0.373285,5
1012,,Tomb,Infinite Discs,1,219,,Culprit,Dynamic Discs,0.277987,5
1012,,Tomb,Infinite Discs,2,92,,Baobab,Above Ground Level,0.462623,5
1012,,Tomb,Infinite Discs,3,565,,Maestro,Discmania,0.515352,5
1012,,Tomb,Infinite Discs,4,283,,Drop,Discmania,0.557570,5
1012,,Tomb,Infinite Discs,5,428,,Hellbender,Daredevil Discs,0.594443,5
1013,,Tombstone,Lone Star Discs,1,762,,Psychic,Elevation Disc Golf,0.227085,5
1013,,Tombstone,Lone Star Discs,2,726,,Pharaoh,Infinite Discs,0.471794,5
1013,,Tombstone,Lone Star Discs,3,731,,Photon,MVP,0.515352,5
1013,,Tombstone,Lone Star Discs,4,1092,,Wave,MVP,0.515352,5
1013,,Tombstone,Lone Star Discs,5,667,,Orbital,MVP,0.539719,5
1014,,Toro,Innova,1,559,,MX-2,Prodigy,0.227085,5
1014,,Toro,Innova,2,722,,Peppermint,Clash Discs,0.227085,5
1014,,Toro,Innova,3,389,,Golem,Other,0.277987,5
1014,,Toro,Innova,4,150,,Caiman,Innova,0.500896,5
1014,,Toro,Innova,5,987,,Temple,Thought Space Athletics,0.500896,5
1016,,Torrent,DGA,1,23,,Air Strike,Gateway,0.277987,5
1016,,Torrent,DGA,2,45,,Ape,Innova,0.373285,5
1016,,Torrent,DGA,3,240,,D6,Prodigy,0.471794,5
1016,,Torrent,DGA,4,249,,Daedalus,Innova,0.500896,5
1016,,Torrent,DGA,5,231,,D1 Max,Prodigy,0.539719,5
1017,,Trace,Streamline,1,387,,Goat,Mint Discs,0.277987,5
1017,,Trace,Streamline,2,388,,Goat (Eternal),Mint Discs,0.277987,5
1017,,Trace,Streamline,3,1006,,Time-Lapse,Axiom Discs,0.277987,5
1017,,Trace,Streamline,4,1007,,Time-Lapse (Retooled),Axiom Discs,0.277987,5
1017,,Trace,Streamline,5,108,,Berserker,Viking,0.277987,5
1018,,Trail,MVP,1,149,,Cactus,Lone Star Discs,0.000000,5
1018,,Trail,MVP,2,390,,Gorgon,Innova,0.092572,5
1018,,Trail,MVP,3,391,,Gorgon (GStar),Innova,0.092572,5
1018,,Trail,MVP,4,400,,Grym X (OOP),Kastaplast,0.227085,5
1018,,Trail,MVP,5,896,,Sockibomb Felon,Dynamic Discs,0.227085,5
1019,,Trance,Axiom Discs,1,785,,Rally,Finish Line,0.185145,5
1019,,Trance,Axiom Discs,2,841,,Sabertooth,Daredevil Discs,0.227085,5
1019,,Trance,Axiom Discs,3,302,,Essence,Discmania,0.346590,5
1019,,Trance,Axiom Discs,4,262,,Desperado,Lone Star Discs,0.406265,5
1019,,Trance,Axiom Discs,5,1051,,Vamp,Vibram,0.471794,5
1020,,Treason,Dynamic Discs,1,376,,Getaway,Dynamic Discs,0.227085,5
1020,,Treason,Dynamic Discs,2,859,,Scorch,Discraft,0.277987,5
1020,,Treason,Dynamic Discs,3,872,,Shadowfax,Prodigy,0.277987,5
1020,,Treason,Dynamic Discs,4,295,,Enforcer,Dynamic Discs,0.346590,5
1020,,Treason,Dynamic Discs,5,374,,General,Dynamic Discs,0.346590,5
1022,,Trespass,Dynamic Discs,1,1117,,X5,Prodigy,0.227085,5
1022,,Trespass,Dynamic Discs,2,246,,DD3,Discmania,0.454171,5
1022,,Trespass,Dynamic Discs,3,499,,King,Westside Discs,0.454171,5
1022,,Trespass,Dynamic Discs,4,295,,Enforcer,Dynamic Discs,0.506970,5
1022,,Trespass,Dynamic Discs,5,374,,General,Dynamic Discs,0.506970,5
1024,,Trident,Latitude 64,1,737,,Pipeline,DGA,0.539719,5
1024,,Trident,Latitude 64,2,1113,,Wyrm,Divergent,0.615687,5
1024,,Trident,Latitude 64,3,67,,Athena,Discraft,0.629571,5
1024,,Trident,Latitude 64,4,313,,F1,Prodigy,0.629571,5
1024,,Trident,Latitude 64,5,314,,F2,Prodigy,0.629571,5
1025,,Trinity,Lone Star Discs,1,1121,,XS,Discraft,0.185145,5
1025,,Trinity,Lone Star Discs,2,262,,Desperado,Lone Star Discs,0.227085,5
1025,,Trinity,Lone Star Discs,3,1126,,Xpress,Discraft,0.277987,5
1025,,Trinity,Lone Star Discs,4,302,,Essence,Discmania,0.361625,5
1025,,Trinity,Lone Star Discs,5,1105,,Wolverine,Daredevil Discs,0.373285,5
1026,,Trust,Latitude 64,1,347,,Flip,Hooligan Discs,0.000000,5
1026,,Trust,Latitude 64,2,619,,Morningstar,Gateway,0.000000,5
1026,,Trust,Latitude 64,3,555,,MD4,Discmania,0.092572,5
1026,,Trust,Latitude 64,4,141,,Buzzz,Discraft,0.277987,5
1026,,Trust,Latitude 64,5,547,,M3,Prodigy,0.277987,5
1027,,Truth,Dynamic Discs,1,1061,,Verdict,Dynamic Discs,0.000000,5
1027,,Truth,Dynamic Discs,2,473,,Jay,Innova,0.346590,5
1027,,Truth,Dynamic Discs,3,774,,Quake,DGA,0.373285,5
1027,,Truth,Dynamic Discs,4,950,,Supra,Finish Line,0.456124,5
1027,,Truth,Dynamic Discs,5,498,,Khonsu,Infinite Discs,0.456124,5
1030,,Tuff,Kastaplast,1,480,,Judge,Dynamic Discs,0.000000,5
1030,,Tuff,Kastaplast,2,30,,Alter,Thought Space Athletics,0.092572,5
1030,,Tuff,Kastaplast,3,433,,Hope,Latitude 64,0.092572,5
1030,,Tuff,Kastaplast,4,538,,Love,Jester Disc Golf,0.092572,5
1030,,Tuff,Kastaplast,5,783,,Rainmaker,Discmania,0.092572,5
1031,,Tui,RPM,1,767,,Pure,Latitude 64,0.427013,5
1031,,Tui,RPM,2,892,,Slammer,Dynamic Discs,0.427013,5
1031,,Tui,RPM,3,804,,Reko,Kastaplast,0.456124,5
1031,,Tui,RPM,4,106,,Berg X,Kastaplast,0.471794,5
1031,,Tui,RPM,5,612,,Mobius,EV-7,0.539719,5
1032,,Tumbleweed,Lone Star Discs,1,454,,Impa,Kastaplast,0.092572,5
1032,,Tumbleweed,Lone Star Discs,2,1056,,Vass,Kastaplast,0.092572,5
1032,,Tumbleweed,Lone Star Discs,3,241,,DD,Discmania,0.361625,5
1032,,Tumbleweed,Lone Star Discs,4,511,,Krut,Kastaplast,0.361625,5
1032,,Tumbleweed,Lone Star Discs,5,1138,,Zenith,MVP,0.361625,5
1033,,Turbulence,Streamline,1,72,,Avalanche,DGA,0.092572,5
1033,,Turbulence,Streamline,2,907,,Spark,Latitude 64,0.092572,5
1033,,Turbulence,Streamline,3,290,,Elm,Above Ground Level,0.185145,5
1033,,Turbulence,Streamline,4,470,,Jackalope,Mint Discs,0.185145,5
1033,,Turbulence,Streamline,5,918,,Splice,Discmania,0.185145,5
1034,,Tursas,Westside Discs,1,14,,Addax,Wild Discs,0.277987,5
1034,,Tursas,Westside Discs,2,540,,Lucky,Crosslap,0.277987,5
1034,,Tursas,Westside Discs,3,903,,Solstice,Millennium,0.361625,5
1034,,Tursas,Westside Discs,4,368,,Gatekeeper,Westside Discs,0.462623,5
1034,,Tursas,Westside Discs,5,380,,Glacier,Discmania,0.462623,5
1035,,Twin Swords,Yikun,1,595,,Mayhem,Axiom Discs,0.092572,5
1035,,Twin Swords,Yikun,2,640,,Nitro,MVP,0.092572,5
1035,,Twin Swords,Yikun,3,161,,Catalyst,MVP,0.373285,5
1035,,Twin Swords,Yikun,4,233,,D2 Max,Prodigy,0.373285,5
1035,,Twin Swords,Yikun,5,292,,Empire,Prodiscus,0.373285,5
1038,,Tyrant,Other,1,319,,FD,Discmania,0.227085,5
1038,,Tyrant,Other,2,1066,,Viking,Innova,0.277987,5
1038,,Tyrant,Other,3,858,,Scepter,Infinite Discs,0.346590,5
1038,,Tyrant,Other,4,268,,Diamond,Latitude 64,0.406265,5
1038,,Tyrant,Other,5,1093,,Weapon,Birdie,0.427013,5
1039,,UFO,Mint Discs,1,629,,Myth,Infinite Discs,0.000000,5
1039,,UFO,Mint Discs,2,597,,Mercy,Latitude 64,0.092572,5
1039,,UFO,Mint Discs,3,675,,Outer Core,Trash Panda,0.092572,5
1039,,UFO,Mint Discs,4,973,,Takapu,RPM,0.092572,5
1039,,UFO,Mint Discs,5,742,,Pixel,Axiom Discs,0.227085,5
1040,,Ultra,Other,1,158,,Cardinal,Stokely Discs,0.361625,5
1040,,Ultra,Other,2,1077,,Walker,Lone Star Discs,0.539719,5
1040,,Ultra,Other,3,178,,Cicada,Discraft,0.555974,5
1040,,Ultra,Other,4,670,,Origin,Discmania,0.555974,5
1040,,Ultra,Other,5,84,,Badger,Legacy,0.689110,5
1041,,UnLace,Vibram,1,246,,DD3,Discmania,0.277987,5
1041,,UnLace,Vibram,2,499,,King,Westside Discs,0.277987,5
1041,,UnLace,Vibram,3,1117,,X5,Prodigy,0.499118,5
1041,,UnLace,Vibram,4,696,,PD2,Discmania,0.515352,5
1041,,UnLace,Vibram,5,398,,Growler,Lone Star Discs,0.578053,5
1042,,Undertaker,Discraft,1,926,,Stal,Kastaplast,0.185145,5
1042,,Undertaker,Discraft,2,966,,TD,Discmania,0.185145,5
1042,,Undertaker,Discraft,3,1102,,Witness,Dynamic Discs,0.185145,5
1042,,Undertaker,Discraft,4,307,,Exodus,Infinite Discs,0.207360,5
1042,,Undertaker,Discraft,5,331,,Falk,Kastaplast,0.277717,5
1044,,Underworld,Westside Discs,1,410,,H4 (V2),Prodigy,0.000000,5
1044,,Underworld,Westside Discs,2,359,,Fu,Yikun,0.092572,5
1044,,Underworld,Westside Discs,3,599,,Mermaid,Discmania,0.092572,5
1044,,Underworld,Westside Discs,4,93,,Barbarian,Viking,0.185145,5
1044,,Underworld,Westside Discs,5,942,,Strike,Other,0.346590,5
1045,,Uplink,Axiom Discs,1,579,,Mana,Thought Space Athletics,0.277987,5
1045,,Uplink,Axiom Discs,2,284,,Dune,Trash Panda,0.346590,5
1045,,Uplink,Axiom Discs,3,886,,Silicon,Løft Discs,0.373285,5
1045,,Uplink,Axiom Discs,4,580,,Mango,Clash Discs,0.427013,5
1045,,Uplink,Axiom Discs,5,688,,P4,Discmania,0.456124,5
1047,,VRoc,Innova,1,53,,Archive,Prodigy,0.000000,5
1047,,VRoc,Innova,2,545,,M1,Prodigy,0.373285,5
1047,,VRoc,Innova,3,546,,M2,Prodigy,0.373285,5
1047,,VRoc,Innova,4,548,,M4,Prodigy,0.373285,5
1047,,VRoc,Innova,5,642,,Nord,Kastaplast,0.416858,5
1048,,Valkyrie,Innova,1,340,,Firebird,Innova,0.000000,5
1048,,Valkyrie,Innova,2,673,,Orion LS,Millennium,0.000000,5
1048,,Valkyrie,Innova,3,208,,Crave,Axiom Discs,0.227085,5
1048,,Valkyrie,Innova,4,826,,Roadrunner,Innova,0.277987,5
1048,,Valkyrie,Innova,5,871,,Servo,MVP,0.277987,5
1049,,Valley,Vibram,1,50,,Arch,Vibram,0.000000,5
1049,,Valley,Vibram,2,845,,Sail,DGA,0.277987,5
1049,,Valley,Vibram,3,63,,Assassin,Gateway,0.346590,5
1049,,Valley,Vibram,4,318,,F9,Prodigy,0.373285,5
1049,,Valley,Vibram,5,664,,Onyx,Vibram,0.471794,5
1050,,Valor,Legacy,1,875,,Shark,Innova,0.000000,5
1050,,Valor,Legacy,2,999,,Thor,Viking,0.277987,5
1050,,Valor,Legacy,3,193,,Comet,Discraft,0.373285,5
1050,,Valor,Legacy,4,345,,Flat Earth,Doomsday Discs,0.373285,5
1050,,Valor,Legacy,5,159,,Caribou,Daredevil Discs,0.416858,5
1051,,Vamp,Vibram,1,277,,Dragon,Innova,0.277987,5
1051,,Vamp,Vibram,2,49,,Aquarius,Millennium,0.277987,5
1051,,Vamp,Vibram,3,293,,Enemy,Legacy,0.361625,5
1051,,Vamp,Vibram,4,32,,Amphibian,Gateway,0.427013,5
1051,,Vamp,Vibram,5,644,,Notch,Vibram,0.462623,5
1052,,Vandal,Dynamic Discs,1,146,,CD1,Discmania,0.092572,5
1052,,Vandal,Dynamic Discs,2,1053,,Vanguard,Discmania,0.227085,5
1052,,Vandal,Dynamic Discs,3,22,,Ahti,Westside Discs,0.277987,5
1052,,Vandal,Dynamic Discs,4,334,,Feedback,Prodigy,0.277987,5
1052,,Vandal,Dynamic Discs,5,126,,Bokeh,Axiom Discs,0.277987,5
1053,,Vanguard,Discmania,1,22,,Ahti,Westside Discs,0.092572,5
1053,,Vanguard,Discmania,2,334,,Feedback,Prodigy,0.092572,5
1053,,Vanguard,Discmania,3,146,,CD1,Discmania,0.207360,5
1053,,Vanguard,Discmania,4,1052,,Vandal,Dynamic Discs,0.227085,5
1053,,Vanguard,Discmania,5,310,,F Model OS,Prodigy,0.277987,5
1054,,Vanilla,Clash Discs,1,269,,Diamondback,Mint Discs,0.361625,5
1054,,Vanilla,Clash Discs,2,453,,Illusion,Gateway,0.471794,5
1054,,Vanilla,Clash Discs,3,312,,F Model US,Prodigy,0.594443,5
1054,,Vanilla,Clash Discs,4,160,,Cataclysm,Doomsday Discs,0.615687,5
1054,,Vanilla,Clash Discs,5,163,,Cedar,Above Ground Level,0.622728,5
1055,,Vanish,Axiom Discs,1,463,,Interval,Finish Line,0.000000,5
1055,,Vanish,Axiom Discs,2,255,,Defy,Axiom Discs,0.092572,5
1055,,Vanish,Axiom Discs,3,766,,Punisher,Discraft,0.092572,5
1055,,Vanish,Axiom Discs,4,1002,,Thrill,Axiom Discs,0.092572,5
1055,,Vanish,Axiom Discs,5,342,,Firestorm,Innova,0.227085,5
1056,,Vass,Kastaplast,1,454,,Impa,Kastaplast,0.000000,5
1056,,Vass,Kastaplast,2,1032,,Tumbleweed,Lone Star Discs,0.092572,5
1056,,Vass,Kastaplast,3,638,,Nimitz,Lone Star Discs,0.361625,5
1056,,Vass,Kastaplast,4,241,,DD,Discmania,0.373285,5
1056,,Vass,Kastaplast,5,511,,Krut,Kastaplast,0.373285,5
1057,,Vela,Millennium,1,280,,Drift,Streamline,0.092572,5
1057,,Vela,Millennium,2,1105,,Wolverine,Daredevil Discs,0.092572,5
1057,,Vela,Millennium,3,62,,Ascend,Streamline,0.277987,5
1057,,Vela,Millennium,4,843,,Sabre,Gateway,0.277987,5
1057,,Vela,Millennium,5,97,,Bear,Westside Discs,0.277987,5
1058,,Vengeance,Legacy,1,348,,Flipperi,Prodiscus,0.000000,5
1058,,Vengeance,Legacy,2,525,,Lift,Streamline,0.000000,5
1058,,Vengeance,Legacy,3,663,,Omen,Thought Space Athletics,0.000000,5
1058,,Vengeance,Legacy,4,1110,,Wrangler,Lone Star Discs,0.000000,5
1058,,Vengeance,Legacy,5,267,,Diablo,Gateway,0.092572,5
1059,,Venom (Old Version - OOP),Discraft,1,1060,,Venom (Retooled),Discraft,0.000000,5
1059,,Venom (Old Version - OOP),Discraft,2,231,,D1 Max,Prodigy,0.346590,5
1059,,Venom (Old Version - OOP),Discraft,3,757,,Procyon,Trash Panda,0.361625,5
1059,,Venom (Old Version - OOP),Discraft,4,1081,,War Horse,Westside Discs,0.361625,5
1059,,Venom (Old Version - OOP),Discraft,5,430,,Hellfire,DGA,0.373285,5
1060,,Venom (Retooled),Discraft,1,1059,,Venom (Old Version - OOP),Discraft,0.000000,5
1060,,Venom (Retooled),Discraft,2,231,,D1 Max,Prodigy,0.346590,5
1060,,Venom (Retooled),Discraft,3,757,,Procyon,Trash Panda,0.361625,5
1060,,Venom (Retooled),Discraft,4,1081,,War Horse,Westside Discs,0.361625,5
1060,,Venom (Retooled),Discraft,5,430,,Hellfire,DGA,0.373285,5
1061,,Verdict,Dynamic Discs,1,1027,,Truth,Dynamic Discs,0.000000,5
1061,,Verdict,Dynamic Discs,2,473,,Jay,Innova,0.346590,5
1061,,Verdict,Dynamic Discs,3,774,,Quake,DGA,0.373285,5
1061,,Verdict,Dynamic Discs,4,950,,Supra,Finish Line,0.456124,5
1061,,Verdict,Dynamic Discs,5,498,,Khonsu,Infinite Discs,0.456124,5
1062,,Vessel,Thought Space Athletics,1,118,,Blast,DGA,0.000000,5
1062,,Vessel,Thought Space Athletics,2,1146,,Zone GT (Banger Top),Discraft,0.373285,5
1062,,Vessel,Thought Space Athletics,3,855,,Savior,Latitude 64,0.406265,5
1062,,Vessel,Thought Space Athletics,4,505,,Kon Tiki,Infinite Discs,0.427013,5
1062,,Vessel,Thought Space Athletics,5,956,,Suspect,Dynamic Discs,0.462623,5
1063,,Vibe,Hooligan Discs,1,252,,Daytona,Finish Line,0.000000,5
1063,,Vibe,Hooligan Discs,2,911,,Spell,Gateway,0.000000,5
1063,,Vibe,Hooligan Discs,3,952,,Supreme Trespass,Dynamic Discs,0.000000,5
1063,,Vibe,Hooligan Discs,4,1115,,X3,Prodigy,0.000000,5
1063,,Vibe,Hooligan Discs,5,31,,Alva,Kastaplast,0.092572,5
1064,,View,Yikun,1,717,,Pelican,AquaFlight,0.092572,5
1064,,View,Yikun,2,43,,Apache (OOP),Gateway,0.361625,5
1064,,View,Yikun,3,44,,Apache (retooled),Gateway,0.361625,5
1064,,View,Yikun,4,367,,Galleon,Infinite Discs,0.406265,5
1064,,View,Yikun,5,847,,Saint Pro,Latitude 64,0.427013,5
1065,,Vigil,Crosslap,1,1122,,XXX,Latitude 64,0.838571,5
1065,,Vigil,Crosslap,2,772,,Python,Innova,0.925246,5
1065,,Vigil,Crosslap,3,160,,Cataclysm,Doomsday Discs,1.001793,5
1065,,Vigil,Crosslap,4,706,,Passion,Discraft,1.058396,5
1065,,Vigil,Crosslap,5,737,,Pipeline,DGA,1.108386,5
1066,,Viking,Innova,1,858,,Scepter,Infinite Discs,0.092572,5
1066,,Viking,Innova,2,909,,Spear,Gateway,0.227085,5
1066,,Viking,Innova,3,198,,Convict,Dynamic Discs,0.277987,5
1066,,Viking,Innova,4,928,,Starfire,Innova,0.277987,5
1066,,Viking,Innova,5,1038,,Tyrant,Other,0.277987,5
1067,,Viper,Innova,1,735,,Pine,Westside Discs,0.539719,5
1067,,Viper,Innova,2,545,,M1,Prodigy,0.555974,5
1067,,Viper,Innova,3,546,,M2,Prodigy,0.555974,5
1067,,Viper,Innova,4,548,,M4,Prodigy,0.555974,5
1067,,Viper,Innova,5,94,,Bard,Westside Discs,0.578053,5
1068,,Virus,Axiom Discs,1,99,,Beast,Innova,0.092572,5
1068,,Virus,Axiom Discs,2,198,,Convict,Dynamic Discs,0.185145,5
1068,,Virus,Axiom Discs,3,928,,Starfire,Innova,0.185145,5
1068,,Virus,Axiom Discs,4,909,,Spear,Gateway,0.277717,5
1068,,Virus,Axiom Discs,5,858,,Scepter,Infinite Discs,0.346590,5
1069,,Volt,MVP,1,13,,Abyss,Storm,0.000000,5
1069,,Volt,MVP,2,517,,Laseri,Prodiscus,0.227085,5
1069,,Volt,MVP,3,854,,Savant,Innova,0.227085,5
1069,,Volt,MVP,4,912,,Sphinx,Infinite Discs,0.277987,5
1069,,Volt,MVP,5,56,,Aries,Millennium,0.277987,5
1070,,Voodoo,Gateway,1,351,,Focus,Discraft,0.000000,5
1070,,Voodoo,Gateway,2,223,,Cyber Putter,Doomsday Discs,0.373285,5
1070,,Voodoo,Gateway,3,402,,Guard,Dynamic Discs,0.416858,5
1070,,Voodoo,Gateway,4,838,,Rune,Viking,0.427013,5
1070,,Voodoo,Gateway,5,1132,,Yellow Rose,Lone Star Discs,0.515352,5
1072,,Votum,Thought Space Athletics,1,728,,Phenom,Legacy,0.185145,5
1072,,Votum,Thought Space Athletics,2,74,,Avenger,Discraft,0.227085,5
1072,,Votum,Thought Space Athletics,3,109,,Bi,Yikun,0.277987,5
1072,,Votum,Thought Space Athletics,4,424,,Hawkeye,Innova,0.361625,5
1072,,Votum,Thought Space Athletics,5,962,,Swift Fox,Daredevil Discs,0.373285,5
1073,,Vulcan,Innova,1,539,,Lu,Yikun,0.000000,5
1073,,Vulcan,Innova,2,415,,Halo,Latitude 64,0.092572,5
1073,,Vulcan,Innova,3,669,,Orca,Wild Discs,0.277987,5
1073,,Vulcan,Innova,4,273,,Dominator (OOP),Innova,0.406265,5
1073,,Vulcan,Innova,5,726,,Pharaoh,Infinite Discs,0.416858,5
1074,,Vulture,Discraft,1,606,,Millet,Clash Discs,0.000000,5
1074,,Vulture,Discraft,2,943,,Striker,Latitude 64,0.277987,5
1074,,Vulture,Discraft,3,178,,Cicada,Discraft,0.277987,5
1074,,Vulture,Discraft,4,798,,Reaper,Discraft,0.462623,5
1074,,Vulture,Discraft,5,395,,Grackle,Mint Discs,0.500896,5
1075,,Waco,Prodigy,1,528,,Lion,Innova,0.092572,5
1075,,Waco,Prodigy,2,507,,Kotuku,RPM,0.227085,5
1075,,Waco,Prodigy,3,68,,Atlas,Innova,0.416858,5
1075,,Waco,Prodigy,4,170,,Chariot,Infinite Discs,0.427013,5
1075,,Waco,Prodigy,5,777,,RA,Infinite Discs,0.578053,5
1076,,Wahoo,Innova,1,239,,D4 Max,Prodigy,0.498296,5
1076,,Wahoo,Innova,2,238,,D4,Prodigy,0.539719,5
1076,,Wahoo,Innova,3,520,,Lawin,Other,0.578053,5
1076,,Wahoo,Innova,4,161,,Catalyst,MVP,0.615687,5
1076,,Wahoo,Innova,5,233,,D2 Max,Prodigy,0.615687,5
1077,,Walker,Lone Star Discs,1,670,,Origin,Discmania,0.539719,5
1077,,Walker,Lone Star Discs,2,1040,,Ultra,Other,0.539719,5
1077,,Walker,Lone Star Discs,3,118,,Blast,DGA,0.616353,5
1077,,Walker,Lone Star Discs,4,1062,,Vessel,Thought Space Athletics,0.616353,5
1077,,Walker,Lone Star Discs,5,855,,Savior,Latitude 64,0.621477,5
1078,,Wall Cloud,Storm,1,41,,Anubis,Infinite Discs,0.427013,5
1078,,Wall Cloud,Storm,2,361,,Fugitive,Dynamic Discs,0.500896,5
1078,,Wall Cloud,Storm,3,362,,Fugitive (Supreme),Dynamic Discs,0.500896,5
1078,,Wall Cloud,Storm,4,365,,Fuse,Latitude 64,0.621477,5
1078,,Wall Cloud,Storm,5,392,,Gote,Kastaplast,0.621477,5
1079,,Walrus,Daredevil Discs,1,581,,Manta,Innova,0.346590,5
1079,,Walrus,Daredevil Discs,2,895,,Sling,Westside Discs,0.462623,5
1079,,Walrus,Daredevil Discs,3,741,,Piwakawaka,RPM,0.471794,5
1079,,Walrus,Daredevil Discs,4,103,,Belleair,Climo Disc Golf,0.557570,5
1079,,Walrus,Daredevil Discs,5,183,,Claymore,Latitude 64,0.557570,5
1080,,Wand,Gateway,1,100,,Beaver,Daredevil Discs,0.774736,5
1080,,Wand,Gateway,2,919,,Spore,Discmania,0.878287,5
1080,,Wand,Gateway,3,908,,Sparta,Prodiscus,1.080261,5
1080,,Wand,Gateway,4,838,,Rune,Viking,1.103453,5
1080,,Wand,Gateway,5,902,,Sole,Vibram,1.176233,5
1081,,War Horse,Westside Discs,1,757,,Procyon,Trash Panda,0.000000,5
1081,,War Horse,Westside Discs,2,430,,Hellfire,DGA,0.092572,5
1081,,War Horse,Westside Discs,3,232,,D2,Prodigy,0.227085,5
1081,,War Horse,Westside Discs,4,1141,,Zeus,Discraft,0.227085,5
1081,,War Horse,Westside Discs,5,169,,Charger,Innova,0.277987,5
1084,,Warbird,Lone Star Discs,1,1131,,Yeet,Hooligan Discs,0.277987,5
1084,,Warbird,Lone Star Discs,2,161,,Catalyst,MVP,0.277987,5
1084,,Warbird,Lone Star Discs,3,233,,D2 Max,Prodigy,0.277987,5
1084,,Warbird,Lone Star Discs,4,292,,Empire,Prodiscus,0.277987,5
1084,,Warbird,Lone Star Discs,5,989,,Tenacity,Axiom Discs,0.277987,5
1085,,Warden,Dynamic Discs,1,259,,Deputy,Dynamic Discs,0.000000,5
1085,,Warden,Dynamic Discs,2,30,,Alter,Thought Space Athletics,0.092572,5
1085,,Warden,Dynamic Discs,3,433,,Hope,Latitude 64,0.092572,5
1085,,Warden,Dynamic Discs,4,538,,Love,Jester Disc Golf,0.092572,5
1085,,Warden,Dynamic Discs,5,783,,Rainmaker,Discmania,0.092572,5
1086,,Warlock,Gateway,1,840,,Ruru,RPM,0.406265,5
1086,,Warlock,Gateway,2,919,,Spore,Discmania,0.500896,5
1086,,Warlock,Gateway,3,710,,Peace Frog,AquaFlight,0.587190,5
1086,,Warlock,Gateway,4,165,,Challenger,Discraft,0.594443,5
1086,,Warlock,Gateway,5,770,,Putt'r,Discraft,0.629571,5
1087,,Warrior (Gateway),Gateway,1,1120,,XL,Discraft,0.373285,5
1087,,Warrior (Gateway),Gateway,2,43,,Apache (OOP),Gateway,0.462623,5
1087,,Warrior (Gateway),Gateway,3,44,,Apache (retooled),Gateway,0.462623,5
1087,,Warrior (Gateway),Gateway,4,1064,,View,Yikun,0.587190,5
1087,,Warrior (Gateway),Gateway,5,717,,Pelican,AquaFlight,0.594443,5
1089,,Warship,Westside Discs,1,999,,Thor,Viking,0.277987,5
1089,,Warship,Westside Discs,2,41,,Anubis,Infinite Discs,0.406265,5
1089,,Warship,Westside Discs,3,361,,Fugitive,Dynamic Discs,0.406265,5
1089,,Warship,Westside Discs,4,362,,Fugitive (Supreme),Dynamic Discs,0.406265,5
1089,,Warship,Westside Discs,5,545,,M1,Prodigy,0.462623,5
1090,,Wasp,Discraft,1,972,,Tailor,Discmania,0.427013,5
1090,,Wasp,Discraft,2,554,,MD3X,Discmania,0.456124,5
1090,,Wasp,Discraft,3,894,,Sled,Discraft,0.471794,5
1090,,Wasp,Discraft,4,705,,Paradox,Axiom Discs,0.500896,5
1090,,Wasp,Discraft,5,1011,,Tomahawk,Yikun,0.539719,5
1091,,Watt,MVP,1,138,,Bullet,Mint Discs,0.092572,5
1091,,Watt,MVP,2,862,,Sea Otter,Wild Discs,0.227085,5
1091,,Watt,MVP,3,476,,Jokeri,Prodiscus,0.361625,5
1091,,Watt,MVP,4,477,,JokeriX,Prodiscus,0.361625,5
1091,,Watt,MVP,5,793,,Raze,Infinite Discs,0.462623,5
1092,,Wave,MVP,1,731,,Photon,MVP,0.000000,5
1092,,Wave,MVP,2,667,,Orbital,MVP,0.092572,5
1092,,Wave,MVP,3,727,,Phase,MVP,0.092572,5
1092,,Wave,MVP,4,726,,Pharaoh,Infinite Discs,0.277987,5
1092,,Wave,MVP,5,654,,Oblivion,Doomsday Discs,0.373285,5
1093,,Weapon,Birdie,1,285,,Dynasty,Infinite Discs,0.185145,5
1093,,Weapon,Birdie,2,268,,Diamond,Latitude 64,0.227085,5
1093,,Weapon,Birdie,3,1066,,Viking,Innova,0.373285,5
1093,,Weapon,Birdie,4,858,,Scepter,Infinite Discs,0.406265,5
1093,,Weapon,Birdie,5,339,,Fireball,Axiom Discs,0.424396,5
1094,,Wedge,Innova,1,505,,Kon Tiki,Infinite Discs,0.277987,5
1094,,Wedge,Innova,2,1101,,Wings,Yikun,0.462623,5
1094,,Wedge,Innova,3,1146,,Zone GT (Banger Top),Discraft,0.555974,5
1094,,Wedge,Innova,4,934,,Stego,Other,0.594443,5
1094,,Wedge,Innova,5,118,,Blast,DGA,0.616353,5
1095,,Wei,Yikun,1,515,,Lariat,Lone Star Discs,0.000000,5
1095,,Wei,Yikun,2,929,,Starfire L,Innova,0.000000,5
1095,,Wei,Yikun,3,577,,Mamba,Innova,0.277987,5
1095,,Wei,Yikun,4,281,,Drive,Discraft,0.346590,5
1095,,Wei,Yikun,5,704,,Paradigm,Discmania,0.346590,5
1096,,Whale,Innova,1,27,,Alpaca,Infinite Discs,0.000000,5
1096,,Whale,Innova,2,780,,Radar,Storm,0.092572,5
1096,,Whale,Innova,3,166,,Challenger OS,Discraft,0.092572,5
1096,,Whale,Innova,4,700,,Pace,Finish Line,0.227085,5
1096,,Whale,Innova,5,825,,Roach,Discraft,0.227085,5
1097,,Whippet,Innova,1,567,,Magician,Discmania,0.515352,5
1097,,Whippet,Innova,2,494,,Kaxe Z (OOP),Kastaplast,0.580554,5
1097,,Whippet,Innova,3,518,,Lasso,Mint Discs,0.682864,5
1097,,Whippet,Innova,4,439,,Huia,RPM,0.765786,5
1097,,Whippet,Innova,5,119,,Blaze,Gateway,0.778232,5
1098,,Wild Honey,Clash Discs,1,96,,Bayonet,Lone Star Discs,0.000000,5
1098,,Wild Honey,Clash Discs,2,244,,DD2,Discmania,0.000000,5
1098,,Wild Honey,Clash Discs,3,245,,DD2 (OOP),Discmania,0.000000,5
1098,,Wild Honey,Clash Discs,4,513,,Lace,Vibram,0.277987,5
1098,,Wild Honey,Clash Discs,5,696,,PD2,Discmania,0.361625,5
1099,,Wild Thing,Jester Disc Golf,1,436,,Houdini,Gateway,0.000000,5
1099,,Wild Thing,Jester Disc Golf,2,793,,Raze,Infinite Discs,0.277987,5
1099,,Wild Thing,Jester Disc Golf,3,671,,Origo,Prodiscus,0.346590,5
1099,,Wild Thing,Jester Disc Golf,4,897,,Sockibomb Slammer,Dynamic Discs,0.361625,5
1099,,Wild Thing,Jester Disc Golf,5,104,,Benny,Lone Star Discs,0.427013,5
1100,,Wildcat,Discraft,1,695,,PD,Discmania,0.406265,5
1100,,Wildcat,Discraft,2,736,,Pioneer,Latitude 64,0.406265,5
1100,,Wildcat,Discraft,3,751,,Power Disc (Phantom Sword),Innova,0.406265,5
1100,,Wildcat,Discraft,4,833,,Roman,Infinite Discs,0.406265,5
1100,,Wildcat,Discraft,5,90,,Banshee,Innova,0.427013,5
1101,,Wings,Yikun,1,934,,Stego,Other,0.373285,5
1101,,Wings,Yikun,2,1094,,Wedge,Innova,0.462623,5
1101,,Wings,Yikun,3,609,,Mirage,Innova,0.539719,5
1101,,Wings,Yikun,4,505,,Kon Tiki,Infinite Discs,0.539719,5
1101,,Wings,Yikun,5,948,,Summit,Vibram,0.622728,5
1102,,Witness,Dynamic Discs,1,926,,Stal,Kastaplast,0.000000,5
1102,,Witness,Dynamic Discs,2,966,,TD,Discmania,0.000000,5
1102,,Witness,Dynamic Discs,3,331,,Falk,Kastaplast,0.092572,5
1102,,Witness,Dynamic Discs,4,996,,The Dome,Lone Star Discs,0.092572,5
1102,,Witness,Dynamic Discs,5,1042,,Undertaker,Discraft,0.185145,5
1103,,Wizard,Gateway,1,564,,Madrone,Above Ground Level,0.824817,5
1103,,Wizard,Gateway,2,182,,Claws,Yikun,1.176233,5
1103,,Wizard,Gateway,3,223,,Cyber Putter,Doomsday Discs,1.365727,5
1103,,Wizard,Gateway,4,402,,Guard,Dynamic Discs,1.384478,5
1103,,Wizard,Gateway,5,584,,Manzanita,Above Ground Level,1.409020,5
1104,,Wolf,Innova,1,832,,Rollo,Innova,0.833961,5
1104,,Wolf,Innova,2,98,,Bearkat,Lone Star Discs,0.881582,5
1104,,Wolf,Innova,3,960,,Swarm,Discraft,0.881582,5
1104,,Wolf,Innova,4,356,,Fox,Innova,0.953682,5
1104,,Wolf,Innova,5,587,,Mars Rover,Millennium,0.953682,5
1105,,Wolverine,Daredevil Discs,1,1057,,Vela,Millennium,0.092572,5
1105,,Wolverine,Daredevil Discs,2,280,,Drift,Streamline,0.185145,5
1105,,Wolverine,Daredevil Discs,3,97,,Bear,Westside Discs,0.227085,5
1105,,Wolverine,Daredevil Discs,4,563,,Mad Cat,Lone Star Discs,0.227085,5
1105,,Wolverine,Daredevil Discs,5,925,,Stag,Westside Discs,0.227085,5
1106,,Wombat3,Innova,1,552,,MD2 (OOP),Discmania,0.373285,5
1106,,Wombat3,Innova,2,550,,MD,Discmania,0.471794,5
1106,,Wombat3,Innova,3,457,,Inca,Infinite Discs,0.629571,5
1106,,Wombat3,Innova,4,602,,Method,Discmania,0.629571,5
1106,,Wombat3,Innova,5,53,,Archive,Prodigy,0.689110,5
1107,,Woodchuck,Daredevil Discs,1,682,,P1,Discmania,0.000000,5
1107,,Woodchuck,Daredevil Discs,2,745,,Polar Bear,Daredevil Discs,0.207360,5
1107,,Woodchuck,Daredevil Discs,3,601,,Meteor Hammer,Yikun,0.227085,5
1107,,Woodchuck,Daredevil Discs,4,1124,,Xero,Innova,0.227085,5
1107,,Woodchuck,Daredevil Discs,5,660,,Omega,Millennium,0.361625,5
1108,,World,Westside Discs,1,983,,Teedevil,Innova,0.092572,5
1108,,World,Westside Discs,2,649,,Nuke OS,Discraft,0.227085,5
1108,,World,Westside Discs,3,775,,Quasar,Millennium,0.227085,5
1108,,World,Westside Discs,4,648,,Nuke,Discraft,0.277987,5
1108,,World,Westside Discs,5,890,,Slab,Infinite Discs,0.346590,5
1109,,Wraith,Innova,1,264,,Destroyer,Innova,0.277987,5
1109,,Wraith,Innova,2,458,,Inertia,MVP,0.277987,5
1109,,Wraith,Innova,3,456,,Impulse,MVP,0.427013,5
1109,,Wraith,Innova,4,621,,Motion,MVP,0.427013,5
1109,,Wraith,Innova,5,992,,Tesla,MVP,0.427013,5
1110,,Wrangler,Lone Star Discs,1,348,,Flipperi,Prodiscus,0.000000,5
1110,,Wrangler,Lone Star Discs,2,525,,Lift,Streamline,0.000000,5
1110,,Wrangler,Lone Star Discs,3,663,,Omen,Thought Space Athletics,0.000000,5
1110,,Wrangler,Lone Star Discs,4,1058,,Vengeance,Legacy,0.000000,5
1110,,Wrangler,Lone Star Discs,5,267,,Diablo,Gateway,0.092572,5
1111,,Wrath,Axiom Discs,1,460,,Insanity,Axiom Discs,0.000000,5
1111,,Wrath,Axiom Discs,2,339,,Fireball,Axiom Discs,0.092572,5
1111,,Wrath,Axiom Discs,3,285,,Dynasty,Infinite Discs,0.346590,5
1111,,Wrath,Axiom Discs,4,1068,,Virus,Axiom Discs,0.361625,5
1111,,Wrath,Axiom Discs,5,99,,Beast,Innova,0.373285,5
1112,,Wren,Stokely Discs,1,435,,Horny Toad,Lone Star Discs,0.000000,5
1112,,Wren,Stokely Discs,2,510,,Kratos,Discraft,0.000000,5
1112,,Wren,Stokely Discs,3,541,,Luna,Discraft,0.000000,5
1112,,Wren,Stokely Discs,4,589,,Marvel,Birdie,0.000000,5
1112,,Wren,Stokely Discs,5,873,,Shadowplay,Crosslap,0.000000,5
1113,,Wyrm,Divergent,1,88,,Bandit,Legacy,0.227085,5
1113,,Wyrm,Divergent,2,117,,Blade,Gateway,0.227085,5
1113,,Wyrm,Divergent,3,616,,Mongoose,Legacy,0.227085,5
1113,,Wyrm,Divergent,4,633,,Nemesis,Legacy,0.227085,5
1113,,Wyrm,Divergent,5,67,,Athena,Discraft,0.346590,5
1114,,X2,Prodigy,1,944,,Strive,Latitude 64,0.000000,5
1114,,X2,Prodigy,2,295,,Enforcer,Dynamic Discs,0.092572,5
1114,,X2,Prodigy,3,374,,General,Dynamic Discs,0.092572,5
1114,,X2,Prodigy,4,399,,Grym (OOP),Kastaplast,0.092572,5
1114,,X2,Prodigy,5,743,,Plague,Doomsday Discs,0.092572,5
1115,,X3,Prodigy,1,252,,Daytona,Finish Line,0.000000,5
1115,,X3,Prodigy,2,911,,Spell,Gateway,0.000000,5
1115,,X3,Prodigy,3,952,,Supreme Trespass,Dynamic Discs,0.000000,5
1115,,X3,Prodigy,4,1063,,Vibe,Hooligan Discs,0.000000,5
1115,,X3,Prodigy,5,31,,Alva,Kastaplast,0.092572,5
1116,,X4,Prodigy,1,241,,DD,Discmania,0.277987,5
1116,,X4,Prodigy,2,511,,Krut,Kastaplast,0.277987,5
1116,,X4,Prodigy,3,1138,,Zenith,MVP,0.277987,5
1116,,X4,Prodigy,4,801,,Recon,Legacy,0.277987,5
1116,,X4,Prodigy,5,638,,Nimitz,Lone Star Discs,0.346590,5
1117,,X5,Prodigy,1,1022,,Trespass,Dynamic Discs,0.227085,5
1117,,X5,Prodigy,2,246,,DD3,Discmania,0.227085,5
1117,,X5,Prodigy,3,499,,King,Westside Discs,0.227085,5
1117,,X5,Prodigy,4,944,,Strive,Latitude 64,0.462623,5
1117,,X5,Prodigy,5,1114,,X2,Prodigy,0.462623,5
1118,,XCaliber,Innova,1,169,,Charger,Innova,0.000000,5
1118,,XCaliber,Innova,2,752,,Power Disc2,Innova,0.000000,5
1118,,XCaliber,Innova,3,779,,Racer,Innova,0.000000,5
1118,,XCaliber,Innova,4,232,,D2,Prodigy,0.092572,5
1118,,XCaliber,Innova,5,1141,,Zeus,Discraft,0.092572,5
1120,,XL,Discraft,1,1087,,Warrior (Gateway),Gateway,0.373285,5
1120,,XL,Discraft,2,717,,Pelican,AquaFlight,0.462623,5
1120,,XL,Discraft,3,1064,,View,Yikun,0.471794,5
1120,,XL,Discraft,4,367,,Galleon,Infinite Discs,0.594443,5
1120,,XL,Discraft,5,43,,Apache (OOP),Gateway,0.594443,5
1121,,XS,Discraft,1,1025,,Trinity,Lone Star Discs,0.185145,5
1121,,XS,Discraft,2,1126,,Xpress,Discraft,0.207360,5
1121,,XS,Discraft,3,164,,Centurion,Infinite Discs,0.277987,5
1121,,XS,Discraft,4,262,,Desperado,Lone Star Discs,0.346590,5
1121,,XS,Discraft,5,1057,,Vela,Millennium,0.361625,5
1122,,XXX,Latitude 64,1,160,,Cataclysm,Doomsday Discs,0.277987,5
1122,,XXX,Latitude 64,2,453,,Illusion,Gateway,0.500896,5
1122,,XXX,Latitude 64,3,737,,Pipeline,DGA,0.616353,5
1122,,XXX,Latitude 64,4,1024,,Trident,Latitude 64,0.629571,5
1122,,XXX,Latitude 64,5,1054,,Vanilla,Clash Discs,0.724503,5
1123,,Xenon,Løft Discs,1,658,,Ogopogo,Daredevil Discs,0.000000,5
1123,,Xenon,Løft Discs,2,967,,TDx (OOP),Discmania,0.092572,5
1123,,Xenon,Løft Discs,3,672,,Orion LF,Millennium,0.346590,5
1123,,Xenon,Løft Discs,4,730,,Phoenix,Mint Discs,0.373285,5
1123,,Xenon,Løft Discs,5,869,,Sergeant,Dynamic Discs,0.427013,5
1124,,Xero,Innova,1,601,,Meteor Hammer,Yikun,0.000000,5
1124,,Xero,Innova,2,745,,Polar Bear,Daredevil Discs,0.092572,5
1124,,Xero,Innova,3,259,,Deputy,Dynamic Discs,0.227085,5
1124,,Xero,Innova,4,1085,,Warden,Dynamic Discs,0.227085,5
1124,,Xero,Innova,5,682,,P1,Discmania,0.227085,5
1126,,Xpress,Discraft,1,164,,Centurion,Infinite Discs,0.185145,5
1126,,Xpress,Discraft,2,1121,,XS,Discraft,0.207360,5
1126,,Xpress,Discraft,3,1025,,Trinity,Lone Star Discs,0.277987,5
1126,,Xpress,Discraft,4,62,,Ascend,Streamline,0.406265,5
1126,,Xpress,Discraft,5,843,,Sabre,Gateway,0.406265,5
1127,,Xtreme,Discraft,1,277,,Dragon,Innova,0.346590,5
1127,,Xtreme,Discraft,2,119,,Blaze,Gateway,0.361625,5
1127,,Xtreme,Discraft,3,257,,Demon,Gateway,0.361625,5
1127,,Xtreme,Discraft,4,818,,Rio Grande,Lone Star Discs,0.361625,5
1127,,Xtreme,Discraft,5,171,,Cheetah,Innova,0.456124,5
1129,,Yang,EV-7,1,483,,Jury,Dynamic Discs,0.000000,5
1129,,Yang,EV-7,2,641,,Nomad,MVP,0.000000,5
1129,,Yang,EV-7,3,683,,P1X,Discmania,0.000000,5
1129,,Yang,EV-7,4,1136,,Yin,EV-7,0.000000,5
1129,,Yang,EV-7,5,286,,EMAC Judge,Dynamic Discs,0.092572,5
1130,,Yao,Yikun,1,930,,Stari,Prodiscus,0.227085,5
1130,,Yao,Yikun,2,437,,Houston,Lone Star Discs,0.361625,5
1130,,Yao,Yikun,3,457,,Inca,Infinite Discs,0.456124,5
1130,,Yao,Yikun,4,602,,Method,Discmania,0.456124,5
1130,,Yao,Yikun,5,886,,Silicon,Løft Discs,0.515352,5
1131,,Yeet,Hooligan Discs,1,1084,,Warbird,Lone Star Discs,0.277987,5
1131,,Yeet,Hooligan Discs,2,698,,PDx (OOP),Discmania,0.277987,5
1131,,Yeet,Hooligan Discs,3,593,,Max (OOP),Innova,0.373285,5
1131,,Yeet,Hooligan Discs,4,1004,,Tide,Westside Discs,0.462623,5
1131,,Yeet,Hooligan Discs,5,349,,Flow,Latitude 64,0.471794,5
1132,,Yellow Rose,Lone Star Discs,1,588,,Marshal,Dynamic Discs,0.373285,5
1132,,Yellow Rose,Lone Star Discs,2,623,,Muse,Thought Space Athletics,0.456124,5
1132,,Yellow Rose,Lone Star Discs,3,758,,Profit,Mint Discs,0.471794,5
1132,,Yellow Rose,Lone Star Discs,4,814,,Ridge,Vibram,0.499118,5
1132,,Yellow Rose,Lone Star Discs,5,351,,Focus,Discraft,0.515352,5
1133,,Yeti,Daredevil Discs,1,111,,BigFoot,Daredevil Discs,0.000000,5
1133,,Yeti,Daredevil Discs,2,502,,Knight,Latitude 64,0.092572,5
1133,,Yeti,Daredevil Discs,3,206,,Crank,Discraft,0.277987,5
1133,,Yeti,Daredevil Discs,4,877,,Sheriff,Dynamic Discs,0.277987,5
1133,,Yeti,Daredevil Discs,5,191,,Colossus,Innova,0.462623,5
1136,,Yin,EV-7,1,483,,Jury,Dynamic Discs,0.000000,5
1136,,Yin,EV-7,2,641,,Nomad,MVP,0.000000,5
1136,,Yin,EV-7,3,683,,P1X,Discmania,0.000000,5
1136,,Yin,EV-7,4,1129,,Yang,EV-7,0.000000,5
1136,,Yin,EV-7,5,286,,EMAC Judge,Dynamic Discs,0.092572,5
1137,,Zeal,Other,1,902,,Sole,Vibram,0.227085,5
1137,,Zeal,Other,2,151,,Candy,Clash Discs,0.346590,5
1137,,Zeal,Other,3,329,,Faith,Latitude 64,0.471794,5
1137,,Zeal,Other,4,881,,Shogun,Discmania,0.515352,5
1137,,Zeal,Other,5,1086,,Warlock,Gateway,0.800046,5
1138,,Zenith,MVP,1,241,,DD,Discmania,0.000000,5
1138,,Zenith,MVP,2,511,,Krut,Kastaplast,0.000000,5
1138,,Zenith,MVP,3,638,,Nimitz,Lone Star Discs,0.092572,5
1138,,Zenith,MVP,4,1116,,X4,Prodigy,0.277987,5
1138,,Zenith,MVP,5,808,,Renegade,Dynamic Discs,0.277987,5
1139,,Zephyr,Innova,1,542,,Lynx,Innova,2.025918,5
1139,,Zephyr,Innova,2,195,,Condor,Innova,2.932365,5
1139,,Zephyr,Innova,3,1140,,Zeppelin,Discraft,8.352798,5
1139,,Zephyr,Innova,4,447,,I-One,Other,8.491216,5
1139,,Zephyr,Innova,5,102,,Beetle,Latitude 64,8.607539,5
1140,,Zeppelin,Discraft,1,447,,I-One,Other,0.682864,5
1140,,Zeppelin,Discraft,2,514,,Land Mine,Doomsday Discs,1.339309,5
1140,,Zeppelin,Discraft,3,102,,Beetle,Latitude 64,1.374216,5
1140,,Zeppelin,Discraft,4,258,,Depth Charge,Doomsday Discs,1.390827,5
1140,,Zeppelin,Discraft,5,945,,Stryder,Prodigy,1.703481,5
1141,,Zeus,Discraft,1,232,,D2,Prodigy,0.000000,5
1141,,Zeus,Discraft,2,169,,Charger,Innova,0.092572,5
1141,,Zeus,Discraft,3,752,,Power Disc2,Innova,0.092572,5
1141,,Zeus,Discraft,4,779,,Racer,Innova,0.092572,5
1141,,Zeus,Discraft,5,1118,,XCaliber,Innova,0.092572,5
1143,,Zodiac,Millennium,1,879,,Shift,Streamline,0.092572,5
1143,,Zodiac,Millennium,2,82,,Aztec,Infinite Discs,0.092572,5
1143,,Zodiac,Millennium,3,243,,DD1,Discmania,0.277987,5
1143,,Zodiac,Millennium,4,353,,Fortress,Westside Discs,0.277987,5
1143,,Zodiac,Millennium,5,474,,Jet,Streamline,0.277987,5
1144,,Zombee,Discraft,1,201,,Core,Latitude 64,0.855000,5
1144,,Zombee,Discraft,2,653,,Obex,Vibram,0.855568,5
1144,,Zombee,Discraft,3,1067,,Viper,Innova,0.905353,5
1144,,Zombee,Discraft,4,254,,Deflector,MVP,0.905353,5
1144,,Zombee,Discraft,5,282,,Drone,Discraft,0.928796,5
1145,,Zone,Discraft,1,137,,Bull Snake,Lone Star Discs,0.346590,5
1145,,Zone,Discraft,2,422,,Hawg,Innova,0.361625,5
1145,,Zone,Discraft,3,122,,Bluebonnet,Lone Star Discs,0.515352,5
1145,,Zone,Discraft,4,740,,Pivot,Prodigy,0.539719,5
1145,,Zone,Discraft,5,685,,P2X,Discmania,0.629571,5
1146,,Zone GT (Banger Top),Discraft,1,505,,Kon Tiki,Infinite Discs,0.277987,5
1146,,Zone GT (Banger Top),Discraft,2,118,,Blast,DGA,0.373285,5
1146,,Zone GT (Banger Top),Discraft,3,1062,,Vessel,Thought Space Athletics,0.373285,5
1146,,Zone GT (Banger Top),Discraft,4,585,,Maple,Above Ground Level,0.471794,5
1146,,Zone GT (Banger Top),Discraft,5,1148,,Zone SS,Discraft,0.471794,5
1147,,Zone OS,Discraft,1,753,,Praxis,Thought Space Athletics,0.092572,5
1147,,Zone OS,Discraft,2,924,,Stabilizer,Streamline,0.227085,5
1147,,Zone OS,Discraft,3,504,,Koi,Elevation Disc Golf,0.427013,5
1147,,Zone OS,Discraft,4,472,,Jarn,Kastaplast,0.427013,5
1147,,Zone OS,Discraft,5,804,,Reko,Kastaplast,0.454171,5
1148,,Zone SS,Discraft,1,585,,Maple,Above Ground Level,0.185145,5
1148,,Zone SS,Discraft,2,956,,Suspect,Dynamic Discs,0.406265,5
1148,,Zone SS,Discraft,3,1146,,Zone GT (Banger Top),Discraft,0.471794,5
1148,,Zone SS,Discraft,4,505,,Kon Tiki,Infinite Discs,0.578053,5
1148,,Zone SS,Discraft,5,55,,Area 51,Doomsday Discs,0.587190,5
