id,name,brand,category,category id,speed,glide,turn,fade,stability,link,pic,name_slug,brand_slug,category_slug,stability_slug,color,background_color,jr_maxweight,jr_diameter,jr_height,jr_rimdepth,jr_rimwidth,Rim Thickness (cm),Rim Depth / Diameter Ratio (%),Rim Configuration,Flexibility (kg),Class,Max Weight Vint (gr),Last Year Production,Certification Number,jr_pdgaapproval
0,1 Driver,Lightning,Fairway Driver,17,6,4,-2,2,Understable,https://www.marshallstreetdiscgolf.com/product/1-driver,https://s3.amazonaws.com/media.marshallstreetdiscgolf.com/inbounds/8994436.webp,1-driver,lightning,control-driver,understable,#FFFF60,#BEBDA2,,,,,,,,,,,,,,
1,1 Flyer,Lightning,Fairway Driver,17,8,5,-2,2,Stable,https://www.marshallstreetdiscgolf.com/product/1-flyer,https://s3.amazonaws.com/media.marshallstreetdiscgolf.com/inbounds/6680415.webp,1-flyer,lightning,control-driver,stable,#FFFF60,#BEBDA2,,,,,,,,,,,,,,
2,1 Helix,Lightning,Fairway Driver,17,8,4,-1,3,Overstable,https://www.marshallstreetdiscgolf.com/product/1-helix,https://s3.amazonaws.com/media.marshallstreetdiscgolf.com/inbounds/2141916.webp,1-helix,lightning,control-driver,overstable,#FFFF60,#BEBDA2,,,,,,,,,,,,,,
3,1 Hookshot,Lightning,Fairway Driver,17,6,4,0,3,Overstable,https://www.marshallstreetdiscgolf.com/product/1-hookshot,https://s3.amazonaws.com/media.marshallstreetdiscgolf.com/inbounds/2141916.webp,1-hookshot,lightning,control-driver,overstable,#FFFF60,#BEBDA2,,,,,,,,,,,,,,
4,1 Hyzer,Lightning,Fairway Driver,17,7,3,0,4,Overstable,https://www.marshallstreetdiscgolf.com/product/1-hyzer,https://s3.amazonaws.com/media.marshallstreetdiscgolf.com/inbounds/2215228.webp,1-hyzer,lightning,control-driver,overstable,#FFFF60,#BEBDA2,,,,,,,,,,,,,,
5,Great Horned Owl,Daredevil Discs,Putter,19,2,3,0,1,Stable,https://s3.amazonaws.com/media.marshallstreetdiscgolf.com/inbounds/3952594.webp,https://s3.amazonaws.com/media.marshallstreetdiscgolf.com/inbounds/3952594.webp,great-horned-owl,daredevil-discs,putter,stable,#FFFFFF,#515151,,,,,,,,,,,,,,
6,Tilt,Discmania,Fairway Driver,17,9,1,1,6,Very Overstable,https://www.marshallstreetdiscgolf.com/?s=tilt&post_type=product,https://s3.amazonaws.com/media.marshallstreetdiscgolf.com/inbounds/0000252.webp,tilt,discmania,control-driver,very-overstable,#FFA813,#9A0C0C,,,,,,,,,,,,,,
7,A1,Prodigy,Approach Discs,20,4,2,0,5,Very Overstable,https://www.marshallstreetdiscgolf.com/?s=%22A1%22&post_type=product,https://s3.amazonaws.com/media.marshallstreetdiscgolf.com/inbounds/8081443.webp,a1,prodigy,approach-discs,very-overstable,#000000,#10A259,,,,,,,,,,,,,,
8,A2,Prodigy,Approach Discs,20,4,2,0,4,Very Overstable,https://www.marshallstreetdiscgolf.com/?s=%22A2%22&post_type=product,https://s3.amazonaws.com/media.marshallstreetdiscgolf.com/inbounds/8081441.webp,a2,prodigy,approach-discs,very-overstable,#000000,#10A259,,,,,,,,,,,,,,
9,A3,Prodigy,Approach Discs,20,4,3,0,3,Overstable,https://www.marshallstreetdiscgolf.com/?s=%22A3%22&post_type=product,https://s3.amazonaws.com/media.marshallstreetdiscgolf.com/inbounds/8081442.webp,a3,prodigy,approach-discs,overstable,#000000,#10A259,,,,,,,,,,,,,,
10,A4,Prodigy,Approach Discs,20,4,3,-1,3,Stable,https://www.marshallstreetdiscgolf.com/?s=%22A4%22&post_type=product,https://s3.amazonaws.com/media.marshallstreetdiscgolf.com/inbounds/8080444.webp,a4,prodigy,approach-discs,stable,#000000,#10A259,,,,,,,,,,,,,,
11,A5,Prodigy,Approach Discs,20,4,3,0,2,Stable,https://www.marshallstreetdiscgolf.com/?s=%22A5%22&post_type=product,https://s3.amazonaws.com/media.marshallstreetdiscgolf.com/inbounds/0000216.webp,a5,prodigy,approach-discs,stable,#000000,#10A259,,,,,,,,,,,,,,
12,APX,Discraft,Putter,19,2,2,-1,1,Stable,https://www.marshallstreetdiscgolf.com/?s=apx&post_type=product,https://s3.amazonaws.com/media.marshallstreetdiscgolf.com/inbounds/8913305.webp,apx,discraft,putter,stable,#FF3737,#000000,174.3,21,2.3,1.4,19.2,0.9,6.7,49.25,7.03,,,,99-01,"Jan 29, 1999"
13,Abyss,Storm,Fairway Driver,17,8,4,0,3,Overstable,https://www.marshallstreetdiscgolf.com/?s=Abyss&post_type=product,https://s3.amazonaws.com/media.marshallstreetdiscgolf.com/inbounds/0000178.webp,abyss,storm,control-driver,overstable,#FFF417,#7010B9,,,,,,,,,,,,,,
14,Addax,Wild Discs,Midrange,18,5,5,0,2,Overstable,https://www.marshallstreetdiscgolf.com/product/landslide-addax-1st-run,https://s3.amazonaws.com/media.marshallstreetdiscgolf.com/inbounds/0000067.webp,addax,wild-discs,midrange,overstable,#D267A0,#373C0D,180.1,21.7,1.7,1.3,18.7,1.5,6,39.25,11.7,,,,20-100,"Dec 26, 2020"
15,Addax Reborn,Wild Discs,Midrange,18,5,5,0,1,Stable,https://www.marshallstreetdiscgolf.com/?s=Addax+Reborn&post_type=product,https://s3.amazonaws.com/media.marshallstreetdiscgolf.com/inbounds/0000277.webp,addax-reborn,wild-discs,midrange,stable,#D267A0,#373C0D,,,,,,,,,,,,,,
16,Adder,Westside Discs,Distance Driver,15,13,5,0,4,Very Overstable,https://www.marshallstreetdiscgolf.com/?s=Addler&post_type=product,https://s3.amazonaws.com/media.marshallstreetdiscgolf.com/inbounds/0000454.webp,adder,westside-discs,distance-driver,very-overstable,#FFFFFF,#014E13,,,,,,,,,,,,,,
17,Aero,Innova,Midrange,18,3,6,0,0,Understable,https://www.marshallstreetdiscgolf.com/?s=aero&post_type=product,https://s3.amazonaws.com/media.marshallstreetdiscgolf.com/inbounds/2470092.webp,aero,innova,midrange,understable,#2A290E,#F3EB09,,,,,,,,,,,,,,
18,Aftermath,Legacy,Distance Driver,15,13,5,-2,3,Stable,https://www.marshallstreetdiscgolf.com/?s=aftermath&post_type=product,https://s3.amazonaws.com/media.marshallstreetdiscgolf.com/inbounds/1984394.webp,aftermath,legacy,distance-driver,stable,#3831F0,#E43DD9,,,,,,,,,,,,,,
19,Aftershock,DGA,Midrange,18,5,4,0,2,Stable,https://www.marshallstreetdiscgolf.com/?s=aftershock&post_type=product,https://s3.amazonaws.com/media.marshallstreetdiscgolf.com/inbounds/1994394.webp,aftershock,dga,midrange,stable,#2876FF,#272727,,,,,,,,,,,,,,
20,Agent,Dynamic Discs,Putter,19,2,3,0,1,Stable,https://www.marshallstreetdiscgolf.com/?s=agent&post_type=product,https://s3.amazonaws.com/media.marshallstreetdiscgolf.com/inbounds/0000157.webp,agent,dynamic-discs,putter,stable,#FFFFFF,#0082F4,176,21.2,2.1,1.4,19,1.1,6.6,60.75,12.13,,,,22-34,"Mar 7, 2022"
21,Agera,EV-7,Putter,19,2,5,-2,1,Understable,,,agera,ev-7,putter,understable,#FFFFFF,#111397,,,,,,,,,,,,,,
22,Ahti,Westside Discs,Fairway Driver,17,9,3,0,4,Very Overstable,https://www.marshallstreetdiscgolf.com/?s=ahti&post_type=product,https://s3.amazonaws.com/media.marshallstreetdiscgolf.com/inbounds/1205500.webp,ahti,westside-discs,control-driver,very-overstable,#FFFFFF,#014E13,,,,,,,,,,,,,,
23,Air Strike,Gateway,Fairway Driver,17,9,5,-1,2,Stable,https://www.marshallstreetdiscgolf.com/?s=air+strike&post_type=product,https://s3.amazonaws.com/media.marshallstreetdiscgolf.com/inbounds/0125500.webp,air-strike,gateway,control-driver,stable,#FFFFFF,#A66A17,,,,,,,,,,,,,,
24,Albatross,Daredevil Discs,Distance Driver,15,14,6,-2,3,Overstable,https://www.marshallstreetdiscgolf.com/?s=albatross&post_type=product,https://s3.amazonaws.com/media.marshallstreetdiscgolf.com/inbounds/0529007.webp,albatross,daredevil-discs,distance-driver,overstable,#FFFFFF,#515151,174.3,21,1.6,1.1,16.4,2.3,5.2,26.5,8.39,,,,17-43,"Apr 3, 2017"
25,Alien,Innova,Midrange,18,4,2,0,1,Stable,https://www.marshallstreetdiscgolf.com/?s=Alien&post_type=product,https://s3.amazonaws.com/media.marshallstreetdiscgolf.com/inbounds/0000365.webp,alien,innova,midrange,stable,#2A290E,#F3EB09,,,,,,,,,,,,,,
26,Allosaurus,Dino Discs,Distance Driver,15,12,5,-3,1,Very Understable,https://www.marshallstreetdiscgolf.com/?s=allosaurus&post_type=product,https://s3.amazonaws.com/media.marshallstreetdiscgolf.com/inbounds/0000530.webp,allosaurus,dino-discs,distance-driver,very-understable,#740A0A,#FF6FCF,,,,,,,,,,,,,,
27,Alpaca,Infinite Discs,Putter,19,3,3,0,1,Stable,https://www.marshallstreetdiscgolf.com/?s=Alpaca&post_type=product,https://s3.amazonaws.com/media.marshallstreetdiscgolf.com/inbounds/0000079.webp,alpaca,infinite-discs,putter,stable,#FFFFFF,#62054C,175.1,21.1,2,1.5,19,1,7.1,63.75,8.52,,,,20-86,"Nov 16, 2020"
28,Alpas,Divergent,Putter,19,3,3,-2,2,Understable,https://www.marshallstreetdiscgolf.com/?s=alpas&post_type=product,https://s3.amazonaws.com/media.marshallstreetdiscgolf.com/inbounds/0000131.webp,alpas,divergent,putter,understable,#151FFF,#D8FFD9,,,,,,,,,,,,,,
29,Alpha,Mint Discs,Fairway Driver,17,8,4,0,2,Stable,https://www.marshallstreetdiscgolf.com/?s=Alpha&post_type=product,https://s3.amazonaws.com/media.marshallstreetdiscgolf.com/inbounds/4193239.webp,alpha,mint-discs,control-driver,stable,#FFFFFF,#F4933E,175.1,21.1,2.1,1.2,17.1,2,5.7,30.5,8.39,,,,17-13,"Jan 28, 2017"
30,Alter,Thought Space Athletics,Putter,19,3,3,0,1,Stable,https://www.marshallstreetdiscgolf.com/?s=Alter&post_type=product,https://s3.amazonaws.com/media.marshallstreetdiscgolf.com/inbounds/0000257.webp,alter,thought-space-athletics,putter,stable,#000000,#FF770E,176,21.2,2,1.5,19,1.1,7.1,61.5,5.34,,,,22-126,"Jul 11, 2022"
31,Alva,Kastaplast,Distance Driver,15,11,6,-2,2,Understable,https://www.marshallstreetdiscgolf.com/?s=k1+alva&post_type=product,https://s3.amazonaws.com/media.marshallstreetdiscgolf.com/inbounds/0000440.webp,alva,kastaplast,distance-driver,understable,#000000,#21F1B9,,,,,,,,,,,,,,
32,Amphibian,Gateway,Control Driver,16,10,6,-4,2,Understable,https://www.marshallstreetdiscgolf.com/?s=amphibian&post_type=product,https://s3.amazonaws.com/media.marshallstreetdiscgolf.com/inbounds/0000000.webp,amphibian,gateway,hybrid-driver,understable,#FFFFFF,#A66A17,,,,,,,,,,,,,,
33,Amulet,Prodiscus,Midrange,18,5,4,1,3,Overstable,https://www.marshallstreetdiscgolf.com/?s=amulet&post_type=product,https://s3.amazonaws.com/media.marshallstreetdiscgolf.com/inbounds/0000409.webp,amulet,prodiscus,midrange,overstable,#32E65C,#5435A9,179.3,21.6,1.8,1.5,18.8,1.4,6.9,47.5,7.16,,,,23-168,"Jun 26, 2023"
34,Anax,Discraft,Control Driver,16,10,6,0,3,Overstable,https://www.marshallstreetdiscgolf.com/?s=anax&post_type=product,https://s3.amazonaws.com/media.marshallstreetdiscgolf.com/inbounds/0000012.webp,anax,discraft,hybrid-driver,overstable,#FF3737,#000000,177.6,21.4,1.7,1.2,17.5,1.9,5.6,29.75,10.45,,,,19-50,"Jun 19, 2019"
35,Anchor,Latitude 64,Midrange,18,5,4,0,3,Overstable,https://www.marshallstreetdiscgolf.com/?s=anchor&post_type=product,https://s3.amazonaws.com/media.marshallstreetdiscgolf.com/inbounds/4139229.webp,anchor,latitude-64,midrange,overstable,#FFFFFF,#F40909,180.1,21.7,1.8,1.5,18.9,1.4,6.9,43.25,10.32,,,,16-75,"Dec 7, 2016"
36,Andro C,Other,Fairway Driver,17,6,4,-1,2,Stable,https://www.marshallstreetdiscgolf.com/product/hydro-m-andro-c-first-run,https://s3.amazonaws.com/media.marshallstreetdiscgolf.com/inbounds/4193233.webp,andro-c,other,control-driver,stable,#000000,#E5FFAA,,,,,,,,,,,,,,
37,Andro C (Retooled),Other,Fairway Driver,17,6,4,-2,1,Understable,https://www.marshallstreetdiscgolf.com/product/thermo-f-andro-c-retooled,https://s3.amazonaws.com/media.marshallstreetdiscgolf.com/inbounds/4193234.webp,andro-c-retooled,other,control-driver,understable,#000000,#E5FFAA,,,,,,,,,,,,,,
38,Angler,Wild Discs,Midrange,18,4,3,0,3,Very Overstable,https://www.marshallstreetdiscgolf.com/?s=Angler&post_type=product,https://s3.amazonaws.com/media.marshallstreetdiscgolf.com/inbounds/0000164.webp,angler,wild-discs,midrange,very-overstable,#D267A0,#373C0D,178.5,21.5,2,1.4,18.5,1.5,6.5,44,9.89,,,,21-145,"Dec 13, 2021"
39,Animal,Innova,Approach Discs,20,2,1,0,1,Overstable,https://www.marshallstreetdiscgolf.com/?s=animal&post_type=product,https://s3.amazonaws.com/media.marshallstreetdiscgolf.com/inbounds/0000506.webp,animal,innova,approach-discs,overstable,#2A290E,#F3EB09,,,,,,,,,,,,,,
40,Animus,Thought Space Athletics,Control Driver,16,11,5,0,2,Overstable,https://www.marshallstreetdiscgolf.com/?s=animus&post_type=product,https://s3.amazonaws.com/media.marshallstreetdiscgolf.com/inbounds/0000043.webp,animus,thought-space-athletics,hybrid-driver,overstable,#000000,#FF770E,176,21.2,1.6,1.2,17,2.1,5.7,30,11.82,,,,20-50,"Jun 23, 2020"
41,Anubis,Infinite Discs,Midrange,18,5,5,0,0,Stable,https://www.marshallstreetdiscgolf.com/?s=anubis&post_type=product,https://s3.amazonaws.com/media.marshallstreetdiscgolf.com/inbounds/0000055.webp,anubis,infinite-discs,midrange,stable,#FFFFFF,#62054C,180.9,21.8,2.1,1.3,18.7,1.4,6,50,9.19,,,,18-51,"Jun 21, 2018"
42,Anvil,Westside Discs,Midrange,18,4,2,0,4,Very Overstable,https://www.marshallstreetdiscgolf.com/?s=anvil&post_type=product,https://s3.amazonaws.com/media.marshallstreetdiscgolf.com/inbounds/1312199.webp,anvil,westside-discs,midrange,very-overstable,#FFFFFF,#014E13,,,,,,,,,,,,,,
43,Apache (OOP),Gateway,Fairway Driver,17,9,4,-1,2,Understable,https://www.marshallstreetdiscgolf.com/?s=apache&post_type=product,https://s3.amazonaws.com/media.marshallstreetdiscgolf.com/inbounds/5101462.webp,apache-oop,gateway,control-driver,understable,#FFFFFF,#A66A17,,,,,,,,,,,,,,
44,Apache (retooled),Gateway,Control Driver,16,10,6,0,2,Overstable,https://www.marshallstreetdiscgolf.com/?s=Apache&post_type=product,https://s3.amazonaws.com/media.marshallstreetdiscgolf.com/inbounds/0000373.webp,apache-retooled,gateway,hybrid-driver,overstable,#FFFFFF,#A66A17,,,,,,,,,,,,,,
45,Ape,Innova,Distance Driver,15,13,5,0,4,Very Overstable,https://www.marshallstreetdiscgolf.com/?s=ape&post_type=product,https://s3.amazonaws.com/media.marshallstreetdiscgolf.com/inbounds/0522872.webp,ape,innova,distance-driver,very-overstable,#2A290E,#F3EB09,,,,,,,,,,,,,,
46,Apex,Gateway,Distance Driver,15,12,6,-1,2,Understable,https://www.marshallstreetdiscgolf.com/?s=apex&post_type=product,https://s3.amazonaws.com/media.marshallstreetdiscgolf.com/inbounds/0577872.webp,apex,gateway,distance-driver,understable,#FFFFFF,#A66A17,,,,,,,,,,,,,,
47,Apogee,Climo Disc Golf,Distance Driver,15,12,5,-2,1,Understable,,,apogee,climo-disc-golf,distance-driver,understable,#FFFFFF,#071139,,,,,,,,,,,,,,
48,Apollo,Other,Midrange,18,5,5,-1,2,Stable,https://www.marshallstreetdiscgolf.com/?s=Apollo&post_type=product,https://s3.amazonaws.com/media.marshallstreetdiscgolf.com/inbounds/0000110.webp,apollo,other,midrange,stable,#000000,#E5FFAA,,,,,,,,,,,,,,
49,Aquarius,Millennium,Fairway Driver,17,8,5,-3,2,Very Understable,https://www.marshallstreetdiscgolf.com/?s=aquarius&post_type=product,https://s3.amazonaws.com/media.marshallstreetdiscgolf.com/inbounds/7318361.webp,aquarius,millennium,control-driver,very-understable,#000000,#FF0974,,,,,,,,,,,,,,
50,Arch,Vibram,Fairway Driver,17,8,5,0,2,Overstable,https://www.marshallstreetdiscgolf.com/?s=x-link+arch&post_type=product,https://s3.amazonaws.com/media.marshallstreetdiscgolf.com/inbounds/7318362.webp,arch,vibram,control-driver,overstable,#FFDC2D,#9A7D2C,,,,,,,,,,,,,,
51,Archangel,Innova,Fairway Driver,17,8,6,-4,1,Very Understable,https://www.marshallstreetdiscgolf.com/?s=archangel&post_type=product,https://s3.amazonaws.com/media.marshallstreetdiscgolf.com/inbounds/2997242.webp,archangel,innova,control-driver,very-understable,#2A290E,#F3EB09,,,,,,,,,,,,,,
52,Archer,Discraft,Midrange,18,5,4,-4,1,Very Understable,https://www.marshallstreetdiscgolf.com/?s=archer&post_type=product,https://s3.amazonaws.com/media.marshallstreetdiscgolf.com/inbounds/7381363.webp,archer,discraft,midrange,very-understable,#FF3737,#000000,178.5,21.5,1.8,1.1,18.5,1.5,5.1,36,7.94,,,,16-78,"Dec 7, 2016"
53,Archive,Prodigy,Midrange,18,5,5,0,2,Overstable,https://www.marshallstreetdiscgolf.com/?s=Archive&post_type=product,https://s3.amazonaws.com/media.marshallstreetdiscgolf.com/inbounds/0000360.webp,archive,prodigy,midrange,overstable,#000000,#10A259,,,,,,,,,,,,,,
54,Archon,Innova,Control Driver,16,11,5,-2,2,Stable,https://www.marshallstreetdiscgolf.com/?s=archon&post_type=product,https://s3.amazonaws.com/media.marshallstreetdiscgolf.com/inbounds/7318363.webp,archon,innova,hybrid-driver,stable,#2A290E,#F3EB09,,,,,,,,,,,,,,
55,Area 51,Doomsday Discs,Approach Discs,20,4,3,0,2.5,Very Overstable,https://www.marshallstreetdiscgolf.com/?s=area+51&post_type=product,https://s3.amazonaws.com/media.marshallstreetdiscgolf.com/inbounds/0000517.webp,area-51,doomsday-discs,approach-discs,very-overstable,#B6FF8B,#144E48,175.1,21.1,1.5,1.2,18.7,1.2,5.7,53,7.27,,,,23-202,"Aug 7, 2023"
56,Aries,Millennium,Control Driver,16,11,6,-4,2,Understable,https://www.marshallstreetdiscgolf.com/?s=aries&post_type=product,https://s3.amazonaws.com/media.marshallstreetdiscgolf.com/inbounds/2014205.webp,aries,millennium,hybrid-driver,understable,#000000,#FF0974,,,,,,,,,,,,,,
57,Armadillo,Lone Star Discs,Putter,19,1,2,0,1,Stable,https://www.marshallstreetdiscgolf.com/?s=armadillo&post_type=product,https://s3.amazonaws.com/media.marshallstreetdiscgolf.com/inbounds/0000156.webp,armadillo,lone-star-discs,putter,stable,#FFA5EA,#6B834B,,,,,,,,,,,,,,
58,Arowana,Elevation Disc Golf,Putter,19,3,3,-1,2,Stable,https://www.marshallstreetdiscgolf.com/?s=Arowana&post_type=product,https://s3.amazonaws.com/media.marshallstreetdiscgolf.com/inbounds/0000307.webp,arowana,elevation-disc-golf,putter,stable,#FFFFFF,#6A431D,175.1,21.1,1.8,1.3,19.1,1,6.2,62.25,0.91,,,,22-194,"Nov 7, 2022"
59,Arrowhead,Sacred Discs,Midrange,18,4,3,0,1,Stable,https://www.marshallstreetdiscgolf.com/?s=Arrowhead&post_type=product,https://s3.amazonaws.com/media.marshallstreetdiscgolf.com/inbounds/0000363.webp,arrowhead,sacred-discs,midrange,stable,#0E1774,#B4CDFF,175.1,21.1,1.6,1.3,18.7,1.2,6.2,53.5,9.55,,,,23-184,"Jul 17, 2023"
60,Artemis,Lone Star Discs,Approach Discs,20,4,4,0,3,Very Overstable,https://www.marshallstreetdiscgolf.com/?s=artemis&post_type=product,https://s3.amazonaws.com/media.marshallstreetdiscgolf.com/inbounds/0000356.webp,artemis,lone-star-discs,approach-discs,very-overstable,#FFA5EA,#6B834B,,,,,,,,,,,,,,
61,Artifact,Infinite Discs,Putter,19,2,3,-1,0,Understable,https://www.marshallstreetdiscgolf.com/?s=artifact&post_type=product,https://s3.amazonaws.com/media.marshallstreetdiscgolf.com/inbounds/0000537.webp,artifact,infinite-discs,putter,understable,#FFFFFF,#62054C,176,21.2,2.1,1.5,19.2,1,7.1,72.5,6.7,,,,25-86,"Jun 2, 2025"
62,Ascend,Streamline,Fairway Driver,17,6,5,-3,0.5,Very Understable,https://www.marshallstreetdiscgolf.com/?s=Ascend&post_type=product,https://s3.amazonaws.com/media.marshallstreetdiscgolf.com/inbounds/0000206.webp,ascend,streamline,control-driver,very-understable,#012219,#ACFFBA,,,,,,,,,,,,,,
63,Assassin,Gateway,Fairway Driver,17,9,6,-1.5,1,Understable,https://www.marshallstreetdiscgolf.com/?s=assassin&post_type=product,https://s3.amazonaws.com/media.marshallstreetdiscgolf.com/inbounds/9100613.webp,assassin,gateway,control-driver,understable,#FFFFFF,#A66A17,,,,,,,,,,,,,,
64,Astra,Millennium,Control Driver,16,11,5,-1,2,Stable,https://www.marshallstreetdiscgolf.com/?s=astra&post_type=product,https://s3.amazonaws.com/media.marshallstreetdiscgolf.com/inbounds/7569533.webp,astra,millennium,hybrid-driver,stable,#000000,#FF0974,,,,,,,,,,,,,,
65,Astra-X,Millennium,Control Driver,16,11,5,0,4,Overstable,https://www.marshallstreetdiscgolf.com/?s=astra-x&post_type=product,https://s3.amazonaws.com/media.marshallstreetdiscgolf.com/inbounds/7569534.webp,astra-x,millennium,hybrid-driver,overstable,#000000,#FF0974,,,,,,,,,,,,,,
66,Astronaut,Discmania,Distance Driver,15,12,6,-4,1,Very Understable,https://www.marshallstreetdiscgolf.com/?s=astronaut&post_type=product,https://s3.amazonaws.com/media.marshallstreetdiscgolf.com/inbounds/0000092.webp,astronaut,discmania,distance-driver,very-understable,#FFA813,#9A0C0C,176,21.2,1.8,1.1,16.6,2.3,5.2,26,11.14,,,,21-24,"Feb 22, 2021"
67,Athena,Discraft,Fairway Driver,17,7,5,0,2,Stable,https://www.marshallstreetdiscgolf.com/?s=Athena&post_type=product,https://s3.amazonaws.com/media.marshallstreetdiscgolf.com/inbounds/0000266.webp,athena,discraft,control-driver,stable,#FF3737,#000000,176.8,21.3,1.5,1.1,17.7,1.8,5.2,30,11.7,,,,22-132,"Aug 1, 2022"
68,Atlas,Innova,Midrange,18,5,4,0,1,Stable,https://www.marshallstreetdiscgolf.com/?s=atlas&post_type=product,https://s3.amazonaws.com/media.marshallstreetdiscgolf.com/inbounds/3187912.webp,atlas,innova,midrange,stable,#2A290E,#F3EB09,,,,,,,,,,,,,,
69,Atom,MVP,Putter,19,3,3,-0.5,0,Stable,https://www.marshallstreetdiscgolf.com/?s=atom&post_type=product,https://s3.amazonaws.com/media.marshallstreetdiscgolf.com/inbounds/3769211.webp,atom,mvp,putter,stable,#000000,#9BF2FF,,,,,,,,,,,,,,
70,Aura,Gateway,Distance Driver,15,12,6,-2,1,Understable,https://www.marshallstreetdiscgolf.com/?s=aura&post_type=product,https://s3.amazonaws.com/media.marshallstreetdiscgolf.com/inbounds/0000475.webp,aura,gateway,distance-driver,understable,#FFFFFF,#A66A17,,,,,,,,,,,,,,
71,Aurora/QMS,Millennium,Midrange,18,4,5,0,0,Understable,https://www.marshallstreetdiscgolf.com/?s=aurora&post_type=product,https://s3.amazonaws.com/media.marshallstreetdiscgolf.com/inbounds/7170628.webp,auroraqms,millennium,midrange,understable,#000000,#FF0974,,,,,,,,,,,,,,
72,Avalanche,DGA,Fairway Driver,17,9,3,0,4,Very Overstable,https://www.marshallstreetdiscgolf.com/?s=Avalanche&post_type=product,https://s3.amazonaws.com/media.marshallstreetdiscgolf.com/inbounds/0000326.webp,avalanche,dga,control-driver,very-overstable,#2876FF,#272727,,,,,,,,,,,,,,
73,Avatar,Innova,Midrange,18,5,4,0,2,Stable,https://www.marshallstreetdiscgolf.com/?s=Avatar&post_type=product,https://s3.amazonaws.com/media.marshallstreetdiscgolf.com/inbounds/0000027.webp,avatar,innova,midrange,stable,#2A290E,#F3EB09,,,,,,,,,,,,,,
74,Avenger,Discraft,Control Driver,16,10,5,0,3,Overstable,https://www.marshallstreetdiscgolf.com/?s=avenger&post_type=product,https://s3.amazonaws.com/media.marshallstreetdiscgolf.com/inbounds/0830484.webp,avenger,discraft,hybrid-driver,overstable,#FF3737,#000000,176,21.2,1.7,1.2,17.4,1.9,5.7,26.25,12.25,,,,05-08,"May 3, 2005"
75,Avenger SS,Discraft,Control Driver,16,10,5,-3,1,Understable,https://www.marshallstreetdiscgolf.com/?s=avenger+ss&post_type=product,https://s3.amazonaws.com/media.marshallstreetdiscgolf.com/inbounds/0901228.webp,avenger-ss,discraft,hybrid-driver,understable,#FF3737,#000000,,,,,,,,,,,,,,
76,Aviar Classic,Innova,Putter,19,2,3,0,0,Stable,https://www.marshallstreetdiscgolf.com/product/dx-aviar-classic,https://s3.amazonaws.com/media.marshallstreetdiscgolf.com/inbounds/7781597.webp,aviar-classic,innova,putter,stable,#2A290E,#F3EB09,,,,,,,,,,,,,,
77,Aviar Driver,Innova,Putter,19,2,3,0,2,Overstable,https://www.marshallstreetdiscgolf.com/?s=aviar+driver&post_type=product,https://s3.amazonaws.com/media.marshallstreetdiscgolf.com/inbounds/2565503.webp,aviar-driver,innova,putter,overstable,#2A290E,#F3EB09,,,,,,,,,,,,,,
78,Aviar P&A,Innova,Putter,19,2,3,0,1,Stable,https://www.marshallstreetdiscgolf.com/?s=aviar&post_type=product,https://s3.amazonaws.com/media.marshallstreetdiscgolf.com/inbounds/6275754.webp,aviar-p&a,innova,putter,stable,#2A290E,#F3EB09,,,,,,,,,,,,,,
79,Aviar3,Innova,Putter,19,3,2,0,2,Stable,https://www.marshallstreetdiscgolf.com/?s=aviar3&post_type=product,https://s3.amazonaws.com/media.marshallstreetdiscgolf.com/inbounds/6725754.webp,aviar3,innova,putter,stable,#2A290E,#F3EB09,,,,,,,,,,,,,,
80,AviarX3,Innova,Putter,19,3,2,0,3,Overstable,https://www.marshallstreetdiscgolf.com/?s=AviarX3&post_type=product,https://s3.amazonaws.com/media.marshallstreetdiscgolf.com/inbounds/6725799.webp,aviarx3,innova,putter,overstable,#2A290E,#F3EB09,,,,,,,,,,,,,,
81,Axe,Viking,Midrange,18,4,3,0,1,Stable,https://www.marshallstreetdiscgolf.com/?s=axe&post_type=product,https://s3.amazonaws.com/media.marshallstreetdiscgolf.com/inbounds/6383035.webp,axe,viking,midrange,stable,#000000,#04F40C,,,,,,,,,,,,,,
82,Aztec,Infinite Discs,Control Driver,16,10,5,-1,2,Stable,https://www.marshallstreetdiscgolf.com/?s=aztec&post_type=product,https://s3.amazonaws.com/media.marshallstreetdiscgolf.com/inbounds/0000061.webp,aztec,infinite-discs,hybrid-driver,stable,#FFFFFF,#62054C,176,21.2,1.5,1.1,16.9,2.1,5.2,33,10.8,,,,19-68,"Sep 16, 2019"
83,BB6,Lone Star Discs,Midrange,18,4,5,-2,1,Understable,https://www.marshallstreetdiscgolf.com/?s=BB6&post_type=product,https://s3.amazonaws.com/media.marshallstreetdiscgolf.com/inbounds/0000116.webp,bb6,lone-star-discs,midrange,understable,#FFA5EA,#6B834B,,,,,,,,,,,,,,
84,Badger,Legacy,Midrange,18,6,3,0,4,Very Overstable,https://www.marshallstreetdiscgolf.com/?s=badger&post_type=product,https://s3.amazonaws.com/media.marshallstreetdiscgolf.com/inbounds/0000107.webp,badger,legacy,midrange,very-overstable,#3831F0,#E43DD9,,,,,,,,,,,,,,
85,Balance,Axiom Discs,Midrange,18,5,5,0,2,Overstable,https://www.marshallstreetdiscgolf.com/?s=balance&post_type=product,https://s3.amazonaws.com/media.marshallstreetdiscgolf.com/inbounds/0000503.webp,balance,axiom-discs,midrange,overstable,#000000,#FF9595,,,,,,,,,,,,,,
86,Ballista,Latitude 64,Distance Driver,15,14,5,-1,3,Stable,https://www.marshallstreetdiscgolf.com/?s=ballista&post_type=product,https://s3.amazonaws.com/media.marshallstreetdiscgolf.com/inbounds/8821038.webp,ballista,latitude-64,distance-driver,stable,#FFFFFF,#F40909,175.1,21.1,1.7,1.1,16.3,2.4,5.2,26,8.05,,,,14-93,"Dec 19, 2014"
87,Ballista Pro,Latitude 64,Distance Driver,15,14,4,0,3,Overstable,https://www.marshallstreetdiscgolf.com/?s=ballista+pro&post_type=product,https://s3.amazonaws.com/media.marshallstreetdiscgolf.com/inbounds/8821099.webp,ballista-pro,latitude-64,distance-driver,overstable,#FFFFFF,#F40909,176,21.2,1.7,1.1,16.3,2.4,5.2,26.75,11.79,,,,17-127,"Dec 11, 2017"
88,Bandit,Legacy,Fairway Driver,17,9,5,-2,1,Understable,https://www.marshallstreetdiscgolf.com/?s=bandit&post_type=product,https://s3.amazonaws.com/media.marshallstreetdiscgolf.com/inbounds/9549966.webp,bandit,legacy,control-driver,understable,#3831F0,#E43DD9,,,,,,,,,,,,,,
89,Banger GT,Discraft,Putter,19,2,3,0,1,Stable,https://www.marshallstreetdiscgolf.com/?s=banger&post_type=product,https://s3.amazonaws.com/media.marshallstreetdiscgolf.com/inbounds/0656924.webp,banger-gt,discraft,putter,stable,#FF3737,#000000,,,,,,,,,,,,,,
90,Banshee,Innova,Fairway Driver,17,7,3,0,3,Very Overstable,https://www.marshallstreetdiscgolf.com/?s=banshee&post_type=product,https://s3.amazonaws.com/media.marshallstreetdiscgolf.com/inbounds/5135032.webp,banshee,innova,control-driver,very-overstable,#2A290E,#F3EB09,,,,,,,,,,,,,,
91,Banzai,DGA,Fairway Driver,17,8,4,0,3,Very Overstable,https://www.marshallstreetdiscgolf.com/?s=banzai&post_type=product,https://s3.amazonaws.com/media.marshallstreetdiscgolf.com/inbounds/5135999.webp,banzai,dga,control-driver,very-overstable,#2876FF,#272727,,,,,,,,,,,,,,
92,Baobab,Above Ground Level,Putter,19,4,0,1,3,Very Overstable,https://www.marshallstreetdiscgolf.com/?s=Baobab&post_type=product,https://s3.amazonaws.com/media.marshallstreetdiscgolf.com/inbounds/0000122.webp,baobab,above-ground-level,putter,very-overstable,#CFFF30,#000000,176.8,21.3,1.7,1.3,19.1,1.1,6.1,86.5,7.39,,,,20-34,"Apr 30, 2020"
93,Barbarian,Viking,Fairway Driver,17,7,5,0,2,Stable,https://www.marshallstreetdiscgolf.com/?s=Barbarian&post_type=product,https://s3.amazonaws.com/media.marshallstreetdiscgolf.com/inbounds/0000050.webp,barbarian,viking,control-driver,stable,#000000,#04F40C,,,,,,,,,,,,,,
94,Bard,Westside Discs,Midrange,18,5,4,0,3,Overstable,https://www.marshallstreetdiscgolf.com/?s=bard&post_type=product,https://s3.amazonaws.com/media.marshallstreetdiscgolf.com/inbounds/9782382.webp,bard,westside-discs,midrange,overstable,#FFFFFF,#014E13,,,,,,,,,,,,,,
95,Bash,Lone Star Discs,Putter,19,2,3,0,2,Overstable,https://www.marshallstreetdiscgolf.com/?s=bash&post_type=product,https://s3.amazonaws.com/media.marshallstreetdiscgolf.com/inbounds/0000477.webp,bash,lone-star-discs,putter,overstable,#FFA5EA,#6B834B,,,,,,,,,,,,,,
96,Bayonet,Lone Star Discs,Distance Driver,15,13,5,-2,2,Stable,https://www.marshallstreetdiscgolf.com/?s=Bayonet&post_type=product,https://s3.amazonaws.com/media.marshallstreetdiscgolf.com/inbounds/0000293.webp,bayonet,lone-star-discs,distance-driver,stable,#FFA5EA,#6B834B,,,,,,,,,,,,,,
97,Bear,Westside Discs,Fairway Driver,17,8,6,-0.5,2.5,Stable,https://www.marshallstreetdiscgolf.com/?s=Bear&post_type=product,https://s3.amazonaws.com/media.marshallstreetdiscgolf.com/inbounds/0000239.webp,bear,westside-discs,control-driver,stable,#FFFFFF,#014E13,,,,,,,,,,,,,,
98,Bearkat,Lone Star Discs,Midrange,18,5,5,-2,1,Understable,https://www.marshallstreetdiscgolf.com/?s=Bearkat&post_type=product,https://s3.amazonaws.com/media.marshallstreetdiscgolf.com/inbounds/0000382.webp,bearkat,lone-star-discs,midrange,understable,#FFA5EA,#6B834B,,,,,,,,,,,,,,
99,Beast,Innova,Control Driver,16,10,5,-2,2,Understable,https://www.marshallstreetdiscgolf.com/?s=beast&post_type=product,https://s3.amazonaws.com/media.marshallstreetdiscgolf.com/inbounds/6110769.webp,beast,innova,hybrid-driver,understable,#2A290E,#F3EB09,,,,,,,,,,,,,,
100,Beaver,Daredevil Discs,Putter,19,2,3,-1,1,Stable,https://www.marshallstreetdiscgolf.com/?s=beaver&post_type=product,https://s3.amazonaws.com/media.marshallstreetdiscgolf.com/inbounds/1561860.webp,beaver,daredevil-discs,putter,stable,#FFFFFF,#515151,176,21.2,2.2,1.6,19.3,0.9,7.5,50.5,3.97,,,,07-06,"Jan 19, 2007"
101,Beech,Above Ground Level,Midrange,18,5,2,0,3,Very Overstable,https://www.marshallstreetdiscgolf.com/?s=Beech&post_type=product,https://s3.amazonaws.com/media.marshallstreetdiscgolf.com/inbounds/0000127.webp,beech,above-ground-level,midrange,very-overstable,#CFFF30,#000000,181.8,21.9,1.8,1.3,18.7,1.6,5.9,39,10.57,,,,21-97,"Aug 30, 2021"
102,Beetle,Latitude 64,Putter,19,1,7,-1,0,Understable,https://www.marshallstreetdiscgolf.com/?s=beetle&post_type=product,https://s3.amazonaws.com/media.marshallstreetdiscgolf.com/inbounds/1221221.webp,beetle,latitude-64,putter,understable,#FFFFFF,#F40909,181.8,21.9,2.2,1.6,20.3,0.8,7.3,89.25,3.06,,,,17-24,"Mar 8, 2017"
103,Belleair,Climo Disc Golf,Midrange,18,5,4,0,2,Overstable,https://www.marshallstreetdiscgolf.com/?s=belleair&post_type=product,https://s3.amazonaws.com/media.marshallstreetdiscgolf.com/inbounds/0000495.webp,belleair,climo-disc-golf,midrange,overstable,#FFFFFF,#071139,180.1,21.7,1.9,1.2,18.9,1.4,5.5,42.75,8.64,,,,25-8,"Jan 20, 2025"
104,Benny,Lone Star Discs,Putter,19,3,4,0,2,Stable,https://www.marshallstreetdiscgolf.com/?s=Benny&post_type=product,https://s3.amazonaws.com/media.marshallstreetdiscgolf.com/inbounds/0000337.webp,benny,lone-star-discs,putter,stable,#FFA5EA,#6B834B,,,,,,,,,,,,,,
105,Berg,Kastaplast,Putter,19,1,1,0,2,Overstable,https://www.marshallstreetdiscgolf.com/?s=berg&post_type=product,https://s3.amazonaws.com/media.marshallstreetdiscgolf.com/inbounds/0125099.webp,berg,kastaplast,putter,overstable,#000000,#21F1B9,175.1,21.1,2,1.4,19.3,0.9,6.6,87,4.31,,,,15-35,"Mar 27, 2015"
106,Berg X,Kastaplast,Putter,19,1,1,1,2,Overstable,https://www.marshallstreetdiscgolf.com/?s=berg+x&post_type=product,https://s3.amazonaws.com/media.marshallstreetdiscgolf.com/inbounds/0000378.webp,berg-x,kastaplast,putter,overstable,#000000,#21F1B9,175.1,21.1,1.9,1.4,19.4,0.9,6.6,87.25,6.82,,,,23-148,"May 22, 2023"
107,Berry,Clash Discs,Midrange,18,5,5,-1,1,Stable,https://www.marshallstreetdiscgolf.com/?s=Berry&post_type=product,https://s3.amazonaws.com/media.marshallstreetdiscgolf.com/inbounds/0000209.webp,berry,clash-discs,midrange,stable,#FF93E9,#2516FF,177.6,21.4,1.7,1.4,18.8,1.3,6.5,50.5,8.41,,,,21-127,"Nov 22, 2021"
108,Berserker,Viking,Control Driver,16,10,5,-3,2,Very Understable,https://www.marshallstreetdiscgolf.com/?s=berserker&post_type=product,https://s3.amazonaws.com/media.marshallstreetdiscgolf.com/inbounds/0152099.webp,berserker,viking,hybrid-driver,very-understable,#000000,#04F40C,,,,,,,,,,,,,,
109,Bi,Yikun,Fairway Driver,17,9,5,-1,2,Stable,https://www.marshallstreetdiscgolf.com/?s=Bi&post_type=product,https://s3.amazonaws.com/media.marshallstreetdiscgolf.com/inbounds/0000226.webp,bi,yikun,control-driver,stable,#006A6E,#FF6F8C,,,,,,,,,,,,,,
110,Big Horn,Daredevil Discs,Putter,19,2,3,0,1,Stable,https://www.marshallstreetdiscgolf.com/?s=big+horn&post_type=product,https://s3.amazonaws.com/media.marshallstreetdiscgolf.com/inbounds/0120001.webp,big-horn,daredevil-discs,putter,stable,#FFFFFF,#515151,,,,,,,,,,,,,,
111,BigFoot,Daredevil Discs,Distance Driver,15,13,6,-2,2,Understable,https://www.marshallstreetdiscgolf.com/?s=big+foot&post_type=product,https://s3.amazonaws.com/media.marshallstreetdiscgolf.com/inbounds/0125001.webp,bigfoot,daredevil-discs,distance-driver,understable,#FFFFFF,#515151,,,,,,,,,,,,,,
112,"Binx, Newcomer",Elevation Disc Golf,Fairway Driver,17,8,5,0,1,Stable,https://www.marshallstreetdiscgolf.com/?s=Binx&post_type=product,https://s3.amazonaws.com/media.marshallstreetdiscgolf.com/inbounds/0000298.webp,binx-newcomer,elevation-disc-golf,control-driver,stable,#FFFFFF,#6A431D,,,,,,,,,,,,,,
113,"Binx, ecoFlex",Elevation Disc Golf,Fairway Driver,17,8,6,-3,1,Understable,https://www.marshallstreetdiscgolf.com/?s=Binx&post_type=product,https://s3.amazonaws.com/media.marshallstreetdiscgolf.com/inbounds/0000298.webp,binx-ecoflex,elevation-disc-golf,control-driver,understable,#FFFFFF,#6A431D,,,,,,,,,,,,,,
114,Birdie,Innova,Putter,19,1,2,0,0,Stable,https://www.marshallstreetdiscgolf.com/?s=birdie&post_type=product,https://s3.amazonaws.com/media.marshallstreetdiscgolf.com/inbounds/0000000.webp,birdie,innova,putter,stable,#2A290E,#F3EB09,,,,,,,,,,,,,,
115,Black Zombie Chainsaw,Gateway,Putter,19,3,5,0,1,Stable,https://www.marshallstreetdiscgolf.com/?s=chainsaw&post_type=product,https://s3.amazonaws.com/media.marshallstreetdiscgolf.com/inbounds/9906130.webp,black-zombie-chainsaw,gateway,putter,stable,#FFFFFF,#A66A17,,,,,,,,,,,,,,
116,Blackout,Doomsday Discs,Fairway Driver,17,8,5,-2,1,Understable,https://www.marshallstreetdiscgolf.com/?s=blackout&post_type=product,https://s3.amazonaws.com/media.marshallstreetdiscgolf.com/inbounds/0000513.webp,blackout,doomsday-discs,control-driver,understable,#B6FF8B,#144E48,176,21.2,1.9,1.2,17.4,1.9,5.7,28.5,8.41,,,,22-92,"May 23, 2022"
117,Blade,Gateway,Fairway Driver,17,9,5,0,3,Overstable,https://www.marshallstreetdiscgolf.com/?s=Blade&post_type=product,https://s3.amazonaws.com/media.marshallstreetdiscgolf.com/inbounds/1010225.webp,blade,gateway,control-driver,overstable,#FFFFFF,#A66A17,,,,,,,,,,,,,,
118,Blast,DGA,Approach Discs,20,4,2,0,4,Very Overstable,,,blast,dga,approach-discs,very-overstable,#2876FF,#272727,,,,,,,,,,,,,,
119,Blaze,Gateway,Fairway Driver,17,7,4,0,3,Very Overstable,https://www.marshallstreetdiscgolf.com/?s=blaze&post_type=product,https://s3.amazonaws.com/media.marshallstreetdiscgolf.com/inbounds/2347253.webp,blaze,gateway,control-driver,very-overstable,#FFFFFF,#A66A17,,,,,,,,,,,,,,
120,Bleak,Doomsday Discs,Putter,19,2,4,-1,1,Stable,https://www.marshallstreetdiscgolf.com/?s=bleak&post_type=product,https://s3.amazonaws.com/media.marshallstreetdiscgolf.com/inbounds/0000518.webp,bleak,doomsday-discs,putter,stable,#B6FF8B,#144E48,174.3,21,2.2,1.4,18.9,1.1,6.7,52,7.16,,,,22-85,"May 16, 2022"
121,Blowfly,DGA,Putter,19,2,2,0,2,Overstable,https://www.marshallstreetdiscgolf.com/?s=blowfly&post_type=product,https://s3.amazonaws.com/media.marshallstreetdiscgolf.com/inbounds/5039654.webp,blowfly,dga,putter,overstable,#2876FF,#272727,,,,,,,,,,,,,,
122,Bluebonnet,Lone Star Discs,Putter,19,2,3,0,1,Stable,https://www.marshallstreetdiscgolf.com/?s=bluebonnet&post_type=product,https://s3.amazonaws.com/media.marshallstreetdiscgolf.com/inbounds/0000267.webp,bluebonnet,lone-star-discs,putter,stable,#FFA5EA,#6B834B,,,,,,,,,,,,,,
123,Boatman,Westside Discs,Control Driver,16,11,5,0,2,Overstable,https://www.marshallstreetdiscgolf.com/?s=boatman&post_type=product,https://s3.amazonaws.com/media.marshallstreetdiscgolf.com/inbounds/5677771.webp,boatman,westside-discs,hybrid-driver,overstable,#FFFFFF,#014E13,,,,,,,,,,,,,,
124,Bobcat,Mint Discs,Midrange,18,5,4,0,2.5,Overstable,https://www.marshallstreetdiscgolf.com/?s=bobcat&post_type=product,https://s3.amazonaws.com/media.marshallstreetdiscgolf.com/inbounds/1010301.webp,bobcat,mint-discs,midrange,overstable,#FFFFFF,#F4933E,177.6,21.4,1.9,1.4,18.5,1.4,6.5,36,11.46,,,,19-09,"Jan 31, 2019"
125,Bohrium,Løft Discs,Distance Driver,15,14,6,-1,3,Overstable,https://www.marshallstreetdiscgolf.com/?s=Bohrium&post_type=product,https://s3.amazonaws.com/media.marshallstreetdiscgolf.com/inbounds/0000215.webp,bohrium,løft-discs,distance-driver,overstable,#000000,#9B90FF,174.3,21,1.4,1.1,16,2.5,5.2,26.25,8.75,,,,21-130,"Nov 22, 2021"
126,Bokeh,Axiom Discs,Fairway Driver,17,7,6,0,1,Understable,,,bokeh,axiom-discs,control-driver,understable,#000000,#FF9595,,,,,,,,,,,,,,
127,Bolt,Latitude 64,Distance Driver,15,13,6,-2,3,Understable,https://www.marshallstreetdiscgolf.com/?s=bolt&post_type=product,https://s3.amazonaws.com/media.marshallstreetdiscgolf.com/inbounds/1244844.webp,bolt,latitude-64,distance-driver,understable,#FFFFFF,#F40909,175.1,21.1,1.7,1.1,16.4,2.4,5.2,27.75,10.09,,,,11-20,"May 17, 2011"
128,Boss,Innova,Distance Driver,15,13,5,-1,3,Overstable,https://www.marshallstreetdiscgolf.com/?s=boss&post_type=product,https://s3.amazonaws.com/media.marshallstreetdiscgolf.com/inbounds/6049208.webp,boss,innova,distance-driver,overstable,#2A290E,#F3EB09,,,,,,,,,,,,,,
129,Bounty,Dynamic Discs,Midrange,18,4,5,-1.5,0.5,Understable,https://www.marshallstreetdiscgolf.com/?s=Bounty&post_type=product,https://s3.amazonaws.com/media.marshallstreetdiscgolf.com/inbounds/0000044.webp,bounty,dynamic-discs,midrange,understable,#FFFFFF,#0082F4,181.8,21.9,1.8,1.2,19.5,1.2,5.9,40.25,9.32,,,,19-79,"Dec 5, 2019"
130,Bowie,Lone Star Discs,Distance Driver,15,13,5,-1,3,Overstable,https://www.marshallstreetdiscgolf.com/?s=Bowie&post_type=product,https://s3.amazonaws.com/media.marshallstreetdiscgolf.com/inbounds/0000119.webp,bowie,lone-star-discs,distance-driver,overstable,#FFA5EA,#6B834B,,,,,,,,,,,,,,
131,Brachiosaurus,Dino Discs,Midrange,18,5,5,-4.5,1,Very Understable,https://www.marshallstreetdiscgolf.com/?s=brachiosaurus&post_type=product,https://s3.amazonaws.com/media.marshallstreetdiscgolf.com/inbounds/0000000.webp,brachiosaurus,dino-discs,midrange,very-understable,#740A0A,#FF6FCF,,,,,,,,,,,,,,
132,Brave,Latitude 64,Fairway Driver,17,7,6,-1,2,Understable,https://www.marshallstreetdiscgolf.com/?s=Brave&post_type=product,https://s3.amazonaws.com/media.marshallstreetdiscgolf.com/inbounds/0000410.webp,brave,latitude-64,control-driver,understable,#FFFFFF,#F40909,176.8,21.3,1.8,1.1,17.7,1.8,5.2,30,7.95,,,,23-267,"Dec 11, 2023"
133,Brazos,Lone Star Discs,Fairway Driver,17,7,5,0,3,Overstable,,,brazos,lone-star-discs,control-driver,overstable,#FFA5EA,#6B834B,,,,,,,,,,,,,,
134,Breaker,DGA,Midrange,18,3,3,0,3,Overstable,https://www.marshallstreetdiscgolf.com/?s=breaker&post_type=product,https://s3.amazonaws.com/media.marshallstreetdiscgolf.com/inbounds/1981034.webp,breaker,dga,midrange,overstable,#2876FF,#272727,,,,,,,,,,,,,,
135,Breakout,Dynamic Discs,Fairway Driver,17,8,5,-1,1.5,Stable,https://www.marshallstreetdiscgolf.com/?s=breakout&post_type=product,https://s3.amazonaws.com/media.marshallstreetdiscgolf.com/inbounds/7321155.webp,breakout,dynamic-discs,control-driver,stable,#FFFFFF,#0082F4,174.3,21,1.6,1.1,17.2,1.9,5.2,32.75,8.62,,,,15-30,"Mar 27, 2015"
136,Buffalo,Daredevil Discs,Fairway Driver,17,9,4,-1,5,Overstable,https://www.marshallstreetdiscgolf.com/product/buffalo,https://s3.amazonaws.com/media.marshallstreetdiscgolf.com/inbounds/8907140.webp,buffalo,daredevil-discs,control-driver,overstable,#FFFFFF,#515151,174.3,21,1.6,1.2,17,2,5.7,34,8.85,,,,14-84,"Oct 31, 2014"
137,Bull Snake,Lone Star Discs,Putter,19,3,2,0,4,Very Overstable,https://www.marshallstreetdiscgolf.com/?s=bull+snake&post_type=product,https://s3.amazonaws.com/media.marshallstreetdiscgolf.com/inbounds/0000223.webp,bull-snake,lone-star-discs,putter,very-overstable,#FFA5EA,#6B834B,,,,,,,,,,,,,,
138,Bullet,Mint Discs,Putter,19,2,4,0,1,Stable,https://www.marshallstreetdiscgolf.com/?s=bullet&post_type=product,https://s3.amazonaws.com/media.marshallstreetdiscgolf.com/inbounds/0000029.webp,bullet,mint-discs,putter,stable,#FFFFFF,#F4933E,176,21.2,1.8,1.5,18.9,1.1,7.1,58.75,9.32,,,,20-29,"Mar 26, 2020"
139,Bullfrog,Innova,Putter,19,3,1,0,1,Stable,https://www.marshallstreetdiscgolf.com/product/xt-bullfrog,https://s3.amazonaws.com/media.marshallstreetdiscgolf.com/inbounds/1010991.webp,bullfrog,innova,putter,stable,#2A290E,#F3EB09,,,,,,,,,,,,,,
140,Butter,Clash Discs,Putter,19,2,3,0,1,Stable,https://www.marshallstreetdiscgolf.com/?s=butter&post_type=product,https://s3.amazonaws.com/media.marshallstreetdiscgolf.com/inbounds/0000213.webp,butter,clash-discs,putter,stable,#FF93E9,#2516FF,178.5,21.5,2.1,1.5,19.1,1.2,7,67.25,7.95,,,,22-60,"Apr 25, 2022"
141,Buzzz,Discraft,Midrange,18,5,4,-1,1,Stable,https://www.marshallstreetdiscgolf.com/?s=buzzz&post_type=product,https://s3.amazonaws.com/media.marshallstreetdiscgolf.com/inbounds/2380596.webp,buzzz,discraft,midrange,stable,#FF3737,#000000,180.1,21.7,1.9,1.3,19.3,1.2,6,44,6.24,,,,03-15,"Sep 30, 2003"
142,Buzzz GT,Discraft,Midrange,18,5,5,0,1,Stable,https://www.marshallstreetdiscgolf.com/?s=Buzzz+GT&post_type=product,https://s3.amazonaws.com/media.marshallstreetdiscgolf.com/inbounds/1831526.webp,buzzz-gt,discraft,midrange,stable,#FF3737,#000000,,,,,,,,,,,,,,
143,Buzzz OS,Discraft,Midrange,18,5,4,0,3,Overstable,https://www.marshallstreetdiscgolf.com/?fade=3&fade_end=3&post_type=product&s=buzzz%20os&variation_toggle=1,https://s3.amazonaws.com/media.marshallstreetdiscgolf.com/inbounds/8292204.webp,buzzz-os,discraft,midrange,overstable,#FF3737,#000000,180.1,21.7,1.7,1.2,19.1,1.3,5.5,45.75,8.28,,,,14-58,"Jul 19, 2014"
144,Buzzz SS,Discraft,Midrange,18,5,4,-2,1,Understable,https://www.marshallstreetdiscgolf.com/?s=buzzz+ss&post_type=product,https://s3.amazonaws.com/media.marshallstreetdiscgolf.com/inbounds/8292205.webp,buzzz-ss,discraft,midrange,understable,#FF3737,#000000,,,,,,,,,,,,,,
145,CD (OOP),Discmania,Control Driver,16,10,5,-1,2,Understable,https://www.marshallstreetdiscgolf.com/?s=cd&post_type=product,https://s3.amazonaws.com/media.marshallstreetdiscgolf.com/inbounds/2351310.webp,cd-oop,discmania,hybrid-driver,understable,#FFA813,#9A0C0C,,,,,,,,,,,,,,
146,CD1,Discmania,Fairway Driver,17,9,5,-1,2,Stable,https://www.marshallstreetdiscgolf.com/?s=CD1&post_type=product,https://s3.amazonaws.com/media.marshallstreetdiscgolf.com/inbounds/0000319.webp,cd1,discmania,control-driver,stable,#FFA813,#9A0C0C,176,21.2,1.7,1.1,17.3,1.9,5.2,31.25,8.52,,,,22-209,"Nov 28, 2022"
147,CD3 (OOP),Discmania,Control Driver,16,11,5,-1,2,Stable,https://www.marshallstreetdiscgolf.com/?s=cd3&post_type=product,https://s3.amazonaws.com/media.marshallstreetdiscgolf.com/inbounds/2531311.webp,cd3-oop,discmania,hybrid-driver,stable,#FFA813,#9A0C0C,,,,,,,,,,,,,,
148,CHING Juju,Stokely Discs,Putter,19,2,4,-1,0,Understable,https://www.marshallstreetdiscgolf.com/?s=juju&post_type=product,https://s3.amazonaws.com/media.marshallstreetdiscgolf.com/inbounds/4672719.webp,ching-juju,stokely-discs,putter,understable,#FBE311,#37B2DF,,,,,,,,,,,,,,
149,Cactus,Lone Star Discs,Control Driver,16,10,5,-2,2,Understable,https://www.marshallstreetdiscgolf.com/?s=cactus&post_type=product,https://s3.amazonaws.com/media.marshallstreetdiscgolf.com/inbounds/0000476.webp,cactus,lone-star-discs,hybrid-driver,understable,#FFA5EA,#6B834B,,,,,,,,,,,,,,
150,Caiman,Innova,Midrange,18,5.5,2,0,4,Very Overstable,https://www.marshallstreetdiscgolf.com/?s=Caiman&post_type=product,https://s3.amazonaws.com/media.marshallstreetdiscgolf.com/inbounds/0000000.webp,caiman,innova,midrange,very-overstable,#2A290E,#F3EB09,,,,,,,,,,,,,,
151,Candy,Clash Discs,Putter,19,3,3,-1,1,Understable,https://www.marshallstreetdiscgolf.com/?s=Candy&post_type=product,https://s3.amazonaws.com/media.marshallstreetdiscgolf.com/inbounds/0000375.webp,candy,clash-discs,putter,understable,#FF93E9,#2516FF,176,21.2,2.3,1.5,18.8,1.2,7.1,65.25,8.3,,,,23-130,"May 1, 2023"
152,Cannon,Legacy,Distance Driver,15,14,5,-3,3,Understable,https://www.marshallstreetdiscgolf.com/?s=cannon&post_type=product,https://s3.amazonaws.com/media.marshallstreetdiscgolf.com/inbounds/1451930.webp,cannon,legacy,distance-driver,understable,#3831F0,#E43DD9,,,,,,,,,,,,,,
153,Canyon,Trash Panda,Approach Discs,20,4,3,0,2,Very Overstable,https://www.marshallstreetdiscgolf.com/?s=canyon&post_type=product,https://s3.amazonaws.com/media.marshallstreetdiscgolf.com/inbounds/0000499.webp,canyon,trash-panda,approach-discs,very-overstable,#FFFFFF,#000000,,,,,,,,,,,,,,
154,Captain,Dynamic Discs,Distance Driver,15,13,5,-2,2,Stable,https://www.marshallstreetdiscgolf.com/?s=captain&post_type=product,https://s3.amazonaws.com/media.marshallstreetdiscgolf.com/inbounds/6929999.webp,captain,dynamic-discs,distance-driver,stable,#FFFFFF,#0082F4,175.1,21.1,1.6,1.1,16.6,2.3,5.2,30,11.23,,,,17-121,"Dec 4, 2017"
155,Captain's Raptor,Discraft,Fairway Driver,17,9,3,1,4,Very Overstable,https://www.marshallstreetdiscgolf.com/?s=Captain%27s+Raptor&post_type=product,https://s3.amazonaws.com/media.marshallstreetdiscgolf.com/inbounds/0000130.webp,captains-raptor,discraft,control-driver,very-overstable,#FF3737,#000000,,,,,,,,,,,,,,
156,Captain's Thrasher,Discraft,Distance Driver,15,12,5,0,2,Stable,https://www.marshallstreetdiscgolf.com/?s=captain%27s+thrasher&post_type=product,https://s3.amazonaws.com/media.marshallstreetdiscgolf.com/inbounds/0000455.webp,captains-thrasher,discraft,distance-driver,stable,#FF3737,#000000,,,,,,,,,,,,,,
157,Capybara,Elevation Disc Golf,Midrange,18,5,5,-2,1,Understable,https://www.marshallstreetdiscgolf.com/?s=capybara&post_type=product,https://s3.amazonaws.com/media.marshallstreetdiscgolf.com/inbounds/0000540.webp,capybara,elevation-disc-golf,midrange,understable,#FFFFFF,#6A431D,180.9,21.8,1.6,1.3,19.2,1.3,6,50.25,2.05,,,,25-82,"May 26, 2025"
158,Cardinal,Stokely Discs,Midrange,18,5,4,0,2.5,Overstable,https://www.marshallstreetdiscgolf.com/?s=cardinal&post_type=product,https://s3.amazonaws.com/media.marshallstreetdiscgolf.com/inbounds/0000460.webp,cardinal,stokely-discs,midrange,overstable,#FBE311,#37B2DF,178.5,21.5,1.6,1.2,18.4,1.5,5.6,45.5,10,,,,24-30,"Feb 19, 2024"
159,Caribou,Daredevil Discs,Midrange,18,4,5,-3,1,Understable,https://www.marshallstreetdiscgolf.com/product/caribou,https://s3.amazonaws.com/media.marshallstreetdiscgolf.com/inbounds/6926629.webp,caribou,daredevil-discs,midrange,understable,#FFFFFF,#515151,180.9,21.8,2.1,1.3,19.3,1.3,6,40.75,7.14,,,,07-33,"Jun 12, 2007"
160,Cataclysm,Doomsday Discs,Distance Driver,15,11,5,-1,2,Stable,https://www.marshallstreetdiscgolf.com/?s=cataclysm&post_type=product,https://s3.amazonaws.com/media.marshallstreetdiscgolf.com/inbounds/0000536.webp,cataclysm,doomsday-discs,distance-driver,stable,#B6FF8B,#144E48,178.5,21.5,1.5,1.1,17.3,2.1,5.1,29.25,11.25,,,,22-144,"Aug 29, 2022"
161,Catalyst,MVP,Distance Driver,15,13,5.5,-2,2,Understable,https://www.marshallstreetdiscgolf.com/?s=catalyst&post_type=product,https://s3.amazonaws.com/media.marshallstreetdiscgolf.com/inbounds/6926628.webp,catalyst,mvp,distance-driver,understable,#000000,#9BF2FF,,,,,,,,,,,,,,
162,Catapult,Westside Discs,Distance Driver,15,14,5,-0.5,3,Overstable,https://www.marshallstreetdiscgolf.com/?s=catapult&post_type=product,https://s3.amazonaws.com/media.marshallstreetdiscgolf.com/inbounds/6926630.webp,catapult,westside-discs,distance-driver,overstable,#FFFFFF,#014E13,,,,,,,,,,,,,,
163,Cedar,Above Ground Level,Control Driver,16,11,5,0,3,Overstable,https://www.marshallstreetdiscgolf.com/?s=Cedar&post_type=product,https://s3.amazonaws.com/media.marshallstreetdiscgolf.com/inbounds/0000119.webp,cedar,above-ground-level,hybrid-driver,overstable,#CFFF30,#000000,178.5,21.5,1.7,1.1,17.1,2.2,5.1,27.25,11.48,,,,20-19,"Mar 5, 2020"
164,Centurion,Infinite Discs,Fairway Driver,17,7,5,-1,1.5,Stable,https://www.marshallstreetdiscgolf.com/product/i-blend-centurion-2,https://s3.amazonaws.com/media.marshallstreetdiscgolf.com/inbounds/0000060.webp,centurion,infinite-discs,control-driver,stable,#FFFFFF,#62054C,175.1,21.1,1.8,1.2,17.8,1.7,5.7,37,8.75,,,,19-53,"Jul 10, 2019"
165,Challenger,Discraft,Putter,19,2,3,0,2,Overstable,https://www.marshallstreetdiscgolf.com/?s=challenger&post_type=product,https://s3.amazonaws.com/media.marshallstreetdiscgolf.com/inbounds/9906131.webp,challenger,discraft,putter,overstable,#FF3737,#000000,174.3,21,2.2,1.6,19,1,7.6,61.5,8.39,,,,03-04,"Jan 26, 2003"
166,Challenger OS,Discraft,Putter,19,2,3,0,3,Overstable,https://www.marshallstreetdiscgolf.com/?s=challenger+os&post_type=product,https://s3.amazonaws.com/media.marshallstreetdiscgolf.com/inbounds/9906141.webp,challenger-os,discraft,putter,overstable,#FF3737,#000000,175.1,21.1,2,1.5,18.9,1,7.1,61,8.05,,,,17-107,"Sep 26, 2017"
167,Challenger SS,Discraft,Putter,19,2,3,-1,2,Stable,https://www.marshallstreetdiscgolf.com/?s=challenger+ss&post_type=product,https://s3.amazonaws.com/media.marshallstreetdiscgolf.com/inbounds/9906151.webp,challenger-ss,discraft,putter,stable,#FF3737,#000000,175.1,21.1,2,1.4,19.1,1,6.6,61,8.62,,,,17-93,"Aug 19, 2017"
168,Champ,Climo Disc Golf,Putter,19,2,3,0,0,Stable,https://www.marshallstreetdiscgolf.com/?cat_ids%5B%5D=129055&post_type=product&s=champ&variation_toggle=1,https://s3.amazonaws.com/media.marshallstreetdiscgolf.com/inbounds/0000493.webp,champ,climo-disc-golf,putter,stable,#FFFFFF,#071139,174.3,21,2,1.5,18.8,1.1,7.1,62.75,11.59,,,,25-9,"Jan 20, 2025"
169,Charger,Innova,Distance Driver,15,13,5,-1,2,Stable,https://www.marshallstreetdiscgolf.com/?s=Charger&post_type=product,https://s3.amazonaws.com/media.marshallstreetdiscgolf.com/inbounds/0000299.webp,charger,innova,distance-driver,stable,#2A290E,#F3EB09,,,,,,,,,,,,,,
170,Chariot,Infinite Discs,Midrange,18,5,5,0,1,Stable,https://www.marshallstreetdiscgolf.com/?s=Chariot&post_type=product,https://s3.amazonaws.com/media.marshallstreetdiscgolf.com/inbounds/9906199.webp,chariot,infinite-discs,midrange,stable,#FFFFFF,#62054C,180.9,21.8,1.7,1.4,19,1.4,6.4,51.5,9.07,,,,18-32,"Feb 26, 2018"
171,Cheetah,Innova,Fairway Driver,17,6,4,-2,2,Understable,https://www.marshallstreetdiscgolf.com/?s=Cheetah&post_type=product,https://s3.amazonaws.com/media.marshallstreetdiscgolf.com/inbounds/3757296.webp,cheetah,innova,control-driver,understable,#2A290E,#F3EB09,,,,,,,,,,,,,,
172,Chemtrail,Doomsday Discs,Fairway Driver,17,7,6,-2,1,Understable,https://www.marshallstreetdiscgolf.com/?s=chemtrail&post_type=product,https://s3.amazonaws.com/media.marshallstreetdiscgolf.com/inbounds/0000509.webp,chemtrail,doomsday-discs,control-driver,understable,#B6FF8B,#144E48,176,21.2,1.7,1.1,17.8,1.7,5.2,33,8.52,,,,24-168,"Aug 12, 2024"
173,Cherry,Clash Discs,Midrange,18,5,5,-2,1,Understable,https://www.marshallstreetdiscgolf.com/?s=cherry&post_type=product,https://s3.amazonaws.com/media.marshallstreetdiscgolf.com/inbounds/0000463.webp,cherry,clash-discs,midrange,understable,#FF93E9,#2516FF,177.6,21.4,1.7,1.4,18.5,1.4,6.5,51,7.84,,,,23-131,"May 1, 2023"
174,Chicane,Finish Line,Approach Discs,20,4,3,0,3,Very Overstable,https://www.marshallstreetdiscgolf.com/?s=chicane&post_type=product,https://s3.amazonaws.com/media.marshallstreetdiscgolf.com/inbounds/0000485.webp,chicane,finish-line,approach-discs,very-overstable,#1914FF,#FFA5F4,,,,,,,,,,,,,,
175,Chief,Gateway,Putter,19,3,3,0,1,Stable,https://www.marshallstreetdiscgolf.com/?s=chief&post_type=product,https://s3.amazonaws.com/media.marshallstreetdiscgolf.com/inbounds/3757297.webp,chief,gateway,putter,stable,#FFFFFF,#A66A17,,,,,,,,,,,,,,
176,Chief OS,Gateway,Putter,19,3,3,0,2,Overstable,https://www.marshallstreetdiscgolf.com/?s=chief+os&post_type=product,https://s3.amazonaws.com/media.marshallstreetdiscgolf.com/inbounds/3757295.webp,chief-os,gateway,putter,overstable,#FFFFFF,#A66A17,,,,,,,,,,,,,,
177,Chupacabra,Lone Star Discs,Fairway Driver,17,9,3,0,4,Very Overstable,https://www.marshallstreetdiscgolf.com/?s=Chupacabra&post_type=product,https://s3.amazonaws.com/media.marshallstreetdiscgolf.com/inbounds/0000221.webp,chupacabra,lone-star-discs,control-driver,very-overstable,#FFA5EA,#6B834B,,,,,,,,,,,,,,
178,Cicada,Discraft,Fairway Driver,17,7,6,-1,1,Understable,https://www.marshallstreetdiscgolf.com/?s=Cicada&post_type=product,https://s3.amazonaws.com/media.marshallstreetdiscgolf.com/inbounds/0000379.webp,cicada,discraft,control-driver,understable,#FF3737,#000000,177.6,21.4,1.6,1.2,18,1.7,5.6,35.25,9.32,,,,23-215,"Aug 28, 2023"
179,Cigarra,Discraft,Fairway Driver,17,7,6,-1,2,Stable,https://www.marshallstreetdiscgolf.com/?s=cigarra&post_type=product,https://s3.amazonaws.com/media.marshallstreetdiscgolf.com/inbounds/0000500.webp,cigarra,discraft,control-driver,stable,#FF3737,#000000,,,,,,,,,,,,,,
180,Cinnamon,Clash Discs,Fairway Driver,17,9,5,-1.5,2,Stable,https://www.marshallstreetdiscgolf.com/?s=Cinnamon&post_type=product,https://s3.amazonaws.com/media.marshallstreetdiscgolf.com/inbounds/0000352.webp,cinnamon,clash-discs,control-driver,stable,#FF93E9,#2516FF,175.1,21.1,1.6,1.2,17.1,2,5.7,30.5,11.25,,,,23-132,"May 1, 2023"
181,Classic Roc,Innova,Putter,19,3,3,0,2,Overstable,https://www.marshallstreetdiscgolf.com/?s=Classic+Roc&post_type=product,https://s3.amazonaws.com/media.marshallstreetdiscgolf.com/inbounds/6881008.webp,classic-roc,innova,putter,overstable,#2A290E,#F3EB09,,,,,,,,,,,,,,
182,Claws,Yikun,Putter,19,1,3,0,1,Stable,https://www.marshallstreetdiscgolf.com/?s=claws&post_type=product,https://s3.amazonaws.com/media.marshallstreetdiscgolf.com/inbounds/0110827.webp,claws,yikun,putter,stable,#006A6E,#FF6F8C,,,,,,,,,,,,,,
183,Claymore,Latitude 64,Midrange,18,5,5,-1,1,Understable,https://www.marshallstreetdiscgolf.com/?s=claymore&post_type=product,https://s3.amazonaws.com/media.marshallstreetdiscgolf.com/inbounds/0110828.webp,claymore,latitude-64,midrange,understable,#FFFFFF,#F40909,180.1,21.7,1.9,1.2,18.9,1.4,5.5,42.5,8.39,,,,14-35,"Apr 13, 2014"
184,Cliff,Climo Disc Golf,Putter,19,2,3,0,1,Understable,,,cliff,climo-disc-golf,putter,understable,#FFFFFF,#071139,,,,,,,,,,,,,,
185,Cloudbreaker,Discmania,Distance Driver,15,12,5,-1,3,Overstable,https://www.marshallstreetdiscgolf.com/?s=cloud+breaker&post_type=product,https://s3.amazonaws.com/media.marshallstreetdiscgolf.com/inbounds/0000242.webp,cloudbreaker,discmania,distance-driver,overstable,#FFA813,#9A0C0C,175.1,21.1,1.8,1.2,16.5,2.3,5.7,27.25,11.93,,,,22-97,"Jun 6, 2022"
186,Clozer,Legacy,Putter,19,2,3,0,2,Overstable,https://www.marshallstreetdiscgolf.com/?s=clozer&post_type=product,https://s3.amazonaws.com/media.marshallstreetdiscgolf.com/inbounds/6675281.webp,clozer,legacy,putter,overstable,#3831F0,#E43DD9,,,,,,,,,,,,,,
187,Clutch,Legacy,Putter,19,2,3,0,1,Stable,https://www.marshallstreetdiscgolf.com/?s=clutch&post_type=product,https://s3.amazonaws.com/media.marshallstreetdiscgolf.com/inbounds/6675281.webp,clutch,legacy,putter,stable,#3831F0,#E43DD9,,,,,,,,,,,,,,
188,Coalesce,Thought Space Athletics,Fairway Driver,17,9,5,0,3,Overstable,https://www.marshallstreetdiscgolf.com/?s=coalesce&post_type=product,https://s3.amazonaws.com/media.marshallstreetdiscgolf.com/inbounds/0000192.webp,coalesce,thought-space-athletics,control-driver,overstable,#000000,#FF770E,176,21.2,1.9,1.2,17.4,1.9,5.7,32.5,10.23,,,,22-31,"Mar 7, 2022"
189,Cobra,Innova,Midrange,18,4,5,-2,2,Very Understable,https://www.marshallstreetdiscgolf.com/?s=cobra&post_type=product,https://s3.amazonaws.com/media.marshallstreetdiscgolf.com/inbounds/6673130.webp,cobra,innova,midrange,very-understable,#2A290E,#F3EB09,,,,,,,,,,,,,,
190,Cohort,Infinite Discs,Putter,19,3.5,4,0,1,Understable,https://www.marshallstreetdiscgolf.com/?s=cohort&post_type=product,https://s3.amazonaws.com/media.marshallstreetdiscgolf.com/inbounds/0000053.webp,cohort,infinite-discs,putter,understable,#FFFFFF,#62054C,175.1,21.1,1.8,1.3,19.1,1,6.2,58.5,6.25,,,,19-54,"Jul 10, 2019"
191,Colossus,Innova,Distance Driver,15,14,5,-1,3,Overstable,https://www.marshallstreetdiscgolf.com/?s=colossus&post_type=product,https://s3.amazonaws.com/media.marshallstreetdiscgolf.com/inbounds/9711067.webp,colossus,innova,distance-driver,overstable,#2A290E,#F3EB09,,,,,,,,,,,,,,
192,Colt,Innova,Putter,19,3,4,-1,1,Understable,https://www.marshallstreetdiscgolf.com/?cat_ids%5B%5D=15&post_type=product&s=colt&variation_toggle=1,https://s3.amazonaws.com/media.marshallstreetdiscgolf.com/inbounds/9711068.webp,colt,innova,putter,understable,#2A290E,#F3EB09,,,,,,,,,,,,,,
193,Comet,Discraft,Midrange,18,4,5,-2,1,Understable,https://www.marshallstreetdiscgolf.com/?s=comet&post_type=product,https://s3.amazonaws.com/media.marshallstreetdiscgolf.com/inbounds/9711069.webp,comet,discraft,midrange,understable,#FF3737,#000000,180.9,21.8,2.1,1.3,19.4,1.2,6,35.25,10.43,,,,95-05,"Oct 31, 1995"
194,Compass,Latitude 64,Midrange,18,5,5,0,1,Stable,https://www.marshallstreetdiscgolf.com/?s=compass&post_type=product,https://s3.amazonaws.com/media.marshallstreetdiscgolf.com/inbounds/1687772.webp,compass,latitude-64,midrange,stable,#FFFFFF,#F40909,179.3,21.6,2.3,1.3,19,1.3,6,42.75,10.77,,,,15-83,"Dec 9, 2015"
195,Condor,Innova,Midrange,18,3,4,0,2,Stable,https://s3.amazonaws.com/media.marshallstreetdiscgolf.com/inbounds/1687772.webp,https://www.marshallstreetdiscgolf.com/?s=condor&post_type=product,condor,innova,midrange,stable,#2A290E,#F3EB09,,,,,,,,,,,,,,
196,Conqueror,Infinite Discs,Distance Driver,15,12,4,0,4,Very Overstable,https://www.marshallstreetdiscgolf.com/?s=Conqueror&post_type=product,https://s3.amazonaws.com/media.marshallstreetdiscgolf.com/inbounds/0000383.webp,conqueror,infinite-discs,distance-driver,very-overstable,#FFFFFF,#62054C,175.1,21.1,1.6,1.1,16.4,2.3,5.2,29.75,11.14,,,,23-211,"Aug 21, 2023"
197,Construct,Thought Space Athletics,Control Driver,16,10,6,-1,2,Stable,https://www.marshallstreetdiscgolf.com/?s=construct&post_type=product,https://s3.amazonaws.com/media.marshallstreetdiscgolf.com/inbounds/0000258.webp,construct,thought-space-athletics,hybrid-driver,stable,#000000,#FF770E,176.8,21.3,1.6,1.2,17.2,2,5.6,26.5,11.14,,,,22-84,"May 16, 2022"
198,Convict,Dynamic Discs,Fairway Driver,17,9,4,-0.5,3,Overstable,https://www.marshallstreetdiscgolf.com/?s=convict&post_type=product,https://s3.amazonaws.com/media.marshallstreetdiscgolf.com/inbounds/1687774.webp,convict,dynamic-discs,control-driver,overstable,#FFFFFF,#0082F4,176,21.2,1.4,1.1,17.2,2,5.2,34.75,8.85,,,,15-31,"Mar 27, 2015"
199,Cookie,Clash Discs,Fairway Driver,17,7,5,0,2,Stable,https://www.marshallstreetdiscgolf.com/?s=Cookie&post_type=product,https://s3.amazonaws.com/media.marshallstreetdiscgolf.com/inbounds/0000273.webp,cookie,clash-discs,control-driver,stable,#FF93E9,#2516FF,177.6,21.4,1.7,1.2,17.8,1.8,5.6,35.5,8.52,,,,22-116,"Jul 1, 2022"
200,Copperhead,Lone Star Discs,Putter,19,3,4,0,2,Overstable,https://www.marshallstreetdiscgolf.com/?s=Copperhead&post_type=product,https://s3.amazonaws.com/media.marshallstreetdiscgolf.com/inbounds/0000295.webp,copperhead,lone-star-discs,putter,overstable,#FFA5EA,#6B834B,,,,,,,,,,,,,,
201,Core,Latitude 64,Midrange,18,6,5,-0.5,1,Stable,https://www.marshallstreetdiscgolf.com/?cat_ids%5B%5D=982&post_type=product&s=core&variation_toggle=1,https://s3.amazonaws.com/media.marshallstreetdiscgolf.com/inbounds/5887721.webp,core,latitude-64,midrange,stable,#FFFFFF,#F40909,180.1,21.7,2,1.2,18.9,1.4,5.5,48,8.5,,,,08-16,"Mar 18, 2008"
202,Corvette,Innova,Distance Driver,15,14,6,-1,2,Stable,https://www.marshallstreetdiscgolf.com/?s=Corvette&post_type=product,https://s3.amazonaws.com/media.marshallstreetdiscgolf.com/inbounds/8258831.webp,corvette,innova,distance-driver,stable,#2A290E,#F3EB09,,,,,,,,,,,,,,
203,Cosmos,Viking,Fairway Driver,17,7,5,-2,1,Understable,https://www.marshallstreetdiscgolf.com/?s=cosmos&post_type=product,https://s3.amazonaws.com/media.marshallstreetdiscgolf.com/inbounds/3639673.webp,cosmos,viking,control-driver,understable,#000000,#04F40C,,,,,,,,,,,,,,
204,Coyote,Innova,Midrange,18,4,5,0,1,Stable,https://www.marshallstreetdiscgolf.com/product/x-out-star-coyote,https://s3.amazonaws.com/media.marshallstreetdiscgolf.com/inbounds/5369288.webp,coyote,innova,midrange,stable,#2A290E,#F3EB09,,,,,,,,,,,,,,
205,Crag,Vibram,Midrange,18,4,3,0,3.5,Very Overstable,https://www.marshallstreetdiscgolf.com/product/firm-x-link-crag,https://s3.amazonaws.com/media.marshallstreetdiscgolf.com/inbounds/3383102.webp,crag,vibram,midrange,very-overstable,#FFDC2D,#9A7D2C,,,,,,,,,,,,,,
206,Crank,Discraft,Distance Driver,15,13,5,-2,2,Understable,https://www.marshallstreetdiscgolf.com/?s=crank&post_type=product,https://s3.amazonaws.com/media.marshallstreetdiscgolf.com/inbounds/3183102.webp,crank,discraft,distance-driver,understable,#FF3737,#000000,175.1,21.1,1.6,1.1,16.3,2.4,5.2,30,10.09,,,,13-49,"Jul 8, 2013"
207,Crank SS,Discraft,Distance Driver,15,13,5,-3,2,Very Understable,https://www.marshallstreetdiscgolf.com/?s=crank+ss&post_type=product,https://s3.amazonaws.com/media.marshallstreetdiscgolf.com/inbounds/3183101.webp,crank-ss,discraft,distance-driver,very-understable,#FF3737,#000000,175.1,21.1,1.5,1.1,16.3,2.4,5.2,27.25,9.98,,,,15-67,"Sep 17, 2015"
208,Crave,Axiom Discs,Fairway Driver,17,6.5,5,-1,1,Understable,https://www.marshallstreetdiscgolf.com/?s=crave&post_type=product,https://s3.amazonaws.com/media.marshallstreetdiscgolf.com/inbounds/3183103.webp,crave,axiom-discs,control-driver,understable,#000000,#FF9595,175.1,21.1,1.4,1.2,17.4,1.8,5.7,27.75,9.98,,,,14-16,"Mar 9, 2014"
209,Credo,Crosslap,Putter,19,3,2,0,3,Overstable,https://www.marshallstreetdiscgolf.com/product/advanced-credo-3,https://s3.amazonaws.com/media.marshallstreetdiscgolf.com/inbounds/4761531.webp,credo,crosslap,putter,overstable,#FF190C,#88BE47,,,,,,,,,,,,,,
210,Criminal,Dynamic Discs,Control Driver,16,10,3,1,4,Very Overstable,https://www.marshallstreetdiscgolf.com/?s=criminal&post_type=product,https://s3.amazonaws.com/media.marshallstreetdiscgolf.com/inbounds/0529009.webp,criminal,dynamic-discs,hybrid-driver,very-overstable,#FFFFFF,#0082F4,176,21.2,1.5,1.2,16.9,2.1,5.7,29,12.25,,,,17-05,"Jan 17, 2017"
211,Crisis,Doomsday Discs,Approach Discs,20,4,2,0,4,Very Overstable,https://www.marshallstreetdiscgolf.com/?s=crisis&post_type=product,https://s3.amazonaws.com/media.marshallstreetdiscgolf.com/inbounds/0000515.webp,crisis,doomsday-discs,approach-discs,very-overstable,#B6FF8B,#144E48,180.1,21.7,1.7,1.2,19.1,1.3,5.5,47,6.48,,,,23-223,"Sep 18, 2023"
212,Cro,Innova,Midrange,18,5,3,0,2,Stable,https://www.marshallstreetdiscgolf.com/?s=Cro&post_type=product,https://s3.amazonaws.com/media.marshallstreetdiscgolf.com/inbounds/3593265.webp,cro,innova,midrange,stable,#2A290E,#F3EB09,,,,,,,,,,,,,,
213,Croc,Innova,Midrange,18,5.5,2,0,5,Very Overstable,https://www.marshallstreetdiscgolf.com/?s=Croc&post_type=product,https://s3.amazonaws.com/media.marshallstreetdiscgolf.com/inbounds/0000263.webp,croc,innova,midrange,very-overstable,#2A290E,#F3EB09,,,,,,,,,,,,,,
214,Crockett,Lone Star Discs,Distance Driver,15,13,5,-1,3,Overstable,https://www.marshallstreetdiscgolf.com/?s=Crockett&post_type=product,https://s3.amazonaws.com/media.marshallstreetdiscgolf.com/inbounds/0000366.webp,crockett,lone-star-discs,distance-driver,overstable,#FFA5EA,#6B834B,,,,,,,,,,,,,,
215,Crossbow,Yikun,Midrange,18,4,1.5,0.5,4,Very Overstable,https://www.marshallstreetdiscgolf.com/?s=Crossbow&post_type=product,https://s3.amazonaws.com/media.marshallstreetdiscgolf.com/inbounds/5376611.webp,crossbow,yikun,midrange,very-overstable,#006A6E,#FF6F8C,,,,,,,,,,,,,,
216,Crown,Westside Discs,Putter,19,3,4,0,1,Overstable,https://www.marshallstreetdiscgolf.com/?s=crown&post_type=product,https://s3.amazonaws.com/media.marshallstreetdiscgolf.com/inbounds/3454803.webp,crown,westside-discs,putter,overstable,#FFFFFF,#014E13,,,,,,,,,,,,,,
217,Crush,Discraft,Distance Driver,15,11,5,0,4,Overstable,https://www.marshallstreetdiscgolf.com/?s=crush&post_type=product,https://s3.amazonaws.com/media.marshallstreetdiscgolf.com/inbounds/0002762.webp,crush,discraft,distance-driver,overstable,#FF3737,#000000,175.1,21.1,1.7,1.2,17,2.1,5.7,29,9.3,,,,03-13,"Sep 7, 2003"
218,Crux,Thought Space Athletics,Midrange,18,5,4,0,2,Overstable,https://www.marshallstreetdiscgolf.com/?s=crux&post_type=product,https://s3.amazonaws.com/media.marshallstreetdiscgolf.com/inbounds/0000472.webp,crux,thought-space-athletics,midrange,overstable,#000000,#FF770E,177.6,21.4,2,1.4,18.5,1.4,6.5,47.25,8.52,,,,23-129,"May 1, 2023"
219,Culprit,Dynamic Discs,Approach Discs,20,4,2,0,3.5,Very Overstable,https://www.marshallstreetdiscgolf.com/?s=culprit&post_type=product,https://s3.amazonaws.com/media.marshallstreetdiscgolf.com/inbounds/0000219.webp,culprit,dynamic-discs,approach-discs,very-overstable,#FFFFFF,#0082F4,176.8,21.3,1.6,1.3,18.9,1.2,6.1,46.25,12.05,,,,22-53,"Apr 11, 2022"
220,Culverin,Latitude 64,Fairway Driver,17,9,5,-0.5,3,Overstable,https://www.marshallstreetdiscgolf.com/?s=culverin&post_type=product,https://s3.amazonaws.com/media.marshallstreetdiscgolf.com/inbounds/4415040.webp,culverin,latitude-64,control-driver,overstable,#FFFFFF,#F40909,176,21.2,2,1.1,17,2,5.2,31.25,11.91,,,,16-04,"Jan 15, 2016"
221,Curl,Lone Star Discs,Control Driver,16,11,5,-1,2,Stable,https://www.marshallstreetdiscgolf.com/product/lsd-bravo-curl,https://s3.amazonaws.com/media.marshallstreetdiscgolf.com/inbounds/0000114.webp,curl,lone-star-discs,hybrid-driver,stable,#FFA5EA,#6B834B,,,,,,,,,,,,,,
222,Cutlass,Latitude 64,Distance Driver,15,13,5,0,3.5,Overstable,https://www.marshallstreetdiscgolf.com/?s=cutlass&post_type=product,https://s3.amazonaws.com/media.marshallstreetdiscgolf.com/inbounds/4415041.webp,cutlass,latitude-64,distance-driver,overstable,#FFFFFF,#F40909,175.1,21.1,1.7,1.2,16.6,2.2,5.7,28.75,10.43,,,,15-82,"Dec 9, 2015"
223,Cyber Putter,Doomsday Discs,Putter,19,3,3,0,2,Overstable,,,cyber-putter,doomsday-discs,putter,overstable,#B6FF8B,#144E48,174.3,21,2.1,1.6,19,1,7.6,69,5.11,,,,24-158,"Aug 5, 2024"
224,Cyclone,Discraft,Fairway Driver,17,7,4,-1,2,Stable,https://www.marshallstreetdiscgolf.com/?s=cyclone&post_type=product,https://s3.amazonaws.com/media.marshallstreetdiscgolf.com/inbounds/4415042.webp,cyclone,discraft,control-driver,stable,#FF3737,#000000,176.8,21.3,1.8,1.2,18.1,1.6,5.6,26,12.25,,,,93-05,"Jul 14, 1993"
225,Cypress,Other,Distance Driver,15,12,5,-2,2,Understable,https://www.marshallstreetdiscgolf.com/product/cypress,https://s3.amazonaws.com/media.marshallstreetdiscgolf.com/inbounds/0529011.webp,cypress,other,distance-driver,understable,#000000,#E5FFAA,,,,,,,,,,,,,,
226,Czar,Infinite Discs,Control Driver,16,11,5,-1,3,Overstable,https://www.marshallstreetdiscgolf.com/?s=Czar&post_type=product,https://s3.amazonaws.com/media.marshallstreetdiscgolf.com/inbounds/0000279.webp,czar,infinite-discs,hybrid-driver,overstable,#FFFFFF,#62054C,175.1,21.1,1.7,1.2,16.7,2.2,5.7,33.25,9.77,,,,22-174,"Oct 10, 2022"
227,D Model OS,Prodigy,Distance Driver,15,13,5,0,4,Very Overstable,https://www.marshallstreetdiscgolf.com/?s=d+model+os&post_type=product,https://s3.amazonaws.com/media.marshallstreetdiscgolf.com/inbounds/0000016.webp,d-model-os,prodigy,distance-driver,very-overstable,#000000,#10A259,,,,,,,,,,,,,,
228,D Model S,Prodigy,Distance Driver,15,13,6,0,2,Overstable,https://www.marshallstreetdiscgolf.com/product/ace-line-base-grip-d-model-s,https://s3.amazonaws.com/media.marshallstreetdiscgolf.com/inbounds/0000018.webp,d-model-s,prodigy,distance-driver,overstable,#000000,#10A259,,,,,,,,,,,,,,
229,D Model US,Prodigy,Distance Driver,15,13,6,-3,1,Understable,https://www.marshallstreetdiscgolf.com/?s=d+model+us&post_type=product,https://s3.amazonaws.com/media.marshallstreetdiscgolf.com/inbounds/0000019.webp,d-model-us,prodigy,distance-driver,understable,#000000,#10A259,,,,,,,,,,,,,,
230,D1,Prodigy,Distance Driver,15,12,5,0,4,Very Overstable,https://www.marshallstreetdiscgolf.com/?s=%22D1%22&post_type=product,https://s3.amazonaws.com/media.marshallstreetdiscgolf.com/inbounds/0000396.webp,d1,prodigy,distance-driver,very-overstable,#000000,#10A259,,,,,,,,,,,,,,
231,D1 Max,Prodigy,Distance Driver,15,13,5,-1,3,Overstable,https://www.marshallstreetdiscgolf.com/?s=D1+Max&post_type=product,https://s3.amazonaws.com/media.marshallstreetdiscgolf.com/inbounds/1010229.webp,d1-max,prodigy,distance-driver,overstable,#000000,#10A259,,,,,,,,,,,,,,
232,D2,Prodigy,Distance Driver,15,12,5,0,3,Overstable,https://www.marshallstreetdiscgolf.com/?s=%22D2%22&post_type=product,https://s3.amazonaws.com/media.marshallstreetdiscgolf.com/inbounds/0000397.webp,d2,prodigy,distance-driver,overstable,#000000,#10A259,,,,,,,,,,,,,,
233,D2 Max,Prodigy,Distance Driver,15,13,5,-1,2,Overstable,https://www.marshallstreetdiscgolf.com/?s=%22D2+Max%22&post_type=product,https://s3.amazonaws.com/media.marshallstreetdiscgolf.com/inbounds/1010301.webp,d2-max,prodigy,distance-driver,overstable,#000000,#10A259,,,,,,,,,,,,,,
234,D2 Pro,Prodigy,Distance Driver,15,13,5,-1,3,Overstable,https://www.marshallstreetdiscgolf.com/?s=d2+pro&post_type=product,https://s3.amazonaws.com/media.marshallstreetdiscgolf.com/inbounds/0000395.webp,d2-pro,prodigy,distance-driver,overstable,#000000,#10A259,,,,,,,,,,,,,,
235,D2 Signature (Falcor),Prodigy,Distance Driver,15,13,6,-1,2.5,Overstable,https://www.marshallstreetdiscgolf.com/?s=falcor&post_type=product,https://s3.amazonaws.com/media.marshallstreetdiscgolf.com/inbounds/0000142.webp,d2-signature-falcor,prodigy,distance-driver,overstable,#000000,#10A259,,,,,,,,,,,,,,
236,D3,Prodigy,Distance Driver,15,12,5,-1,3,Overstable,https://www.marshallstreetdiscgolf.com/?cat_ids%5B%5D=6&post_type=product&s=d3&variation_toggle=1,https://s3.amazonaws.com/media.marshallstreetdiscgolf.com/inbounds/4031647.webp,d3,prodigy,distance-driver,overstable,#000000,#10A259,,,,,,,,,,,,,,
237,D3 Max,Prodigy,Distance Driver,15,13,5,-2,2,Stable,https://www.marshallstreetdiscgolf.com/?s=%22D3+Max%22&post_type=product,https://s3.amazonaws.com/media.marshallstreetdiscgolf.com/inbounds/1010320.webp,d3-max,prodigy,distance-driver,stable,#000000,#10A259,,,,,,,,,,,,,,
238,D4,Prodigy,Distance Driver,15,12,5,-2,2,Stable,https://www.marshallstreetdiscgolf.com/?cat_ids%5B%5D=6&post_type=product&s=d4&variation_toggle=1,https://s3.amazonaws.com/media.marshallstreetdiscgolf.com/inbounds/2613404.webp,d4,prodigy,distance-driver,stable,#000000,#10A259,,,,,,,,,,,,,,
239,D4 Max,Prodigy,Distance Driver,15,13,5,-3,2,Understable,https://www.marshallstreetdiscgolf.com/?s=d4+max&post_type=product,https://s3.amazonaws.com/media.marshallstreetdiscgolf.com/inbounds/1010226.webp,d4-max,prodigy,distance-driver,understable,#000000,#10A259,,,,,,,,,,,,,,
240,D6,Prodigy,Distance Driver,15,12,6,-3,2,Understable,https://www.marshallstreetdiscgolf.com/?s=%22D6%22&post_type=product,https://s3.amazonaws.com/media.marshallstreetdiscgolf.com/inbounds/2613406.webp,d6,prodigy,distance-driver,understable,#000000,#10A259,,,,,,,,,,,,,,
241,DD,Discmania,Control Driver,16,11,6,-3,2,Understable,https://www.marshallstreetdiscgolf.com/?s=%22DD%22&post_type=product,https://s3.amazonaws.com/media.marshallstreetdiscgolf.com/inbounds/0000374.webp,dd,discmania,hybrid-driver,understable,#FFA813,#9A0C0C,,,,,,,,,,,,,,
242,DD-13 Starling,Disctroyer,Distance Driver,15,13,5,-2,2,Understable,https://www.marshallstreetdiscgolf.com/?s=starling&post_type=product,https://s3.amazonaws.com/media.marshallstreetdiscgolf.com/inbounds/0000174.webp,dd-13-starling,disctroyer,distance-driver,understable,#4D144D,#A45656,,,,,,,,,,,,,,
243,DD1,Discmania,Control Driver,16,11,5,-1,2,Overstable,https://www.marshallstreetdiscgolf.com/?s=DD1&post_type=product,https://s3.amazonaws.com/media.marshallstreetdiscgolf.com/inbounds/0000287.webp,dd1,discmania,hybrid-driver,overstable,#FFA813,#9A0C0C,176,21.2,1.5,1.1,16.8,2.2,5.2,30.75,8.3,,,,22-210,"Nov 28, 2022"
244,DD2,Discmania,Distance Driver,15,12,5,-1,2,Stable,https://www.marshallstreetdiscgolf.com/?s=dd2&post_type=product,https://s3.amazonaws.com/media.marshallstreetdiscgolf.com/inbounds/1010103.webp,dd2,discmania,distance-driver,stable,#FFA813,#9A0C0C,,,,,,,,,,,,,,
245,DD2 (OOP),Discmania,Distance Driver,15,13,5,-2,2,Stable,https://www.marshallstreetdiscgolf.com/?s=dd2&post_type=product,https://s3.amazonaws.com/media.marshallstreetdiscgolf.com/inbounds/6795646.webp,dd2-oop,discmania,distance-driver,stable,#FFA813,#9A0C0C,,,,,,,,,,,,,,
246,DD3,Discmania,Distance Driver,15,12,5,-1,3,Overstable,https://www.marshallstreetdiscgolf.com/?s=DD3&post_type=product,https://s3.amazonaws.com/media.marshallstreetdiscgolf.com/inbounds/0000308.webp,dd3,discmania,distance-driver,overstable,#FFA813,#9A0C0C,,,,,,,,,,,,,,
247,DDx (OOP),Discmania,Distance Driver,15,12,6,-1,2,Stable,https://www.marshallstreetdiscgolf.com/?s=ddx&post_type=product,https://s3.amazonaws.com/media.marshallstreetdiscgolf.com/inbounds/6795647.webp,ddx-oop,discmania,distance-driver,stable,#FFA813,#9A0C0C,,,,,,,,,,,,,,
248,Da'E,Yikun,Distance Driver,15,13,5,0,3,Overstable,https://www.marshallstreetdiscgolf.com/?s=da&post_type=product,https://s3.amazonaws.com/media.marshallstreetdiscgolf.com/inbounds/1331827.webp,dae,yikun,distance-driver,overstable,#006A6E,#FF6F8C,,,,,,,,,,,,,,
249,Daedalus,Innova,Distance Driver,15,13,6,-3,2,Very Understable,https://www.marshallstreetdiscgolf.com/?s=daedalus&post_type=product,https://s3.amazonaws.com/media.marshallstreetdiscgolf.com/inbounds/1331828.webp,daedalus,innova,distance-driver,very-understable,#2A290E,#F3EB09,,,,,,,,,,,,,,
250,Dagger,Latitude 64,Putter,19,2,5,0,1,Overstable,https://www.marshallstreetdiscgolf.com/?s=dagger&post_type=product,https://s3.amazonaws.com/media.marshallstreetdiscgolf.com/inbounds/4639881.webp,dagger,latitude-64,putter,overstable,#FFFFFF,#F40909,175.1,21.1,2.1,1.5,19.1,1,7.1,75.25,4.65,,,,14-36,"Apr 13, 2014"
251,Dart,Innova,Putter,19,3,4,0,0,Understable,https://www.marshallstreetdiscgolf.com/?s=Dart&post_type=product,https://s3.amazonaws.com/media.marshallstreetdiscgolf.com/inbounds/4639880.webp,dart,innova,putter,understable,#2A290E,#F3EB09,,,,,,,,,,,,,,
252,Daytona,Finish Line,Distance Driver,15,12,4,0,3,Very Overstable,https://www.marshallstreetdiscgolf.com/?s=daytona&post_type=product,https://s3.amazonaws.com/media.marshallstreetdiscgolf.com/inbounds/0000393.webp,daytona,finish-line,distance-driver,very-overstable,#1914FF,#FFA5F4,,,,,,,,,,,,,,
253,Defender,Dynamic Discs,Distance Driver,15,13,5,0,3,Overstable,https://www.marshallstreetdiscgolf.com/?s=defender&post_type=product,https://s3.amazonaws.com/media.marshallstreetdiscgolf.com/inbounds/7525647.webp,defender,dynamic-discs,distance-driver,overstable,#FFFFFF,#0082F4,174.3,21,1.6,1.1,16.4,2.3,5.2,30.75,11.11,,,,16-22,"Mar 2, 2016"
254,Deflector,MVP,Midrange,18,5,3.5,0,4,Very Overstable,https://www.marshallstreetdiscgolf.com/?s=deflector&post_type=product,https://s3.amazonaws.com/media.marshallstreetdiscgolf.com/inbounds/7595648.webp,deflector,mvp,midrange,very-overstable,#000000,#9BF2FF,,,,,,,,,,,,,,
255,Defy,Axiom Discs,Distance Driver,15,11,5,-1,3,Overstable,https://www.marshallstreetdiscgolf.com/?s=defy&post_type=product,https://s3.amazonaws.com/media.marshallstreetdiscgolf.com/inbounds/0001001.webp,defy,axiom-discs,distance-driver,overstable,#000000,#FF9595,175.1,21.1,1.5,1.1,16.7,2.2,5.2,26,9.3,,,,16-36,"Apr 21, 2016"
256,Delirium,Axiom Discs,Distance Driver,15,14.5,5,-0.5,3,Overstable,https://www.marshallstreetdiscgolf.com/?s=delirium&post_type=product,https://s3.amazonaws.com/media.marshallstreetdiscgolf.com/inbounds/1010106.webp,delirium,axiom-discs,distance-driver,overstable,#000000,#FF9595,175.1,21.1,1.8,1.2,16,2.5,5.7,27,11.14,,,,19-47,"May 23, 2019"
257,Demon,Gateway,Midrange,18,6,3,0,4,Very Overstable,https://www.marshallstreetdiscgolf.com/?s=demon&post_type=product,https://s3.amazonaws.com/media.marshallstreetdiscgolf.com/inbounds/1243771.webp,demon,gateway,midrange,very-overstable,#FFFFFF,#A66A17,,,,,,,,,,,,,,
258,Depth Charge,Doomsday Discs,Putter,19,2,2,0,1,Overstable,,,depth-charge,doomsday-discs,putter,overstable,#B6FF8B,#144E48,180.9,21.8,1.9,1.4,20,0.9,6.4,104,5.34,,,,23-118,"Apr 17, 2023"
259,Deputy,Dynamic Discs,Putter,19,3,4,-1.5,0,Understable,https://www.marshallstreetdiscgolf.com/?s=deputy&post_type=product,https://s3.amazonaws.com/media.marshallstreetdiscgolf.com/inbounds/0529005.webp,deputy,dynamic-discs,putter,understable,#FFFFFF,#0082F4,176,21.2,2,1.5,19.1,1.1,7.1,61,6.92,,,,17-15,"Feb 22, 2017"
260,Desolation,Doomsday Discs,Midrange,18,5,5,0,2,Overstable,https://www.marshallstreetdiscgolf.com/?s=desolation&post_type=product,https://s3.amazonaws.com/media.marshallstreetdiscgolf.com/inbounds/0000514.webp,desolation,doomsday-discs,midrange,overstable,#B6FF8B,#144E48,176,21.2,2.1,1.6,18.1,1.5,7.5,33.5,7.73,,,,23-115,"Apr 17, 2023"
261,Despair,Doomsday Discs,Midrange,18,5,4,-1,1,Stable,https://www.marshallstreetdiscgolf.com/?s=Despair&post_type=product,https://s3.amazonaws.com/media.marshallstreetdiscgolf.com/inbounds/0000512.webp,despair,doomsday-discs,midrange,stable,#B6FF8B,#144E48,177.6,21.4,2.1,1.4,18.8,1.3,6.5,46.25,7.84,,,,22-86,"May 16, 2022"
262,Desperado,Lone Star Discs,Fairway Driver,17,9,5,-2,1,Understable,https://www.marshallstreetdiscgolf.com/?s=desperado&post_type=product,https://s3.amazonaws.com/media.marshallstreetdiscgolf.com/inbounds/0000478.webp,desperado,lone-star-discs,control-driver,understable,#FFA5EA,#6B834B,,,,,,,,,,,,,,
263,Destiny,Westside Discs,Distance Driver,15,14,6,-2,3,Understable,https://www.marshallstreetdiscgolf.com/?s=destiny&post_type=product,https://s3.amazonaws.com/media.marshallstreetdiscgolf.com/inbounds/2079718.webp,destiny,westside-discs,distance-driver,understable,#FFFFFF,#014E13,,,,,,,,,,,,,,
264,Destroyer,Innova,Distance Driver,15,12,5,-1,3,Overstable,https://www.marshallstreetdiscgolf.com/?s=destroyer&post_type=product,https://s3.amazonaws.com/media.marshallstreetdiscgolf.com/inbounds/2079719.webp,destroyer,innova,distance-driver,overstable,#2A290E,#F3EB09,,,,,,,,,,,,,,
265,Detour,MVP,Midrange,18,5,5,-2,1,Understable,https://www.marshallstreetdiscgolf.com/?s=detour&post_type=product,https://s3.amazonaws.com/media.marshallstreetdiscgolf.com/inbounds/0000439.webp,detour,mvp,midrange,understable,#000000,#9BF2FF,,,,,,,,,,,,,,
266,Devil Hawk,Gateway,Putter,19,3,3,0,4,Very Overstable,https://www.marshallstreetdiscgolf.com/?s=Devil+Hawk&post_type=product,https://s3.amazonaws.com/media.marshallstreetdiscgolf.com/inbounds/2079720.webp,devil-hawk,gateway,putter,very-overstable,#FFFFFF,#A66A17,,,,,,,,,,,,,,
267,Diablo,Gateway,Fairway Driver,17,9,5,0,2,Overstable,https://www.marshallstreetdiscgolf.com/?s=diablo&post_type=product,https://s3.amazonaws.com/media.marshallstreetdiscgolf.com/inbounds/1842938.webp,diablo,gateway,control-driver,overstable,#FFFFFF,#A66A17,,,,,,,,,,,,,,
268,Diamond,Latitude 64,Fairway Driver,17,8,6,-3,1,Very Understable,https://www.marshallstreetdiscgolf.com/?s=diamond&post_type=product,https://s3.amazonaws.com/media.marshallstreetdiscgolf.com/inbounds/7940274.webp,diamond,latitude-64,control-driver,very-understable,#FFFFFF,#F40909,175.1,21.1,1.4,1.1,17.4,1.8,5.2,30,6.92,,,,11-14,"Mar 21, 2011"
269,Diamondback,Mint Discs,Fairway Driver,17,9,5,-2,2,Stable,https://www.marshallstreetdiscgolf.com/?s=Diamondback&post_type=product,https://s3.amazonaws.com/media.marshallstreetdiscgolf.com/inbounds/0000268.webp,diamondback,mint-discs,control-driver,stable,#FFFFFF,#F4933E,176.8,21.3,1.6,1.1,17.1,2.1,5.2,31.25,12.16,,,,22-62,"Apr 25, 2022"
270,Dimension,MVP,Distance Driver,15,14.5,5,0,3,Overstable,https://www.marshallstreetdiscgolf.com/?s=dimension&post_type=product,https://s3.amazonaws.com/media.marshallstreetdiscgolf.com/inbounds/7940277.webp,dimension,mvp,distance-driver,overstable,#000000,#9BF2FF,,,,,,,,,,,,,,
271,Diplodocus,Dino Discs,Midrange,18,5,5,0,-2,Overstable,,,diplodocus,dino-discs,midrange,overstable,#740A0A,#FF6FCF,,,,,,,,,,,,,,
272,Distortion,Prodigy,Approach Discs,20,4,3,0,3,Very Overstable,https://www.marshallstreetdiscgolf.com/?s=Distortion&post_type=product,https://s3.amazonaws.com/media.marshallstreetdiscgolf.com/inbounds/0000187.webp,distortion,prodigy,approach-discs,very-overstable,#000000,#10A259,,,,,,,,,,,,,,
273,Dominator (OOP),Innova,Distance Driver,15,13,5,-1,2,Stable,https://www.marshallstreetdiscgolf.com/?s=dominator&post_type=product,https://s3.amazonaws.com/media.marshallstreetdiscgolf.com/inbounds/7599234.webp,dominator-oop,innova,distance-driver,stable,#2A290E,#F3EB09,,,,,,,,,,,,,,
274,Dos X,Lone Star Discs,Fairway Driver,17,8,4,-1,2,Stable,https://www.marshallstreetdiscgolf.com/?s=Dos+X&post_type=product,https://s3.amazonaws.com/media.marshallstreetdiscgolf.com/inbounds/0000185.webp,dos-x,lone-star-discs,control-driver,stable,#FFA5EA,#6B834B,,,,,,,,,,,,,,
275,Douglas Fir,Above Ground Level,Putter,19,4,3,-2,1,Understable,https://www.marshallstreetdiscgolf.com/?s=douglas+fir&post_type=product,https://s3.amazonaws.com/media.marshallstreetdiscgolf.com/inbounds/0000196.webp,douglas-fir,above-ground-level,putter,understable,#CFFF30,#000000,176,21.2,1.8,1.3,19.2,1,6.1,65,6.93,,,,22-71,"May 2, 2022"
276,Draco,Millennium,Fairway Driver,17,9,3,0,4,Very Overstable,https://www.marshallstreetdiscgolf.com/?s=Draco&post_type=product,https://s3.amazonaws.com/media.marshallstreetdiscgolf.com/inbounds/0000045.webp,draco,millennium,control-driver,very-overstable,#000000,#FF0974,,,,,,,,,,,,,,
277,Dragon,Innova,Fairway Driver,17,8,5,-2,2,Understable,https://www.marshallstreetdiscgolf.com/product/dx-dragon,https://s3.amazonaws.com/media.marshallstreetdiscgolf.com/inbounds/6568886.webp,dragon,innova,control-driver,understable,#2A290E,#F3EB09,,,,,,,,,,,,,,
278,Dragonfly,AquaFlight,Midrange,18,5,4,-3,1,Understable,https://www.marshallstreetdiscgolf.com/?s=dragonfly&post_type=product,https://s3.amazonaws.com/media.marshallstreetdiscgolf.com/inbounds/6568887.webp,dragonfly,aquaflight,midrange,understable,#8B1D5B,#11FF98,,,,,,,,,,,,,,
279,Dream Weaver,Jester Disc Golf,Fairway Driver,17,7,5,-1,1.5,Stable,https://www.marshallstreetdiscgolf.com/?s=Dream+Weaver&post_type=product,https://s3.amazonaws.com/media.marshallstreetdiscgolf.com/inbounds/0000431.webp,dream-weaver,jester-disc-golf,control-driver,stable,#FFF172,#0E887C,176.8,21.3,1.7,1.1,17.8,1.7,5.2,35.75,6.25,,,,23-210,"Aug 21, 2023"
280,Drift,Streamline,Fairway Driver,17,7,5,-2,1,Understable,https://www.marshallstreetdiscgolf.com/?s=drift&post_type=product,https://s3.amazonaws.com/media.marshallstreetdiscgolf.com/inbounds/9432299.webp,drift,streamline,control-driver,understable,#012219,#ACFFBA,,,,,,,,,,,,,,
281,Drive,Discraft,Control Driver,16,11,5,-1,2,Stable,https://www.marshallstreetdiscgolf.com/?s=Drive&post_type=product,https://s3.amazonaws.com/media.marshallstreetdiscgolf.com/inbounds/0000425.webp,drive,discraft,hybrid-driver,stable,#FF3737,#000000,175.1,21.1,1.7,1.1,16.8,2.1,5.2,27.5,12.16,,,,24-35,"Feb 19, 2024"
282,Drone,Discraft,Midrange,18,5,3,1,4,Very Overstable,https://www.marshallstreetdiscgolf.com/?s=drone&post_type=product,https://s3.amazonaws.com/media.marshallstreetdiscgolf.com/inbounds/7429870.webp,drone,discraft,midrange,very-overstable,#FF3737,#000000,178.5,21.5,2,1.3,18.5,1.5,6,41.25,10.43,,,,05-03,"Feb 28, 2005"
283,Drop,Discmania,Approach Discs,20,4,3,0,3,Very Overstable,https://www.marshallstreetdiscgolf.com/?s=drop&post_type=product,https://s3.amazonaws.com/media.marshallstreetdiscgolf.com/inbounds/0000468.webp,drop,discmania,approach-discs,very-overstable,#FFA813,#9A0C0C,176,21.2,1.6,1.3,18.7,1.2,6.1,56.5,8.75,,,,24-127,"Jun 13, 2024"
284,Dune,Trash Panda,Midrange,18,5,5,-1,0,Understable,https://www.marshallstreetdiscgolf.com/?s=dune&post_type=product,https://s3.amazonaws.com/media.marshallstreetdiscgolf.com/inbounds/0000350.webp,dune,trash-panda,midrange,understable,#FFFFFF,#000000,,,,,,,,,,,,,,
285,Dynasty,Infinite Discs,Fairway Driver,17,9,5,-1,2,Stable,https://www.marshallstreetdiscgolf.com/?s=Dynasty&post_type=product,https://s3.amazonaws.com/media.marshallstreetdiscgolf.com/inbounds/0000241.webp,dynasty,infinite-discs,control-driver,stable,#FFFFFF,#62054C,175.1,21.1,1.4,1.1,17.3,1.9,5.2,31.25,11.93,,,,22-18,"Jan 31, 2022"
286,EMAC Judge,Dynamic Discs,Putter,19,2,4,0,1,Stable,https://www.marshallstreetdiscgolf.com/?s=emac+judge&post_type=product,https://s3.amazonaws.com/media.marshallstreetdiscgolf.com/inbounds/0000272.webp,emac-judge,dynamic-discs,putter,stable,#FFFFFF,#0082F4,176,21.2,2,1.4,18.9,1.1,6.6,58.25,6.25,,,,21-1,"Jan 5, 2021"
287,Eagle,Innova,Fairway Driver,17,7,4,-1,3,Overstable,https://www.marshallstreetdiscgolf.com/?speed=7&speed_end=7&cat_ids%5B%5D=15&post_type=product&s=eagle&variation_toggle=1,https://s3.amazonaws.com/media.marshallstreetdiscgolf.com/inbounds/5949893.webp,eagle,innova,control-driver,overstable,#2A290E,#F3EB09,,,,,,,,,,,,,,
288,Echo,Streamline,Midrange,18,5,5,-1.5,1,Stable,https://www.marshallstreetdiscgolf.com/?cat_ids%5B%5D=20674&post_type=product&s=echo&variation_toggle=1,https://s3.amazonaws.com/media.marshallstreetdiscgolf.com/inbounds/0000333.webp,echo,streamline,midrange,stable,#012219,#ACFFBA,,,,,,,,,,,,,,
289,Element,Gateway,Midrange,18,5,5,-1,1,Understable,https://www.marshallstreetdiscgolf.com/?s=element&post_type=product,https://s3.amazonaws.com/media.marshallstreetdiscgolf.com/inbounds/0704282.webp,element,gateway,midrange,understable,#FFFFFF,#A66A17,,,,,,,,,,,,,,
290,Elm,Above Ground Level,Fairway Driver,17,9,4,0,3,Overstable,https://www.marshallstreetdiscgolf.com/?s=elm&post_type=product,https://s3.amazonaws.com/media.marshallstreetdiscgolf.com/inbounds/0000532.webp,elm,above-ground-level,control-driver,overstable,#CFFF30,#000000,176,21.2,1.5,1.1,17.3,1.9,5.2,31.25,11.14,,,,25-67,"Apr 28, 2025"
291,Emperor,Infinite Discs,Distance Driver,15,12,5,-1,2.5,Overstable,https://www.marshallstreetdiscgolf.com/?s=emperor&post_type=product,https://s3.amazonaws.com/media.marshallstreetdiscgolf.com/inbounds/0000062.webp,emperor,infinite-discs,distance-driver,overstable,#FFFFFF,#62054C,175.1,21.1,1.7,1.2,16.4,2.3,5.7,28,11.82,,,,19-17,"Feb 17, 2019"
292,Empire,Prodiscus,Distance Driver,15,13,5,0,4,Very Overstable,https://www.marshallstreetdiscgolf.com/?s=empire&post_type=product,https://s3.amazonaws.com/media.marshallstreetdiscgolf.com/inbounds/0000407.webp,empire,prodiscus,distance-driver,very-overstable,#32E65C,#5435A9,175.1,21.1,1.9,1.2,16.3,2.4,5.7,28,8.3,,,,23-3,"Jan 9, 2023"
293,Enemy,Legacy,Fairway Driver,17,9,3,0,4,Very Overstable,https://www.marshallstreetdiscgolf.com/?s=enemy&post_type=product,https://s3.amazonaws.com/media.marshallstreetdiscgolf.com/inbounds/0105000.webp,enemy,legacy,control-driver,very-overstable,#3831F0,#E43DD9,,,,,,,,,,,,,,
294,Energy,MVP,Distance Driver,15,13,4,0,4,Very Overstable,https://www.marshallstreetdiscgolf.com/?s=energy&post_type=product,https://s3.amazonaws.com/media.marshallstreetdiscgolf.com/inbounds/0125007.webp,energy,mvp,distance-driver,very-overstable,#000000,#9BF2FF,,,,,,,,,,,,,,
295,Enforcer,Dynamic Discs,Distance Driver,15,12,4,0.5,4,Very Overstable,https://www.marshallstreetdiscgolf.com/?s=enforcer&post_type=product,https://s3.amazonaws.com/media.marshallstreetdiscgolf.com/inbounds/0125006.webp,enforcer,dynamic-discs,distance-driver,very-overstable,#FFFFFF,#0082F4,175.1,21.1,1.8,1.1,16.7,2.2,5.2,27,11,,,,14-34,"Apr 7, 2014"
296,Engine,Streamline,Distance Driver,15,13,5,-0.5,2,Overstable,,,engine,streamline,distance-driver,overstable,#012219,#ACFFBA,,,,,,,,,,,,,,
297,Enigma,Discmania,Distance Driver,15,12,5,-1,2,Stable,https://www.marshallstreetdiscgolf.com/?s=enigma&post_type=product,https://s3.amazonaws.com/media.marshallstreetdiscgolf.com/inbounds/1010103.webp,enigma,discmania,distance-driver,stable,#FFA813,#9A0C0C,175.1,21.1,1.6,1.1,16.6,2.2,5.2,27.75,11.25,,,,19-45,"May 23, 2019"
298,Entropy,MVP,Putter,19,4,3,0,3,Very Overstable,https://www.marshallstreetdiscgolf.com/?s=entropy&post_type=product,https://s3.amazonaws.com/media.marshallstreetdiscgolf.com/inbounds/1010202.webp,entropy,mvp,putter,very-overstable,#000000,#9BF2FF,,,,,,,,,,,,,,
299,Envy,Axiom Discs,Putter,19,3,3,0,2,Overstable,https://www.marshallstreetdiscgolf.com/?s=envy&post_type=product,https://s3.amazonaws.com/media.marshallstreetdiscgolf.com/inbounds/0125005.webp,envy,axiom-discs,putter,overstable,#000000,#FF9595,174.3,21,1.8,1.4,18.8,1.1,6.7,52,8.73,,,,14-04,"Jan 12, 2014"
300,Era,Finish Line,Control Driver,16,10,5,-1,1.5,Stable,https://www.marshallstreetdiscgolf.com/?s=%22Era%22&post_type=product,https://s3.amazonaws.com/media.marshallstreetdiscgolf.com/inbounds/0000169.webp,era,finish-line,hybrid-driver,stable,#1914FF,#FFA5F4,,,,,,,,,,,,,,
301,Escape,Dynamic Discs,Fairway Driver,17,9,5,-1,2,Stable,https://www.marshallstreetdiscgolf.com/?s=escape&post_type=product,https://s3.amazonaws.com/media.marshallstreetdiscgolf.com/inbounds/1130002.webp,escape,dynamic-discs,control-driver,stable,#FFFFFF,#0082F4,175.1,21.1,2,1.1,17.1,2,5.2,27.75,10.32,,,,12-56,"Dec 7, 2012"
302,Essence,Discmania,Fairway Driver,17,8,6,-2,1,Understable,https://www.marshallstreetdiscgolf.com/?s=essence&post_type=product,https://s3.amazonaws.com/media.marshallstreetdiscgolf.com/inbounds/0000023.webp,essence,discmania,control-driver,understable,#FFA813,#9A0C0C,174.3,21,1.8,1.2,17.4,1.8,5.7,33.25,11.59,,,,20-22,"Mar 5, 2020"
303,Ether,Gateway,Distance Driver,15,12,6,-1,2,Stable,https://www.marshallstreetdiscgolf.com/?s=Ether&post_type=product,https://s3.amazonaws.com/media.marshallstreetdiscgolf.com/inbounds/0000386.webp,ether,gateway,distance-driver,stable,#FFFFFF,#A66A17,,,,,,,,,,,,,,
304,Evader,Dynamic Discs,Fairway Driver,17,7,4,0,2.5,Overstable,https://www.marshallstreetdiscgolf.com/?s=Evader&post_type=product,https://s3.amazonaws.com/media.marshallstreetdiscgolf.com/inbounds/0000078.webp,evader,dynamic-discs,control-driver,overstable,#FFFFFF,#0082F4,176,21.2,1.9,1.1,17.5,1.8,5.2,26.75,7.95,,,,21-2,"Jan 5, 2021"
305,Evidence,Dynamic Discs,Midrange,18,5,5,-1,0,Understable,https://www.marshallstreetdiscgolf.com/?s=evidence&post_type=product,https://s3.amazonaws.com/media.marshallstreetdiscgolf.com/inbounds/2674549.webp,evidence,dynamic-discs,midrange,understable,#FFFFFF,#0082F4,180.1,21.7,1.8,1.2,18.7,1.4,5.5,41.25,7.26,,,,15-32,"Mar 27, 2015"
306,Excite,Axiom Discs,Distance Driver,15,14.5,5.5,-2,2,Stable,https://www.marshallstreetdiscgolf.com/?s=excite&post_type=product,https://s3.amazonaws.com/media.marshallstreetdiscgolf.com/inbounds/2674911.webp,excite,axiom-discs,distance-driver,stable,#000000,#FF9595,175.1,21.1,2.1,1.2,15.9,2.5,5.7,27,11.91,,,,18-36,"Mar 25, 2018"
307,Exodus,Infinite Discs,Fairway Driver,17,7,5,-0.5,2,Stable,https://www.marshallstreetdiscgolf.com/?s=exodus&post_type=product,https://s3.amazonaws.com/media.marshallstreetdiscgolf.com/inbounds/2674999.webp,exodus,infinite-discs,control-driver,stable,#FFFFFF,#62054C,175.1,21.1,1.8,1.1,17.5,1.8,5.2,36.25,8.73,,,,18-03,"Jan 19, 2018"
308,Expanse,Thought Space Athletics,Distance Driver,15,11,5,-2,2,Understable,https://www.marshallstreetdiscgolf.com/?s=expanse&post_type=product,https://s3.amazonaws.com/media.marshallstreetdiscgolf.com/inbounds/0000490.webp,expanse,thought-space-athletics,distance-driver,understable,#000000,#FF770E,175.1,21.1,1.8,1.2,16.8,2.1,5.7,31.5,9.43,,,,25-11,"Jan 20, 2025"
309,Explorer,Latitude 64,Fairway Driver,17,7,5,0,2,Stable,https://www.marshallstreetdiscgolf.com/?s=explorer&post_type=product,https://s3.amazonaws.com/media.marshallstreetdiscgolf.com/inbounds/2674599.webp,explorer,latitude-64,control-driver,stable,#FFFFFF,#F40909,176,21.2,1.7,1.1,17.7,1.8,5.2,32.75,10.21,,,,17-128,"Dec 11, 2017"
310,F Model OS,Prodigy,Control Driver,16,10,5,2,4,Very Overstable,https://www.marshallstreetdiscgolf.com/?s=F+Model+OS&post_type=product,https://s3.amazonaws.com/media.marshallstreetdiscgolf.com/inbounds/0000051.webp,f-model-os,prodigy,hybrid-driver,very-overstable,#000000,#10A259,,,,,,,,,,,,,,
311,F Model S,Prodigy,Fairway Driver,17,10,5,1,3,Overstable,https://www.marshallstreetdiscgolf.com/product/ace-line-base-grip-f-model-s,https://s3.amazonaws.com/media.marshallstreetdiscgolf.com/inbounds/0000020.webp,f-model-s,prodigy,control-driver,overstable,#000000,#10A259,,,,,,,,,,,,,,
312,F Model US,Prodigy,Control Driver,16,10,5,-2,1,Understable,https://www.marshallstreetdiscgolf.com/?s=F+Model+US&post_type=product,https://s3.amazonaws.com/media.marshallstreetdiscgolf.com/inbounds/0000052.webp,f-model-us,prodigy,hybrid-driver,understable,#000000,#10A259,,,,,,,,,,,,,,
313,F1,Prodigy,Fairway Driver,17,8,4,-1,3,Overstable,https://www.marshallstreetdiscgolf.com/?s=%22F1%22&post_type=product,https://s3.amazonaws.com/media.marshallstreetdiscgolf.com/inbounds/5011647.webp,f1,prodigy,control-driver,overstable,#000000,#10A259,,,,,,,,,,,,,,
314,F2,Prodigy,Fairway Driver,17,8,4,-1,2,Overstable,https://www.marshallstreetdiscgolf.com/?s=%22F2%22&post_type=product,https://s3.amazonaws.com/media.marshallstreetdiscgolf.com/inbounds/5021647.webp,f2,prodigy,control-driver,overstable,#000000,#10A259,,,,,,,,,,,,,,
315,F3,Prodigy,Fairway Driver,17,8,5,-2,2,Stable,https://www.marshallstreetdiscgolf.com/?s=%22F3%22&post_type=product,https://s3.amazonaws.com/media.marshallstreetdiscgolf.com/inbounds/5031647.webp,f3,prodigy,control-driver,stable,#000000,#10A259,,,,,,,,,,,,,,
316,F5,Prodigy,Fairway Driver,17,8,6,-2,1,Understable,https://www.marshallstreetdiscgolf.com/?s=%22F5%22&post_type=product,https://s3.amazonaws.com/media.marshallstreetdiscgolf.com/inbounds/5051647.webp,f5,prodigy,control-driver,understable,#000000,#10A259,,,,,,,,,,,,,,
317,F7,Prodigy,Fairway Driver,17,8,6,-3,1,Understable,https://www.marshallstreetdiscgolf.com/?s=%22F7%22&post_type=product,https://s3.amazonaws.com/media.marshallstreetdiscgolf.com/inbounds/5071647.webp,f7,prodigy,control-driver,understable,#000000,#10A259,,,,,,,,,,,,,,
318,F9,Prodigy,Fairway Driver,17,8,6,-4,0.5,Very Understable,https://www.marshallstreetdiscgolf.com/?s=F9&post_type=product,https://s3.amazonaws.com/media.marshallstreetdiscgolf.com/inbounds/0000349.webp,f9,prodigy,control-driver,very-understable,#000000,#10A259,,,,,,,,,,,,,,
319,FD,Discmania,Fairway Driver,17,7,6,0,1,Understable,https://www.marshallstreetdiscgolf.com/?s=fd&post_type=product,https://s3.amazonaws.com/media.marshallstreetdiscgolf.com/inbounds/0000143.webp,fd,discmania,control-driver,understable,#FFA813,#9A0C0C,,,,,,,,,,,,,,
320,FD-8 Stork,Disctroyer,Fairway Driver,17,8,5,0,1,Stable,https://www.marshallstreetdiscgolf.com/?s=Stork&post_type=product,https://s3.amazonaws.com/media.marshallstreetdiscgolf.com/inbounds/0000175.webp,fd-8-stork,disctroyer,control-driver,stable,#4D144D,#A45656,,,,,,,,,,,,,,
321,FD1,Discmania,Fairway Driver,17,7,4,0,2,Overstable,https://www.marshallstreetdiscgolf.com/?s=FD1&post_type=product,https://s3.amazonaws.com/media.marshallstreetdiscgolf.com/inbounds/0000329.webp,fd1,discmania,control-driver,overstable,#FFA813,#9A0C0C,176,21.2,1.7,1.1,17.6,1.8,5.2,36.25,8.98,,,,22-211,"Nov 28, 2022"
322,FD2 (OOP),Discmania,Fairway Driver,17,7,4,0,2,Overstable,https://www.marshallstreetdiscgolf.com/?s=fd1&post_type=product,https://s3.amazonaws.com/media.marshallstreetdiscgolf.com/inbounds/8360180.webp,fd2-oop,discmania,control-driver,overstable,#FFA813,#9A0C0C,,,,,,,,,,,,,,
323,FD3,Discmania,Fairway Driver,17,9,4,0,3,Overstable,https://www.marshallstreetdiscgolf.com/?s=fd3&post_type=product,https://s3.amazonaws.com/media.marshallstreetdiscgolf.com/inbounds/8360181.webp,fd3,discmania,control-driver,overstable,#FFA813,#9A0C0C,,,,,,,,,,,,,,
324,FL,Innova,Fairway Driver,17,9,3,0,2,Overstable,https://www.marshallstreetdiscgolf.com/?s=fl&post_type=product,https://s3.amazonaws.com/media.marshallstreetdiscgolf.com/inbounds/5632740.webp,fl,innova,control-driver,overstable,#2A290E,#F3EB09,,,,,,,,,,,,,,
325,FX-2,Prodigy,Fairway Driver,17,9,4,0,3,Overstable,https://www.marshallstreetdiscgolf.com/?s=FX-2&post_type=product,https://s3.amazonaws.com/media.marshallstreetdiscgolf.com/inbounds/8822502.webp,fx-2,prodigy,control-driver,overstable,#000000,#10A259,,,,,,,,,,,,,,
326,FX-3,Prodigy,Fairway Driver,17,9,5,-1,2,Stable,https://www.marshallstreetdiscgolf.com/?s=FX-3&post_type=product,https://s3.amazonaws.com/media.marshallstreetdiscgolf.com/inbounds/0000186.webp,fx-3,prodigy,control-driver,stable,#000000,#10A259,,,,,,,,,,,,,,
327,FX-4,Prodigy,Fairway Driver,17,9,5,-2,2,Understable,https://www.marshallstreetdiscgolf.com/?s=FX-4&post_type=product,https://s3.amazonaws.com/media.marshallstreetdiscgolf.com/inbounds/0000200.webp,fx-4,prodigy,control-driver,understable,#000000,#10A259,,,,,,,,,,,,,,
328,Fairway Disc,Innova,Fairway Driver,17,7,6,-1,1,Understable,https://www.marshallstreetdiscgolf.com/?s=dark+rebel&post_type=product,https://s3.amazonaws.com/media.marshallstreetdiscgolf.com/inbounds/0000250.webp,fairway-disc,innova,control-driver,understable,#2A290E,#F3EB09,,,,,,,,,,,,,,
329,Faith,Latitude 64,Putter,19,2,3,0,1,Stable,https://www.marshallstreetdiscgolf.com/?s=faith&post_type=product,https://s3.amazonaws.com/media.marshallstreetdiscgolf.com/inbounds/0000507.webp,faith,latitude-64,putter,stable,#FFFFFF,#F40909,,,,,,,,,,,,,,
330,Falcon,Millennium,Distance Driver,15,13,5,-2,2,Stable,https://www.marshallstreetdiscgolf.com/?s=Falcon&post_type=product,https://s3.amazonaws.com/media.marshallstreetdiscgolf.com/inbounds/1010120.webp,falcon,millennium,distance-driver,stable,#000000,#FF0974,,,,,,,,,,,,,,
331,Falk,Kastaplast,Fairway Driver,17,9,6,-2,1,Stable,https://www.marshallstreetdiscgolf.com/?s=falk&post_type=product,https://s3.amazonaws.com/media.marshallstreetdiscgolf.com/inbounds/0529010.webp,falk,kastaplast,control-driver,stable,#000000,#21F1B9,175.1,21.1,1.8,1.1,17.2,1.9,5.2,30.25,9.53,,,,17-54,"Apr 13, 2017"
332,Famine,Doomsday Discs,Distance Driver,15,12,5,-2,1,Understable,https://www.marshallstreetdiscgolf.com/?s=famine&post_type=product,https://s3.amazonaws.com/media.marshallstreetdiscgolf.com/inbounds/0000519.webp,famine,doomsday-discs,distance-driver,understable,#B6FF8B,#144E48,175.1,21.1,1.7,1.2,16.6,2.2,5.7,27,9.32,,,,23-203,"Aug 7, 2023"
333,Fasti,Prodiscus,Distance Driver,15,12,4,-3,4,Stable,https://www.marshallstreetdiscgolf.com/?s=fasti&post_type=product,https://s3.amazonaws.com/media.marshallstreetdiscgolf.com/inbounds/0000000.webp,fasti,prodiscus,distance-driver,stable,#32E65C,#5435A9,,,,,,,,,,,,,,
334,Feedback,Prodigy,Fairway Driver,17,9,5,-1,3,Overstable,https://www.marshallstreetdiscgolf.com/?s=Feedback&post_type=product,https://s3.amazonaws.com/media.marshallstreetdiscgolf.com/inbounds/0000348.webp,feedback,prodigy,control-driver,overstable,#000000,#10A259,,,,,,,,,,,,,,
335,Felon,Dynamic Discs,Fairway Driver,17,9,3,0.5,4,Very Overstable,https://www.marshallstreetdiscgolf.com/?s=felon&post_type=product,https://s3.amazonaws.com/media.marshallstreetdiscgolf.com/inbounds/3763431.webp,felon,dynamic-discs,control-driver,very-overstable,#FFFFFF,#0082F4,176,21.2,1.8,1.1,17.2,2,5.2,31.5,9.3,,,,14-56,"Jul 14, 2014"
336,Fenrir,Viking,Control Driver,16,10,4,0,3,Overstable,https://www.marshallstreetdiscgolf.com/?s=Fenrir&post_type=product,https://s3.amazonaws.com/media.marshallstreetdiscgolf.com/inbounds/0000000.webp,fenrir,viking,hybrid-driver,overstable,#000000,#04F40C,,,,,,,,,,,,,,
337,Fierce,Discraft,Putter,19,3,4,-2,0,Very Understable,https://www.marshallstreetdiscgolf.com/product/fierce-paige-pierce-5x,https://s3.amazonaws.com/media.marshallstreetdiscgolf.com/inbounds/0000007.webp,fierce,discraft,putter,very-understable,#FF3737,#000000,175.1,21.1,1.9,1.5,19,1,7.1,63.5,10.45,,,,20-08,"Jan 30, 2020"
338,Fighter,Legacy,Control Driver,16,10,3,0,5,Very Overstable,https://www.marshallstreetdiscgolf.com/?s=fighter&post_type=product,https://s3.amazonaws.com/media.marshallstreetdiscgolf.com/inbounds/3763477.webp,fighter,legacy,hybrid-driver,very-overstable,#3831F0,#E43DD9,,,,,,,,,,,,,,
339,Fireball,Axiom Discs,Fairway Driver,17,9,3.5,0,3.5,Very Overstable,https://www.marshallstreetdiscgolf.com/?s=fireball&post_type=product,https://s3.amazonaws.com/media.marshallstreetdiscgolf.com/inbounds/3763400.webp,fireball,axiom-discs,control-driver,very-overstable,#000000,#FF9595,175.1,21.1,1.4,1.1,17.1,2,5.2,29.5,9.07,,,,14-94,"Dec 19, 2014"
340,Firebird,Innova,Fairway Driver,17,9,3,0,4,Very Overstable,https://www.marshallstreetdiscgolf.com/?s=firebird&post_type=product,https://s3.amazonaws.com/media.marshallstreetdiscgolf.com/inbounds/3763432.webp,firebird,innova,control-driver,very-overstable,#2A290E,#F3EB09,,,,,,,,,,,,,,
341,Firefly,Innova,Putter,19,2,3,0,1,Overstable,https://www.marshallstreetdiscgolf.com/?s=firefly&post_type=product,https://s3.amazonaws.com/media.marshallstreetdiscgolf.com/inbounds/1010304.webp,firefly,innova,putter,overstable,#2A290E,#F3EB09,,,,,,,,,,,,,,
342,Firestorm,Innova,Distance Driver,15,14,4,-1,3,Overstable,https://www.marshallstreetdiscgolf.com/?s=firestorm&post_type=product,https://s3.amazonaws.com/media.marshallstreetdiscgolf.com/inbounds/5634740.webp,firestorm,innova,distance-driver,overstable,#2A290E,#F3EB09,,,,,,,,,,,,,,
343,Flare,Streamline,Fairway Driver,17,9,4,0,3.5,Very Overstable,https://www.marshallstreetdiscgolf.com/?cat_ids%5B%5D=20674&post_type=product&s=flare&variation_toggle=1,https://s3.amazonaws.com/media.marshallstreetdiscgolf.com/inbounds/1010125.webp,flare,streamline,control-driver,very-overstable,#012219,#ACFFBA,,,,,,,,,,,,,,
344,Flash,Discraft,Control Driver,16,10,5,-2,3,Understable,https://www.marshallstreetdiscgolf.com/?s=flash&post_type=product,https://s3.amazonaws.com/media.marshallstreetdiscgolf.com/inbounds/4045219.webp,flash,discraft,hybrid-driver,understable,#FF3737,#000000,175.1,21.1,1.6,1.2,17,2.1,5.7,27.5,8.85,,,,04-03,"Apr 14, 2004"
345,Flat Earth,Doomsday Discs,Midrange,18,5,5,-1,1,Stable,,,flat-earth,doomsday-discs,midrange,stable,#B6FF8B,#144E48,180.9,21.8,2.1,1.3,19.4,1.2,6,48,5.8,,,,22-66,"Apr 25, 2022"
346,Flick,Discraft,Distance Driver,15,12,3,1,5,Very Overstable,https://www.marshallstreetdiscgolf.com/?s=flick&post_type=product,https://s3.amazonaws.com/media.marshallstreetdiscgolf.com/inbounds/5107778.webp,flick,discraft,distance-driver,very-overstable,#FF3737,#000000,175.1,21.1,1.3,1.1,16.9,2.1,5.2,26,9.98,,,,04-10,"Aug 22, 2004"
347,Flip,Hooligan Discs,Midrange,18,5,6,-4,1,Very Understable,https://www.marshallstreetdiscgolf.com/?cat_ids%5B%5D=81609&post_type=product&s=flip&variation_toggle=1,https://s3.amazonaws.com/media.marshallstreetdiscgolf.com/inbounds/0000336.webp,flip,hooligan-discs,midrange,very-understable,#01216C,#DAFDFF,180.1,21.7,1.9,1.3,19.1,1.3,6,45.25,6.93,,,,22-177,"Oct 17, 2022"
348,Flipperi,Prodiscus,Fairway Driver,17,9,3,-3,0,Very Understable,https://www.marshallstreetdiscgolf.com/?s=flipperi&post_type=product,https://s3.amazonaws.com/media.marshallstreetdiscgolf.com/inbounds/0000000.webp,flipperi,prodiscus,control-driver,very-understable,#32E65C,#5435A9,,,,,,,,,,,,,,
349,Flow,Latitude 64,Control Driver,16,11,6,-0.5,2,Overstable,https://www.marshallstreetdiscgolf.com/?s=flow&post_type=product,https://s3.amazonaws.com/media.marshallstreetdiscgolf.com/inbounds/2005314.webp,flow,latitude-64,hybrid-driver,overstable,#FFFFFF,#F40909,175.1,21.1,1.8,1.2,16.8,2.2,5.7,27.75,11.11,,,,10-35,"Oct 27, 2010"
350,Flying Squirrel,Other,Midrange,18,5,5,-3,2,Understable,https://www.marshallstreetdiscgolf.com/?s=flying+squirrel&post_type=product,https://s3.amazonaws.com/media.marshallstreetdiscgolf.com/inbounds/7580389.webp,flying-squirrel,other,midrange,understable,#000000,#E5FFAA,,,,,,,,,,,,,,
351,Focus,Discraft,Putter,19,2,2,-1,2,Stable,https://www.marshallstreetdiscgolf.com/?s=focus&post_type=product,https://s3.amazonaws.com/media.marshallstreetdiscgolf.com/inbounds/6155774.webp,focus,discraft,putter,stable,#FF3737,#000000,,,,,,,,,,,,,,
352,Force,Discraft,Distance Driver,15,12,5,0,3,Overstable,https://www.marshallstreetdiscgolf.com/?s=force&post_type=product,https://s3.amazonaws.com/media.marshallstreetdiscgolf.com/inbounds/0207283.webp,force,discraft,distance-driver,overstable,#FF3737,#000000,175.1,21.1,1.7,1.2,16.5,2.3,5.7,26,11.79,,,,08-08,"Feb 21, 2008"
353,Fortress,Westside Discs,Control Driver,16,10,4,0,3,Overstable,https://www.marshallstreetdiscgolf.com/?s=fortress&post_type=product,https://s3.amazonaws.com/media.marshallstreetdiscgolf.com/inbounds/2012013.webp,fortress,westside-discs,hybrid-driver,overstable,#FFFFFF,#014E13,,,,,,,,,,,,,,
354,Fossil,Discraft,Approach Discs,20,3,1,0,3,Overstable,,,fossil,discraft,approach-discs,overstable,#FF3737,#000000,,,,,,,,,,,,,,
355,Founder,Discmania,Midrange,18,5,6,-4,1,Very Understable,,,founder,discmania,midrange,very-understable,#FFA813,#9A0C0C,180.9,21.8,1.8,1.1,19.1,1.3,5,37.5,6.48,,,,25-124,"Jul 28, 2025"
356,Fox,Innova,Midrange,18,5,6,-2,1,Understable,,,fox,innova,midrange,understable,#2A290E,#F3EB09,,,,,,,,,,,,,,
357,Freetail,Mint Discs,Fairway Driver,17,10,5,-4,1,Understable,https://www.marshallstreetdiscgolf.com/product/eternal-freetail,https://s3.amazonaws.com/media.marshallstreetdiscgolf.com/inbounds/0000017.webp,freetail,mint-discs,control-driver,understable,#FFFFFF,#F4933E,175.1,21.1,1.7,1.2,17.1,2,5.7,37.75,11.25,,,,19-63,"Sep 16, 2019"
358,Frio,Lone Star Discs,Fairway Driver,17,7,5,-1,1,Stable,https://www.marshallstreetdiscgolf.com/?s=Frio&post_type=product,https://s3.amazonaws.com/media.marshallstreetdiscgolf.com/inbounds/0000320.webp,frio,lone-star-discs,control-driver,stable,#FFA5EA,#6B834B,,,,,,,,,,,,,,
359,Fu,Yikun,Fairway Driver,17,7,5,0,2,Stable,https://www.marshallstreetdiscgolf.com/?s=Fu&post_type=product,https://s3.amazonaws.com/media.marshallstreetdiscgolf.com/inbounds/0000096.webp,fu,yikun,control-driver,stable,#006A6E,#FF6F8C,,,,,,,,,,,,,,
360,Fudge,Clash Discs,Putter,19,2,3,0,2,Overstable,https://www.marshallstreetdiscgolf.com/?s=fudge&post_type=product,https://s3.amazonaws.com/media.marshallstreetdiscgolf.com/inbounds/0000332.webp,fudge,clash-discs,putter,overstable,#FF93E9,#2516FF,176.8,21.3,2,1.5,19.2,1.1,7,63,6.48,,,,23-87,"Mar 23, 2023"
361,Fugitive,Dynamic Discs,Midrange,18,5,5,-0.5,1.5,Stable,https://www.marshallstreetdiscgolf.com/?s=Fugitive&post_type=product,https://s3.amazonaws.com/media.marshallstreetdiscgolf.com/inbounds/1130004.webp,fugitive,dynamic-discs,midrange,stable,#FFFFFF,#0082F4,180.9,21.8,2.1,1.3,19.1,1.4,6,39,7.82,,,,12-57,"Dec 7, 2012"
362,Fugitive (Supreme),Dynamic Discs,Midrange,18,5,3,0,4,Very Overstable,https://www.marshallstreetdiscgolf.com/?s=fugitive&post_type=product,https://s3.amazonaws.com/media.marshallstreetdiscgolf.com/inbounds/0000457.webp,fugitive-supreme,dynamic-discs,midrange,very-overstable,#FFFFFF,#0082F4,,,,,,,,,,,,,,
363,Function,Discmania,Fairway Driver,17,8,6,-4,1,Very Understable,https://www.marshallstreetdiscgolf.com/?s=Function&post_type=product,https://s3.amazonaws.com/media.marshallstreetdiscgolf.com/inbounds/0000436.webp,function,discmania,control-driver,very-understable,#FFA813,#9A0C0C,176,21.2,1.8,1.1,17.4,1.9,5.2,31.75,8.98,,,,24-107,"May 20, 2024"
364,Fury,Latitude 64,Fairway Driver,17,9,6,-2,2,Very Understable,https://www.marshallstreetdiscgolf.com/?s=fury&post_type=product,https://s3.amazonaws.com/media.marshallstreetdiscgolf.com/inbounds/5020310.webp,fury,latitude-64,control-driver,very-understable,#FFFFFF,#F40909,176,21.2,1.8,1.1,17.4,1.9,5.2,36.75,9.98,,,,13-30,"Apr 19, 2013"
365,Fuse,Latitude 64,Midrange,18,5,6,-1,0,Understable,https://www.marshallstreetdiscgolf.com/?s=fuse&post_type=product,https://s3.amazonaws.com/media.marshallstreetdiscgolf.com/inbounds/8822502.webp,fuse,latitude-64,midrange,understable,#FFFFFF,#F40909,181.8,21.9,2.1,1.3,19.3,1.3,5.9,42.5,8.28,,,,10-04,"Apr 4, 2010"
366,G-One,Gateway,Distance Driver,15,12,6,-2,1,Understable,https://www.marshallstreetdiscgolf.com/?s=G-One&post_type=product,https://s3.amazonaws.com/media.marshallstreetdiscgolf.com/inbounds/0000346.webp,g-one,gateway,distance-driver,understable,#FFFFFF,#A66A17,,,,,,,,,,,,,,
367,Galleon,Infinite Discs,Fairway Driver,17,6,3,0,5,Very Overstable,https://www.marshallstreetdiscgolf.com/?s=galleon&post_type=product,https://s3.amazonaws.com/media.marshallstreetdiscgolf.com/inbounds/0000437.webp,galleon,infinite-discs,control-driver,very-overstable,#FFFFFF,#62054C,176,21.2,2,1.2,17.8,1.7,5.7,39.5,11.02,,,,23-138,"May 15, 2023"
368,Gatekeeper,Westside Discs,Midrange,18,4,5,0,2,Overstable,https://www.marshallstreetdiscgolf.com/?cat_ids%5B%5D=975&post_type=product&s=gatekeeper&variation_toggle=1,https://s3.amazonaws.com/media.marshallstreetdiscgolf.com/inbounds/1010334.webp,gatekeeper,westside-discs,midrange,overstable,#FFFFFF,#014E13,,,,,,,,,,,,,,
369,Gator,Innova,Midrange,18,5,2,0,3,Very Overstable,https://www.marshallstreetdiscgolf.com/?s=gator&post_type=product,https://s3.amazonaws.com/media.marshallstreetdiscgolf.com/inbounds/8367344.webp,gator,innova,midrange,very-overstable,#2A290E,#F3EB09,,,,,,,,,,,,,,
370,Gator3,Innova,Midrange,18,5,2,0,3,Very Overstable,https://www.marshallstreetdiscgolf.com/?s=gator3&post_type=product,https://s3.amazonaws.com/media.marshallstreetdiscgolf.com/inbounds/3367344.webp,gator3,innova,midrange,very-overstable,#2A290E,#F3EB09,,,,,,,,,,,,,,
371,Gauge,Legacy,Midrange,18,5,5,0,1,Stable,https://www.marshallstreetdiscgolf.com/?s=gauge&post_type=product,https://s3.amazonaws.com/media.marshallstreetdiscgolf.com/inbounds/0310313.webp,gauge,legacy,midrange,stable,#3831F0,#E43DD9,,,,,,,,,,,,,,
372,Gazelle,Innova,Fairway Driver,17,6,4,0,2,Stable,https://www.marshallstreetdiscgolf.com/?s=gazelle&post_type=product,https://s3.amazonaws.com/media.marshallstreetdiscgolf.com/inbounds/4493143.webp,gazelle,innova,control-driver,stable,#2A290E,#F3EB09,,,,,,,,,,,,,,
373,Gecko,Elevation Disc Golf,Fairway Driver,17,9,4,0,3.5,Very Overstable,https://www.marshallstreetdiscgolf.com/?s=Gecko&post_type=product,https://s3.amazonaws.com/media.marshallstreetdiscgolf.com/inbounds/0000322.webp,gecko,elevation-disc-golf,control-driver,very-overstable,#FFFFFF,#6A431D,175.1,21.1,1.5,1.1,17.5,1.8,5.2,33.5,1.59,,,,23-17,"Jan 16, 2023"
374,General,Dynamic Discs,Distance Driver,15,12,4,0,4,Very Overstable,https://www.marshallstreetdiscgolf.com/?s=General&post_type=product,https://s3.amazonaws.com/media.marshallstreetdiscgolf.com/inbounds/0000432.webp,general,dynamic-discs,distance-driver,very-overstable,#FFFFFF,#0082F4,175.1,21.1,1.8,1.1,16.7,2.2,5.2,29,12.16,,,,24-13,"Feb 5, 2024"
375,Genius,Discmania,Fairway Driver,17,7,5,-4,1,Very Understable,https://www.marshallstreetdiscgolf.com/?s=Genius&post_type=product,https://s3.amazonaws.com/media.marshallstreetdiscgolf.com/inbounds/0000033.webp,genius,discmania,control-driver,very-understable,#FFA813,#9A0C0C,,,,,,,,,,,,,,
376,Getaway,Dynamic Discs,Control Driver,16,9,5,-0.5,3,Overstable,https://www.marshallstreetdiscgolf.com/?s=getaway&post_type=product,https://s3.amazonaws.com/media.marshallstreetdiscgolf.com/inbounds/0405799.webp,getaway,dynamic-discs,hybrid-driver,overstable,#FFFFFF,#0082F4,175.1,21.1,1.8,1.1,17.1,2,5.2,28.75,11,,,,17-122,"Dec 4, 2017"
377,Ghost,Legacy,Midrange,18,4,5,0,3,Overstable,https://www.marshallstreetdiscgolf.com/?s=ghost&post_type=product,https://s3.amazonaws.com/media.marshallstreetdiscgolf.com/inbounds/8109139.webp,ghost,legacy,midrange,overstable,#3831F0,#E43DD9,,,,,,,,,,,,,,
378,Giant,Westside Discs,Distance Driver,15,13,4,0,3.5,Overstable,https://www.marshallstreetdiscgolf.com/?s=giant&post_type=product,https://s3.amazonaws.com/media.marshallstreetdiscgolf.com/inbounds/8363222.webp,giant,westside-discs,distance-driver,overstable,#FFFFFF,#014E13,,,,,,,,,,,,,,
379,Ginger,Clash Discs,Fairway Driver,17,9,4,0,2,Overstable,https://www.marshallstreetdiscgolf.com/?s=Ginger&post_type=product,https://s3.amazonaws.com/media.marshallstreetdiscgolf.com/inbounds/0000214.webp,ginger,clash-discs,control-driver,overstable,#FF93E9,#2516FF,177.6,21.4,1.7,1.3,17.6,1.9,6.1,26.5,11.48,,,,22-1,"Jan 10, 2022"
380,Glacier,Discmania,Midrange,18,5,5,0,2,Overstable,https://www.marshallstreetdiscgolf.com/?s=glacier&post_type=product,https://s3.amazonaws.com/media.marshallstreetdiscgolf.com/inbounds/0000523.webp,glacier,discmania,midrange,overstable,#FFA813,#9A0C0C,180.1,21.7,1.8,1.3,18.9,1.4,6,37.25,11.25,,,,25-15,"Jan 23, 2025"
381,Gladiator,Latitude 64,Distance Driver,15,13,5,0,3.5,Overstable,https://www.marshallstreetdiscgolf.com/?s=gladiator&post_type=product,https://s3.amazonaws.com/media.marshallstreetdiscgolf.com/inbounds/6959153.webp,gladiator,latitude-64,distance-driver,overstable,#FFFFFF,#F40909,175.1,21.1,1.7,1.1,16.5,2.3,5.2,28.5,12.02,,,,16-77,"Dec 7, 2016"
382,Glide,Discraft,Midrange,18,6,5,-3,2,Understable,https://www.marshallstreetdiscgolf.com/product-category/manufacturers/discraft,https://s3.amazonaws.com/media.marshallstreetdiscgolf.com/inbounds/6995153.webp,glide,discraft,midrange,understable,#FF3737,#000000,,,,,,,,,,,,,,
383,Glitch,MVP,Putter,19,1,7,0,0,Stable,https://www.marshallstreetdiscgolf.com/?s=glitch&post_type=product,https://s3.amazonaws.com/media.marshallstreetdiscgolf.com/inbounds/0000264.webp,glitch,mvp,putter,stable,#000000,#9BF2FF,,,,,,,,,,,,,,
384,Glory,Latitude 64,Fairway Driver,17,7,5,0,3,Overstable,https://www.marshallstreetdiscgolf.com/?s=glory&post_type=product,https://s3.amazonaws.com/media.marshallstreetdiscgolf.com/inbounds/0000255.webp,glory,latitude-64,control-driver,overstable,#FFFFFF,#F40909,,,,,,,,,,,,,,
385,Glyph,Infinite Discs,Putter,19,1,5,0,1,Stable,https://www.marshallstreetdiscgolf.com/?s=glyph&post_type=product,https://s3.amazonaws.com/media.marshallstreetdiscgolf.com/inbounds/0000448.webp,glyph,infinite-discs,putter,stable,#FFFFFF,#62054C,176,21.2,1.9,1.5,19.7,0.7,7.1,90.25,4.43,,,,24-74,"Apr 15, 2024"
386,Gnome,Sacred Discs,Putter,19,2,3,0,1,Stable,https://www.marshallstreetdiscgolf.com/?s=gnome&post_type=product,https://s3.amazonaws.com/media.marshallstreetdiscgolf.com/inbounds/0000364.webp,gnome,sacred-discs,putter,stable,#0E1774,#B4CDFF,176,21.2,1.9,1.4,19.2,1,6.6,53.25,5.11,,,,23-141,"May 15, 2023"
387,Goat,Mint Discs,Distance Driver,15,12,4,-1,3,Stable,https://www.marshallstreetdiscgolf.com/?s=Goat&post_type=product,https://s3.amazonaws.com/media.marshallstreetdiscgolf.com/inbounds/0000167.webp,goat,mint-discs,distance-driver,stable,#FFFFFF,#F4933E,,,,,,,,,,,,,,
388,Goat (Eternal),Mint Discs,Distance Driver,15,12,4,0,4,Overstable,https://www.marshallstreetdiscgolf.com/?s=Goat&post_type=product,https://s3.amazonaws.com/media.marshallstreetdiscgolf.com/inbounds/0000167.webp,goat-eternal,mint-discs,distance-driver,overstable,#FFFFFF,#F4933E,,,,,,,,,,,,,,
389,Golem,Other,Putter,19,4,3,0,2.5,Very Overstable,https://www.marshallstreetdiscgolf.com/product/golem-stayput,https://s3.amazonaws.com/media.marshallstreetdiscgolf.com/inbounds/0000153.webp,golem,other,putter,very-overstable,#000000,#E5FFAA,,,,,,,,,,,,,,
390,Gorgon,Innova,Control Driver,16,10,6,-2,1,Understable,https://www.marshallstreetdiscgolf.com/?s=gorgon&post_type=product,https://s3.amazonaws.com/media.marshallstreetdiscgolf.com/inbounds/0000441.webp,gorgon,innova,hybrid-driver,understable,#2A290E,#F3EB09,,,,,,,,,,,,,,
391,Gorgon (GStar),Innova,Control Driver,16,10,6,-3,1,Understable,https://www.marshallstreetdiscgolf.com/?s=gorgon&post_type=product,https://s3.amazonaws.com/media.marshallstreetdiscgolf.com/inbounds/0000441.webp,gorgon-gstar,innova,hybrid-driver,understable,#2A290E,#F3EB09,,,,,,,,,,,,,,
392,Gote,Kastaplast,Midrange,18,4,5,0,1,Stable,https://www.marshallstreetdiscgolf.com/?s=Gote&post_type=product,https://s3.amazonaws.com/media.marshallstreetdiscgolf.com/inbounds/0000014.webp,gote,kastaplast,midrange,stable,#000000,#21F1B9,,,,,,,,,,,,,,
393,Gou,Yikun,Fairway Driver,17,8,5,-3.5,1,Very Understable,https://www.marshallstreetdiscgolf.com/?s=gou&post_type=product,https://s3.amazonaws.com/media.marshallstreetdiscgolf.com/inbounds/0165753.webp,gou,yikun,control-driver,very-understable,#006A6E,#FF6F8C,,,,,,,,,,,,,,
394,Grace,Latitude 64,Control Driver,16,11,6,-1,2,Stable,https://www.marshallstreetdiscgolf.com/?s=grace&post_type=product,https://s3.amazonaws.com/media.marshallstreetdiscgolf.com/inbounds/0000100.webp,grace,latitude-64,hybrid-driver,stable,#FFFFFF,#F40909,,,,,,,,,,,,,,
395,Grackle,Mint Discs,Fairway Driver,17,7,5,-1,2,Stable,https://www.marshallstreetdiscgolf.com/?s=Grackle&post_type=product,https://s3.amazonaws.com/media.marshallstreetdiscgolf.com/inbounds/0000260.webp,grackle,mint-discs,control-driver,stable,#FFFFFF,#F4933E,176.8,21.3,1.6,1.2,17.5,1.9,5.6,33.75,9.55,,,,21-44,"Apr 5, 2021"
396,Grizzly,Daredevil Discs,Midrange,18,4,4,0,2,Overstable,https://www.marshallstreetdiscgolf.com/product/grizzly,https://s3.amazonaws.com/media.marshallstreetdiscgolf.com/inbounds/0865915.webp,grizzly,daredevil-discs,midrange,overstable,#FFFFFF,#515151,181.8,21.9,2,1.3,19.3,1.3,5.9,42.25,6.92,,,,07-31,"Jun 12, 2007"
397,Groove,Innova,Distance Driver,15,13,6,-2,2,Overstable,https://www.marshallstreetdiscgolf.com/?s=groove&post_type=product,https://s3.amazonaws.com/media.marshallstreetdiscgolf.com/inbounds/9756547.webp,groove,innova,distance-driver,overstable,#2A290E,#F3EB09,,,,,,,,,,,,,,
398,Growler,Lone Star Discs,Distance Driver,15,12,6,-3,2,Understable,https://www.marshallstreetdiscgolf.com/?s=Growler&post_type=product,https://s3.amazonaws.com/media.marshallstreetdiscgolf.com/inbounds/0000391.webp,growler,lone-star-discs,distance-driver,understable,#FFA5EA,#6B834B,,,,,,,,,,,,,,
399,Grym (OOP),Kastaplast,Distance Driver,15,13,5,-2,2,Overstable,https://www.marshallstreetdiscgolf.com/?s=Grym&post_type=product,https://s3.amazonaws.com/media.marshallstreetdiscgolf.com/inbounds/9756546.webp,grym-oop,kastaplast,distance-driver,overstable,#000000,#21F1B9,,,,,,,,,,,,,,
400,Grym X (OOP),Kastaplast,Distance Driver,15,12,5,-1,3,Overstable,https://www.marshallstreetdiscgolf.com/?s=grym+x&post_type=product,https://s3.amazonaws.com/media.marshallstreetdiscgolf.com/inbounds/9756549.webp,grym-x-oop,kastaplast,distance-driver,overstable,#000000,#21F1B9,,,,,,,,,,,,,,
401,Guadalupe,Lone Star Discs,Fairway Driver,17,7,6,-2,2,Understable,https://www.marshallstreetdiscgolf.com/?s=guadalupe&post_type=product,https://s3.amazonaws.com/media.marshallstreetdiscgolf.com/inbounds/0000193.webp,guadalupe,lone-star-discs,control-driver,understable,#FFA5EA,#6B834B,,,,,,,,,,,,,,
402,Guard,Dynamic Discs,Putter,19,2,5,0,0.5,Stable,https://www.marshallstreetdiscgolf.com/?s=guard&post_type=product,https://s3.amazonaws.com/media.marshallstreetdiscgolf.com/inbounds/1010995.webp,guard,dynamic-discs,putter,stable,#FFFFFF,#0082F4,174.3,21,2.1,1.6,19.1,0.9,7.6,90,7.84,,,,18-76,"Nov 4, 2018"
403,Guava,Clash Discs,Midrange,18,5,5,0,2,Overstable,https://www.marshallstreetdiscgolf.com/?s=guava&post_type=product,https://s3.amazonaws.com/media.marshallstreetdiscgolf.com/inbounds/0000466.webp,guava,clash-discs,midrange,overstable,#FF93E9,#2516FF,177.6,21.4,1.9,1.4,18.7,1.4,6.5,43.5,7.39,,,,23-193,"Jul 24, 2023"
404,Gui,Yikun,Putter,19,2,3,0,2,Overstable,https://www.marshallstreetdiscgolf.com/?s=gui&post_type=product,https://s3.amazonaws.com/media.marshallstreetdiscgolf.com/inbounds/9756548.webp,gui,yikun,putter,overstable,#006A6E,#FF6F8C,,,,,,,,,,,,,,
405,Guld,Kastaplast,Distance Driver,15,13,5,-0.5,3,Overstable,https://www.marshallstreetdiscgolf.com/?s=Guld&post_type=product,https://s3.amazonaws.com/media.marshallstreetdiscgolf.com/inbounds/0000243.webp,guld,kastaplast,distance-driver,overstable,#000000,#21F1B9,175.1,21.1,1.8,1.2,16.5,2.3,5.7,28.75,9.89,,,,22-89,"May 16, 2022"
406,Gumbputt,DGA,Putter,19,2,2,0,2,Overstable,https://www.marshallstreetdiscgolf.com/?s=gumbputt&post_type=product,https://s3.amazonaws.com/media.marshallstreetdiscgolf.com/inbounds/9772244.webp,gumbputt,dga,putter,overstable,#2876FF,#272727,,,,,,,,,,,,,,
407,H1 (V2),Prodigy,Control Driver,16,10,4,0,3,Overstable,https://www.marshallstreetdiscgolf.com/product/prodigy-h1-v2-400,https://s3.amazonaws.com/media.marshallstreetdiscgolf.com/inbounds/7797971.webp,h1-v2,prodigy,hybrid-driver,overstable,#000000,#10A259,,,,,,,,,,,,,,
408,H2 (V2),Prodigy,Control Driver,16,10,4,-1,3,Overstable,https://www.marshallstreetdiscgolf.com/?s=h2&post_type=product,https://s3.amazonaws.com/media.marshallstreetdiscgolf.com/inbounds/7797970.webp,h2-v2,prodigy,hybrid-driver,overstable,#000000,#10A259,,,,,,,,,,,,,,
409,H3 (V2),Prodigy,Control Driver,16,10,5,-1,1,Stable,https://www.marshallstreetdiscgolf.com/?s=h3+v2&post_type=product,https://s3.amazonaws.com/media.marshallstreetdiscgolf.com/inbounds/7797973.webp,h3-v2,prodigy,hybrid-driver,stable,#000000,#10A259,,,,,,,,,,,,,,
410,H4 (V2),Prodigy,Control Driver,16,10,5,-2,1,Understable,https://www.marshallstreetdiscgolf.com/?s=h4+v2&post_type=product,https://s3.amazonaws.com/media.marshallstreetdiscgolf.com/inbounds/0000217.webp,h4-v2,prodigy,hybrid-driver,understable,#000000,#10A259,,,,,,,,,,,,,,
411,H5,Prodigy,Control Driver,16,10,5,-3,1,Understable,https://www.marshallstreetdiscgolf.com/?s=h5&post_type=product,https://s3.amazonaws.com/media.marshallstreetdiscgolf.com/inbounds/L7997975.webp,h5,prodigy,hybrid-driver,understable,#000000,#10A259,,,,,,,,,,,,,,
412,H7,Prodigy,Control Driver,16,10,5,-4,1,Very Understable,https://www.marshallstreetdiscgolf.com/?s=h7&post_type=product,https://s3.amazonaws.com/media.marshallstreetdiscgolf.com/inbounds/0000245.webp,h7,prodigy,hybrid-driver,very-understable,#000000,#10A259,,,,,,,,,,,,,,
413,Hades,Discraft,Distance Driver,15,12,6,-3,2,Understable,https://www.marshallstreetdiscgolf.com/?s=hades&post_type=product,https://s3.amazonaws.com/media.marshallstreetdiscgolf.com/inbounds/0000009.webp,hades,discraft,distance-driver,understable,#FF3737,#000000,174.3,21,1.6,1.1,16.5,2.3,5.2,30,11.93,,,,20-20,"Mar 5, 2020"
414,Hallux,Discraft,Control Driver,16,10,5,0,3,Overstable,,,hallux,discraft,hybrid-driver,overstable,#FF3737,#000000,,,,,,,,,,,,,,
415,Halo,Latitude 64,Distance Driver,15,13,5,-0.5,3,Stable,https://www.marshallstreetdiscgolf.com/?s=halo&post_type=product,https://s3.amazonaws.com/media.marshallstreetdiscgolf.com/inbounds/0070453.webp,halo,latitude-64,distance-driver,stable,#FFFFFF,#F40909,176,21.2,1.4,1.1,16.3,2.4,5.2,26.25,11.11,,,,09-30,"Dec 3, 2009"
416,Hammer,Yikun,Approach Discs,20,2,2.5,0,3,Overstable,https://www.marshallstreetdiscgolf.com/?s=hammer&post_type=product,https://s3.amazonaws.com/media.marshallstreetdiscgolf.com/inbounds/4211127.webp,hammer,yikun,approach-discs,overstable,#006A6E,#FF6F8C,,,,,,,,,,,,,,
417,Harp,Westside Discs,Midrange,18,4,3,0,3,Very Overstable,https://www.marshallstreetdiscgolf.com/?s=harp&post_type=product,https://s3.amazonaws.com/media.marshallstreetdiscgolf.com/inbounds/1110113.webp,harp,westside-discs,midrange,very-overstable,#FFFFFF,#014E13,,,,,,,,,,,,,,
418,Harpoon,Lone Star Discs,Approach Discs,20,4,3,0,2,Overstable,https://www.marshallstreetdiscgolf.com/?s=harpoon&post_type=product,https://s3.amazonaws.com/media.marshallstreetdiscgolf.com/inbounds/0000301.webp,harpoon,lone-star-discs,approach-discs,overstable,#FFA5EA,#6B834B,,,,,,,,,,,,,,
419,Harrier,Lone Star Discs,Distance Driver,15,12,6,-3,2,Very Understable,https://www.marshallstreetdiscgolf.com/?s=Harrier&post_type=product,https://s3.amazonaws.com/media.marshallstreetdiscgolf.com/inbounds/0000367.webp,harrier,lone-star-discs,distance-driver,very-understable,#FFA5EA,#6B834B,,,,,,,,,,,,,,
420,Hatchet,Westside Discs,Fairway Driver,17,9,6,-2,1,Understable,https://www.marshallstreetdiscgolf.com/?s=hatchet&post_type=product,https://s3.amazonaws.com/media.marshallstreetdiscgolf.com/inbounds/1110114.webp,hatchet,westside-discs,control-driver,understable,#FFFFFF,#014E13,,,,,,,,,,,,,,
421,Havoc,Latitude 64,Distance Driver,15,13,5,-1,3,Stable,https://www.marshallstreetdiscgolf.com/?s=havoc&post_type=product,https://s3.amazonaws.com/media.marshallstreetdiscgolf.com/inbounds/5576048.webp,havoc,latitude-64,distance-driver,stable,#FFFFFF,#F40909,175.1,21.1,1.7,1.1,16.6,2.3,5.2,28,12.02,,,,11-02,"Jan 10, 2011"
422,Hawg,Innova,Approach Discs,20,2,1,0,3.5,Very Overstable,https://www.marshallstreetdiscgolf.com/?s=hawg&post_type=product,https://s3.amazonaws.com/media.marshallstreetdiscgolf.com/inbounds/8285048.webp,hawg,innova,approach-discs,very-overstable,#2A290E,#F3EB09,,,,,,,,,,,,,,
423,Hawk,Discraft,Midrange,18,4,3,-2,2,Understable,https://www.marshallstreetdiscgolf.com/?s=hawk&post_type=product,https://s3.amazonaws.com/media.marshallstreetdiscgolf.com/inbounds/8285049.webp,hawk,discraft,midrange,understable,#FF3737,#000000,,,,,,,,,,,,,,
424,Hawkeye,Innova,Fairway Driver,17,7,5,-1,1,Understable,https://www.marshallstreetdiscgolf.com/?s=hawkeye&post_type=product,https://s3.amazonaws.com/media.marshallstreetdiscgolf.com/inbounds/0000149.webp,hawkeye,innova,control-driver,understable,#2A290E,#F3EB09,,,,,,,,,,,,,,
425,Heat,Discraft,Fairway Driver,17,9,6,-3,1,Very Understable,https://www.marshallstreetdiscgolf.com/?s=heat&post_type=product,https://s3.amazonaws.com/media.marshallstreetdiscgolf.com/inbounds/6451075.webp,heat,discraft,control-driver,very-understable,#FF3737,#000000,,,,,,,,,,,,,,
426,Heist,Dynamic Discs,Distance Driver,15,12,5,-1.5,2,Stable,https://www.marshallstreetdiscgolf.com/?s=heist&post_type=product,https://s3.amazonaws.com/media.marshallstreetdiscgolf.com/inbounds/0000510.webp,heist,dynamic-discs,distance-driver,stable,#FFFFFF,#0082F4,175.1,21.1,1.7,1.1,16.7,2.2,5.2,28.75,9.89,,,,25-63,"Apr 21, 2025"
427,Helio Vela,Millennium,Fairway Driver,17,7,4,-0.5,3,Overstable,https://www.marshallstreetdiscgolf.com/?s=Helio+Vela&post_type=product,https://s3.amazonaws.com/media.marshallstreetdiscgolf.com/inbounds/0000340.webp,helio-vela,millennium,control-driver,overstable,#000000,#FF0974,,,,,,,,,,,,,,
428,Hellbender,Daredevil Discs,Approach Discs,20,4,4,0,2,Overstable,https://www.marshallstreetdiscgolf.com/?s=Hellbender&post_type=product,https://s3.amazonaws.com/media.marshallstreetdiscgolf.com/inbounds/0000309.webp,hellbender,daredevil-discs,approach-discs,overstable,#FFFFFF,#515151,176,21.2,1.7,1.3,19,1.1,6.1,60.5,8.52,,,,22-124,"Jul 11, 2022"
429,Hellbender (Razorback),Daredevil Discs,Approach Discs,20,4,3,0,3,Overstable,https://www.marshallstreetdiscgolf.com/?s=Hellbender&post_type=product,https://s3.amazonaws.com/media.marshallstreetdiscgolf.com/inbounds/0000310.webp,hellbender-razorback,daredevil-discs,approach-discs,overstable,#FFFFFF,#515151,,,,,,,,,,,,,,
430,Hellfire,DGA,Fairway Driver,17,10,3,0,5,Very Overstable,https://www.marshallstreetdiscgolf.com/?s=hellfire&post_type=product,https://s3.amazonaws.com/media.marshallstreetdiscgolf.com/inbounds/8221371.webp,hellfire,dga,control-driver,very-overstable,#2876FF,#272727,,,,,,,,,,,,,,
431,Hex,Axiom Discs,Midrange,18,5,5,-1,1,Stable,https://www.marshallstreetdiscgolf.com/?s=Hex&post_type=product,https://s3.amazonaws.com/media.marshallstreetdiscgolf.com/inbounds/0000406.webp,hex,axiom-discs,midrange,stable,#000000,#FF9595,177.6,21.4,1.6,1.3,18.5,1.4,6.1,45,11.59,,,,21-20,"Feb 22, 2021"
432,Honor,Latitude 64,Fairway Driver,17,9,5,0,2.5,Stable,https://www.marshallstreetdiscgolf.com/?s=Honor&post_type=product,https://s3.amazonaws.com/media.marshallstreetdiscgolf.com/inbounds/0000325.webp,honor,latitude-64,control-driver,stable,#FFFFFF,#F40909,176,21.2,1.8,1.1,17.4,1.9,5.2,31.75,10.23,,,,22-223,"Dec 12, 2022"
433,Hope,Latitude 64,Putter,19,2,3,0,1,Stable,https://www.marshallstreetdiscgolf.com/?s=hope&post_type=product,https://s3.amazonaws.com/media.marshallstreetdiscgolf.com/inbounds/0000170.webp,hope,latitude-64,putter,stable,#FFFFFF,#F40909,,,,,,,,,,,,,,
434,Hornet,Discraft,Midrange,18,5,5,0,4,Very Overstable,https://www.marshallstreetdiscgolf.com/?fade=4&fade_end=4&post_type=product&s=hornet&variation_toggle=1,https://s3.amazonaws.com/media.marshallstreetdiscgolf.com/inbounds/2932834.webp,hornet,discraft,midrange,very-overstable,#FF3737,#000000,,,,,,,,,,,,,,
435,Horny Toad,Lone Star Discs,Approach Discs,20,4,3,0,3,Very Overstable,https://www.marshallstreetdiscgolf.com/?s=Horny+Toad&post_type=product,https://s3.amazonaws.com/media.marshallstreetdiscgolf.com/inbounds/0000390.webp,horny-toad,lone-star-discs,approach-discs,very-overstable,#FFA5EA,#6B834B,,,,,,,,,,,,,,
436,Houdini,Gateway,Putter,19,3,3,0,3,Overstable,https://www.marshallstreetdiscgolf.com/?s=Houdini&post_type=product,https://s3.amazonaws.com/media.marshallstreetdiscgolf.com/inbounds/0000324.webp,houdini,gateway,putter,overstable,#FFFFFF,#A66A17,,,,,,,,,,,,,,
437,Houston,Lone Star Discs,Midrange,18,5,5,0,2,Overstable,https://www.marshallstreetdiscgolf.com/?s=houston&post_type=product,https://s3.amazonaws.com/media.marshallstreetdiscgolf.com/inbounds/0000444.webp,houston,lone-star-discs,midrange,overstable,#FFA5EA,#6B834B,,,,,,,,,,,,,,
438,Hu,Yikun,Fairway Driver,17,9,5,-2,2,Understable,https://www.marshallstreetdiscgolf.com/?s=hu&post_type=product,https://s3.amazonaws.com/media.marshallstreetdiscgolf.com/inbounds/0583901.webp,hu,yikun,control-driver,understable,#006A6E,#FF6F8C,,,,,,,,,,,,,,
439,Huia,RPM,Fairway Driver,17,7,5,0,2,Overstable,https://www.marshallstreetdiscgolf.com/?s=Huia&post_type=product,https://s3.amazonaws.com/media.marshallstreetdiscgolf.com/inbounds/1010230.webp,huia,rpm,control-driver,overstable,#1FBE25,#434343,,,,,,,,,,,,,,
440,Hunter,Legacy,Putter,19,2,3.5,0,0,Stable,https://www.marshallstreetdiscgolf.com/?s=hunter&post_type=product,https://s3.amazonaws.com/media.marshallstreetdiscgolf.com/inbounds/0583900.webp,hunter,legacy,putter,stable,#3831F0,#E43DD9,,,,,,,,,,,,,,
441,Hurricane,DGA,Distance Driver,15,12,5,-1,3,Overstable,https://www.marshallstreetdiscgolf.com/?s=hurricane&post_type=product,https://s3.amazonaws.com/media.marshallstreetdiscgolf.com/inbounds/0583902.webp,hurricane,dga,distance-driver,overstable,#2876FF,#272727,,,,,,,,,,,,,,
442,Hybrid,Gateway,Fairway Driver,17,7,5,0,3,Overstable,https://www.marshallstreetdiscgolf.com/product/hyper-diamond-hybrid,https://s3.amazonaws.com/media.marshallstreetdiscgolf.com/inbounds/5867073.webp,hybrid,gateway,control-driver,overstable,#FFFFFF,#A66A17,,,,,,,,,,,,,,
443,Hydra,Innova,Putter,19,3,3,0,2,Stable,https://www.marshallstreetdiscgolf.com/product/r-pro-hydra,https://s3.amazonaws.com/media.marshallstreetdiscgolf.com/inbounds/1501114.webp,hydra,innova,putter,stable,#2A290E,#F3EB09,,,,,,,,,,,,,,
444,Hydrogen,Løft Discs,Putter,19,1,2,0,0,Stable,https://www.marshallstreetdiscgolf.com/?s=hydrogen&post_type=product,https://s3.amazonaws.com/media.marshallstreetdiscgolf.com/inbounds/0000132.webp,hydrogen,løft-discs,putter,stable,#000000,#9B90FF,176,21.2,2.1,1.5,19.7,0.7,7.1,72.25,8.75,,,,20-104,"Dec 31, 2020"
445,Hyena,Wild Discs,Fairway Driver,17,9,5,-2,2,Stable,https://www.marshallstreetdiscgolf.com/?s=Hyena&post_type=product,https://s3.amazonaws.com/media.marshallstreetdiscgolf.com/inbounds/0000275.webp,hyena,wild-discs,control-driver,stable,#D267A0,#373C0D,176.8,21.3,1.7,1.1,17.5,1.9,5.2,30.5,5.45,,,,22-121,"Jul 11, 2022"
446,Hypercane,DGA,Distance Driver,15,13,4,0,4,Very Overstable,https://www.marshallstreetdiscgolf.com/?s=Hypercane&post_type=product,https://s3.amazonaws.com/media.marshallstreetdiscgolf.com/inbounds/0000082.webp,hypercane,dga,distance-driver,very-overstable,#2876FF,#272727,,,,,,,,,,,,,,
447,I-One,Other,Midrange,18,5,5,0,0,Understable,https://www.marshallstreetdiscgolf.com/?s=I-One&post_type=product,https://s3.amazonaws.com/media.marshallstreetdiscgolf.com/inbounds/0000083.webp,i-one,other,midrange,understable,#000000,#E5FFAA,,,,,,,,,,,,,,
448,IT,Innova,Fairway Driver,17,7,6,-2,1,Understable,https://www.marshallstreetdiscgolf.com/?s=IT&post_type=product,https://s3.amazonaws.com/media.marshallstreetdiscgolf.com/inbounds/0000262.webp,it,innova,control-driver,understable,#2A290E,#F3EB09,,,,,,,,,,,,,,
449,Ibex,Vibram,Midrange,18,5,4,-1,1,Understable,https://www.marshallstreetdiscgolf.com/?s=ibex&post_type=product,https://s3.amazonaws.com/media.marshallstreetdiscgolf.com/inbounds/5957606.webp,ibex,vibram,midrange,understable,#FFDC2D,#9A7D2C,,,,,,,,,,,,,,
450,Ice Age,Doomsday Discs,Fairway Driver,17,7,4,0,3,Overstable,,,ice-age,doomsday-discs,control-driver,overstable,#B6FF8B,#144E48,178.5,21.5,1.8,1.2,17.8,1.8,5.6,32.25,6.93,,,,24-42,"Feb 26, 2024"
451,Idog,Kastaplast,Fairway Driver,17,7,5,-0.5,2,Stable,https://www.marshallstreetdiscgolf.com/?s=idog&post_type=product,https://s3.amazonaws.com/media.marshallstreetdiscgolf.com/inbounds/0000467.webp,idog,kastaplast,control-driver,stable,#000000,#21F1B9,176,21.2,1.8,1.1,17.6,1.8,5.2,32,8.18,,,,24-87,"Apr 22, 2024"
452,Idol,Mint Discs,Distance Driver,15,13,5,-1,3,Stable,,,idol,mint-discs,distance-driver,stable,#FFFFFF,#F4933E,175.1,21.1,1.7,1.2,16.5,2.3,5.7,26.5,8.86,,,,25-111,"Jul 14, 2025"
453,Illusion,Gateway,Distance Driver,15,12,5,-0.5,2.5,Stable,https://www.marshallstreetdiscgolf.com/?s=illusion&post_type=product,https://s3.amazonaws.com/media.marshallstreetdiscgolf.com/inbounds/1210901.webp,illusion,gateway,distance-driver,stable,#FFFFFF,#A66A17,,,,,,,,,,,,,,
454,Impa,Kastaplast,Distance Driver,15,11,6,-4,1,Very Understable,,,impa,kastaplast,distance-driver,very-understable,#000000,#21F1B9,,,,,,,,,,,,,,
455,Impact,Discraft,Midrange,18,5,5,-2,2,Stable,https://www.marshallstreetdiscgolf.com/?s=impact&post_type=product,https://s3.amazonaws.com/media.marshallstreetdiscgolf.com/inbounds/0470840.webp,impact,discraft,midrange,stable,#FF3737,#000000,,,,,,,,,,,,,,
456,Impulse,MVP,Fairway Driver,17,9,5,-3,1,Understable,https://www.marshallstreetdiscgolf.com/?s=impulse&post_type=product,https://s3.amazonaws.com/media.marshallstreetdiscgolf.com/inbounds/0470841.webp,impulse,mvp,control-driver,understable,#000000,#9BF2FF,,,,,,,,,,,,,,
457,Inca,Infinite Discs,Midrange,18,5,5,0,3,Overstable,https://www.marshallstreetdiscgolf.com/product/i-blend-inca,https://s3.amazonaws.com/media.marshallstreetdiscgolf.com/inbounds/0000058.webp,inca,infinite-discs,midrange,overstable,#FFFFFF,#62054C,180.1,21.7,1.9,1.4,19,1.3,6.5,36.25,9.09,,,,20-36,"May 14, 2020"
458,Inertia,MVP,Distance Driver,15,9,5,-2,2,Understable,https://www.marshallstreetdiscgolf.com/?s=inertia&post_type=product,https://s3.amazonaws.com/media.marshallstreetdiscgolf.com/inbounds/0000037.webp,inertia,mvp,distance-driver,understable,#000000,#9BF2FF,,,,,,,,,,,,,,
459,Inner Core,Trash Panda,Putter,19,2,4,-0.5,0,Stable,https://www.marshallstreetdiscgolf.com/?s=inner+core&post_type=product,https://s3.amazonaws.com/media.marshallstreetdiscgolf.com/inbounds/0000302.webp,inner-core,trash-panda,putter,stable,#FFFFFF,#000000,,,,,,,,,,,,,,
460,Insanity,Axiom Discs,Fairway Driver,17,9,5,-2,1.5,Understable,https://www.marshallstreetdiscgolf.com/?s=insanity&post_type=product,https://s3.amazonaws.com/media.marshallstreetdiscgolf.com/inbounds/0000038.webp,insanity,axiom-discs,control-driver,understable,#000000,#FF9595,175.1,21.1,1.4,1.1,17,2,5.2,27,8.28,,,,14-95,"Dec 19, 2014"
461,Instinct,Discmania,Fairway Driver,17,7,5,0,2,Stable,https://www.marshallstreetdiscgolf.com/product/evolution-neo-instinct,https://s3.amazonaws.com/media.marshallstreetdiscgolf.com/inbounds/1010203.webp,instinct,discmania,control-driver,stable,#FFA813,#9A0C0C,,,,,,,,,,,,,,
462,Interceptor,Elevation Disc Golf,Midrange,18,5,3,0,3,Overstable,https://www.marshallstreetdiscgolf.com/?s=Interceptor&post_type=product,https://s3.amazonaws.com/media.marshallstreetdiscgolf.com/inbounds/0000297.webp,interceptor,elevation-disc-golf,midrange,overstable,#FFFFFF,#6A431D,175.1,21.1,1.5,1.1,18.2,1.4,5.2,49.5,0.91,,,,20-99,"Dec 26, 2020"
463,Interval,Finish Line,Distance Driver,15,12,5,-1,2,Stable,https://www.marshallstreetdiscgolf.com/?s=Interval&post_type=product,https://s3.amazonaws.com/media.marshallstreetdiscgolf.com/inbounds/0000392.webp,interval,finish-line,distance-driver,stable,#1914FF,#FFA5F4,,,,,,,,,,,,,,
464,Invader,Innova,Putter,19,3,2,0,1,Stable,https://www.marshallstreetdiscgolf.com/?s=Invader&post_type=product,https://s3.amazonaws.com/media.marshallstreetdiscgolf.com/inbounds/0000024.webp,invader,innova,putter,stable,#2A290E,#F3EB09,,,,,,,,,,,,,,
465,Invictus,Innova,Control Driver,16,10,4,0,3,Very Overstable,https://www.marshallstreetdiscgolf.com/product/star-invictus,https://s3.amazonaws.com/media.marshallstreetdiscgolf.com/inbounds/0000006.webp,invictus,innova,hybrid-driver,very-overstable,#2A290E,#F3EB09,,,,,,,,,,,,,,
466,Ion,MVP,Putter,19,2.5,3,0,1.5,Stable,https://www.marshallstreetdiscgolf.com/?s=ion&post_type=product,https://s3.amazonaws.com/media.marshallstreetdiscgolf.com/inbounds/4316873.webp,ion,mvp,putter,stable,#000000,#9BF2FF,,,,,,,,,,,,,,
467,JK Pro Aviar-X,Innova,Putter,19,2,3,0,2,Overstable,https://www.marshallstreetdiscgolf.com/?s=jk+pro&post_type=product,https://s3.amazonaws.com/media.marshallstreetdiscgolf.com/inbounds/5573012.webp,jk-pro-aviar-x,innova,putter,overstable,#2A290E,#F3EB09,,,,,,,,,,,,,,
468,JLS,Millennium,Fairway Driver,17,7,5,-1,1,Understable,https://www.marshallstreetdiscgolf.com/?s=jls&post_type=product,https://s3.amazonaws.com/media.marshallstreetdiscgolf.com/inbounds/0663850.webp,jls,millennium,control-driver,understable,#000000,#FF0974,,,,,,,,,,,,,,
469,Jack Rabbit,Lone Star Discs,Putter,19,3,3,0,3,Overstable,https://www.marshallstreetdiscgolf.com/?s=jack+rabbit&post_type=product,https://s3.amazonaws.com/media.marshallstreetdiscgolf.com/inbounds/0000154.webp,jack-rabbit,lone-star-discs,putter,overstable,#FFA5EA,#6B834B,,,,,,,,,,,,,,
470,Jackalope,Mint Discs,Fairway Driver,17,8,5,-2,1,Understable,https://www.marshallstreetdiscgolf.com/?s=jackalope&post_type=product,https://s3.amazonaws.com/media.marshallstreetdiscgolf.com/inbounds/0000195.webp,jackalope,mint-discs,control-driver,understable,#FFFFFF,#F4933E,176,21.2,1.5,1.1,17.3,1.9,5.2,32.75,9.78,,,,21-10,"Jan 19, 2021"
471,Jade,Latitude 64,Fairway Driver,17,9,6,-2,1,Understable,https://www.marshallstreetdiscgolf.com/?s=jade&post_type=product,https://s3.amazonaws.com/media.marshallstreetdiscgolf.com/inbounds/1102014.webp,jade,latitude-64,control-driver,understable,#FFFFFF,#F40909,174.3,21,1.8,1.1,17.3,1.9,5.2,30,8.85,,,,13-80,"Dec 20, 2013"
472,Jarn,Kastaplast,Approach Discs,20,4.5,3,0,3,Very Overstable,https://www.marshallstreetdiscgolf.com/?s=jarn&post_type=product,https://s3.amazonaws.com/media.marshallstreetdiscgolf.com/inbounds/0000159.webp,jarn,kastaplast,approach-discs,very-overstable,#000000,#21F1B9,,,,,,,,,,,,,,
473,Jay,Innova,Midrange,18,5,4,0,1,Stable,https://www.marshallstreetdiscgolf.com/?s=Jay&post_type=product,https://s3.amazonaws.com/media.marshallstreetdiscgolf.com/inbounds/0000270.webp,jay,innova,midrange,stable,#2A290E,#F3EB09,,,,,,,,,,,,,,
474,Jet,Streamline,Control Driver,16,11,5,-3,2,Understable,https://www.marshallstreetdiscgolf.com/?s=Jet&post_type=product,https://s3.amazonaws.com/media.marshallstreetdiscgolf.com/inbounds/0000198.webp,jet,streamline,hybrid-driver,understable,#012219,#ACFFBA,,,,,,,,,,,,,,
475,Jiao,Yikun,Fairway Driver,17,6,5,-2,1.5,Understable,https://www.marshallstreetdiscgolf.com/?s=jiao&post_type=product,https://s3.amazonaws.com/media.marshallstreetdiscgolf.com/inbounds/1083795.webp,jiao,yikun,control-driver,understable,#006A6E,#FF6F8C,,,,,,,,,,,,,,
476,Jokeri,Prodiscus,Putter,19,3,3,1,2,Overstable,https://www.marshallstreetdiscgolf.com/product/basic-jokeri,https://s3.amazonaws.com/media.marshallstreetdiscgolf.com/inbounds/3194605.webp,jokeri,prodiscus,putter,overstable,#32E65C,#5435A9,176.8,21.3,1.8,1.5,19,1.1,7,54,6.92,,,,10-34,"Oct 27, 2010"
477,JokeriX,Prodiscus,Putter,19,3,3,1,2,Overstable,https://www.marshallstreetdiscgolf.com/?s=JokeriX&post_type=product,https://s3.amazonaws.com/media.marshallstreetdiscgolf.com/inbounds/0000394.webp,jokerix,prodiscus,putter,overstable,#32E65C,#5435A9,,,,,,,,,,,,,,
478,Journey,Gateway,Distance Driver,15,11.5,6,-2,1,Understable,https://www.marshallstreetdiscgolf.com/?cat_ids%5B%5D=232&post_type=product&s=journey&variation_toggle=1,https://s3.amazonaws.com/media.marshallstreetdiscgolf.com/inbounds/3394605.webp,journey,gateway,distance-driver,understable,#FFFFFF,#A66A17,,,,,,,,,,,,,,
479,Joy,Discraft,Midrange,18,4,5,-1,1,Stable,,,joy,discraft,midrange,stable,#FF3737,#000000,,,,,,,,,,,,,,
480,Judge,Dynamic Discs,Putter,19,2,4,0,1,Stable,https://www.marshallstreetdiscgolf.com/?s=judge&post_type=product,https://s3.amazonaws.com/media.marshallstreetdiscgolf.com/inbounds/1130003.webp,judge,dynamic-discs,putter,stable,#FFFFFF,#0082F4,176,21.2,2,1.5,18.9,1.1,7.1,58.25,4.2,,,,12-58,"Dec 7, 2012"
481,Juggernaut,Innova,Distance Driver,15,12,4,1,4,Very Overstable,https://www.marshallstreetdiscgolf.com/?s=Juggernaut&post_type=product,https://s3.amazonaws.com/media.marshallstreetdiscgolf.com/inbounds/0000315.webp,juggernaut,innova,distance-driver,very-overstable,#2A290E,#F3EB09,,,,,,,,,,,,,,
482,Jun,Yikun,Control Driver,16,11,5,-1,2,Understable,https://www.marshallstreetdiscgolf.com/?s=jun&post_type=product,https://s3.amazonaws.com/media.marshallstreetdiscgolf.com/inbounds/1111827.webp,jun,yikun,hybrid-driver,understable,#006A6E,#FF6F8C,,,,,,,,,,,,,,
483,Jury,Dynamic Discs,Putter,19,2,4,0,2,Overstable,https://www.marshallstreetdiscgolf.com/?s=jury&post_type=product,https://s3.amazonaws.com/media.marshallstreetdiscgolf.com/inbounds/0000438.webp,jury,dynamic-discs,putter,overstable,#FFFFFF,#0082F4,176,21.2,2,1.4,19,1.1,6.6,58.25,8.64,,,,24-17,"Feb 8, 2024"
484,Justice,Dynamic Discs,Midrange,18,5,1,0.5,4,Very Overstable,https://www.marshallstreetdiscgolf.com/?s=justice&post_type=product,https://s3.amazonaws.com/media.marshallstreetdiscgolf.com/inbounds/1111828.webp,justice,dynamic-discs,midrange,very-overstable,#FFFFFF,#0082F4,176.8,21.3,1.7,1.3,18.3,1.5,6.1,39.5,8.96,,,,15-33,"Mar 27, 2015"
485,KC Pro Aviar,Innova,Putter,19,2,3,0,2,Overstable,https://www.marshallstreetdiscgolf.com/?s=kc+pro+aviar&post_type=product,https://s3.amazonaws.com/media.marshallstreetdiscgolf.com/inbounds/2634977.webp,kc-pro-aviar,innova,putter,overstable,#2A290E,#F3EB09,,,,,,,,,,,,,,
486,KGB,Other,Midrange,18,5,5,-1,1,Stable,https://www.marshallstreetdiscgolf.com/product/kgb-2,https://s3.amazonaws.com/media.marshallstreetdiscgolf.com/inbounds/9240894.webp,kgb,other,midrange,stable,#000000,#E5FFAA,,,,,,,,,,,,,,
487,Kahu,RPM,Distance Driver,15,13,5,-1,2,Stable,https://www.marshallstreetdiscgolf.com/?s=kahu&post_type=product,https://s3.amazonaws.com/media.marshallstreetdiscgolf.com/inbounds/3252025.webp,kahu,rpm,distance-driver,stable,#1FBE25,#434343,,,,,,,,,,,,,,
488,Kahu OS,RPM,Distance Driver,15,13,4,0,4,Very Overstable,https://www.marshallstreetdiscgolf.com/?s=kahu+os&post_type=product,https://s3.amazonaws.com/media.marshallstreetdiscgolf.com/inbounds/0000000.webp,kahu-os,rpm,distance-driver,very-overstable,#1FBE25,#434343,,,,,,,,,,,,,,
489,Kahu XG,RPM,Distance Driver,15,13,5,-2.5,2,Stable,https://www.marshallstreetdiscgolf.com/?s=kahu+xg&post_type=product,https://s3.amazonaws.com/media.marshallstreetdiscgolf.com/inbounds/3252025.webp,kahu-xg,rpm,distance-driver,stable,#1FBE25,#434343,,,,,,,,,,,,,,
490,Kang,Yikun,Putter,19,3,5,-2,0,Very Understable,https://www.marshallstreetdiscgolf.com/?s=Kang&post_type=product,https://s3.amazonaws.com/media.marshallstreetdiscgolf.com/inbounds/0000229.webp,kang,yikun,putter,very-understable,#006A6E,#FF6F8C,,,,,,,,,,,,,,
491,Katana,Innova,Distance Driver,15,13,5,-3,3,Understable,https://www.marshallstreetdiscgolf.com/?s=katana&post_type=product,https://s3.amazonaws.com/media.marshallstreetdiscgolf.com/inbounds/8338610.webp,katana,innova,distance-driver,understable,#2A290E,#F3EB09,,,,,,,,,,,,,,
492,Kaxe (Old - OOP),Kastaplast,Midrange,18,6,4,0,3,Overstable,https://www.marshallstreetdiscgolf.com/?s=Kaxe&post_type=product,https://s3.amazonaws.com/media.marshallstreetdiscgolf.com/inbounds/8338611.webp,kaxe-old-oop,kastaplast,midrange,overstable,#000000,#21F1B9,,,,,,,,,,,,,,
493,Kaxe (Retooled),Kastaplast,Midrange,18,6,5,0,2,Overstable,https://www.marshallstreetdiscgolf.com/?s=Kaxe+retooled&post_type=product,https://s3.amazonaws.com/media.marshallstreetdiscgolf.com/inbounds/0000381.webp,kaxe-retooled,kastaplast,midrange,overstable,#000000,#21F1B9,,,,,,,,,,,,,,
494,Kaxe Z (OOP),Kastaplast,Midrange,18,6,5,0,2,Overstable,https://www.marshallstreetdiscgolf.com/?s=Kaxe+Z&post_type=product,https://s3.amazonaws.com/media.marshallstreetdiscgolf.com/inbounds/8338612.webp,kaxe-z-oop,kastaplast,midrange,overstable,#000000,#21F1B9,,,,,,,,,,,,,,
495,Kea,RPM,Midrange,18,4,3,0,3,Very Overstable,https://www.marshallstreetdiscgolf.com/?s=kea&post_type=product,https://s3.amazonaws.com/media.marshallstreetdiscgolf.com/inbounds/9240899.webp,kea,rpm,midrange,very-overstable,#1FBE25,#434343,,,,,,,,,,,,,,
496,Keystone,Latitude 64,Putter,19,2,5,-1,1,Stable,https://www.marshallstreetdiscgolf.com/?s=keystone&post_type=product,https://s3.amazonaws.com/media.marshallstreetdiscgolf.com/inbounds/1010303.webp,keystone,latitude-64,putter,stable,#FFFFFF,#F40909,175.1,21.1,1.9,1.5,19,1,7.1,75,7.94,,,,19-01,"Jan 22, 2019"
497,Khan,Innova,Putter,19,3,2,0,2,Overstable,https://www.marshallstreetdiscgolf.com/?s=Khan&post_type=product,https://s3.amazonaws.com/media.marshallstreetdiscgolf.com/inbounds/0000347.webp,khan,innova,putter,overstable,#2A290E,#F3EB09,,,,,,,,,,,,,,
498,Khonsu,Infinite Discs,Midrange,18,5,5,-3,0,Very Understable,https://www.marshallstreetdiscgolf.com/?s=Khonsu&post_type=product,https://s3.amazonaws.com/media.marshallstreetdiscgolf.com/inbounds/0000414.webp,khonsu,infinite-discs,midrange,very-understable,#FFFFFF,#62054C,180.9,21.8,1.7,1.2,18.9,1.4,5.5,38,10.11,,,,24-18,"Feb 8, 2024"
499,King,Westside Discs,Distance Driver,15,14,5,-1.5,3,Understable,https://www.marshallstreetdiscgolf.com/?s=King&post_type=product,https://s3.amazonaws.com/media.marshallstreetdiscgolf.com/inbounds/9240895.webp,king,westside-discs,distance-driver,understable,#FFFFFF,#014E13,,,,,,,,,,,,,,
500,Kiwi,RPM,Control Driver,16,10,4,0,4,Overstable,https://www.marshallstreetdiscgolf.com/?s=kiwi&post_type=product,https://s3.amazonaws.com/media.marshallstreetdiscgolf.com/inbounds/0000080.webp,kiwi,rpm,hybrid-driver,overstable,#1FBE25,#434343,,,,,,,,,,,,,,
501,Knife,Viking,Putter,19,2,3,0,2,Stable,https://www.marshallstreetdiscgolf.com/?s=knife&post_type=product,https://s3.amazonaws.com/media.marshallstreetdiscgolf.com/inbounds/9881008.webp,knife,viking,putter,stable,#000000,#04F40C,,,,,,,,,,,,,,
502,Knight,Latitude 64,Distance Driver,15,14,4,-1.5,3,Understable,https://www.marshallstreetdiscgolf.com/?s=knight&post_type=product,https://s3.amazonaws.com/media.marshallstreetdiscgolf.com/inbounds/9818008.webp,knight,latitude-64,distance-driver,understable,#FFFFFF,#F40909,175.1,21.1,1.6,1.1,16.2,2.5,5.2,28.25,10.89,,,,16-14,"Feb 25, 2016"
503,Koa,Above Ground Level,Putter,19,2,3,0,1,Stable,https://www.marshallstreetdiscgolf.com/?s=koa&post_type=product,https://s3.amazonaws.com/media.marshallstreetdiscgolf.com/inbounds/0000534.webp,koa,above-ground-level,putter,stable,#CFFF30,#000000,176,21.2,2,1.4,19.1,1,6.6,70,3.86,,,,25-68,"Apr 28, 2025"
504,Koi,Elevation Disc Golf,Putter,19,3,4,-2,0,Understable,https://www.marshallstreetdiscgolf.com/?s=Koi&post_type=product,https://s3.amazonaws.com/media.marshallstreetdiscgolf.com/inbounds/0000296.webp,koi,elevation-disc-golf,putter,understable,#FFFFFF,#6A431D,175.1,21.1,1.8,1.4,18.8,1.1,6.6,62.25,0.56,,,,21-49,"Apr 19, 2021"
505,Kon Tiki,Infinite Discs,Midrange,18,4,5,-3,0,Understable,https://www.marshallstreetdiscgolf.com/?s=Kon+Tiki&post_type=product,https://s3.amazonaws.com/media.marshallstreetdiscgolf.com/inbounds/0000137.webp,kon-tiki,infinite-discs,midrange,understable,#FFFFFF,#62054C,176,21.2,1.7,1.2,19,1.1,5.7,52.5,4.32,,,,21-50,"Apr 19, 2021"
506,Kotare,RPM,Distance Driver,15,12,5,0,3,Overstable,https://www.marshallstreetdiscgolf.com/?s=kotare&post_type=product,https://s3.amazonaws.com/media.marshallstreetdiscgolf.com/inbounds/0000005.webp,kotare,rpm,distance-driver,overstable,#1FBE25,#434343,,,,,,,,,,,,,,
507,Kotuku,RPM,Midrange,18,5,5,0,2,Overstable,https://www.marshallstreetdiscgolf.com/?s=Kotuku&post_type=product,https://s3.amazonaws.com/media.marshallstreetdiscgolf.com/inbounds/0000048.webp,kotuku,rpm,midrange,overstable,#1FBE25,#434343,,,,,,,,,,,,,,
508,Krait,Innova,Control Driver,16,11,5,-1,2,Stable,https://www.marshallstreetdiscgolf.com/?s=krait&post_type=product,https://s3.amazonaws.com/media.marshallstreetdiscgolf.com/inbounds/9818009.webp,krait,innova,hybrid-driver,stable,#2A290E,#F3EB09,,,,,,,,,,,,,,
509,Kraken,Other,Fairway Driver,17,7,5,-2,1,Understable,https://www.marshallstreetdiscgolf.com/?s=kraken&post_type=product,https://s3.amazonaws.com/media.marshallstreetdiscgolf.com/inbounds/0000072.webp,kraken,other,control-driver,understable,#000000,#E5FFAA,,,,,,,,,,,,,,
510,Kratos,Discraft,Putter,19,3,3,0,3,Overstable,https://www.marshallstreetdiscgolf.com/?s=Kratos&post_type=product,https://s3.amazonaws.com/media.marshallstreetdiscgolf.com/inbounds/0000412.webp,kratos,discraft,putter,overstable,#FF3737,#000000,175.1,21.1,2,1.4,18.9,1.1,6.6,59.75,11.14,,,,23-279,"Dec 26, 2023"
511,Krut,Kastaplast,Distance Driver,15,12,4,0,4,Very Overstable,https://www.marshallstreetdiscgolf.com/?s=Krut&post_type=product,https://s3.amazonaws.com/media.marshallstreetdiscgolf.com/inbounds/0000339.webp,krut,kastaplast,distance-driver,very-overstable,#000000,#21F1B9,176,21.2,1.7,1.1,16.8,2.2,5.2,30.25,8.98,,,,23-76,"Mar 20, 2023"
512,Kui,Yikun,Midrange,18,5,5,0,2.5,Overstable,https://www.marshallstreetdiscgolf.com/?s=kui&post_type=product,https://s3.amazonaws.com/media.marshallstreetdiscgolf.com/inbounds/3647455.webp,kui,yikun,midrange,overstable,#006A6E,#FF6F8C,,,,,,,,,,,,,,
513,Lace,Vibram,Distance Driver,15,14,6,-1,1,Stable,https://www.marshallstreetdiscgolf.com/?s=Lace&post_type=product,https://s3.amazonaws.com/media.marshallstreetdiscgolf.com/inbounds/4217523.webp,lace,vibram,distance-driver,stable,#FFDC2D,#9A7D2C,,,,,,,,,,,,,,
514,Land Mine,Doomsday Discs,Putter,19,2,2,0,2,Overstable,,,land-mine,doomsday-discs,putter,overstable,#B6FF8B,#144E48,182.6,22,1.8,1.5,19.6,1.2,6.8,92.75,4.66,,,,22-114,"Jun 27, 2022"
515,Lariat,Lone Star Discs,Fairway Driver,17,9,5,-1,1,Stable,https://www.marshallstreetdiscgolf.com/?s=Lariat&post_type=product,https://s3.amazonaws.com/media.marshallstreetdiscgolf.com/inbounds/0000204.webp,lariat,lone-star-discs,control-driver,stable,#FFA5EA,#6B834B,,,,,,,,,,,,,,
516,Lark,Stokely Discs,Fairway Driver,17,7,5,-1.5,1.5,Stable,https://www.marshallstreetdiscgolf.com/?s=lark&post_type=product,https://s3.amazonaws.com/media.marshallstreetdiscgolf.com/inbounds/0000511.webp,lark,stokely-discs,control-driver,stable,#FBE311,#37B2DF,175.1,21.1,1.6,1.1,17.5,1.8,5.2,38.5,7.61,,,,24-206,"Oct 14, 2024"
517,Laseri,Prodiscus,Control Driver,16,10,4,-1,1,Stable,https://www.marshallstreetdiscgolf.com/?s=laseri&post_type=product,https://s3.amazonaws.com/media.marshallstreetdiscgolf.com/inbounds/8502320.webp,laseri,prodiscus,hybrid-driver,stable,#32E65C,#5435A9,175.1,21.1,1.6,1.1,17.2,1.9,5.2,32.25,6.24,,,,13-20,"Mar 4, 2013"
518,Lasso,Mint Discs,Putter,19,3,3,0,2,Overstable,https://www.marshallstreetdiscgolf.com/?s=Lasso&post_type=product,https://s3.amazonaws.com/media.marshallstreetdiscgolf.com/inbounds/0000389.webp,lasso,mint-discs,putter,overstable,#FFFFFF,#F4933E,176,21.2,1.9,1.2,17.8,1.7,5.7,34,10.8,,,,23-124,"Apr 27, 2023"
519,Launch,Vibram,Midrange,18,5,5,-1,2,Stable,https://www.marshallstreetdiscgolf.com/?s=launch&post_type=product,https://s3.amazonaws.com/media.marshallstreetdiscgolf.com/inbounds/2142826.webp,launch,vibram,midrange,stable,#FFDC2D,#9A7D2C,,,,,,,,,,,,,,
520,Lawin,Other,Distance Driver,15,12,6,-3,2,Stable,https://www.marshallstreetdiscgolf.com/product/max-grip-lawin,https://s3.amazonaws.com/media.marshallstreetdiscgolf.com/inbounds/0000150.webp,lawin,other,distance-driver,stable,#000000,#E5FFAA,,,,,,,,,,,,,,
521,Legenda,Prodiscus,Distance Driver,15,13,4,-1,4,Overstable,https://www.marshallstreetdiscgolf.com/?s=legenda&post_type=product,https://s3.amazonaws.com/media.marshallstreetdiscgolf.com/inbounds/2992592.webp,legenda,prodiscus,distance-driver,overstable,#32E65C,#5435A9,174.3,21,1.5,1.1,16.3,2.4,5.2,26.75,5.44,,,,11-38,"Oct 25, 2011"
522,Leopard,Innova,Fairway Driver,17,6,5,-2,1,Understable,https://www.marshallstreetdiscgolf.com/?s=leopard&post_type=product,https://s3.amazonaws.com/media.marshallstreetdiscgolf.com/inbounds/6718915.webp,leopard,innova,control-driver,understable,#2A290E,#F3EB09,,,,,,,,,,,,,,
523,Leopard3,Innova,Fairway Driver,17,7,5,-2,1,Understable,https://www.marshallstreetdiscgolf.com/?s=leopard3&post_type=product,https://s3.amazonaws.com/media.marshallstreetdiscgolf.com/inbounds/6718917.webp,leopard3,innova,control-driver,understable,#2A290E,#F3EB09,,,,,,,,,,,,,,
524,Leviathan,Other,Midrange,18,5,4,-4,0,Understable,https://www.marshallstreetdiscgolf.com/?s=leviathan&post_type=product,https://s3.amazonaws.com/media.marshallstreetdiscgolf.com/inbounds/0000071.webp,leviathan,other,midrange,understable,#000000,#E5FFAA,,,,,,,,,,,,,,
525,Lift,Streamline,Fairway Driver,17,9,5,-2,1.5,Stable,https://www.marshallstreetdiscgolf.com/?s=lift&post_type=product,https://s3.amazonaws.com/media.marshallstreetdiscgolf.com/inbounds/1010113.webp,lift,streamline,control-driver,stable,#012219,#ACFFBA,,,,,,,,,,,,,,
526,Ling,Yikun,Putter,19,2,3,-3,1,Very Understable,https://www.marshallstreetdiscgolf.com/?s=ling&post_type=product,https://s3.amazonaws.com/media.marshallstreetdiscgolf.com/inbounds/0000228.webp,ling,yikun,putter,very-understable,#006A6E,#FF6F8C,,,,,,,,,,,,,,
527,Link,Discmania,Putter,19,2,3,0,1,Stable,https://www.marshallstreetdiscgolf.com/?s=link&post_type=product,https://s3.amazonaws.com/media.marshallstreetdiscgolf.com/inbounds/1010105.webp,link,discmania,putter,stable,#FFA813,#9A0C0C,176,21.2,1.9,1.5,19.1,1,7,71,7.84,,,,19-46,"May 23, 2019"
528,Lion,Innova,Midrange,18,5,4,0,2,Stable,https://www.marshallstreetdiscgolf.com/?cat_ids%5B%5D=15&post_type=product&s=lion&variation_toggle=1,https://s3.amazonaws.com/media.marshallstreetdiscgolf.com/inbounds/1010127.webp,lion,innova,midrange,stable,#2A290E,#F3EB09,,,,,,,,,,,,,,
529,Lobster,Mint Discs,Midrange,18,5,5,-3,1,Understable,https://www.marshallstreetdiscgolf.com/?s=lobster&post_type=product,https://s3.amazonaws.com/media.marshallstreetdiscgolf.com/inbounds/0000233.webp,lobster,mint-discs,midrange,understable,#FFFFFF,#F4933E,178.5,21.5,1.8,1.3,18.6,1.4,6,47.5,7.16,,,,22-63,"Apr 25, 2022"
530,Locust,Above Ground Level,Fairway Driver,17,9,4,-1,3,Overstable,https://www.marshallstreetdiscgolf.com/?s=Locust&post_type=product,https://s3.amazonaws.com/media.marshallstreetdiscgolf.com/inbounds/0000120.webp,locust,above-ground-level,control-driver,overstable,#CFFF30,#000000,176,21.2,1.6,1.1,17.2,2,5.2,29.75,10.8,,,,20-55,"Jun 23, 2020"
531,Logic,Discmania,Putter,19,3,3,0,1,Stable,https://www.marshallstreetdiscgolf.com/?s=logic&post_type=product,https://s3.amazonaws.com/media.marshallstreetdiscgolf.com/inbounds/0000099.webp,logic,discmania,putter,stable,#FFA813,#9A0C0C,176,21.2,1.9,1.3,19,1.1,6.1,55,11.59,,,,21-32,"Mar 22, 2021"
532,Lone Wolf,Lone Star Discs,Midrange,18,5,5,-3,1,Understable,https://www.marshallstreetdiscgolf.com/?s=Lone+Wolf&post_type=product,https://s3.amazonaws.com/media.marshallstreetdiscgolf.com/inbounds/0000294.webp,lone-wolf,lone-star-discs,midrange,understable,#FFA5EA,#6B834B,,,,,,,,,,,,,,
533,Long,Yikun,Control Driver,16,10,5,-1,2,Overstable,https://www.marshallstreetdiscgolf.com/?s=Long&post_type=product,https://s3.amazonaws.com/media.marshallstreetdiscgolf.com/inbounds/0000225.webp,long,yikun,hybrid-driver,overstable,#006A6E,#FF6F8C,,,,,,,,,,,,,,
534,Longbowman,Westside Discs,Fairway Driver,17,9,4,0,3,Overstable,https://www.marshallstreetdiscgolf.com/?s=longbowman&post_type=product,https://s3.amazonaws.com/media.marshallstreetdiscgolf.com/inbounds/8258814.webp,longbowman,westside-discs,control-driver,overstable,#FFFFFF,#014E13,,,,,,,,,,,,,,
535,Longhorn,Mint Discs,Control Driver,16,11,4,-1,2.5,Overstable,https://www.marshallstreetdiscgolf.com/?s=Longhorn&post_type=product,https://s3.amazonaws.com/media.marshallstreetdiscgolf.com/inbounds/0000039.webp,longhorn,mint-discs,hybrid-driver,overstable,#FFFFFF,#F4933E,176.8,21.3,1.5,1.2,17,2.1,5.6,31,9.89,,,,20-68,"Aug 12, 2020"
536,Lots,Kastaplast,Fairway Driver,17,9,5,-1,2,Stable,https://www.marshallstreetdiscgolf.com/product/k1-lots,https://s3.amazonaws.com/media.marshallstreetdiscgolf.com/inbounds/0000003.webp,lots,kastaplast,control-driver,stable,#000000,#21F1B9,175.1,21.1,1.5,1.1,17.3,1.9,5.2,29.5,10.23,,,,20-01,"Jan 16, 2020"
537,Lotus,Clash Discs,Fairway Driver,17,8,5,-1,2,Stable,https://www.marshallstreetdiscgolf.com/?s=Lotus&post_type=product,https://s3.amazonaws.com/media.marshallstreetdiscgolf.com/inbounds/0000353.webp,lotus,clash-discs,control-driver,stable,#FF93E9,#2516FF,177.6,21.4,1.6,1.3,17.6,1.9,6.1,32.5,9.09,,,,23-88,"Mar 23, 2023"
538,Love,Jester Disc Golf,Putter,19,2,3,0,1,Stable,https://www.marshallstreetdiscgolf.com/?cat_ids%5B%5D=104136&post_type=product&s=love&variation_toggle=1,https://s3.amazonaws.com/media.marshallstreetdiscgolf.com/inbounds/0000429.webp,love,jester-disc-golf,putter,stable,#FFF172,#0E887C,176,21.2,2,1.5,19,1.1,7.1,59,7.16,,,,23-7,"Jan 9, 2023"
539,Lu,Yikun,Distance Driver,15,14,5,-1,3,Overstable,https://www.marshallstreetdiscgolf.com/?s=lu&post_type=product,https://s3.amazonaws.com/media.marshallstreetdiscgolf.com/inbounds/8458813.webp,lu,yikun,distance-driver,overstable,#006A6E,#FF6F8C,,,,,,,,,,,,,,
540,Lucky,Crosslap,Midrange,18,5,5,-2,1,Understable,https://www.marshallstreetdiscgolf.com/?s=Lucky&post_type=product,https://s3.amazonaws.com/media.marshallstreetdiscgolf.com/inbounds/8258813.webp,lucky,crosslap,midrange,understable,#FF190C,#88BE47,,,,,,,,,,,,,,
541,Luna,Discraft,Putter,19,3,3,0,3,Stable,https://www.marshallstreetdiscgolf.com/?s=luna&post_type=product,https://s3.amazonaws.com/media.marshallstreetdiscgolf.com/inbounds/1010339.webp,luna,discraft,putter,stable,#FF3737,#000000,175.1,21.1,2,1.4,18.9,1.1,6.6,68.5,12.13,,,,18-96,"Dec 28, 2018"
542,Lynx,Innova,Fairway Driver,17,7,6,-2,1,Understable,,,lynx,innova,control-driver,understable,#2A290E,#F3EB09,,,,,,,,,,,,,,
543,M Model S,Prodigy,Midrange,18,6,4,0,3,Stable,https://www.marshallstreetdiscgolf.com/?s=M+Model+S&post_type=product,https://s3.amazonaws.com/media.marshallstreetdiscgolf.com/inbounds/0000022.webp,m-model-s,prodigy,midrange,stable,#000000,#10A259,,,,,,,,,,,,,,
544,M Model US,Prodigy,Midrange,18,4,5,-1,1,Understable,https://www.marshallstreetdiscgolf.com/,https://s3.amazonaws.com/media.marshallstreetdiscgolf.com/inbounds/0000047.webp,m-model-us,prodigy,midrange,understable,#000000,#10A259,,,,,,,,,,,,,,
545,M1,Prodigy,Midrange,18,5,4,0,3,Overstable,https://www.marshallstreetdiscgolf.com/?s=prodigy+m1&post_type=product,https://s3.amazonaws.com/media.marshallstreetdiscgolf.com/inbounds/1928201.webp,m1,prodigy,midrange,overstable,#000000,#10A259,,,,,,,,,,,,,,
546,M2,Prodigy,Midrange,18,5,4,0,2,Overstable,https://www.marshallstreetdiscgolf.com/?s=prodigy+m2&post_type=product,https://s3.amazonaws.com/media.marshallstreetdiscgolf.com/inbounds/1821647.webp,m2,prodigy,midrange,overstable,#000000,#10A259,,,,,,,,,,,,,,
547,M3,Prodigy,Midrange,18,5,4,0,1,Stable,https://www.marshallstreetdiscgolf.com/?s=%22M3%22&post_type=product,https://s3.amazonaws.com/media.marshallstreetdiscgolf.com/inbounds/1028291.webp,m3,prodigy,midrange,stable,#000000,#10A259,,,,,,,,,,,,,,
548,M4,Prodigy,Midrange,18,5,5,-1,1,Understable,https://www.marshallstreetdiscgolf.com/?s=prodigy+m4&post_type=product,https://s3.amazonaws.com/media.marshallstreetdiscgolf.com/inbounds/1841647.webp,m4,prodigy,midrange,understable,#000000,#10A259,,,,,,,,,,,,,,
549,M5,Prodigy,Midrange,18,5,5,-3,1,Understable,,,m5,prodigy,midrange,understable,#000000,#10A259,,,,,,,,,,,,,,
550,MD,Discmania,Midrange,18,4,5,0,0,Understable,https://www.marshallstreetdiscgolf.com/?s=md&post_type=product,https://s3.amazonaws.com/media.marshallstreetdiscgolf.com/inbounds/6677127.webp,md,discmania,midrange,understable,#FFA813,#9A0C0C,,,,,,,,,,,,,,
551,MD1,Discmania,Midrange,18,5,6,0,0,Stable,https://www.marshallstreetdiscgolf.com/?s=MD1&post_type=product,https://s3.amazonaws.com/media.marshallstreetdiscgolf.com/inbounds/0000269.webp,md1,discmania,midrange,stable,#FFA813,#9A0C0C,,,,,,,,,,,,,,
552,MD2 (OOP),Discmania,Midrange,18,4,5,0,2,Stable,https://www.marshallstreetdiscgolf.com/?s=md2&post_type=product,https://s3.amazonaws.com/media.marshallstreetdiscgolf.com/inbounds/1830181.webp,md2-oop,discmania,midrange,stable,#FFA813,#9A0C0C,,,,,,,,,,,,,,
553,MD3,Discmania,Midrange,18,5,5,0,1,Stable,https://www.marshallstreetdiscgolf.com/?s=MD3&post_type=product,https://s3.amazonaws.com/media.marshallstreetdiscgolf.com/inbounds/0000135.webp,md3,discmania,midrange,stable,#FFA813,#9A0C0C,,,,,,,,,,,,,,
554,MD3X,Discmania,Midrange,18,5,5,0,2,Stable,,,md3x,discmania,midrange,stable,#FFA813,#9A0C0C,,,,,,,,,,,,,,
555,MD4,Discmania,Midrange,18,5,4,0,3,Overstable,https://www.marshallstreetdiscgolf.com/?s=md4&post_type=product,https://s3.amazonaws.com/media.marshallstreetdiscgolf.com/inbounds/0000447.webp,md4,discmania,midrange,overstable,#FFA813,#9A0C0C,,,,,,,,,,,,,,
556,MD5,Discmania,Midrange,18,5,3,0,4,Very Overstable,https://www.marshallstreetdiscgolf.com/?s=MD5&post_type=product,https://s3.amazonaws.com/media.marshallstreetdiscgolf.com/inbounds/0000343.webp,md5,discmania,midrange,very-overstable,#FFA813,#9A0C0C,,,,,,,,,,,,,,
557,MR-5 Skylark,Disctroyer,Midrange,18,5,4,0,2,Stable,https://www.marshallstreetdiscgolf.com/?s=Skylark&post_type=product,https://s3.amazonaws.com/media.marshallstreetdiscgolf.com/inbounds/0000176.webp,mr-5-skylark,disctroyer,midrange,stable,#4D144D,#A45656,,,,,,,,,,,,,,
558,MX-1,Prodigy,Midrange,18,5,3,0,4,Very Overstable,https://www.marshallstreetdiscgolf.com/?s=MX-1&post_type=product,https://s3.amazonaws.com/media.marshallstreetdiscgolf.com/inbounds/5494901.webp,mx-1,prodigy,midrange,very-overstable,#000000,#10A259,,,,,,,,,,,,,,
559,MX-2,Prodigy,Midrange,18,5,4,0,3,Very Overstable,https://www.marshallstreetdiscgolf.com/?s=MX-2&post_type=product,https://s3.amazonaws.com/media.marshallstreetdiscgolf.com/inbounds/0000435.webp,mx-2,prodigy,midrange,very-overstable,#000000,#10A259,,,,,,,,,,,,,,
560,MX-3,Prodigy,Midrange,18,5,4,0,1,Stable,https://www.marshallstreetdiscgolf.com/?s=MX-3&post_type=product,https://s3.amazonaws.com/media.marshallstreetdiscgolf.com/inbounds/1010108.webp,mx-3,prodigy,midrange,stable,#000000,#10A259,,,,,,,,,,,,,,
561,Mace,Latitude 64,Midrange,18,5,5,0,2,Overstable,https://www.marshallstreetdiscgolf.com/?s=mace&post_type=product,https://s3.amazonaws.com/media.marshallstreetdiscgolf.com/inbounds/5628377.webp,mace,latitude-64,midrange,overstable,#FFFFFF,#F40909,180.9,21.8,2.1,1.3,19.2,1.3,6,38.75,8.39,,,,13-21,"Mar 4, 2013"
562,Machete,Discraft,Control Driver,16,11,4,0,4,Overstable,https://www.marshallstreetdiscgolf.com/?s=machete&post_type=product,https://s3.amazonaws.com/media.marshallstreetdiscgolf.com/inbounds/0529006.webp,machete,discraft,hybrid-driver,overstable,#FF3737,#000000,175.1,21.1,1.6,1.1,16.8,2.1,5.2,30.5,12.13,,,,17-30,"Mar 15, 2017"
563,Mad Cat,Lone Star Discs,Fairway Driver,17,9,5,0,2,Stable,https://www.marshallstreetdiscgolf.com/?s=Mad+CAt&post_type=product,https://s3.amazonaws.com/media.marshallstreetdiscgolf.com/inbounds/0000282.webp,mad-cat,lone-star-discs,control-driver,stable,#FFA5EA,#6B834B,,,,,,,,,,,,,,
564,Madrone,Above Ground Level,Putter,19,3,3,0,1,Stable,https://www.marshallstreetdiscgolf.com/?s=Madrone&post_type=product,https://s3.amazonaws.com/media.marshallstreetdiscgolf.com/inbounds/0000124.webp,madrone,above-ground-level,putter,stable,#CFFF30,#000000,174.3,21,2.2,1.7,19,1,8.1,83.5,8.16,,,,18-81,"Nov 23, 2018"
565,Maestro,Discmania,Midrange,18,4,3,0,2,Stable,https://www.marshallstreetdiscgolf.com/?s=maestro&post_type=product,https://s3.amazonaws.com/media.marshallstreetdiscgolf.com/inbounds/0000035.webp,maestro,discmania,midrange,stable,#FFA813,#9A0C0C,,,,,,,,,,,,,,
566,Magic,Gateway,Putter,19,2,3,-1,0,Understable,https://www.marshallstreetdiscgolf.com/?s=magic&post_type=product,https://s3.amazonaws.com/media.marshallstreetdiscgolf.com/inbounds/8656430.webp,magic,gateway,putter,understable,#FFFFFF,#A66A17,,,,,,,,,,,,,,
567,Magician,Discmania,Fairway Driver,17,6,4,0,2,Stable,https://www.marshallstreetdiscgolf.com/?s=Magician&post_type=product,https://s3.amazonaws.com/media.marshallstreetdiscgolf.com/inbounds/0000032.webp,magician,discmania,control-driver,stable,#FFA813,#9A0C0C,,,,,,,,,,,,,,
568,Magnet,Discraft,Putter,19,2,3,-1,1,Stable,https://www.marshallstreetdiscgolf.com/?s=magnet&post_type=product,https://s3.amazonaws.com/media.marshallstreetdiscgolf.com/inbounds/9389862.webp,magnet,discraft,putter,stable,#FF3737,#000000,176,21.2,2,1.4,19.6,0.8,6.6,47.75,8.85,,,,93-06,"Jul 14, 1993"
569,Magnolia,Above Ground Level,Midrange,18,5,5,0,2,Overstable,https://www.marshallstreetdiscgolf.com/?s=Magnolia&post_type=product,https://s3.amazonaws.com/media.marshallstreetdiscgolf.com/inbounds/0000121.webp,magnolia,above-ground-level,midrange,overstable,#CFFF30,#000000,180.9,21.8,2,1.2,19,1.4,5.5,45.5,10.23,,,,19-16,"Feb 13, 2019"
570,Maiden,Westside Discs,Putter,19,3,4,0,1,Stable,https://www.marshallstreetdiscgolf.com/?s=Maiden&post_type=product,https://s3.amazonaws.com/media.marshallstreetdiscgolf.com/inbounds/9398899.webp,maiden,westside-discs,putter,stable,#FFFFFF,#014E13,,,,,,,,,,,,,,
571,Majesty,Discmania,Distance Driver,15,13,5,-2,2,Stable,https://www.marshallstreetdiscgolf.com/?s=Majesty&post_type=product,https://s3.amazonaws.com/media.marshallstreetdiscgolf.com/inbounds/0000074.webp,majesty,discmania,distance-driver,stable,#FFA813,#9A0C0C,174.3,21,1.7,1.2,16.2,2.4,5.7,27.25,10.34,,,,20-90,"Nov 27, 2020"
572,Mako,Innova,Midrange,18,4,5,0,0,Understable,https://www.marshallstreetdiscgolf.com/?s=mako&post_type=product,https://s3.amazonaws.com/media.marshallstreetdiscgolf.com/inbounds/3634535.webp,mako,innova,midrange,understable,#2A290E,#F3EB09,,,,,,,,,,,,,,
573,Mako3,Innova,Midrange,18,5,5,0,0,Stable,https://www.marshallstreetdiscgolf.com/?s=mako3&post_type=product,https://s3.amazonaws.com/media.marshallstreetdiscgolf.com/inbounds/3334535.webp,mako3,innova,midrange,stable,#2A290E,#F3EB09,,,,,,,,,,,,,,
574,Malita,Discraft,Midrange,18,5,5,-1,1,Stable,,,malita,discraft,midrange,stable,#FF3737,#000000,,,,,,,,,,,,,,
575,Malm,Kastaplast,Control Driver,16,10,4,0,2.5,Overstable,https://www.marshallstreetdiscgolf.com/?s=malm&post_type=product,https://s3.amazonaws.com/media.marshallstreetdiscgolf.com/inbounds/0000501.webp,malm,kastaplast,hybrid-driver,overstable,#000000,#21F1B9,176,21.2,1.9,1.1,17.3,2,5.2,30.75,9.55,,,,24-231,"Dec 30, 2024"
576,Malta,Discraft,Midrange,18,5,4,1,3,Overstable,https://www.marshallstreetdiscgolf.com/?s=malta&post_type=product,https://s3.amazonaws.com/media.marshallstreetdiscgolf.com/inbounds/0000013.webp,malta,discraft,midrange,overstable,#FF3737,#000000,,,,,,,,,,,,,,
577,Mamba,Innova,Control Driver,16,11,6,-5,1,Very Understable,https://www.marshallstreetdiscgolf.com/?s=mamba&post_type=product,https://s3.amazonaws.com/media.marshallstreetdiscgolf.com/inbounds/9410395.webp,mamba,innova,hybrid-driver,very-understable,#2A290E,#F3EB09,,,,,,,,,,,,,,
578,Mammoth,Daredevil Discs,Distance Driver,15,9,4,-1,5,Overstable,https://www.marshallstreetdiscgolf.com/product/mammoth,https://s3.amazonaws.com/media.marshallstreetdiscgolf.com/inbounds/9410396.webp,mammoth,daredevil-discs,distance-driver,overstable,#FFFFFF,#515151,175.1,21.1,1.7,1.2,17.1,2,5.7,29.25,5.22,,,,14-85,"Oct 31, 2014"
579,Mana,Thought Space Athletics,Midrange,18,5,5,-2,1,Understable,https://www.marshallstreetdiscgolf.com/?s=%22Mana%22&post_type=product,https://s3.amazonaws.com/media.marshallstreetdiscgolf.com/inbounds/0000190.webp,mana,thought-space-athletics,midrange,understable,#000000,#FF770E,178.5,21.5,1.8,1.4,18.6,1.4,6.5,53.5,8.3,,,,22-32,"Mar 7, 2022"
580,Mango,Clash Discs,Midrange,18,5,4,0,4,Very Overstable,https://www.marshallstreetdiscgolf.com/?s=Mango&post_type=product,https://s3.amazonaws.com/media.marshallstreetdiscgolf.com/inbounds/0000210.webp,mango,clash-discs,midrange,very-overstable,#FF93E9,#2516FF,177.6,21.4,1.8,1.4,18.7,1.4,6.5,44.25,8.41,,,,21-128,"Nov 22, 2021"
581,Manta,Innova,Midrange,18,5,5,-2,1,Understable,https://www.marshallstreetdiscgolf.com/?s=manta&post_type=product,https://s3.amazonaws.com/media.marshallstreetdiscgolf.com/inbounds/1001109.webp,manta,innova,midrange,understable,#2A290E,#F3EB09,,,,,,,,,,,,,,
582,Mantis,Discraft,Fairway Driver,17,8,4,-2,2,Understable,https://www.marshallstreetdiscgolf.com/?s=mantis&post_type=product,https://s3.amazonaws.com/media.marshallstreetdiscgolf.com/inbounds/1010109.webp,mantis,discraft,control-driver,understable,#FF3737,#000000,,,,,,,,,,,,,,
583,Mantra,Thought Space Athletics,Fairway Driver,17,9,6,-2,1,Understable,https://www.marshallstreetdiscgolf.com/?s=mantra&post_type=product,https://s3.amazonaws.com/media.marshallstreetdiscgolf.com/inbounds/0000076.webp,mantra,thought-space-athletics,control-driver,understable,#000000,#FF770E,176,21.2,1.7,1.2,17.1,2,5.7,32,9.09,,,,19-69,"Oct 17, 2019"
584,Manzanita,Above Ground Level,Putter,19,3,3,0,2,Stable,https://www.marshallstreetdiscgolf.com/?s=Manzanita&post_type=product,https://s3.amazonaws.com/media.marshallstreetdiscgolf.com/inbounds/0000123.webp,manzanita,above-ground-level,putter,stable,#CFFF30,#000000,174.3,21,2.1,1.6,18.7,1.1,7.6,67,9.41,,,,18-82,"Nov 23, 2018"
585,Maple,Above Ground Level,Approach Discs,20,4,2,0,2,Overstable,,,maple,above-ground-level,approach-discs,overstable,#CFFF30,#000000,,,,,,,,,,,,,,
586,Marlin,Neptune Discs,Fairway Driver,17,7,5,-4,1,Very Understable,https://www.marshallstreetdiscgolf.com/?s=Marlin&post_type=product,https://s3.amazonaws.com/media.marshallstreetdiscgolf.com/inbounds/0000403.webp,marlin,neptune-discs,control-driver,very-understable,#1F73E1,#F1CE42,,,,,,,,,,,,,,
587,Mars Rover,Millennium,Midrange,18,5,6,-4,1,Very Understable,https://www.marshallstreetdiscgolf.com/?s=mars+rover&post_type=product,https://s3.amazonaws.com/media.marshallstreetdiscgolf.com/inbounds/0000488.webp,mars-rover,millennium,midrange,very-understable,#000000,#FF0974,,,,,,,,,,,,,,
588,Marshal,Dynamic Discs,Putter,19,3,4,0,1,Stable,https://www.marshallstreetdiscgolf.com/?s=MArshal&post_type=product,https://s3.amazonaws.com/media.marshallstreetdiscgolf.com/inbounds/8026096.webp,marshal,dynamic-discs,putter,stable,#FFFFFF,#0082F4,176,21.2,2,1.6,19.1,1.1,7.5,67,11.57,,,,16-23,"Mar 2, 2016"
589,Marvel,Birdie,Putter,19,2,3,0,1,Stable,https://www.marshallstreetdiscgolf.com/?s=marvel&post_type=product,https://s3.amazonaws.com/media.marshallstreetdiscgolf.com/inbounds/0000129.webp,marvel,birdie,putter,stable,#1D096C,#FFB381,,,,,,,,,,,,,,
590,Matrix,MVP,Midrange,18,5,4,-1,2,Stable,https://www.marshallstreetdiscgolf.com/?s=matrix&post_type=product,https://s3.amazonaws.com/media.marshallstreetdiscgolf.com/inbounds/8062097.webp,matrix,mvp,midrange,stable,#000000,#9BF2FF,,,,,,,,,,,,,,
591,Maul,Latitude 64,Fairway Driver,17,7,7,-2,1,Very Understable,https://www.marshallstreetdiscgolf.com/?s=Maul&post_type=product,https://s3.amazonaws.com/media.marshallstreetdiscgolf.com/inbounds/8026097.webp,maul,latitude-64,control-driver,very-understable,#FFFFFF,#F40909,177.6,21.4,2,1.1,17.7,1.8,5.1,33,7.48,,,,15-37,"Apr 10, 2015"
592,Maverick,Dynamic Discs,Fairway Driver,17,7,4,-1.5,2,Understable,https://www.marshallstreetdiscgolf.com/?s=maverick&post_type=product,https://s3.amazonaws.com/media.marshallstreetdiscgolf.com/inbounds/8996099.webp,maverick,dynamic-discs,control-driver,understable,#FFFFFF,#0082F4,176,21.2,1.8,1.1,17.8,1.7,5.2,35,9.53,,,,17-123,"Dec 4, 2017"
593,Max (OOP),Innova,Control Driver,16,11,3,0,5,Very Overstable,https://www.marshallstreetdiscgolf.com/?s=Max&post_type=product,https://s3.amazonaws.com/media.marshallstreetdiscgolf.com/inbounds/8026099.webp,max-oop,innova,hybrid-driver,very-overstable,#2A290E,#F3EB09,,,,,,,,,,,,,,
594,Maya,Infinite Discs,Control Driver,16,11,5,-3,1,Understable,https://www.marshallstreetdiscgolf.com/?s=maya&post_type=product,https://s3.amazonaws.com/media.marshallstreetdiscgolf.com/inbounds/0000063.webp,maya,infinite-discs,hybrid-driver,understable,#FFFFFF,#62054C,175.1,21.1,1.6,1.1,16.9,2.1,5.2,31,9.32,,,,20-52,"Jun 23, 2020"
595,Mayhem,Axiom Discs,Distance Driver,15,13,5,-1.5,2,Understable,https://www.marshallstreetdiscgolf.com/?s=mayhem&post_type=product,https://s3.amazonaws.com/media.marshallstreetdiscgolf.com/inbounds/1658060.webp,mayhem,axiom-discs,distance-driver,understable,#000000,#FF9595,176,21.2,1.9,1.2,16.3,2.4,5.7,27.5,12.13,,,,17-48,"Apr 13, 2017"
596,Mentor,Discmania,Control Driver,16,11,5,-2,2,Stable,https://www.marshallstreetdiscgolf.com/?s=Mentor&post_type=product,https://s3.amazonaws.com/media.marshallstreetdiscgolf.com/inbounds/0000034.webp,mentor,discmania,hybrid-driver,stable,#FFA813,#9A0C0C,,,,,,,,,,,,,,
597,Mercy,Latitude 64,Putter,19,2,4,0,1,Stable,https://www.marshallstreetdiscgolf.com/?s=mercy&post_type=product,https://s3.amazonaws.com/media.marshallstreetdiscgolf.com/inbounds/4577289.webp,mercy,latitude-64,putter,stable,#FFFFFF,#F40909,176,21.2,2.1,1.5,19.1,1.1,7.1,61.5,7.94,,,,12-24,"May 20, 2012"
598,Merlin,Daredevil Discs,Distance Driver,15,14,5,-1,4,Very Overstable,https://www.marshallstreetdiscgolf.com/product/merlin,https://s3.amazonaws.com/media.marshallstreetdiscgolf.com/inbounds/0529008.webp,merlin,daredevil-discs,distance-driver,very-overstable,#FFFFFF,#515151,174.3,21,1.7,1.1,16.4,2.3,5.2,26,7.03,,,,17-44,"Apr 3, 2017"
599,Mermaid,Discmania,Fairway Driver,17,7,4,-1,2,Stable,https://www.marshallstreetdiscgolf.com/?s=Mermaid&post_type=product,https://s3.amazonaws.com/media.marshallstreetdiscgolf.com/inbounds/0000285.webp,mermaid,discmania,control-driver,stable,#FFA813,#9A0C0C,176.8,21.3,1.8,1.2,17.5,1.9,5.6,41.75,8.41,,,,22-178,"Oct 17, 2022"
600,Meteor,Discraft,Midrange,18,5,5,-3,1,Understable,https://www.marshallstreetdiscgolf.com/?s=meteor&post_type=product,https://s3.amazonaws.com/media.marshallstreetdiscgolf.com/inbounds/4699597.webp,meteor,discraft,midrange,understable,#FF3737,#000000,,,,,,,,,,,,,,
601,Meteor Hammer,Yikun,Putter,19,2,3,0,0,Stable,https://www.marshallstreetdiscgolf.com/?s=meteor+hammer&post_type=product,https://s3.amazonaws.com/media.marshallstreetdiscgolf.com/inbounds/4444446.webp,meteor-hammer,yikun,putter,stable,#006A6E,#FF6F8C,,,,,,,,,,,,,,
602,Method,Discmania,Midrange,18,5,5,0,3,Overstable,https://www.marshallstreetdiscgolf.com/?s=method&post_type=product,https://s3.amazonaws.com/media.marshallstreetdiscgolf.com/inbounds/1010112.webp,method,discmania,midrange,overstable,#FFA813,#9A0C0C,180.1,21.7,1.9,1.4,19,1.3,6.5,44,10.23,,,,19-39,"May 1, 2019"
603,Mid-Disc3,Innova,Midrange,18,5,5,0,2,Overstable,https://www.marshallstreetdiscgolf.com/?s=mid+disc3&post_type=product,https://s3.amazonaws.com/media.marshallstreetdiscgolf.com/inbounds/0000247.webp,mid-disc3,innova,midrange,overstable,#2A290E,#F3EB09,,,,,,,,,,,,,,
604,Midari,Prodiscus,Midrange,18,5,3,0,1,Stable,https://www.marshallstreetdiscgolf.com/?s=midari&post_type=product,https://s3.amazonaws.com/media.marshallstreetdiscgolf.com/inbounds/9037031.webp,midari,prodiscus,midrange,stable,#32E65C,#5435A9,179.3,21.6,1.8,1.5,18.8,1.4,6.9,37.5,4.88,,,,11-33,"Jul 15, 2011"
605,Middy,Lone Star Discs,Midrange,18,5,5,0,3,Overstable,https://www.marshallstreetdiscgolf.com/?s=Middy&post_type=product,https://s3.amazonaws.com/media.marshallstreetdiscgolf.com/inbounds/0000118.webp,middy,lone-star-discs,midrange,overstable,#FFA5EA,#6B834B,,,,,,,,,,,,,,
606,Millet,Clash Discs,Distance Driver,15,7,6,-3,1,Very Understable,https://www.marshallstreetdiscgolf.com/?s=millet&post_type=product,https://s3.amazonaws.com/media.marshallstreetdiscgolf.com/inbounds/0000465.webp,millet,clash-discs,distance-driver,very-understable,#FF93E9,#2516FF,177.6,21.4,1.6,1.2,17.8,1.8,5.6,29,9.43,,,,24-63,"Apr 3, 2024"
607,Minotaur,Other,Fairway Driver,17,8,3,0,3,Very Overstable,https://www.marshallstreetdiscgolf.com/product/max-grip-minotaur,https://s3.amazonaws.com/media.marshallstreetdiscgolf.com/inbounds/0000151.webp,minotaur,other,control-driver,very-overstable,#000000,#E5FFAA,,,,,,,,,,,,,,
608,Mint,Clash Discs,Approach Discs,20,4,3,0,3,Very Overstable,https://www.marshallstreetdiscgolf.com/?s=Mint&post_type=product,https://s3.amazonaws.com/media.marshallstreetdiscgolf.com/inbounds/0000208.webp,mint,clash-discs,approach-discs,very-overstable,#FF93E9,#2516FF,177.6,21.4,1.7,1.4,18.9,1.3,6.5,54,7.84,,,,21-129,"Nov 22, 2021"
609,Mirage,Innova,Putter,19,3,4,-3,0,Very Understable,https://www.marshallstreetdiscgolf.com/?s=Mirage&post_type=product,https://s3.amazonaws.com/media.marshallstreetdiscgolf.com/inbounds/1999999.webp,mirage,innova,putter,very-understable,#2A290E,#F3EB09,,,,,,,,,,,,,,
610,Missilen (OOP),Latitude 64,Distance Driver,15,14,3,0.5,4.5,Overstable,https://www.marshallstreetdiscgolf.com/?s=missilen&post_type=product,https://s3.amazonaws.com/media.marshallstreetdiscgolf.com/inbounds/8968852.webp,missilen-oop,latitude-64,distance-driver,overstable,#FFFFFF,#F40909,,,,,,,,,,,,,,
611,Moab,Millennium,Fairway Driver,17,6,4,1,5,Very Overstable,https://www.marshallstreetdiscgolf.com/?s=moab&post_type=product,https://s3.amazonaws.com/media.marshallstreetdiscgolf.com/inbounds/1754992.webp,moab,millennium,control-driver,very-overstable,#000000,#FF0974,,,,,,,,,,,,,,
612,Mobius,EV-7,Putter,19,2,4,-1,0,Understable,https://www.marshallstreetdiscgolf.com/?s=mobius&post_type=product,https://s3.amazonaws.com/media.marshallstreetdiscgolf.com/inbounds/0000134.webp,mobius,ev-7,putter,understable,#FFFFFF,#111397,,,,,,,,,,,,,,
613,Mockingbird,Lone Star Discs,Fairway Driver,17,7,5,-2,1,Understable,https://www.marshallstreetdiscgolf.com/?s=mockingbird&post_type=product,https://s3.amazonaws.com/media.marshallstreetdiscgolf.com/inbounds/0000112.webp,mockingbird,lone-star-discs,control-driver,understable,#FFA5EA,#6B834B,,,,,,,,,,,,,,
614,Monarch,Innova,Control Driver,16,10,5,-4,1,Very Understable,https://www.marshallstreetdiscgolf.com/?s=monarch&post_type=product,https://s3.amazonaws.com/media.marshallstreetdiscgolf.com/inbounds/1754993.webp,monarch,innova,hybrid-driver,very-understable,#2A290E,#F3EB09,,,,,,,,,,,,,,
615,Money Putter,ABC Discs,Putter,19,2,3,0,2,Overstable,https://www.marshallstreetdiscgolf.com/?s=money+putter&post_type=product,https://s3.amazonaws.com/media.marshallstreetdiscgolf.com/inbounds/0370363.webp,money-putter,abc-discs,putter,overstable,#FFF94C,#FF7762,,,,,,,,,,,,,,
616,Mongoose,Legacy,Fairway Driver,17,9,5,-3,1,Very Understable,https://www.marshallstreetdiscgolf.com/product/icon-mongoose,https://s3.amazonaws.com/media.marshallstreetdiscgolf.com/inbounds/0310413.webp,mongoose,legacy,control-driver,very-understable,#3831F0,#E43DD9,,,,,,,,,,,,,,
617,Monstrosity,Doomsday Discs,Fairway Driver,17,7,5,-3,2,Understable,,,monstrosity,doomsday-discs,control-driver,understable,#B6FF8B,#144E48,176,21.2,1.6,1.1,16.6,2.3,5.2,27,12.16,,,,25-48,"Mar 24, 2025"
618,Moose,Daredevil Discs,Midrange,18,4,5,0,2,Stable,https://www.marshallstreetdiscgolf.com/product/moose,https://s3.amazonaws.com/media.marshallstreetdiscgolf.com/inbounds/7768449.webp,moose,daredevil-discs,midrange,stable,#FFFFFF,#515151,180.9,21.8,2.1,1.3,19.3,1.3,6,41,4.31,,,,07-32,"Jun 12, 2007"
619,Morningstar,Gateway,Midrange,18,5,4,0,1,Stable,https://www.marshallstreetdiscgolf.com/?s=morningstar&post_type=product,https://s3.amazonaws.com/media.marshallstreetdiscgolf.com/inbounds/0130116.webp,morningstar,gateway,midrange,stable,#FFFFFF,#A66A17,,,,,,,,,,,,,,
620,Mortar,Millennium,Midrange,18,5,2,0,3,Overstable,https://www.marshallstreetdiscgolf.com/?s=mortar&post_type=product,https://s3.amazonaws.com/media.marshallstreetdiscgolf.com/inbounds/0131016.webp,mortar,millennium,midrange,overstable,#000000,#FF0974,,,,,,,,,,,,,,
621,Motion,MVP,Control Driver,16,9,3.5,0,4,Very Overstable,https://www.marshallstreetdiscgolf.com/?s=motion&post_type=product,https://s3.amazonaws.com/media.marshallstreetdiscgolf.com/inbounds/0131017.webp,motion,mvp,hybrid-driver,very-overstable,#000000,#9BF2FF,,,,,,,,,,,,,,
622,Motive,Dynamic Discs,Fairway Driver,17,8,6,-3,2,Understable,https://www.marshallstreetdiscgolf.com/?s=motive&post_type=product,https://s3.amazonaws.com/media.marshallstreetdiscgolf.com/inbounds/0000539.webp,motive,dynamic-discs,control-driver,understable,#FFFFFF,#0082F4,174.3,21,1.7,1.1,17.3,1.8,5.2,29,6.59,,,,25-74,"May 12, 2025"
623,Muse,Thought Space Athletics,Putter,19,3,3,0,2,Overstable,https://www.marshallstreetdiscgolf.com/?s=muse&post_type=product,https://s3.amazonaws.com/media.marshallstreetdiscgolf.com/inbounds/0000115.webp,muse,thought-space-athletics,putter,overstable,#000000,#FF770E,176,21.2,2,1.6,18.8,1.2,7.5,61.5,8.98,,,,21-106,"Sep 27, 2021"
624,Musket,Latitude 64,Control Driver,16,10,5,-0.5,2,Stable,https://www.marshallstreetdiscgolf.com/?s=musket&post_type=product,https://s3.amazonaws.com/media.marshallstreetdiscgolf.com/inbounds/5494999.webp,musket,latitude-64,hybrid-driver,stable,#FFFFFF,#F40909,176,21.2,1.8,1.1,17.1,2,5.2,28.5,10.55,,,,18-45,"May 9, 2018"
625,Mustang,Mint Discs,Midrange,18,5,5,0,2,Stable,https://www.marshallstreetdiscgolf.com/?s=Mustang&post_type=product,https://s3.amazonaws.com/media.marshallstreetdiscgolf.com/inbounds/0000030.webp,mustang,mint-discs,midrange,stable,#FFFFFF,#F4933E,178.5,21.5,1.6,1.3,18.6,1.4,6,44.5,8.41,,,,20-30,"Mar 26, 2020"
626,Mutant,Discmania,Midrange,18,5,3,0,4,Very Overstable,https://www.marshallstreetdiscgolf.com/?s=mutant&post_type=product,https://s3.amazonaws.com/media.marshallstreetdiscgolf.com/inbounds/0000163.webp,mutant,discmania,midrange,very-overstable,#FFA813,#9A0C0C,180.1,21.7,1.8,1.2,19,1.3,5.5,40.75,11.82,,,,21-33,"Mar 22, 2021"
627,Mystere,Innova,Control Driver,16,11,6,-2,2,Understable,https://www.marshallstreetdiscgolf.com/?s=mystere&post_type=product,https://s3.amazonaws.com/media.marshallstreetdiscgolf.com/inbounds/0591805.webp,mystere,innova,hybrid-driver,understable,#2A290E,#F3EB09,,,,,,,,,,,,,,
628,Mystic,Gateway,Midrange,18,5,5,-3,0,Understable,https://www.marshallstreetdiscgolf.com/?s=mystic&post_type=product,https://s3.amazonaws.com/media.marshallstreetdiscgolf.com/inbounds/0591806.webp,mystic,gateway,midrange,understable,#FFFFFF,#A66A17,,,,,,,,,,,,,,
629,Myth,Infinite Discs,Putter,19,2,3,0,2,Overstable,https://www.marshallstreetdiscgolf.com/?s=myth&post_type=product,https://s3.amazonaws.com/media.marshallstreetdiscgolf.com/inbounds/9549999.webp,myth,infinite-discs,putter,overstable,#FFFFFF,#62054C,176,21.2,2.1,1.5,19,1.1,7.1,68.75,9.07,,,,18-29,"Mar 29, 2018"
630,Narwhal,Other,Putter,19,3,3,-2,0,Very Understable,https://www.marshallstreetdiscgolf.com/?s=Narwhal&post_type=product,https://s3.amazonaws.com/media.marshallstreetdiscgolf.com/inbounds/0000070.webp,narwhal,other,putter,very-understable,#000000,#E5FFAA,,,,,,,,,,,,,,
631,Nautilus,Neptune Discs,Midrange,18,5,5,0,2,Overstable,https://www.marshallstreetdiscgolf.com/?s=Nautilus&post_type=product,https://s3.amazonaws.com/media.marshallstreetdiscgolf.com/inbounds/0000404.webp,nautilus,neptune-discs,midrange,overstable,#1F73E1,#F1CE42,,,,,,,,,,,,,,
632,Nebula,Discraft,Midrange,18,5,4,-0.5,2,Overstable,https://www.marshallstreetdiscgolf.com/?s=nebula&post_type=product,https://s3.amazonaws.com/media.marshallstreetdiscgolf.com/inbounds/9549965.webp,nebula,discraft,midrange,overstable,#FF3737,#000000,,,,,,,,,,,,,,
633,Nemesis,Legacy,Control Driver,16,10,6,-4,2,Very Understable,https://www.marshallstreetdiscgolf.com/?s=nemesis&post_type=product,https://s3.amazonaws.com/media.marshallstreetdiscgolf.com/inbounds/9549966.webp,nemesis,legacy,hybrid-driver,very-understable,#3831F0,#E43DD9,,,,,,,,,,,,,,
634,Neon,Løft Discs,Approach Discs,20,3,1,0,3,Very Overstable,https://www.marshallstreetdiscgolf.com/?s=neon&post_type=product,https://s3.amazonaws.com/media.marshallstreetdiscgolf.com/inbounds/0000473.webp,neon,løft-discs,approach-discs,very-overstable,#000000,#9B90FF,176,21.2,1.9,1.4,18.9,1.1,6.6,56.5,11.59,,,,23-228,"Oct 9, 2023"
635,Nice!,Other,Fairway Driver,17,8,7,-2,2,Very Understable,https://www.marshallstreetdiscgolf.com/?s=nice%21&post_type=product,https://s3.amazonaws.com/media.marshallstreetdiscgolf.com/inbounds/0000108.webp,nice,other,control-driver,very-understable,#000000,#E5FFAA,,,,,,,,,,,,,,
636,Nightjar,Disctroyer,Control Driver,16,10,5,-0.5,2.5,Overstable,https://www.marshallstreetdiscgolf.com/?s=Nightjar&post_type=product,https://s3.amazonaws.com/media.marshallstreetdiscgolf.com/inbounds/0000161.webp,nightjar,disctroyer,hybrid-driver,overstable,#4D144D,#A45656,,,,,,,,,,,,,,
637,Nimbus,Elevation Disc Golf,Midrange,18,5,5,0,1.5,Stable,https://www.marshallstreetdiscgolf.com/?s=nimbus&post_type=product,https://s3.amazonaws.com/media.marshallstreetdiscgolf.com/inbounds/0000450.webp,nimbus,elevation-disc-golf,midrange,stable,#FFFFFF,#6A431D,179.3,21.6,1.5,1.2,18.8,1.4,5.6,37.75,1.36,,,,23-222,"Sep 11, 2023"
638,Nimitz,Lone Star Discs,Control Driver,16,11,5,-1,3,Overstable,https://www.marshallstreetdiscgolf.com/?s=Nimitz&post_type=product,https://s3.amazonaws.com/media.marshallstreetdiscgolf.com/inbounds/0000292.webp,nimitz,lone-star-discs,hybrid-driver,overstable,#FFA5EA,#6B834B,,,,,,,,,,,,,,
639,Ninja,Gateway,Control Driver,16,10,6,-1,2,Stable,https://www.marshallstreetdiscgolf.com/?s=ninja&post_type=product,https://s3.amazonaws.com/media.marshallstreetdiscgolf.com/inbounds/1931997.webp,ninja,gateway,hybrid-driver,stable,#FFFFFF,#A66A17,,,,,,,,,,,,,,
640,Nitro,MVP,Distance Driver,15,13,4,-0.5,3,Overstable,https://www.marshallstreetdiscgolf.com/?s=nitro&post_type=product,https://s3.amazonaws.com/media.marshallstreetdiscgolf.com/inbounds/1931995.webp,nitro,mvp,distance-driver,overstable,#000000,#9BF2FF,,,,,,,,,,,,,,
641,Nomad,MVP,Putter,19,2,4,0,1,Stable,https://www.marshallstreetdiscgolf.com/?s=nomad&post_type=product,https://s3.amazonaws.com/media.marshallstreetdiscgolf.com/inbounds/0000101.webp,nomad,mvp,putter,stable,#000000,#9BF2FF,,,,,,,,,,,,,,
642,Nord,Kastaplast,Midrange,18,5,4,0,3,Overstable,https://www.marshallstreetdiscgolf.com/?s=Nord&post_type=product,https://s3.amazonaws.com/media.marshallstreetdiscgolf.com/inbounds/0000422.webp,nord,kastaplast,midrange,overstable,#000000,#21F1B9,180.1,21.7,2,1.3,19,1.3,6,47.5,7.73,,,,24-33,"Feb 19, 2024"
643,Northman,Westside Discs,Control Driver,16,10,5,-1,2,Understable,https://www.marshallstreetdiscgolf.com/?s=northman&post_type=product,https://s3.amazonaws.com/media.marshallstreetdiscgolf.com/inbounds/3614119.webp,northman,westside-discs,hybrid-driver,understable,#FFFFFF,#014E13,,,,,,,,,,,,,,
644,Notch,Vibram,Fairway Driver,17,7,3,0,4.5,Very Overstable,https://www.marshallstreetdiscgolf.com/?s=notch&post_type=product,https://s3.amazonaws.com/media.marshallstreetdiscgolf.com/inbounds/0943101.webp,notch,vibram,control-driver,very-overstable,#FFDC2D,#9A7D2C,,,,,,,,,,,,,,
645,Notion,Discmania,Putter,19,2,3,-1,0,Understable,https://www.marshallstreetdiscgolf.com/?s=notion&post_type=product,https://s3.amazonaws.com/media.marshallstreetdiscgolf.com/inbounds/0000449.webp,notion,discmania,putter,understable,#FFA813,#9A0C0C,176,21.2,2,1.3,19.2,1,6.1,54.75,6.82,,,,24-134,"Jun 30, 2024"
646,Nova,Innova,Putter,19,2,3,0,0,Stable,https://www.marshallstreetdiscgolf.com/?cat_ids%5B%5D=973&post_type=product&s=nova&variation_toggle=1,https://s3.amazonaws.com/media.marshallstreetdiscgolf.com/inbounds/0943102.webp,nova,innova,putter,stable,#2A290E,#F3EB09,,,,,,,,,,,,,,
647,Nuance,Thought Space Athletics,Fairway Driver,17,7,5,-2,1,Understable,https://www.marshallstreetdiscgolf.com/?s=nuance&post_type=product,https://s3.amazonaws.com/media.marshallstreetdiscgolf.com/inbounds/0000471.webp,nuance,thought-space-athletics,control-driver,understable,#000000,#FF770E,176,21.2,1.8,1.1,17.8,1.7,5.2,33.5,9.32,,,,24-27,"Feb 15, 2024"
648,Nuke,Discraft,Distance Driver,15,13,5,-1,3,Overstable,https://www.marshallstreetdiscgolf.com/?s=nuke&post_type=product,https://s3.amazonaws.com/media.marshallstreetdiscgolf.com/inbounds/2737082.webp,nuke,discraft,distance-driver,overstable,#FF3737,#000000,176,21.2,1.6,1.2,16.1,2.5,5.7,28.25,9.87,,,,09-27,"Oct 31, 2009"
649,Nuke OS,Discraft,Distance Driver,15,13,4,0,4,Very Overstable,https://www.marshallstreetdiscgolf.com/?s=nuke+os&post_type=product,https://s3.amazonaws.com/media.marshallstreetdiscgolf.com/inbounds/2537405.webp,nuke-os,discraft,distance-driver,very-overstable,#FF3737,#000000,176,21.2,1.6,1.2,16.2,2.5,5.7,30.75,8.16,,,,11-23,"Jun 9, 2011"
650,Nuke SS,Discraft,Distance Driver,15,13,5,-3,3,Understable,https://www.marshallstreetdiscgolf.com/?s=nuke+ss&post_type=product,https://s3.amazonaws.com/media.marshallstreetdiscgolf.com/inbounds/3138324.webp,nuke-ss,discraft,distance-driver,understable,#FF3737,#000000,176,21.2,1.5,1.1,16.2,2.5,5.2,28.75,9.98,,,,11-15,"Apr 7, 2011"
651,O-Lace,Vibram,Distance Driver,15,13,5,-1,3,Stable,https://www.marshallstreetdiscgolf.com/?s=o-lace&post_type=product,https://s3.amazonaws.com/media.marshallstreetdiscgolf.com/inbounds/9090001.webp,o-lace,vibram,distance-driver,stable,#FFDC2D,#9A7D2C,,,,,,,,,,,,,,
652,OG Binx,Elevation Disc Golf,Fairway Driver,17,8,5,-1,1,Understable,https://www.marshallstreetdiscgolf.com/?s=OG+Binx&post_type=product,https://s3.amazonaws.com/media.marshallstreetdiscgolf.com/inbounds/0000298.webp,og-binx,elevation-disc-golf,control-driver,understable,#FFFFFF,#6A431D,,,,,,,,,,,,,,
653,Obex,Vibram,Midrange,18,5,4,0,3,Very Overstable,https://www.marshallstreetdiscgolf.com/?s=obex&post_type=product,https://s3.amazonaws.com/media.marshallstreetdiscgolf.com/inbounds/0666743.webp,obex,vibram,midrange,very-overstable,#FFDC2D,#9A7D2C,,,,,,,,,,,,,,
654,Oblivion,Doomsday Discs,Distance Driver,15,12,4,-1,3,Overstable,,,oblivion,doomsday-discs,distance-driver,overstable,#B6FF8B,#144E48,176,21.2,1.4,1.1,16.7,2.2,5.2,26.25,11.25,,,,25-88,"Jun 9, 2025"
655,Octane,MVP,Distance Driver,15,13,5,-1,2,Understable,https://www.marshallstreetdiscgolf.com/?s=octane&post_type=product,https://s3.amazonaws.com/media.marshallstreetdiscgolf.com/inbounds/0666744.webp,octane,mvp,distance-driver,understable,#000000,#9BF2FF,,,,,,,,,,,,,,
656,Odin,Viking,Distance Driver,15,12,5,-1,3,Overstable,https://www.marshallstreetdiscgolf.com/?s=Odin&post_type=product,https://s3.amazonaws.com/media.marshallstreetdiscgolf.com/inbounds/0000114.webp,odin,viking,distance-driver,overstable,#000000,#04F40C,,,,,,,,,,,,,,
657,Odyssey,Gateway,Fairway Driver,17,8,5,-2,1,Understable,https://www.marshallstreetdiscgolf.com/?s=odyssey&post_type=product,https://s3.amazonaws.com/media.marshallstreetdiscgolf.com/inbounds/0000491.webp,odyssey,gateway,control-driver,understable,#FFFFFF,#A66A17,,,,,,,,,,,,,,
658,Ogopogo,Daredevil Discs,Fairway Driver,17,9,4,-2,5,Overstable,https://www.marshallstreetdiscgolf.com/product/ogopogo,https://s3.amazonaws.com/media.marshallstreetdiscgolf.com/inbounds/1969811.webp,ogopogo,daredevil-discs,control-driver,overstable,#FFFFFF,#515151,175.1,21.1,1.5,1.2,17.1,2,5.7,36.75,2.27,,,,14-86,"Oct 31, 2014"
659,Ohm,MVP,Putter,19,2,5,0,1,Stable,https://www.marshallstreetdiscgolf.com/?s=ohm&post_type=product,https://s3.amazonaws.com/media.marshallstreetdiscgolf.com/inbounds/0000008.webp,ohm,mvp,putter,stable,#000000,#9BF2FF,,,,,,,,,,,,,,
660,Omega,Millennium,Putter,19,2,3,0,0,Stable,https://www.marshallstreetdiscgolf.com/?s=omega&post_type=product,https://s3.amazonaws.com/media.marshallstreetdiscgolf.com/inbounds/0659634.webp,omega,millennium,putter,stable,#000000,#FF0974,,,,,,,,,,,,,,
661,Omega 4,Millennium,Putter,19,2,3,0,1,Overstable,https://www.marshallstreetdiscgolf.com/?s=omega+4&post_type=product,https://s3.amazonaws.com/media.marshallstreetdiscgolf.com/inbounds/0000271.webp,omega-4,millennium,putter,overstable,#000000,#FF0974,,,,,,,,,,,,,,
662,Omega Big Bead,Millennium,Putter,19,2,3,0,1,Stable,https://www.marshallstreetdiscgolf.com/?s=big+bead+omega&post_type=product,https://s3.amazonaws.com/media.marshallstreetdiscgolf.com/inbounds/6900159.webp,omega-big-bead,millennium,putter,stable,#000000,#FF0974,,,,,,,,,,,,,,
663,Omen,Thought Space Athletics,Fairway Driver,17,9,4,0,4,Very Overstable,https://www.marshallstreetdiscgolf.com/?s=Omen&post_type=product,https://s3.amazonaws.com/media.marshallstreetdiscgolf.com/inbounds/0000191.webp,omen,thought-space-athletics,control-driver,very-overstable,#000000,#FF770E,176,21.2,1.7,1.2,17.2,2,5.7,28.25,10.34,,,,22-33,"Mar 7, 2022"
664,Onyx,Vibram,Fairway Driver,17,8,6,-3,1,Understable,https://www.marshallstreetdiscgolf.com/?s=Onyx&post_type=product,https://s3.amazonaws.com/media.marshallstreetdiscgolf.com/inbounds/6800158.webp,onyx,vibram,control-driver,understable,#FFDC2D,#9A7D2C,,,,,,,,,,,,,,
665,Openwater,Crosslap,Distance Driver,15,12,4,-1.5,2,Understable,https://www.marshallstreetdiscgolf.com/?s=Openwater&post_type=product,https://s3.amazonaws.com/media.marshallstreetdiscgolf.com/inbounds/0000112.webp,openwater,crosslap,distance-driver,understable,#FF190C,#88BE47,,,,,,,,,,,,,,
666,Oracle,Sacred Discs,Fairway Driver,17,7,5,-2,2,Stable,https://www.marshallstreetdiscgolf.com/?s=Oracle&post_type=product,https://s3.amazonaws.com/media.marshallstreetdiscgolf.com/inbounds/0000362.webp,oracle,sacred-discs,control-driver,stable,#0E1774,#B4CDFF,175.1,21.1,1.5,1.1,17.7,1.7,5.2,34.5,6.02,,,,23-162,"Jun 5, 2023"
667,Orbital,MVP,Control Driver,16,11,5,-4.5,1,Understable,https://www.marshallstreetdiscgolf.com/?s=Orbital&post_type=product,https://s3.amazonaws.com/media.marshallstreetdiscgolf.com/inbounds/2594489.webp,orbital,mvp,hybrid-driver,understable,#000000,#9BF2FF,,,,,,,,,,,,,,
668,Orc,Innova,Control Driver,16,10,4,-1,3,Overstable,https://www.marshallstreetdiscgolf.com/?s=orc&post_type=product,https://s3.amazonaws.com/media.marshallstreetdiscgolf.com/inbounds/2594490.webp,orc,innova,hybrid-driver,overstable,#2A290E,#F3EB09,,,,,,,,,,,,,,
669,Orca,Wild Discs,Distance Driver,15,12,5,-1.5,2,Stable,https://www.marshallstreetdiscgolf.com/product/whirlpool-orca-1st-run-4,https://s3.amazonaws.com/media.marshallstreetdiscgolf.com/inbounds/0000066.webp,orca,wild-discs,distance-driver,stable,#D267A0,#373C0D,176,21.2,1.4,1.1,16.6,2.3,5.2,28.5,11.59,,,,20-101,"Dec 26, 2020"
670,Origin,Discmania,Midrange,18,5,5,-1,1,Understable,https://www.marshallstreetdiscgolf.com/?s=Origin&post_type=product,https://s3.amazonaws.com/media.marshallstreetdiscgolf.com/inbounds/0000036.webp,origin,discmania,midrange,understable,#FFA813,#9A0C0C,177.6,21.4,1.6,1.2,18.8,1.3,5.6,46.5,11.59,,,,20-63,"Jul 14, 2020"
671,Origo,Prodiscus,Putter,19,3,4,0,1,Stable,https://www.marshallstreetdiscgolf.com/?s=origo&post_type=product,https://s3.amazonaws.com/media.marshallstreetdiscgolf.com/inbounds/0000246.webp,origo,prodiscus,putter,stable,#32E65C,#5435A9,176,21.2,1.9,1.5,19.1,1.1,7.1,56.75,6.14,,,,22-131,"Aug 1, 2022"
672,Orion LF,Millennium,Fairway Driver,17,9,5,-1,2,Stable,https://www.marshallstreetdiscgolf.com/?s=orion+lf&post_type=product,https://s3.amazonaws.com/media.marshallstreetdiscgolf.com/inbounds/4329112.webp,orion-lf,millennium,control-driver,stable,#000000,#FF0974,,,,,,,,,,,,,,
673,Orion LS,Millennium,Fairway Driver,17,9,4,-1,1,Understable,https://www.marshallstreetdiscgolf.com/?s=orion+ls&post_type=product,https://s3.amazonaws.com/media.marshallstreetdiscgolf.com/inbounds/9525844.webp,orion-ls,millennium,control-driver,understable,#000000,#FF0974,,,,,,,,,,,,,,
674,Osprey,AquaFlight,Distance Driver,15,12,4,-1,2,Overstable,https://www.marshallstreetdiscgolf.com/product/aquaflight-osprey,https://s3.amazonaws.com/media.marshallstreetdiscgolf.com/inbounds/9525843.webp,osprey,aquaflight,distance-driver,overstable,#8B1D5B,#11FF98,,,,,,,,,,,,,,
675,Outer Core,Trash Panda,Putter,19,2,4,0,1,Stable,,,outer-core,trash-panda,putter,stable,#FFFFFF,#000000,,,,,,,,,,,,,,
676,Outlaw,Legacy,Distance Driver,15,12,5,-1,3,Overstable,https://www.marshallstreetdiscgolf.com/?s=outlaw&post_type=product,https://s3.amazonaws.com/media.marshallstreetdiscgolf.com/inbounds/9525845.webp,outlaw,legacy,distance-driver,overstable,#3831F0,#E43DD9,,,,,,,,,,,,,,
677,Owl,Stokely Discs,Approach Discs,20,4,3,0,3,Very Overstable,https://www.marshallstreetdiscgolf.com/?s=owl&post_type=product,https://s3.amazonaws.com/media.marshallstreetdiscgolf.com/inbounds/0000462.webp,owl,stokely-discs,approach-discs,very-overstable,#FBE311,#37B2DF,175.1,21.1,2,1.4,18.7,1.2,6.6,57.25,8.86,,,,24-92,"Apr 29, 2024"
678,Ozone,Trash Panda,Fairway Driver,17,8,6,-3,1,Very Understable,https://www.marshallstreetdiscgolf.com/?s=ozone&post_type=product,https://s3.amazonaws.com/media.marshallstreetdiscgolf.com/inbounds/0000442.webp,ozone,trash-panda,control-driver,very-understable,#FFFFFF,#000000,,,,,,,,,,,,,,
679,P Model OS,Prodigy,Putter,19,3,4,0,3,Overstable,https://www.marshallstreetdiscgolf.com/?s=%22P+model+OS%22&post_type=product,https://s3.amazonaws.com/media.marshallstreetdiscgolf.com/inbounds/1010589.webp,p-model-os,prodigy,putter,overstable,#000000,#10A259,,,,,,,,,,,,,,
680,P Model S,Prodigy,Putter,19,3,5,0,2,Stable,https://www.marshallstreetdiscgolf.com/?s=P+Model+S&post_type=product,https://s3.amazonaws.com/media.marshallstreetdiscgolf.com/inbounds/0000188.webp,p-model-s,prodigy,putter,stable,#000000,#10A259,,,,,,,,,,,,,,
681,P Model US,Prodigy,Putter,19,3,5,-1,1,Understable,https://www.marshallstreetdiscgolf.com/?s=P+Model+US&post_type=product,https://s3.amazonaws.com/media.marshallstreetdiscgolf.com/inbounds/0000046.webp,p-model-us,prodigy,putter,understable,#000000,#10A259,,,,,,,,,,,,,,
682,P1,Discmania,Putter,19,2,3,0,0,Stable,https://www.marshallstreetdiscgolf.com/?s=p1&post_type=product,https://s3.amazonaws.com/media.marshallstreetdiscgolf.com/inbounds/0000251.webp,p1,discmania,putter,stable,#FFA813,#9A0C0C,,,,,,,,,,,,,,
683,P1X,Discmania,Putter,19,2,3,0,0,Stable,https://www.marshallstreetdiscgolf.com/?s=p1x&post_type=product,https://s3.amazonaws.com/media.marshallstreetdiscgolf.com/inbounds/2227520.webp,p1x,discmania,putter,stable,#FFA813,#9A0C0C,,,,,,,,,,,,,,
684,P2,Discmania,Putter,19,2,3,0,1,Overstable,https://www.marshallstreetdiscgolf.com/?s=p2&post_type=product,https://s3.amazonaws.com/media.marshallstreetdiscgolf.com/inbounds/0000271.webp,p2,discmania,putter,overstable,#FFA813,#9A0C0C,,,,,,,,,,,,,,
685,P2X,Discmania,Putter,19,2,3,0,1,Overstable,https://www.marshallstreetdiscgolf.com/?s=p2x&post_type=product,https://s3.amazonaws.com/media.marshallstreetdiscgolf.com/inbounds/0000481.webp,p2x,discmania,putter,overstable,#FFA813,#9A0C0C,,,,,,,,,,,,,,
686,P3 (OOP),Discmania,Putter,19,3,2,0,3,Overstable,https://www.marshallstreetdiscgolf.com/?s=p3&post_type=product,https://s3.amazonaws.com/media.marshallstreetdiscgolf.com/inbounds/9617057.webp,p3-oop,discmania,putter,overstable,#FFA813,#9A0C0C,,,,,,,,,,,,,,
687,P3X,Discmania,Putter,19,3,2,0,3,Overstable,https://www.marshallstreetdiscgolf.com/?s=P3X&post_type=product,https://s3.amazonaws.com/media.marshallstreetdiscgolf.com/inbounds/0000421.webp,p3x,discmania,putter,overstable,#FFA813,#9A0C0C,,,,,,,,,,,,,,
688,P4,Discmania,Approach Discs,20,4,2,0,3,Very Overstable,https://www.marshallstreetdiscgolf.com/?s=p4&post_type=product,https://s3.amazonaws.com/media.marshallstreetdiscgolf.com/inbounds/0000001.webp,p4,discmania,approach-discs,very-overstable,#FFA813,#9A0C0C,177.6,21.4,1.8,1.4,19,1.2,6.5,53,11.02,,,,25-49,"Mar 24, 2025"
689,PA-3 Sparrow,Disctroyer,Putter,19,3,3,0,2,Overstable,https://www.marshallstreetdiscgolf.com/?s=Sparrow&post_type=product,https://s3.amazonaws.com/media.marshallstreetdiscgolf.com/inbounds/0000087.webp,pa-3-sparrow,disctroyer,putter,overstable,#4D144D,#A45656,,,,,,,,,,,,,,
690,PA1,Prodigy,Putter,19,3,3,0,2.5,Overstable,https://www.marshallstreetdiscgolf.com/?s=pa1&post_type=product,https://s3.amazonaws.com/media.marshallstreetdiscgolf.com/inbounds/2111647.webp,pa1,prodigy,putter,overstable,#000000,#10A259,,,,,,,,,,,,,,
691,PA2,Prodigy,Putter,19,3,3,0,2,Overstable,https://www.marshallstreetdiscgolf.com/?s=pa2&post_type=product,https://s3.amazonaws.com/media.marshallstreetdiscgolf.com/inbounds/2121647.webp,pa2,prodigy,putter,overstable,#000000,#10A259,,,,,,,,,,,,,,
692,PA3,Prodigy,Putter,19,3,3,0,1,Stable,https://www.marshallstreetdiscgolf.com/?s=pa3&post_type=product,https://s3.amazonaws.com/media.marshallstreetdiscgolf.com/inbounds/2131647.webp,pa3,prodigy,putter,stable,#000000,#10A259,,,,,,,,,,,,,,
693,PA4,Prodigy,Putter,19,3,3,-1,1,Understable,https://www.marshallstreetdiscgolf.com/?s=pa4&post_type=product,https://s3.amazonaws.com/media.marshallstreetdiscgolf.com/inbounds/2141647.webp,pa4,prodigy,putter,understable,#000000,#10A259,,,,,,,,,,,,,,
694,PA5,Prodigy,Putter,19,3,4,-2,0.5,Understable,https://www.marshallstreetdiscgolf.com/?s=PA5&post_type=product,https://s3.amazonaws.com/media.marshallstreetdiscgolf.com/inbounds/0000256.webp,pa5,prodigy,putter,understable,#000000,#10A259,,,,,,,,,,,,,,
695,PD,Discmania,Control Driver,16,10,4,0,3,Overstable,https://www.marshallstreetdiscgolf.com/?s=PD&post_type=product,https://s3.amazonaws.com/media.marshallstreetdiscgolf.com/inbounds/0000265.webp,pd,discmania,hybrid-driver,overstable,#FFA813,#9A0C0C,,,,,,,,,,,,,,
696,PD2,Discmania,Distance Driver,15,12,4,0,4,Very Overstable,https://www.marshallstreetdiscgolf.com/?s=PD2&post_type=product,https://s3.amazonaws.com/media.marshallstreetdiscgolf.com/inbounds/0000400.webp,pd2,discmania,distance-driver,very-overstable,#FFA813,#9A0C0C,,,,,,,,,,,,,,
697,PD3 (OOP),Discmania,Control Driver,16,11,3,0,5,Very Overstable,https://www.marshallstreetdiscgolf.com/product/glow-c-line-pd3-euro-open,https://s3.amazonaws.com/media.marshallstreetdiscgolf.com/inbounds/0000002.webp,pd3-oop,discmania,hybrid-driver,very-overstable,#FFA813,#9A0C0C,,,,,,,,,,,,,,
698,PDx (OOP),Discmania,Control Driver,16,11,4,0,3,Overstable,https://www.marshallstreetdiscgolf.com/?s=pdx&post_type=product,https://s3.amazonaws.com/media.marshallstreetdiscgolf.com/inbounds/5356888.webp,pdx-oop,discmania,hybrid-driver,overstable,#FFA813,#9A0C0C,,,,,,,,,,,,,,
699,PX-3,Prodigy,Putter,19,3,3,0,2,Overstable,https://www.marshallstreetdiscgolf.com/?s=px-3&post_type=product,https://s3.amazonaws.com/media.marshallstreetdiscgolf.com/inbounds/0000118.webp,px-3,prodigy,putter,overstable,#000000,#10A259,,,,,,,,,,,,,,
700,Pace,Finish Line,Putter,19,2,4,0,1.5,Overstable,https://www.marshallstreetdiscgolf.com/?s=pace&post_type=product,https://s3.amazonaws.com/media.marshallstreetdiscgolf.com/inbounds/0000335.webp,pace,finish-line,putter,overstable,#1914FF,#FFA5F4,,,,,,,,,,,,,,
701,Panic,Axiom Discs,Distance Driver,15,13,4,-0.5,3,Overstable,https://www.marshallstreetdiscgolf.com/?s=panic&post_type=product,https://s3.amazonaws.com/media.marshallstreetdiscgolf.com/inbounds/0778090.webp,panic,axiom-discs,distance-driver,overstable,#000000,#FF9595,175.1,21.1,1.7,1.2,16.3,2.4,5.7,26.25,12.25,,,,17-45,"Apr 3, 2017"
702,Panther,Innova,Midrange,18,5,4,-2,1,Understable,https://www.marshallstreetdiscgolf.com/?s=panther&post_type=product,https://s3.amazonaws.com/media.marshallstreetdiscgolf.com/inbounds/0768090.webp,panther,innova,midrange,understable,#2A290E,#F3EB09,,,,,,,,,,,,,,
703,Parachute,Streamline,Putter,19,1,7,0,0.5,Stable,https://www.marshallstreetdiscgolf.com/?s=parachute&post_type=product,https://s3.amazonaws.com/media.marshallstreetdiscgolf.com/inbounds/0000469.webp,parachute,streamline,putter,stable,#012219,#ACFFBA,,,,,,,,,,,,,,
704,Paradigm,Discmania,Distance Driver,15,12,6,-1.5,2,Stable,https://www.marshallstreetdiscgolf.com/?s=Paradigm&post_type=product,https://s3.amazonaws.com/media.marshallstreetdiscgolf.com/inbounds/0000306.webp,paradigm,discmania,distance-driver,stable,#FFA813,#9A0C0C,175.1,21.1,1.7,1.1,16.8,2.1,5.2,34,9.89,,,,22-72,"May 2, 2022"
705,Paradox,Axiom Discs,Midrange,18,5,4,-4,0,Very Understable,https://www.marshallstreetdiscgolf.com/?s=paradox&post_type=product,https://s3.amazonaws.com/media.marshallstreetdiscgolf.com/inbounds/0000138.webp,paradox,axiom-discs,midrange,very-understable,#000000,#FF9595,178.5,21.5,1.8,1.3,18.9,1.3,6,50.25,7.05,,,,21-71,"Jul 5, 2021"
706,Passion,Discraft,Fairway Driver,17,8,5,-1,1,Understable,https://www.marshallstreetdiscgolf.com/?s=Passion&post_type=product,https://s3.amazonaws.com/media.marshallstreetdiscgolf.com/inbounds/0000416.webp,passion,discraft,control-driver,understable,#FF3737,#000000,179.3,21.6,1.6,1.2,18.3,1.7,5.6,32,6.7,,,,21-82,"Jul 19, 2021"
707,Pathfinder,Thought Space Athletics,Midrange,18,5,5,0,1,Stable,https://www.marshallstreetdiscgolf.com/?s=pathfinder&post_type=product,https://s3.amazonaws.com/media.marshallstreetdiscgolf.com/inbounds/0000042.webp,pathfinder,thought-space-athletics,midrange,stable,#000000,#FF770E,178.5,21.5,1.7,1.3,18.6,1.4,6,43,10,,,,20-51,"Jun 23, 2020"
708,Patriot,Legacy,Fairway Driver,17,7,5,-2,1,Understable,https://www.marshallstreetdiscgolf.com/?s=patriot&post_type=product,https://s3.amazonaws.com/media.marshallstreetdiscgolf.com/inbounds/9876123.webp,patriot,legacy,control-driver,understable,#3831F0,#E43DD9,,,,,,,,,,,,,,
709,Patrol,Dynamic Discs,Midrange,18,5,5,-3,1,Understable,https://www.marshallstreetdiscgolf.com/product/lucid-patrol,https://s3.amazonaws.com/media.marshallstreetdiscgolf.com/inbounds/0000000.webp,patrol,dynamic-discs,midrange,understable,#FFFFFF,#0082F4,180.1,21.7,1.6,1.2,18.8,1.4,5.5,44,8.85,,,,17-124,"Dec 4, 2017"
710,Peace Frog,AquaFlight,Putter,19,3,3,0,1,Stable,https://www.marshallstreetdiscgolf.com/product/aquaflight-peace-frog,https://s3.amazonaws.com/media.marshallstreetdiscgolf.com/inbounds/9341386.webp,peace-frog,aquaflight,putter,stable,#8B1D5B,#11FF98,,,,,,,,,,,,,,
711,Peace Train,Jester Disc Golf,Midrange,18,5,4,-2,1,Understable,https://www.marshallstreetdiscgolf.com/?s=peace+train&post_type=product,https://s3.amazonaws.com/media.marshallstreetdiscgolf.com/inbounds/0000430.webp,peace-train,jester-disc-golf,midrange,understable,#FFF172,#0E887C,178.5,21.5,1.7,1.3,18.6,1.4,6,41.75,8.07,,,,23-82,"Mar 23, 2023"
712,Peach,Clash Discs,Midrange,18,4,5,-2,1,Understable,https://www.marshallstreetdiscgolf.com/?s=Peach&post_type=product,https://s3.amazonaws.com/media.marshallstreetdiscgolf.com/inbounds/0000284.webp,peach,clash-discs,midrange,understable,#FF93E9,#2516FF,177.6,21.4,1.9,1.3,18.6,1.4,6.1,45,9.66,,,,22-166,"Sep 26, 2022"
713,Peak,Latitude 64,Putter,19,3,3,0,1,Stable,https://www.marshallstreetdiscgolf.com/?s=peak&post_type=product,https://s3.amazonaws.com/media.marshallstreetdiscgolf.com/inbounds/0000489.webp,peak,latitude-64,putter,stable,#FFFFFF,#F40909,176.8,21.3,1.9,1.3,19.1,1.1,6.1,59.25,8.41,,,,24-220,"Nov 18, 2024"
714,Pearl,Latitude 64,Midrange,18,4,6,-4,0,Very Understable,https://www.marshallstreetdiscgolf.com/?s=pearl&post_type=product,https://s3.amazonaws.com/media.marshallstreetdiscgolf.com/inbounds/9341387.webp,pearl,latitude-64,midrange,very-understable,#FFFFFF,#F40909,179.3,21.6,1.8,1.2,19.2,1.2,5.6,49.25,4.2,,,,12-32,"Jun 27, 2012"
715,Pegasus,Innova,Fairway Driver,17,7,4,-1,3,Overstable,,,pegasus,innova,control-driver,overstable,#2A290E,#F3EB09,,,,,,,,,,,,,,
716,Pekapeka,RPM,Fairway Driver,17,9,6,-3,1,Understable,https://www.marshallstreetdiscgolf.com/?s=pekapeka&post_type=product,https://s3.amazonaws.com/media.marshallstreetdiscgolf.com/inbounds/0000146.webp,pekapeka,rpm,control-driver,understable,#1FBE25,#434343,,,,,,,,,,,,,,
717,Pelican,AquaFlight,Fairway Driver,17,6,5,-3,1,Very Understable,https://www.marshallstreetdiscgolf.com/product/aquaflight-pelican,https://s3.amazonaws.com/media.marshallstreetdiscgolf.com/inbounds/9280089.webp,pelican,aquaflight,control-driver,very-understable,#8B1D5B,#11FF98,,,,,,,,,,,,,,
718,Penny Putter (Premium),Lone Star Discs,Putter,19,3,4,0,2,Overstable,https://www.marshallstreetdiscgolf.com/?s=penny+putter&post_type=product,https://s3.amazonaws.com/media.marshallstreetdiscgolf.com/inbounds/0000128.webp,penny-putter-premium,lone-star-discs,putter,overstable,#FFA5EA,#6B834B,,,,,,,,,,,,,,
719,Penny Putter (Victor),Lone Star Discs,Putter,19,3,5,-1,1,Stable,https://www.marshallstreetdiscgolf.com/?s=penny+putter&post_type=product,https://s3.amazonaws.com/media.marshallstreetdiscgolf.com/inbounds/0000128.webp,penny-putter-victor,lone-star-discs,putter,stable,#FFA5EA,#6B834B,,,,,,,,,,,,,,
720,Penrose,EV-7,Putter,19,2,4,0,2,Overstable,https://www.marshallstreetdiscgolf.com/?s=penrose&post_type=product,https://s3.amazonaws.com/media.marshallstreetdiscgolf.com/inbounds/0000075.webp,penrose,ev-7,putter,overstable,#FFFFFF,#111397,,,,,,,,,,,,,,
721,Pepper,Clash Discs,Control Driver,16,11,5,0,4,Overstable,https://www.marshallstreetdiscgolf.com/?s=Pepper&post_type=product,https://s3.amazonaws.com/media.marshallstreetdiscgolf.com/inbounds/0000211.webp,pepper,clash-discs,hybrid-driver,overstable,#FF93E9,#2516FF,177.6,21.4,1.8,1.2,17.1,2.2,5.6,26.25,11.82,,,,22-13,"Jan 24, 2022"
722,Peppermint,Clash Discs,Approach Discs,20,4,2,0,4,Very Overstable,https://www.marshallstreetdiscgolf.com/?s=Peppermint&post_type=product,https://s3.amazonaws.com/media.marshallstreetdiscgolf.com/inbounds/0000354.webp,peppermint,clash-discs,approach-discs,very-overstable,#FF93E9,#2516FF,176,21.2,1.7,1.4,18.5,1.4,6.6,44.25,9.55,,,,23-133,"May 1, 2023"
723,Peregrine,Stokely Discs,Distance Driver,15,12,6,-2,2,Stable,https://www.marshallstreetdiscgolf.com/product/thermo-peregrine-first-run,https://s3.amazonaws.com/media.marshallstreetdiscgolf.com/inbounds/0000541.webp,peregrine,stokely-discs,distance-driver,stable,#FBE311,#37B2DF,174.3,21,1.5,1.1,16.5,2.2,5.2,29,9.55,,,,24-224,"Dec 2, 2024"
724,Persona,Thought Space Athletics,Fairway Driver,17,8,5,-3,1,Understable,https://www.marshallstreetdiscgolf.com/?s=persona&post_type=product,https://s3.amazonaws.com/media.marshallstreetdiscgolf.com/inbounds/0000502.webp,persona,thought-space-athletics,control-driver,understable,#000000,#FF770E,177.6,21.4,1.7,1.1,18,1.7,5.1,34.25,7.73,,,,25-31,"Mar 3, 2025"
725,Pestilence,Doomsday Discs,Distance Driver,15,13,5,-4,1,Very Understable,,,pestilence,doomsday-discs,distance-driver,very-understable,#B6FF8B,#144E48,176,21.2,1.5,1.1,16.5,2.4,5.2,28,8.64,,,,22-226,"Dec 12, 2022"
726,Pharaoh,Infinite Discs,Distance Driver,15,13,6,-1,2,Stable,https://www.marshallstreetdiscgolf.com/product/i-blend-pharaoh,https://s3.amazonaws.com/media.marshallstreetdiscgolf.com/inbounds/9921999.webp,pharaoh,infinite-discs,distance-driver,stable,#FFFFFF,#62054C,175.1,21.1,1.4,1.1,16.4,2.3,5.2,28.5,11.11,,,,18-33,"Feb 2, 2018"
727,Phase,MVP,Control Driver,16,11,3.5,0,4,Overstable,https://www.marshallstreetdiscgolf.com/?s=phase&post_type=product,https://s3.amazonaws.com/media.marshallstreetdiscgolf.com/inbounds/9921911.webp,phase,mvp,hybrid-driver,overstable,#000000,#9BF2FF,,,,,,,,,,,,,,
728,Phenom,Legacy,Fairway Driver,17,8,5,-1,2,Stable,https://www.marshallstreetdiscgolf.com/?s=phenom&post_type=product,https://s3.amazonaws.com/media.marshallstreetdiscgolf.com/inbounds/0615743.webp,phenom,legacy,control-driver,stable,#3831F0,#E43DD9,,,,,,,,,,,,,,
729,Phi,EV-7,Putter,19,3,4,0,1,Stable,https://www.marshallstreetdiscgolf.com/?s=phi&post_type=product,https://s3.amazonaws.com/media.marshallstreetdiscgolf.com/inbounds/0000283.webp,phi,ev-7,putter,stable,#FFFFFF,#111397,174.3,21,2,1.5,18.9,1.1,7.1,71.5,6.59,,,,21-59,"May 17, 2021"
730,Phoenix,Mint Discs,Fairway Driver,17,9,3,0,4,Very Overstable,https://www.marshallstreetdiscgolf.com/?s=Phoenix&post_type=product,https://s3.amazonaws.com/media.marshallstreetdiscgolf.com/inbounds/0000278.webp,phoenix,mint-discs,control-driver,very-overstable,#FFFFFF,#F4933E,176,21.2,1.7,1.2,17.2,2,5.7,26.75,9.89,,,,22-64,"Apr 25, 2022"
731,Photon,MVP,Control Driver,16,11,5,-1,2.5,Overstable,https://www.marshallstreetdiscgolf.com/?s=photon&post_type=product,https://s3.amazonaws.com/media.marshallstreetdiscgolf.com/inbounds/0615744.webp,photon,mvp,hybrid-driver,overstable,#000000,#9BF2FF,,,,,,,,,,,,,,
732,Pickle,Mint Discs,Putter,19,2,3.5,0,1.5,Overstable,,,pickle,mint-discs,putter,overstable,#FFFFFF,#F4933E,,,,,,,,,,,,,,
733,Pig,Innova,Approach Discs,20,4,1,0,3,Very Overstable,https://www.marshallstreetdiscgolf.com/?s=pig&post_type=product,https://s3.amazonaws.com/media.marshallstreetdiscgolf.com/inbounds/5445845.webp,pig,innova,approach-discs,very-overstable,#2A290E,#F3EB09,,,,,,,,,,,,,,
734,Pilot,Streamline,Putter,19,2,5,-1,1,Stable,https://www.marshallstreetdiscgolf.com/?s=pilot&post_type=product,https://s3.amazonaws.com/media.marshallstreetdiscgolf.com/inbounds/5444845.webp,pilot,streamline,putter,stable,#012219,#ACFFBA,,,,,,,,,,,,,,
735,Pine,Westside Discs,Midrange,18,5,4,0,2,Overstable,https://www.marshallstreetdiscgolf.com/?s=pine&post_type=product,https://s3.amazonaws.com/media.marshallstreetdiscgolf.com/inbounds/0091212.webp,pine,westside-discs,midrange,overstable,#FFFFFF,#014E13,,,,,,,,,,,,,,
736,Pioneer,Latitude 64,Fairway Driver,17,9,3,0,4,Very Overstable,https://www.marshallstreetdiscgolf.com/product/opto-line-pioneer-1st-run,https://s3.amazonaws.com/media.marshallstreetdiscgolf.com/inbounds/1010998.webp,pioneer,latitude-64,control-driver,very-overstable,#FFFFFF,#F40909,176,21.2,1.5,1.2,17.3,1.9,5.7,27,11.57,,,,18-79,"Nov 23, 2018"
737,Pipeline,DGA,Fairway Driver,17,8,5,0,2,Stable,https://www.marshallstreetdiscgolf.com/product/p-line-pipeline,https://s3.amazonaws.com/media.marshallstreetdiscgolf.com/inbounds/9991212.webp,pipeline,dga,control-driver,stable,#2876FF,#272727,,,,,,,,,,,,,,
738,Pirate,Latitude 64,Midrange,18,5,6,-2,0,Understable,https://www.marshallstreetdiscgolf.com/?s=Pirate&post_type=product,https://s3.amazonaws.com/media.marshallstreetdiscgolf.com/inbounds/0000105.webp,pirate,latitude-64,midrange,understable,#FFFFFF,#F40909,,,,,,,,,,,,,,
739,Pitch,Axiom Discs,Putter,19,1,7,-0.5,0,Stable,https://www.marshallstreetdiscgolf.com/?s=pitch&post_type=product,https://s3.amazonaws.com/media.marshallstreetdiscgolf.com/inbounds/0000418.webp,pitch,axiom-discs,putter,stable,#000000,#FF9595,176,21.2,2,1.6,19.5,0.8,7.5,79.75,4.2,,,,23-139,"May 15, 2023"
740,Pivot,Prodigy,Putter,19,3,4,0,0.5,Stable,https://www.marshallstreetdiscgolf.com/?s=pivot&post_type=product,https://s3.amazonaws.com/media.marshallstreetdiscgolf.com/inbounds/0000505.webp,pivot,prodigy,putter,stable,#000000,#10A259,,,,,,,,,,,,,,
741,Piwakawaka,RPM,Midrange,18,4,5,0,0,Understable,https://www.marshallstreetdiscgolf.com/?s=piwakawaka&post_type=product,https://s3.amazonaws.com/media.marshallstreetdiscgolf.com/inbounds/0165749.webp,piwakawaka,rpm,midrange,understable,#1FBE25,#434343,,,,,,,,,,,,,,
742,Pixel,Axiom Discs,Putter,19,2,4,0,0.5,Stable,https://www.marshallstreetdiscgolf.com/?s=pixel&post_type=product,https://s3.amazonaws.com/media.marshallstreetdiscgolf.com/inbounds/0000399.webp,pixel,axiom-discs,putter,stable,#000000,#FF9595,176,21.2,2.1,1.5,19.1,1,7.1,61,7.73,,,,23-218,"Sep 5, 2023"
743,Plague,Doomsday Discs,Distance Driver,15,12,5,-1,2.5,Stable,,,plague,doomsday-discs,distance-driver,stable,#B6FF8B,#144E48,175.1,21.1,1.8,1.1,16.7,2.2,5.2,26.75,8.98,,,,22-67,"Apr 25, 2022"
744,Pneuma,Thought Space Athletics,Putter,19,2,3,0,0,Stable,https://www.marshallstreetdiscgolf.com/?s=pneuma&post_type=product,https://s3.amazonaws.com/media.marshallstreetdiscgolf.com/inbounds/0000385.webp,pneuma,thought-space-athletics,putter,stable,#000000,#FF770E,174.3,21,1.9,1.4,19,1,6.7,57,2.73,,,,23-177,"Jun 30, 2023"
745,Polar Bear,Daredevil Discs,Putter,19,2,3,0,1,Stable,https://www.marshallstreetdiscgolf.com/?s=polar+bear&post_type=product,https://s3.amazonaws.com/media.marshallstreetdiscgolf.com/inbounds/7766446.webp,polar-bear,daredevil-discs,putter,stable,#FFFFFF,#515151,176,21.2,2,1.5,19.3,1,7.1,62.5,4.2,,,,07-30,"Jun 12, 2007"
746,Polaris LF (OOP),Millennium,Fairway Driver,17,9,5,-2,2,Stable,https://www.marshallstreetdiscgolf.com/?s=polaris+lf&post_type=product,https://s3.amazonaws.com/media.marshallstreetdiscgolf.com/inbounds/7747873.webp,polaris-lf-oop,millennium,control-driver,stable,#000000,#FF0974,,,,,,,,,,,,,,
747,Polaris LS,Millennium,Fairway Driver,17,6,4,-1,1,Stable,https://www.marshallstreetdiscgolf.com/?s=polaris+ls&post_type=product,https://s3.amazonaws.com/media.marshallstreetdiscgolf.com/inbounds/3226668.webp,polaris-ls,millennium,control-driver,stable,#000000,#FF0974,,,,,,,,,,,,,,
748,Polecat,Innova,Putter,19,1,3,0,0,Stable,https://www.marshallstreetdiscgolf.com/?s=polecat&post_type=product,https://s3.amazonaws.com/media.marshallstreetdiscgolf.com/inbounds/0435624.webp,polecat,innova,putter,stable,#2A290E,#F3EB09,,,,,,,,,,,,,,
749,Ponderosa,Above Ground Level,Putter,19,3,4,-2,0,Very Understable,https://www.marshallstreetdiscgolf.com/?s=Ponderosa&post_type=product,https://s3.amazonaws.com/media.marshallstreetdiscgolf.com/inbounds/0000125.webp,ponderosa,above-ground-level,putter,very-understable,#CFFF30,#000000,175.1,21.1,2.1,1.5,19,1,7.1,69.75,4.66,,,,20-35,"Apr 30, 2020"
750,Popcorn,Clash Discs,Putter,19,3,3,0,1,Stable,https://www.marshallstreetdiscgolf.com/?s=Popcorn&post_type=product,https://s3.amazonaws.com/media.marshallstreetdiscgolf.com/inbounds/0000207.webp,popcorn,clash-discs,putter,stable,#FF93E9,#2516FF,177.6,21.4,1.9,1.6,19.2,1.1,7.5,69.5,6.48,,,,21-133,"Dec 6, 2021"
751,Power Disc (Phantom Sword),Innova,Control Driver,16,10,4,0,3,Overstable,https://www.marshallstreetdiscgolf.com/product/champion-phantom-sword-pd,https://s3.amazonaws.com/media.marshallstreetdiscgolf.com/inbounds/0000248.webp,power-disc-phantom-sword,innova,hybrid-driver,overstable,#2A290E,#F3EB09,,,,,,,,,,,,,,
752,Power Disc2,Innova,Distance Driver,15,12,4,0,4,Very Overstable,https://www.marshallstreetdiscgolf.com/?s=power+disc+2&post_type=product,https://s3.amazonaws.com/media.marshallstreetdiscgolf.com/inbounds/0000248.webp,power-disc2,innova,distance-driver,very-overstable,#2A290E,#F3EB09,,,,,,,,,,,,,,
753,Praxis,Thought Space Athletics,Putter,19,3,3,0,1,Stable,https://www.marshallstreetdiscgolf.com/?s=Praxis&post_type=product,https://s3.amazonaws.com/media.marshallstreetdiscgolf.com/inbounds/0000139.webp,praxis,thought-space-athletics,putter,stable,#000000,#FF770E,176,21.2,1.8,1.4,18.8,1.2,6.6,60,9.43,,,,21-27,"Mar 10, 2021"
754,Precision,Stokely Discs,Midrange,18,4.5,4,-1,1,Stable,https://www.marshallstreetdiscgolf.com/?s=precision&post_type=product,https://s3.amazonaws.com/media.marshallstreetdiscgolf.com/inbounds/0459659.webp,precision,stokely-discs,midrange,stable,#FBE311,#37B2DF,,,,,,,,,,,,,,
755,Predator,Discraft,Fairway Driver,17,9,4,1,4,Overstable,https://www.marshallstreetdiscgolf.com/?s=predator&post_type=product,https://s3.amazonaws.com/media.marshallstreetdiscgolf.com/inbounds/6206017.webp,predator,discraft,control-driver,overstable,#FF3737,#000000,176,21.2,1.9,1.1,17.4,1.9,5.2,28.5,7.48,,,,02-06,"May 29, 2002"
756,Prince,Westside Discs,Distance Driver,15,13,5,0,3,Overstable,https://www.marshallstreetdiscgolf.com/?s=Prince&post_type=product,https://s3.amazonaws.com/media.marshallstreetdiscgolf.com/inbounds/0000426.webp,prince,westside-discs,distance-driver,overstable,#FFFFFF,#014E13,,,,,,,,,,,,,,
757,Procyon,Trash Panda,Distance Driver,15,11.5,5,-1,2,Overstable,,,procyon,trash-panda,distance-driver,overstable,#FFFFFF,#000000,,,,,,,,,,,,,,
758,Profit,Mint Discs,Putter,19,2,3,0,2,Overstable,https://www.marshallstreetdiscgolf.com/?s=profit&post_type=product,https://s3.amazonaws.com/media.marshallstreetdiscgolf.com/inbounds/1010102.webp,profit,mint-discs,putter,overstable,#FFFFFF,#F4933E,175.1,21.1,1.9,1.6,18.9,1.1,7.6,65.75,9.66,,,,19-44,"May 23, 2019"
759,Prophecy,Gateway,Midrange,18,5,5,0,2,Overstable,https://www.marshallstreetdiscgolf.com/?s=prophecy&post_type=product,https://s3.amazonaws.com/media.marshallstreetdiscgolf.com/inbounds/1187299.webp,prophecy,gateway,midrange,overstable,#FFFFFF,#A66A17,,,,,,,,,,,,,,
760,Prowler,Legacy,Putter,19,2,2,0,2,Overstable,https://www.marshallstreetdiscgolf.com/?s=prowler&post_type=product,https://s3.amazonaws.com/media.marshallstreetdiscgolf.com/inbounds/1187245.webp,prowler,legacy,putter,overstable,#3831F0,#E43DD9,,,,,,,,,,,,,,
761,Proxy,Axiom Discs,Putter,19,3,3,-1,0.5,Understable,https://www.marshallstreetdiscgolf.com/?s=Proxy&post_type=product,https://s3.amazonaws.com/media.marshallstreetdiscgolf.com/inbounds/1187247.webp,proxy,axiom-discs,putter,understable,#000000,#FF9595,174.3,21,1.8,1.5,18.8,1.1,7.1,63.5,6.58,,,,14-74,"Sep 24, 2014"
762,Psychic,Elevation Disc Golf,Distance Driver,15,12,5,-1,2,Overstable,https://www.marshallstreetdiscgolf.com/?s=Psychic&post_type=product,https://s3.amazonaws.com/media.marshallstreetdiscgolf.com/inbounds/0000411.webp,psychic,elevation-disc-golf,distance-driver,overstable,#FFFFFF,#6A431D,175.1,21.1,1.3,1.1,16.6,2.2,5.2,31,2.5,,,,23-262,"Nov 20, 2023"
763,Psyop,Doomsday Discs,Fairway Driver,17,9,4,-2,3,Understable,,,psyop,doomsday-discs,control-driver,understable,#B6FF8B,#144E48,175.1,21.1,1.6,1.1,17.4,1.9,5.2,30,10.23,,,,25-16,"Jan 23, 2025"
764,Pterodactyl,Dino Discs,Control Driver,16,10,5,-3,1,Understable,https://www.marshallstreetdiscgolf.com/?s=pterodactyl&post_type=product,https://s3.amazonaws.com/media.marshallstreetdiscgolf.com/inbounds/0000528.webp,pterodactyl,dino-discs,hybrid-driver,understable,#740A0A,#FF6FCF,,,,,,,,,,,,,,
765,Pulse,Discraft,Control Driver,16,11,4,0,3,Overstable,https://www.marshallstreetdiscgolf.com/?s=Pulse&post_type=product,https://s3.amazonaws.com/media.marshallstreetdiscgolf.com/inbounds/9166489.webp,pulse,discraft,hybrid-driver,overstable,#FF3737,#000000,176,21.2,1.7,1.3,17.1,2.1,6.1,29.75,10.21,,,,06-29,"Jun 29, 2006"
766,Punisher,Discraft,Distance Driver,15,12,5,0,3,Overstable,https://www.marshallstreetdiscgolf.com/?s=punisher&post_type=product,https://s3.amazonaws.com/media.marshallstreetdiscgolf.com/inbounds/2014211.webp,punisher,discraft,distance-driver,overstable,#FF3737,#000000,175.1,21.1,1.5,1.1,16.7,2.2,5.2,28.25,11.68,,,,17-69,"Apr 21, 2017"
767,Pure,Latitude 64,Putter,19,3,3,-1,1,Stable,https://www.marshallstreetdiscgolf.com/?cat_ids%5B%5D=982&post_type=product&s=pure&variation_toggle=1,https://s3.amazonaws.com/media.marshallstreetdiscgolf.com/inbounds/1692215.webp,pure,latitude-64,putter,stable,#FFFFFF,#F40909,176,21.2,1.8,1.4,19.2,1,6.6,48.25,6.69,,,,09-13,"Apr 13, 2009"
768,Pure OG,Other,Midrange,18,6,4,-1,2,Stable,https://www.marshallstreetdiscgolf.com/product/x-out-pure-og,https://s3.amazonaws.com/media.marshallstreetdiscgolf.com/inbounds/1692216.webp,pure-og,other,midrange,stable,#000000,#E5FFAA,,,,,,,,,,,,,,
769,Pursuit,Legacy,Midrange,18,5,3,0,3,Very Overstable,https://www.marshallstreetdiscgolf.com/?s=Pursuit&post_type=product,https://s3.amazonaws.com/media.marshallstreetdiscgolf.com/inbounds/4627750.webp,pursuit,legacy,midrange,very-overstable,#3831F0,#E43DD9,,,,,,,,,,,,,,
770,Putt'r,Discraft,Putter,19,2,2,-1,1,Understable,https://www.marshallstreetdiscgolf.com/?cat_ids%5B%5D=371&post_type=product&s=putt&variation_toggle=1,https://s3.amazonaws.com/media.marshallstreetdiscgolf.com/inbounds/4621350.webp,puttr,discraft,putter,understable,#FF3737,#000000,174.3,21,2.4,1.6,19.2,0.9,7.6,78.75,8.28,Vintage Class,140.7,,02-03,"Mar 16, 2002"
771,Pyro,Axiom Discs,Midrange,18,5,4,0,2.5,Overstable,https://www.marshallstreetdiscgolf.com/?s=pyro&post_type=product,https://s3.amazonaws.com/media.marshallstreetdiscgolf.com/inbounds/1010222.webp,pyro,axiom-discs,midrange,overstable,#000000,#FF9595,178.5,21.5,1.6,1.3,18.4,1.6,6,42.25,12.05,,,,19-14,"Feb 13, 2019"
772,Python,Innova,Fairway Driver,17,7,3,-1,2,Stable,https://www.marshallstreetdiscgolf.com/product/x-out-dx-python,https://s3.amazonaws.com/media.marshallstreetdiscgolf.com/inbounds/3788383.webp,python,innova,control-driver,stable,#2A290E,#F3EB09,,,,,,,,,,,,,,
773,Qi,Yikun,Distance Driver,15,13,6,-2,2,Understable,https://www.marshallstreetdiscgolf.com/?s=Qi&post_type=product,https://s3.amazonaws.com/media.marshallstreetdiscgolf.com/inbounds/0000097.webp,qi,yikun,distance-driver,understable,#006A6E,#FF6F8C,,,,,,,,,,,,,,
774,Quake,DGA,Midrange,18,5,3,0,3,Overstable,https://www.marshallstreetdiscgolf.com/product/p-line-quake-1st-run,https://s3.amazonaws.com/media.marshallstreetdiscgolf.com/inbounds/0529004.webp,quake,dga,midrange,overstable,#2876FF,#272727,,,,,,,,,,,,,,
775,Quasar,Millennium,Distance Driver,15,13,5,0,3,Overstable,https://www.marshallstreetdiscgolf.com/?s=quasar&post_type=product,https://s3.amazonaws.com/media.marshallstreetdiscgolf.com/inbounds/0580791.webp,quasar,millennium,distance-driver,overstable,#000000,#FF0974,,,,,,,,,,,,,,
776,Queen,Westside Discs,Distance Driver,15,14,5,-3,2,Understable,https://www.marshallstreetdiscgolf.com/?s=queen&post_type=product,https://s3.amazonaws.com/media.marshallstreetdiscgolf.com/inbounds/7166865.webp,queen,westside-discs,distance-driver,understable,#FFFFFF,#014E13,,,,,,,,,,,,,,
777,RA,Infinite Discs,Midrange,18,5,4,0,2.5,Overstable,https://www.marshallstreetdiscgolf.com/?speed=5&speed_end=5&fade=2.5&fade_end=2.5&cat_ids%5B%5D=60841&post_type=product&s=ra&variation_toggle=1,https://s3.amazonaws.com/media.marshallstreetdiscgolf.com/inbounds/0000057.webp,ra,infinite-discs,midrange,overstable,#FFFFFF,#62054C,,,,,,,,,,,,,,
778,RESPECTi,Prodiscus,Fairway Driver,17,7,2,1,2,Very Overstable,https://www.marshallstreetdiscgolf.com/?s=respecti&post_type=product,https://s3.amazonaws.com/media.marshallstreetdiscgolf.com/inbounds/9382566.webp,respecti,prodiscus,control-driver,very-overstable,#32E65C,#5435A9,,,,,,,,,,,,,,
779,Racer,Innova,Distance Driver,15,12,6,-1,2,Stable,https://www.marshallstreetdiscgolf.com/?s=Racer&post_type=product,https://s3.amazonaws.com/media.marshallstreetdiscgolf.com/inbounds/0000424.webp,racer,innova,distance-driver,stable,#2A290E,#F3EB09,,,,,,,,,,,,,,
780,Radar,Storm,Putter,19,2,5,0,0.5,Stable,https://www.marshallstreetdiscgolf.com/?s=radar&post_type=product,https://s3.amazonaws.com/media.marshallstreetdiscgolf.com/inbounds/0000182.webp,radar,storm,putter,stable,#FFF417,#7010B9,,,,,,,,,,,,,,
781,Ragnarok,Viking,Control Driver,16,11,5,-1,2,Stable,https://www.marshallstreetdiscgolf.com/?s=Ragnarok&post_type=product,https://s3.amazonaws.com/media.marshallstreetdiscgolf.com/inbounds/0000098.webp,ragnarok,viking,hybrid-driver,stable,#000000,#04F40C,,,,,,,,,,,,,,
782,Raider,Dynamic Discs,Distance Driver,15,13,5,-0.5,3,Overstable,https://www.marshallstreetdiscgolf.com/?s=RAIDER&post_type=product,https://s3.amazonaws.com/media.marshallstreetdiscgolf.com/inbounds/1010201.webp,raider,dynamic-discs,distance-driver,overstable,#FFFFFF,#0082F4,176,21.2,1.5,1.1,16.3,2.3,5.2,29.25,11.14,,,,19-18,"Feb 27, 2019"
783,Rainmaker,Discmania,Putter,19,2,3,0,0.5,Stable,https://www.marshallstreetdiscgolf.com/?s=rainmaker&post_type=product,https://s3.amazonaws.com/media.marshallstreetdiscgolf.com/inbounds/0000235.webp,rainmaker,discmania,putter,stable,#FFA813,#9A0C0C,176,21.2,2,1.5,19,1.1,7.1,66.25,11.25,,,,21-163,"Dec 30, 2021"
784,Raketen (OOP),Latitude 64,Distance Driver,15,15,4,-2,3,Stable,https://www.marshallstreetdiscgolf.com/?s=raketen&post_type=product,https://s3.amazonaws.com/media.marshallstreetdiscgolf.com/inbounds/1386805.webp,raketen-oop,latitude-64,distance-driver,stable,#FFFFFF,#F40909,,,,,,,,,,,,,,
785,Rally,Finish Line,Fairway Driver,17,8,5,-1,1,Understable,https://www.marshallstreetdiscgolf.com/?s=Rally&post_type=product,https://s3.amazonaws.com/media.marshallstreetdiscgolf.com/inbounds/0000371.webp,rally,finish-line,control-driver,understable,#1914FF,#FFA5F4,,,,,,,,,,,,,,
786,Ram,Innova,Fairway Driver,17,6,4,1,4,Very Overstable,https://www.marshallstreetdiscgolf.com/product/dx-ram,https://s3.amazonaws.com/media.marshallstreetdiscgolf.com/inbounds/1386806.webp,ram,innova,control-driver,very-overstable,#2A290E,#F3EB09,,,,,,,,,,,,,,
787,Rampage,Legacy,Distance Driver,15,14,5,-1,4,Overstable,https://www.marshallstreetdiscgolf.com/?s=rampage&post_type=product,https://s3.amazonaws.com/media.marshallstreetdiscgolf.com/inbounds/5866731.webp,rampage,legacy,distance-driver,overstable,#3831F0,#E43DD9,,,,,,,,,,,,,,
788,Range,Streamline,Putter,19,2,1,-0.5,0.5,Overstable,https://www.marshallstreetdiscgolf.com/?cat_ids%5B%5D=20674&post_type=product&s=range&variation_toggle=1,https://s3.amazonaws.com/media.marshallstreetdiscgolf.com/inbounds/0000487.webp,range,streamline,putter,overstable,#012219,#ACFFBA,,,,,,,,,,,,,,
789,Raptor,Discraft,Fairway Driver,17,9,4,0,3,Very Overstable,https://www.marshallstreetdiscgolf.com/?s=raptor&post_type=product,https://s3.amazonaws.com/media.marshallstreetdiscgolf.com/inbounds/1010396.webp,raptor,discraft,control-driver,very-overstable,#FF3737,#000000,176.8,21.3,1.9,1.1,17.4,1.9,5.2,27.25,12.13,,,,18-92,"Dec 28, 2018"
790,Rask,Kastaplast,Distance Driver,15,14,3,0,4,Very Overstable,https://www.marshallstreetdiscgolf.com/?s=Rask&post_type=product,https://s3.amazonaws.com/media.marshallstreetdiscgolf.com/inbounds/4114035.webp,rask,kastaplast,distance-driver,very-overstable,#000000,#21F1B9,,,,,,,,,,,,,,
791,Rat,Innova,Approach Discs,20,4,2,0,2,Overstable,https://www.marshallstreetdiscgolf.com/?cat_ids%5B%5D=15&post_type=product&s=rat&variation_toggle=1,https://s3.amazonaws.com/media.marshallstreetdiscgolf.com/inbounds/3672499.webp,rat,innova,approach-discs,overstable,#2A290E,#F3EB09,,,,,,,,,,,,,,
792,Rattler,Discraft,Putter,19,2,2,-2,1,Understable,https://www.marshallstreetdiscgolf.com/?s=rattler&post_type=product,https://s3.amazonaws.com/media.marshallstreetdiscgolf.com/inbounds/3672450.webp,rattler,discraft,putter,understable,#FF3737,#000000,,,,,,,,,,,,,,
793,Raze,Infinite Discs,Putter,19,3,2,0,3,Overstable,https://www.marshallstreetdiscgolf.com/?s=%22Raze%22&post_type=product,https://s3.amazonaws.com/media.marshallstreetdiscgolf.com/inbounds/0000327.webp,raze,infinite-discs,putter,overstable,#FFFFFF,#62054C,176,21.2,1.9,1.5,19,1.1,7.1,66.25,11.48,,,,23-58,"Feb 23, 2023"
794,Razeri,Prodiscus,Distance Driver,15,12,4,0,4,Overstable,https://www.marshallstreetdiscgolf.com/?s=razeri&post_type=product,https://s3.amazonaws.com/media.marshallstreetdiscgolf.com/inbounds/0148615.webp,razeri,prodiscus,distance-driver,overstable,#32E65C,#5435A9,175.1,21.1,1.5,1.1,16.4,2.3,5.2,27.25,9.41,,,,15-27,"Feb 6, 2015"
795,Reach,Birdie,Distance Driver,15,12,5,-1,3,Overstable,https://www.marshallstreetdiscgolf.com/?s=Reach&post_type=product,https://s3.amazonaws.com/media.marshallstreetdiscgolf.com/inbounds/0000420.webp,reach,birdie,distance-driver,overstable,#1D096C,#FFB381,,,,,,,,,,,,,,
796,Reactor,MVP,Midrange,18,5,5,-0.5,1.5,Overstable,https://www.marshallstreetdiscgolf.com/?s=reactor&post_type=product,https://s3.amazonaws.com/media.marshallstreetdiscgolf.com/inbounds/0000028.webp,reactor,mvp,midrange,overstable,#000000,#9BF2FF,,,,,,,,,,,,,,
797,Realm,Gateway,Distance Driver,15,12,5,-1,3,Overstable,https://www.marshallstreetdiscgolf.com/?s=Realm&post_type=product,https://s3.amazonaws.com/media.marshallstreetdiscgolf.com/inbounds/0000387.webp,realm,gateway,distance-driver,overstable,#FFFFFF,#A66A17,,,,,,,,,,,,,,
798,Reaper,Discraft,Fairway Driver,17,8,3,0,4,Very Overstable,https://www.marshallstreetdiscgolf.com/?s=reaper&post_type=product,https://s3.amazonaws.com/media.marshallstreetdiscgolf.com/inbounds/0673978.webp,reaper,discraft,control-driver,very-overstable,#FF3737,#000000,177.6,21.4,1.5,1.2,17.8,1.8,5.6,29.5,9.32,,,,01-05,"Aug 20, 2001"
799,Rebel,Legacy,Putter,19,2,3,0,3,Overstable,https://www.marshallstreetdiscgolf.com/?s=rebel&post_type=product,https://s3.amazonaws.com/media.marshallstreetdiscgolf.com/inbounds/0000305.webp,rebel,legacy,putter,overstable,#3831F0,#E43DD9,,,,,,,,,,,,,,
800,Recluse,Legacy,Midrange,18,5,3,0,4,Very Overstable,https://www.marshallstreetdiscgolf.com/?s=Recluse&post_type=product,https://s3.amazonaws.com/media.marshallstreetdiscgolf.com/inbounds/0000117.webp,recluse,legacy,midrange,very-overstable,#3831F0,#E43DD9,,,,,,,,,,,,,,
801,Recon,Legacy,Distance Driver,15,13,5,0,3,Very Overstable,https://www.marshallstreetdiscgolf.com/?s=%22Recon%22&post_type=product,https://s3.amazonaws.com/media.marshallstreetdiscgolf.com/inbounds/0000341.webp,recon,legacy,distance-driver,very-overstable,#3831F0,#E43DD9,,,,,,,,,,,,,,
802,Redwood,Above Ground Level,Distance Driver,15,12,5,-1,2,Stable,https://www.marshallstreetdiscgolf.com/?s=Redwood&post_type=product,https://s3.amazonaws.com/media.marshallstreetdiscgolf.com/inbounds/0000173.webp,redwood,above-ground-level,distance-driver,stable,#CFFF30,#000000,175.1,21.1,1.8,1.2,16.5,2.3,5.7,26.5,12.05,,,,22-30,"Feb 28, 2022"
803,Reef,DGA,Putter,19,2,2,-1,1,Stable,https://www.marshallstreetdiscgolf.com/?s=reef&post_type=product,https://s3.amazonaws.com/media.marshallstreetdiscgolf.com/inbounds/2857241.webp,reef,dga,putter,stable,#2876FF,#272727,,,,,,,,,,,,,,
804,Reko,Kastaplast,Putter,19,3,3,0,1,Stable,https://www.marshallstreetdiscgolf.com/?s=Reko&post_type=product,https://s3.amazonaws.com/media.marshallstreetdiscgolf.com/inbounds/3067917.webp,reko,kastaplast,putter,stable,#000000,#21F1B9,176,21.2,1.8,1.4,19.1,1,6.6,61.25,10.43,,,,15-87,"Dec 15, 2015"
805,Reko X,Kastaplast,Putter,19,3,3,0,2,Overstable,https://www.marshallstreetdiscgolf.com/?s=reko+x&post_type=product,https://s3.amazonaws.com/media.marshallstreetdiscgolf.com/inbounds/0000197.webp,reko-x,kastaplast,putter,overstable,#000000,#21F1B9,177.6,21.4,1.9,1.4,19.2,1.1,6.5,49.5,7.73,,,,22-9,"Jan 17, 2022"
806,Relativity,MVP,Distance Driver,15,14.5,5.5,-3,1.5,Understable,https://www.marshallstreetdiscgolf.com/?s=relativity&post_type=product,https://s3.amazonaws.com/media.marshallstreetdiscgolf.com/inbounds/3607915.webp,relativity,mvp,distance-driver,understable,#000000,#9BF2FF,,,,,,,,,,,,,,
807,Relay,MVP,Fairway Driver,17,6,5,-2,1,Understable,https://www.marshallstreetdiscgolf.com/?s=relay&post_type=product,https://s3.amazonaws.com/media.marshallstreetdiscgolf.com/inbounds/3067915.webp,relay,mvp,control-driver,understable,#000000,#9BF2FF,,,,,,,,,,,,,,
808,Renegade,Dynamic Discs,Control Driver,16,11,5,-1.5,2.5,Understable,https://www.marshallstreetdiscgolf.com/?s=renegade&post_type=product,https://s3.amazonaws.com/media.marshallstreetdiscgolf.com/inbounds/9197603.webp,renegade,dynamic-discs,hybrid-driver,understable,#FFFFFF,#0082F4,176,21.2,1.7,1.1,17,2.1,5.2,28,8.96,,,,13-28,"Apr 4, 2013"
809,Requiem,Thought Space Athletics,Distance Driver,15,12,5,-1,2,Stable,,,requiem,thought-space-athletics,distance-driver,stable,#000000,#FF770E,,,,,,,,,,,,,,
810,Resistor,MVP,Fairway Driver,17,6.5,4,0,3.5,Overstable,https://www.marshallstreetdiscgolf.com/?s=resistor&post_type=product,https://s3.amazonaws.com/media.marshallstreetdiscgolf.com/inbounds/0310113.webp,resistor,mvp,control-driver,overstable,#000000,#9BF2FF,,,,,,,,,,,,,,
811,Reverb,Prodigy,Distance Driver,15,13,5,0,3.5,Overstable,https://www.marshallstreetdiscgolf.com/?s=reverb&post_type=product,https://s3.amazonaws.com/media.marshallstreetdiscgolf.com/inbounds/0000141.webp,reverb,prodigy,distance-driver,overstable,#000000,#10A259,,,,,,,,,,,,,,
812,Rhyno,Innova,Approach Discs,20,2,1,0,3,Very Overstable,https://www.marshallstreetdiscgolf.com/?s=rhyno&post_type=product,https://s3.amazonaws.com/media.marshallstreetdiscgolf.com/inbounds/0655349.webp,rhyno,innova,approach-discs,very-overstable,#2A290E,#F3EB09,,,,,,,,,,,,,,
813,Rhythm,Axiom Discs,Fairway Driver,17,7,5,-2,1,Understable,https://www.marshallstreetdiscgolf.com/?s=rhythm&post_type=product,https://s3.amazonaws.com/media.marshallstreetdiscgolf.com/inbounds/0000286.webp,rhythm,axiom-discs,control-driver,understable,#000000,#FF9595,176,21.2,1.5,1.2,17.6,1.8,5.7,30.25,11.93,,,,21-21,"Feb 22, 2021"
814,Ridge,Vibram,Putter,19,2,3,0,1,Stable,https://www.marshallstreetdiscgolf.com/?s=ridge&post_type=product,https://s3.amazonaws.com/media.marshallstreetdiscgolf.com/inbounds/4248334.webp,ridge,vibram,putter,stable,#FFDC2D,#9A7D2C,,,,,,,,,,,,,,
815,Rift,DGA,Midrange,18,5,4,-1,1.5,Stable,https://www.marshallstreetdiscgolf.com/?s=rift&post_type=product,https://s3.amazonaws.com/media.marshallstreetdiscgolf.com/inbounds/1864199.webp,rift,dga,midrange,stable,#2876FF,#272727,,,,,,,,,,,,,,
816,Ringer,Discraft,Approach Discs,20,4,4,0,2,Overstable,https://www.marshallstreetdiscgolf.com/?cat_ids%5B%5D=371&post_type=product&s=ringer&variation_toggle=1,https://s3.amazonaws.com/media.marshallstreetdiscgolf.com/inbounds/1864147.webp,ringer,discraft,approach-discs,overstable,#FF3737,#000000,174.3,21,1.8,1.2,19.2,0.9,5.7,67.75,6.12,,,,09-16,"Jun 17, 2009"
817,Ringer GT,Discraft,Approach Discs,20,4,4,0,3,Overstable,https://www.marshallstreetdiscgolf.com/?cat_ids%5B%5D=371&post_type=product&s=ringer&variation_toggle=1,https://s3.amazonaws.com/media.marshallstreetdiscgolf.com/inbounds/1864177.webp,ringer-gt,discraft,approach-discs,overstable,#FF3737,#000000,175.1,21.1,1.7,1.1,19,1,5.2,63.25,4.65,,,,17-70,"Apr 21, 2017"
818,Rio Grande,Lone Star Discs,Fairway Driver,17,7,5,-2,1,Understable,https://www.marshallstreetdiscgolf.com/?s=rio+grande&post_type=product,https://s3.amazonaws.com/media.marshallstreetdiscgolf.com/inbounds/0000479.webp,rio-grande,lone-star-discs,control-driver,understable,#FFA5EA,#6B834B,,,,,,,,,,,,,,
819,Riptide,DGA,Fairway Driver,17,9,4,0,3,Overstable,https://www.marshallstreetdiscgolf.com/?s=riptide&post_type=product,https://s3.amazonaws.com/media.marshallstreetdiscgolf.com/inbounds/8365242.webp,riptide,dga,control-driver,overstable,#2876FF,#272727,,,,,,,,,,,,,,
820,Rise,Birdie,Midrange,18,5,4,0,2,Overstable,https://www.marshallstreetdiscgolf.com/?s=rise&post_type=product,https://s3.amazonaws.com/media.marshallstreetdiscgolf.com/inbounds/0000458.webp,rise,birdie,midrange,overstable,#1D096C,#FFB381,179.3,21.6,1.6,1.2,18.7,1.4,5.6,47,7.5,,,,24-130,"Jun 17, 2024"
821,Rival,Legacy,Fairway Driver,17,7,5,0,2,Stable,https://www.marshallstreetdiscgolf.com/?s=rival&post_type=product,https://s3.amazonaws.com/media.marshallstreetdiscgolf.com/inbounds/0281200.webp,rival,legacy,control-driver,stable,#3831F0,#E43DD9,,,,,,,,,,,,,,
822,Rive,Latitude 64,Distance Driver,15,13,5,0,3.5,Overstable,https://www.marshallstreetdiscgolf.com/?s=rive&post_type=product,https://s3.amazonaws.com/media.marshallstreetdiscgolf.com/inbounds/0000081.webp,rive,latitude-64,distance-driver,overstable,#FFFFFF,#F40909,,,,,,,,,,,,,,
823,River,Latitude 64,Fairway Driver,17,7,7,-1,1,Understable,https://www.marshallstreetdiscgolf.com/?s=RIVER&post_type=product,https://s3.amazonaws.com/media.marshallstreetdiscgolf.com/inbounds/6524752.webp,river,latitude-64,control-driver,understable,#FFFFFF,#F40909,178.5,21.5,1.9,1.2,17.8,1.8,5.6,30.5,9.07,,,,10-16,"Jun 2, 2010"
824,River Pro (OOP),Latitude 64,Fairway Driver,17,6,5,0,2,Stable,https://www.marshallstreetdiscgolf.com/?s=river+pro&post_type=product,https://s3.amazonaws.com/media.marshallstreetdiscgolf.com/inbounds/0529013.webp,river-pro-oop,latitude-64,control-driver,stable,#FFFFFF,#F40909,,,,,,,,,,,,,,
825,Roach,Discraft,Putter,19,2,4,0,1,Stable,https://www.marshallstreetdiscgolf.com/?s=roach&post_type=product,https://s3.amazonaws.com/media.marshallstreetdiscgolf.com/inbounds/9720863.webp,roach,discraft,putter,stable,#FF3737,#000000,,,,,,,,,,,,,,
826,Roadrunner,Innova,Fairway Driver,17,9,5,-4,1,Very Understable,https://www.marshallstreetdiscgolf.com/?s=roadrunner&post_type=product,https://s3.amazonaws.com/media.marshallstreetdiscgolf.com/inbounds/9720864.webp,roadrunner,innova,control-driver,very-understable,#2A290E,#F3EB09,,,,,,,,,,,,,,
827,Roc,Innova,Midrange,18,4,4,0,3,Overstable,https://www.marshallstreetdiscgolf.com/?s=roc&post_type=product,https://s3.amazonaws.com/media.marshallstreetdiscgolf.com/inbounds/6505160.webp,roc,innova,midrange,overstable,#2A290E,#F3EB09,,,,,,,,,,,,,,
828,Roc X3,Innova,Midrange,18,5,4,0,3.5,Overstable,https://www.marshallstreetdiscgolf.com/?s=roc+x3&post_type=product,https://s3.amazonaws.com/media.marshallstreetdiscgolf.com/inbounds/0529012.webp,roc-x3,innova,midrange,overstable,#2A290E,#F3EB09,,,,,,,,,,,,,,
829,Roc3,Innova,Midrange,18,5,4,0,3,Overstable,https://www.marshallstreetdiscgolf.com/?s=roc3&post_type=product,https://s3.amazonaws.com/media.marshallstreetdiscgolf.com/inbounds/6305160.webp,roc3,innova,midrange,overstable,#2A290E,#F3EB09,,,,,,,,,,,,,,
830,Rockstar,Discmania,Fairway Driver,17,8,5,-2,1,Understable,https://www.marshallstreetdiscgolf.com/?s=rockstar&post_type=product,https://s3.amazonaws.com/media.marshallstreetdiscgolf.com/inbounds/0000091.webp,rockstar,discmania,control-driver,understable,#FFA813,#9A0C0C,176.8,21.3,1.7,1.2,17.6,1.9,5.6,35.5,10.8,,,,21-25,"Feb 22, 2021"
831,Rogue,DGA,Control Driver,16,11,4,-1,1,Stable,https://www.marshallstreetdiscgolf.com/?s=rogue&post_type=product,https://s3.amazonaws.com/media.marshallstreetdiscgolf.com/inbounds/9765616.webp,rogue,dga,hybrid-driver,stable,#2876FF,#272727,,,,,,,,,,,,,,
832,Rollo,Innova,Midrange,18,5,6,-4,1,Very Understable,https://www.marshallstreetdiscgolf.com/?s=rollo&post_type=product,https://s3.amazonaws.com/media.marshallstreetdiscgolf.com/inbounds/0000377.webp,rollo,innova,midrange,very-understable,#2A290E,#F3EB09,,,,,,,,,,,,,,
833,Roman,Infinite Discs,Control Driver,16,10,4,0,3,Overstable,https://www.marshallstreetdiscgolf.com/?s=Roman&post_type=product,https://s3.amazonaws.com/media.marshallstreetdiscgolf.com/inbounds/0000338.webp,roman,infinite-discs,hybrid-driver,overstable,#FFFFFF,#62054C,176,21.2,1.5,1.2,17.3,1.9,5.7,27.25,9.2,,,,23-80,"Mar 20, 2023"
834,Rong,Yikun,Distance Driver,15,13,5,-3,1,Understable,https://www.marshallstreetdiscgolf.com/?s=Rong&post_type=product,https://s3.amazonaws.com/media.marshallstreetdiscgolf.com/inbounds/0000227.webp,rong,yikun,distance-driver,understable,#006A6E,#FF6F8C,,,,,,,,,,,,,,
835,Rot,Doomsday Discs,Putter,19,2,4,0,1,Stable,,,rot,doomsday-discs,putter,stable,#B6FF8B,#144E48,175.1,21.1,1.9,1.4,19.1,1,6.6,64.75,8.3,,,,23-235,"Oct 23, 2023"
836,Ruby,Latitude 64,Putter,19,3,5,-3,1,Very Understable,https://www.marshallstreetdiscgolf.com/?s=Ruby&post_type=product,https://s3.amazonaws.com/media.marshallstreetdiscgolf.com/inbounds/6480723.webp,ruby,latitude-64,putter,very-understable,#FFFFFF,#F40909,178.5,21.5,1.9,1.4,19.5,1,6.5,69,3.86,,,,12-34,"Jul 2, 2012"
837,Ruin,Infinite Discs,Putter,19,3,3,0,3,Overstable,https://www.marshallstreetdiscgolf.com/product/c-blend-ruin-drew-gibson-3,https://s3.amazonaws.com/media.marshallstreetdiscgolf.com/inbounds/0000056.webp,ruin,infinite-discs,putter,overstable,#FFFFFF,#62054C,180.9,21.8,1.8,1.4,19.1,1.3,6.4,49.25,7.73,,,,19-71,"Oct 24, 2019"
838,Rune,Viking,Putter,19,2,4,0,0,Stable,https://www.marshallstreetdiscgolf.com/?s=rune&post_type=product,https://s3.amazonaws.com/media.marshallstreetdiscgolf.com/inbounds/6487723.webp,rune,viking,putter,stable,#000000,#04F40C,,,,,,,,,,,,,,
839,Runway,Streamline,Midrange,18,5,4,0,3.5,Very Overstable,https://www.marshallstreetdiscgolf.com/?s=runway&post_type=product,https://s3.amazonaws.com/media.marshallstreetdiscgolf.com/inbounds/6777799.webp,runway,streamline,midrange,very-overstable,#012219,#ACFFBA,,,,,,,,,,,,,,
840,Ruru,RPM,Putter,19,3,3,0,1,Stable,https://www.marshallstreetdiscgolf.com/?s=Ruru&post_type=product,https://s3.amazonaws.com/media.marshallstreetdiscgolf.com/inbounds/6487799.webp,ruru,rpm,putter,stable,#1FBE25,#434343,,,,,,,,,,,,,,
841,Sabertooth,Daredevil Discs,Fairway Driver,17,9,4,0,5,Overstable,https://www.marshallstreetdiscgolf.com/product/sabertooth,https://s3.amazonaws.com/media.marshallstreetdiscgolf.com/inbounds/1448947.webp,sabertooth,daredevil-discs,control-driver,overstable,#FFFFFF,#515151,174.3,21,1.8,1.2,17,2,5.7,29,7.94,,,,14-87,"Oct 31, 2014"
842,Sabot,Millennium,Control Driver,16,11,4,0,5,Very Overstable,https://www.marshallstreetdiscgolf.com/product/frontline-sabot-brad-williams,https://s3.amazonaws.com/media.marshallstreetdiscgolf.com/inbounds/0000202.webp,sabot,millennium,hybrid-driver,very-overstable,#000000,#FF0974,,,,,,,,,,,,,,
843,Sabre,Gateway,Fairway Driver,17,7,5,-1,1,Understable,https://www.marshallstreetdiscgolf.com/?s=sabre&post_type=product,https://s3.amazonaws.com/media.marshallstreetdiscgolf.com/inbounds/1448948.webp,sabre,gateway,control-driver,understable,#FFFFFF,#A66A17,,,,,,,,,,,,,,
844,Sage,Clash Discs,Distance Driver,15,12,6,-1,3,Stable,https://www.marshallstreetdiscgolf.com/?s=sage&post_type=product,https://s3.amazonaws.com/media.marshallstreetdiscgolf.com/inbounds/0000464.webp,sage,clash-discs,distance-driver,stable,#FF93E9,#2516FF,176.8,21.3,1.7,1.2,16.7,2.3,5.6,32.25,10.8,,,,23-154,"May 29, 2023"
845,Sail,DGA,Control Driver,16,11,5,-5,1,Very Understable,https://www.marshallstreetdiscgolf.com/?s=sail&post_type=product,https://s3.amazonaws.com/media.marshallstreetdiscgolf.com/inbounds/5165205.webp,sail,dga,hybrid-driver,very-understable,#2876FF,#272727,,,,,,,,,,,,,,
846,Saint,Latitude 64,Fairway Driver,17,9,7,-1,2,Stable,https://www.marshallstreetdiscgolf.com/?s=saint&post_type=product,https://s3.amazonaws.com/media.marshallstreetdiscgolf.com/inbounds/5165206.webp,saint,latitude-64,control-driver,stable,#FFFFFF,#F40909,176,21.2,1.9,1.2,17.4,1.9,5.7,29.25,8.85,,,,12-25,"May 20, 2012"
847,Saint Pro,Latitude 64,Fairway Driver,17,8,5,-0.5,2,Overstable,https://www.marshallstreetdiscgolf.com/?s=saint+pro&post_type=product,https://s3.amazonaws.com/media.marshallstreetdiscgolf.com/inbounds/5165207.webp,saint-pro,latitude-64,control-driver,overstable,#FFFFFF,#F40909,176,21.2,2,1.2,17.5,1.8,5.7,33,8.16,,,,13-65,"Oct 17, 2013"
848,Salamander,Mint Discs,Fairway Driver,17,6,6,-2,1,Understable,https://www.marshallstreetdiscgolf.com/?s=salamander&post_type=product,https://s3.amazonaws.com/media.marshallstreetdiscgolf.com/inbounds/0000486.webp,salamander,mint-discs,control-driver,understable,#FFFFFF,#F4933E,176,21.2,1.8,1.4,17.8,1.7,6.6,52.5,10.23,,,,23-125,"Apr 27, 2023"
849,Salt,Clash Discs,Distance Driver,15,12,5,-1,3,Stable,https://www.marshallstreetdiscgolf.com/?s=Salt&post_type=product,https://s3.amazonaws.com/media.marshallstreetdiscgolf.com/inbounds/0000238.webp,salt,clash-discs,distance-driver,stable,#FF93E9,#2516FF,174.3,21,1.7,1.1,16.4,2.3,5.2,27,10.68,,,,22-125,"Jul 11, 2022"
850,Sampo,Westside Discs,Control Driver,16,10,4,-1,2,Overstable,https://www.marshallstreetdiscgolf.com/?s=sampo&post_type=product,https://s3.amazonaws.com/media.marshallstreetdiscgolf.com/inbounds/8126900.webp,sampo,westside-discs,hybrid-driver,overstable,#FFFFFF,#014E13,,,,,,,,,,,,,,
851,Samurai,Gateway,Distance Driver,15,12,5,-1.5,2,Stable,https://www.marshallstreetdiscgolf.com/?cat_ids%5B%5D=232&post_type=product&s=samurai&variation_toggle=1,https://s3.amazonaws.com/media.marshallstreetdiscgolf.com/inbounds/8126901.webp,samurai,gateway,distance-driver,stable,#FFFFFF,#A66A17,,,,,,,,,,,,,,
852,Sapphire,Latitude 64,Distance Driver,15,10,6,-2,1.5,Stable,https://www.marshallstreetdiscgolf.com/product/gold-line-sapphire-mushroom,https://s3.amazonaws.com/media.marshallstreetdiscgolf.com/inbounds/0000025.webp,sapphire,latitude-64,distance-driver,stable,#FFFFFF,#F40909,174.3,21,1.7,1.2,17,2,5.7,29.5,11.02,,,,19-72,"Nov 12, 2019"
853,Sasquatch,Daredevil Discs,Distance Driver,15,13,5,-5,1,Very Understable,https://www.marshallstreetdiscgolf.com/product/sasquatch,https://s3.amazonaws.com/media.marshallstreetdiscgolf.com/inbounds/0125002.webp,sasquatch,daredevil-discs,distance-driver,very-understable,#FFFFFF,#515151,174.3,21,1.7,1.1,16,2.5,5.2,26.5,11.23,,,,12-08,"Jan 29, 2012"
854,Savant,Innova,Fairway Driver,17,9,5,-1,2,Stable,https://www.marshallstreetdiscgolf.com/?s=savant&post_type=product,https://s3.amazonaws.com/media.marshallstreetdiscgolf.com/inbounds/3133882.webp,savant,innova,control-driver,stable,#2A290E,#F3EB09,,,,,,,,,,,,,,
855,Savior,Latitude 64,Approach Discs,20,4,4,0,3,Very Overstable,https://www.marshallstreetdiscgolf.com/?s=Savior&post_type=product,https://s3.amazonaws.com/media.marshallstreetdiscgolf.com/inbounds/0000314.webp,savior,latitude-64,approach-discs,very-overstable,#FFFFFF,#F40909,177.6,21.4,1.7,1.2,19.1,1.2,5.6,46.75,9.32,,,,22-224,"Dec 12, 2022"
856,Scale,Gateway,Putter,19,2,1,0,3,Overstable,https://www.marshallstreetdiscgolf.com/?s=scale&post_type=product,https://s3.amazonaws.com/media.marshallstreetdiscgolf.com/inbounds/2195881.webp,scale,gateway,putter,overstable,#FFFFFF,#A66A17,,,,,,,,,,,,,,
857,Scarab,Infinite Discs,Putter,19,2,4,0,1,Stable,https://www.marshallstreetdiscgolf.com/?s=scarab&post_type=product,https://s3.amazonaws.com/media.marshallstreetdiscgolf.com/inbounds/0000064.webp,scarab,infinite-discs,putter,stable,#FFFFFF,#62054C,176,21.2,2.1,1.5,19.2,1,7.1,62.5,11.02,,,,19-28,"Apr 3, 2019"
858,Scepter,Infinite Discs,Fairway Driver,17,9,4,0,4,Very Overstable,https://www.marshallstreetdiscgolf.com/product/g-blend-scepter,https://s3.amazonaws.com/media.marshallstreetdiscgolf.com/inbounds/0000065.webp,scepter,infinite-discs,control-driver,very-overstable,#FFFFFF,#62054C,176,21.2,1.4,1.1,17.3,1.9,5.2,28.25,10.45,,,,19-29,"Apr 3, 2019"
859,Scorch,Discraft,Control Driver,16,11,6,-2,2,Understable,https://www.marshallstreetdiscgolf.com/?s=Scorch&post_type=product,https://s3.amazonaws.com/media.marshallstreetdiscgolf.com/inbounds/0000359.webp,scorch,discraft,hybrid-driver,understable,#FF3737,#000000,,,,,,,,,,,,,,
860,Scorpius,Millennium,Distance Driver,15,12,5,-1,3,Stable,https://www.marshallstreetdiscgolf.com/?s=scorpius&post_type=product,https://s3.amazonaws.com/media.marshallstreetdiscgolf.com/inbounds/3328593.webp,scorpius,millennium,distance-driver,stable,#000000,#FF0974,,,,,,,,,,,,,,
861,Screech,Elevation Disc Golf,Approach Discs,20,4,2,0,4,Very Overstable,https://www.marshallstreetdiscgolf.com/?s=screech&post_type=product,https://s3.amazonaws.com/media.marshallstreetdiscgolf.com/inbounds/0000482.webp,screech,elevation-disc-golf,approach-discs,very-overstable,#FFFFFF,#6A431D,175.1,21.1,1.6,1.3,18.7,1.2,6.2,60.25,2.05,,,,24-178,"Sep 9, 2024"
862,Sea Otter,Wild Discs,Putter,19,2,3,0,2,Overstable,https://www.marshallstreetdiscgolf.com/?s=sea+otter&post_type=product,https://s3.amazonaws.com/media.marshallstreetdiscgolf.com/inbounds/0000166.webp,sea-otter,wild-discs,putter,overstable,#D267A0,#373C0D,176,21.2,1.8,1.5,19.1,1,7.1,57.75,9.77,,,,21-147,"Dec 13, 2021"
863,Sector,Finish Line,Midrange,18,5,4,0,1,Stable,https://www.marshallstreetdiscgolf.com/?s=sector&post_type=product,https://s3.amazonaws.com/media.marshallstreetdiscgolf.com/inbounds/0000484.webp,sector,finish-line,midrange,stable,#1914FF,#FFA5F4,,,,,,,,,,,,,,
864,Seer,Westside Discs,Fairway Driver,17,7,5,-2,1,Understable,https://www.marshallstreetdiscgolf.com/?s=Seer&post_type=product,https://s3.amazonaws.com/media.marshallstreetdiscgolf.com/inbounds/1283468.webp,seer,westside-discs,control-driver,understable,#FFFFFF,#014E13,,,,,,,,,,,,,,
865,Seguin,Lone Star Discs,Distance Driver,15,13,5,0,3,Overstable,https://www.marshallstreetdiscgolf.com/?s=Seguin&post_type=product,https://s3.amazonaws.com/media.marshallstreetdiscgolf.com/inbounds/0000321.webp,seguin,lone-star-discs,distance-driver,overstable,#FFA5EA,#6B834B,,,,,,,,,,,,,,
866,Sensei,Discmania,Putter,19,3,3,0,1,Stable,https://www.marshallstreetdiscgolf.com/?s=sensei&post_type=product,https://s3.amazonaws.com/media.marshallstreetdiscgolf.com/inbounds/0000031.webp,sensei,discmania,putter,stable,#FFA813,#9A0C0C,,,,,,,,,,,,,,
867,Sentinel,Millennium,Midrange,18,5,4,0,4,Very Overstable,https://www.marshallstreetdiscgolf.com/?s=sentinel&post_type=product,https://s3.amazonaws.com/media.marshallstreetdiscgolf.com/inbounds/2345890.webp,sentinel,millennium,midrange,very-overstable,#000000,#FF0974,,,,,,,,,,,,,,
868,Sequoia,Above Ground Level,Distance Driver,15,12,5,-1,3,Overstable,https://www.marshallstreetdiscgolf.com/?s=sequoia&post_type=product,https://s3.amazonaws.com/media.marshallstreetdiscgolf.com/inbounds/0000533.webp,sequoia,above-ground-level,distance-driver,overstable,#CFFF30,#000000,176,21.2,1.6,1.1,16.4,2.4,5.2,27.25,9.09,,,,25-69,"Apr 28, 2025"
869,Sergeant,Dynamic Discs,Control Driver,16,11,4,0,2.5,Overstable,https://www.marshallstreetdiscgolf.com/?s=sergeant&post_type=product,https://s3.amazonaws.com/media.marshallstreetdiscgolf.com/inbounds/0000004.webp,sergeant,dynamic-discs,hybrid-driver,overstable,#FFFFFF,#0082F4,175.1,21.1,1.7,1.2,16.9,2.1,5.7,28.5,12.16,,,,19-80,"Dec 5, 2019"
870,Serpent,Gateway,Putter,19,2,2,0,0,Stable,https://www.marshallstreetdiscgolf.com/?s=serpant&post_type=product,https://s3.amazonaws.com/media.marshallstreetdiscgolf.com/inbounds/7873139.webp,serpent,gateway,putter,stable,#FFFFFF,#A66A17,,,,,,,,,,,,,,
871,Servo,MVP,Fairway Driver,17,6.5,5,-1,2,Stable,https://www.marshallstreetdiscgolf.com/?s=servo&post_type=product,https://s3.amazonaws.com/media.marshallstreetdiscgolf.com/inbounds/7873140.webp,servo,mvp,control-driver,stable,#000000,#9BF2FF,,,,,,,,,,,,,,
872,Shadowfax,Prodigy,Fairway Driver,17,9,5,-1,2.5,Stable,https://www.marshallstreetdiscgolf.com/?s=shadowfax&post_type=product,https://s3.amazonaws.com/media.marshallstreetdiscgolf.com/inbounds/0000234.webp,shadowfax,prodigy,control-driver,stable,#000000,#10A259,,,,,,,,,,,,,,
873,Shadowplay,Crosslap,Putter,19,3,3,-2,0.5,Understable,https://www.marshallstreetdiscgolf.com/?s=Shadowplay&post_type=product,https://s3.amazonaws.com/media.marshallstreetdiscgolf.com/inbounds/0000111.webp,shadowplay,crosslap,putter,understable,#FF190C,#88BE47,,,,,,,,,,,,,,
874,Shaman,Gateway,Putter,19,3,3,-1,1,Understable,https://www.marshallstreetdiscgolf.com/?s=Shaman&post_type=product,https://s3.amazonaws.com/media.marshallstreetdiscgolf.com/inbounds/3445756.webp,shaman,gateway,putter,understable,#FFFFFF,#A66A17,,,,,,,,,,,,,,
875,Shark,Innova,Midrange,18,4,4,0,2,Stable,https://www.marshallstreetdiscgolf.com/?s=shark&post_type=product,https://s3.amazonaws.com/media.marshallstreetdiscgolf.com/inbounds/3445755.webp,shark,innova,midrange,stable,#2A290E,#F3EB09,,,,,,,,,,,,,,
876,Shark3,Innova,Midrange,18,5,4,0,2,Stable,https://www.marshallstreetdiscgolf.com/?s=Shark3&post_type=product,https://s3.amazonaws.com/media.marshallstreetdiscgolf.com/inbounds/3345755.webp,shark3,innova,midrange,stable,#2A290E,#F3EB09,,,,,,,,,,,,,,
877,Sheriff,Dynamic Discs,Distance Driver,15,13,5,-1,2,Stable,https://www.marshallstreetdiscgolf.com/?s=sheriff&post_type=product,https://s3.amazonaws.com/media.marshallstreetdiscgolf.com/inbounds/4312230.webp,sheriff,dynamic-discs,distance-driver,stable,#FFFFFF,#0082F4,175.1,21.1,1.6,1.1,16.3,2.4,5.2,30.25,11.79,,,,16-84,"Dec 29, 2016"
878,Shield,Westside Discs,Putter,19,3,3,0,1,Stable,https://www.marshallstreetdiscgolf.com/?s=shield&post_type=product,https://s3.amazonaws.com/media.marshallstreetdiscgolf.com/inbounds/4321231.webp,shield,westside-discs,putter,stable,#FFFFFF,#014E13,,,,,,,,,,,,,,
879,Shift,Streamline,Control Driver,16,9,5,-3,1,Understable,https://www.marshallstreetdiscgolf.com/?s=shift&post_type=product,https://s3.amazonaws.com/media.marshallstreetdiscgolf.com/inbounds/0000470.webp,shift,streamline,hybrid-driver,understable,#012219,#ACFFBA,,,,,,,,,,,,,,
880,Shockwave,DGA,Midrange,18,4,2,0,3,Very Overstable,https://www.marshallstreetdiscgolf.com/product-category/manufacturers/dga,https://s3.amazonaws.com/media.marshallstreetdiscgolf.com/inbounds/8083168.webp,shockwave,dga,midrange,very-overstable,#2876FF,#272727,,,,,,,,,,,,,,
881,Shogun,Discmania,Putter,19,2,4,0,2,Overstable,https://www.marshallstreetdiscgolf.com/?s=shogun&post_type=product,https://s3.amazonaws.com/media.marshallstreetdiscgolf.com/inbounds/0000089.webp,shogun,discmania,putter,overstable,#FFA813,#9A0C0C,176,21.2,2.4,1.5,19.2,1,7.1,74,7.84,,,,21-26,"Feb 22, 2021"
882,Shryke,Innova,Distance Driver,15,13,6,-2,2,Stable,https://www.marshallstreetdiscgolf.com/?s=shryke&post_type=product,https://s3.amazonaws.com/media.marshallstreetdiscgolf.com/inbounds/8018368.webp,shryke,innova,distance-driver,stable,#2A290E,#F3EB09,,,,,,,,,,,,,,
883,Shu,Yikun,Midrange,18,4,5,-2,1,Understable,https://www.marshallstreetdiscgolf.com/?s=Shu&post_type=product,https://s3.amazonaws.com/media.marshallstreetdiscgolf.com/inbounds/0000095.webp,shu,yikun,midrange,understable,#006A6E,#FF6F8C,,,,,,,,,,,,,,
884,Sidewinder,Innova,Fairway Driver,17,9,5,-3,1,Understable,https://www.marshallstreetdiscgolf.com/?s=sidewinder&post_type=product,https://s3.amazonaws.com/media.marshallstreetdiscgolf.com/inbounds/8480489.webp,sidewinder,innova,control-driver,understable,#2A290E,#F3EB09,,,,,,,,,,,,,,
885,Signal,MVP,Fairway Driver,17,6,5,-3,1,Very Understable,https://www.marshallstreetdiscgolf.com/?s=signal&post_type=product,https://s3.amazonaws.com/media.marshallstreetdiscgolf.com/inbounds/3635192.webp,signal,mvp,control-driver,very-understable,#000000,#9BF2FF,,,,,,,,,,,,,,
886,Silicon,Løft Discs,Midrange,18,5,4,0,3,Overstable,https://www.marshallstreetdiscgolf.com/?s=Silicon&post_type=product,https://s3.amazonaws.com/media.marshallstreetdiscgolf.com/inbounds/0000236.webp,silicon,løft-discs,midrange,overstable,#000000,#9B90FF,179.3,21.6,1.8,1.4,18.9,1.3,6.5,45,10,,,,22-90,"May 16, 2022"
887,Sinus,Latitude 64,Putter,19,2,2,0,2,Overstable,https://www.marshallstreetdiscgolf.com/?s=sinus&post_type=product,https://s3.amazonaws.com/media.marshallstreetdiscgolf.com/inbounds/3365192.webp,sinus,latitude-64,putter,overstable,#FFFFFF,#F40909,,,,,,,,,,,,,,
888,Skeeter,Innova,Midrange,18,5,5,-1,1,Stable,https://www.marshallstreetdiscgolf.com/?s=skeeter&post_type=product,https://s3.amazonaws.com/media.marshallstreetdiscgolf.com/inbounds/2157137.webp,skeeter,innova,midrange,stable,#2A290E,#F3EB09,,,,,,,,,,,,,,
889,Skyway,Climo Disc Golf,Distance Driver,15,11,5,-1,3,Overstable,https://www.marshallstreetdiscgolf.com/?s=skyway&post_type=product,https://s3.amazonaws.com/media.marshallstreetdiscgolf.com/inbounds/0000494.webp,skyway,climo-disc-golf,distance-driver,overstable,#FFFFFF,#071139,175.1,21.1,1.7,1.2,16.8,2.1,5.7,29.5,11.82,,,,25-10,"Jan 20, 2025"
890,Slab,Infinite Discs,Distance Driver,15,12,3,0,4,Very Overstable,https://www.marshallstreetdiscgolf.com/?s=slab&post_type=product,https://s3.amazonaws.com/media.marshallstreetdiscgolf.com/inbounds/4677571.webp,slab,infinite-discs,distance-driver,very-overstable,#FFFFFF,#62054C,176,21.2,1.6,1.2,16.6,2.3,5.7,29,9.3,,,,18-52,"Jun 21, 2018"
891,Slaidi,Prodiscus,Distance Driver,15,11,3,0,3,Overstable,https://www.marshallstreetdiscgolf.com/?s=slaidi&post_type=product,https://s3.amazonaws.com/media.marshallstreetdiscgolf.com/inbounds/4655571.webp,slaidi,prodiscus,distance-driver,overstable,#32E65C,#5435A9,175.1,21.1,2,1.2,16.8,2.2,5.7,30.5,7.71,,,,12-35,"Sep 12, 2012"
892,Slammer,Dynamic Discs,Putter,19,3,2,0,3,Very Overstable,https://www.marshallstreetdiscgolf.com/?s=slammer&post_type=product,https://s3.amazonaws.com/media.marshallstreetdiscgolf.com/inbounds/9662111.webp,slammer,dynamic-discs,putter,very-overstable,#FFFFFF,#0082F4,176,21.2,1.8,1.4,19.2,1,6.6,53.5,8.39,,,,17-12,"Jan 28, 2017"
893,Slayer,Gateway,Distance Driver,15,13,5,-1,2,Overstable,https://www.marshallstreetdiscgolf.com/?s=slayer&post_type=product,https://s3.amazonaws.com/media.marshallstreetdiscgolf.com/inbounds/9862111.webp,slayer,gateway,distance-driver,overstable,#FFFFFF,#A66A17,,,,,,,,,,,,,,
894,Sled,Discraft,Approach Discs,20,3,2,-1,2,Stable,,,sled,discraft,approach-discs,stable,#FF3737,#000000,,,,,,,,,,,,,,
895,Sling,Westside Discs,Midrange,18,5,5,0,1,Stable,https://www.marshallstreetdiscgolf.com/?s=sling&post_type=product,https://s3.amazonaws.com/media.marshallstreetdiscgolf.com/inbounds/3777619.webp,sling,westside-discs,midrange,stable,#FFFFFF,#014E13,,,,,,,,,,,,,,
896,Sockibomb Felon,Dynamic Discs,Fairway Driver,17,9,4,0.5,4,Very Overstable,https://www.marshallstreetdiscgolf.com/?s=sockibomb+felon&post_type=product,https://s3.amazonaws.com/media.marshallstreetdiscgolf.com/inbounds/0000313.webp,sockibomb-felon,dynamic-discs,control-driver,very-overstable,#FFFFFF,#0082F4,176,21.2,1.6,1.1,17.1,2,5.2,31.5,11.93,,,,23-18,"Jan 23, 2023"
897,Sockibomb Slammer,Dynamic Discs,Approach Discs,20,3,1,0.5,4,Very Overstable,https://www.marshallstreetdiscgolf.com/?s=Sockibomb+Slammer&post_type=product,https://s3.amazonaws.com/media.marshallstreetdiscgolf.com/inbounds/0000240.webp,sockibomb-slammer,dynamic-discs,approach-discs,very-overstable,#FFFFFF,#0082F4,175.1,21.1,1.9,1.5,18.8,1.2,7.1,59,9.89,,,,22-45,"Apr 4, 2022"
898,Soda,Clash Discs,Fairway Driver,17,7,5,-2,2,Understable,https://www.marshallstreetdiscgolf.com/?s=Soda&post_type=product,https://s3.amazonaws.com/media.marshallstreetdiscgolf.com/inbounds/0000212.webp,soda,clash-discs,control-driver,understable,#FF93E9,#2516FF,177.6,21.4,2,1.2,17.8,1.8,5.6,31.5,12.05,,,,22-61,"Apr 25, 2022"
899,Sol,Discraft,Midrange,18,4,5,-3,0,Understable,https://www.marshallstreetdiscgolf.com/product/z-sol-1st-run,https://s3.amazonaws.com/media.marshallstreetdiscgolf.com/inbounds/0000010.webp,sol,discraft,midrange,understable,#FF3737,#000000,,,,,,,,,,,,,,
900,Solace,Vibram,Distance Driver,15,13,4,0,4,Very Overstable,https://www.marshallstreetdiscgolf.com/?s=solace&post_type=product,https://s3.amazonaws.com/media.marshallstreetdiscgolf.com/inbounds/2210014.webp,solace,vibram,distance-driver,very-overstable,#FFDC2D,#9A7D2C,,,,,,,,,,,,,,
901,Solar Death Ray,Doomsday Discs,Fairway Driver,17,8,5,-1,1,Stable,https://www.marshallstreetdiscgolf.com/?s=solar+death+ray&post_type=product,https://s3.amazonaws.com/media.marshallstreetdiscgolf.com/inbounds/0000516.webp,solar-death-ray,doomsday-discs,control-driver,stable,#B6FF8B,#144E48,174.3,21,1.7,1.3,17.2,1.9,6.2,28.75,6.25,,,,23-275,"Dec 26, 2023"
902,Sole,Vibram,Putter,19,2,3,0,2,Overstable,https://www.marshallstreetdiscgolf.com/?s=sole&post_type=product,https://s3.amazonaws.com/media.marshallstreetdiscgolf.com/inbounds/7247416.webp,sole,vibram,putter,overstable,#FFDC2D,#9A7D2C,,,,,,,,,,,,,,
903,Solstice,Millennium,Midrange,18,5,4,0,3,Overstable,https://www.marshallstreetdiscgolf.com/?s=solstice&post_type=product,https://s3.amazonaws.com/media.marshallstreetdiscgolf.com/inbounds/0000168.webp,solstice,millennium,midrange,overstable,#000000,#FF0974,,,,,,,,,,,,,,
904,Sonar,DGA,Putter,19,3,4,0,2,Stable,https://www.marshallstreetdiscgolf.com/?s=sonar&post_type=product,https://s3.amazonaws.com/media.marshallstreetdiscgolf.com/inbounds/0000453.webp,sonar,dga,putter,stable,#2876FF,#272727,,,,,,,,,,,,,,
905,Sonic,Innova,Putter,19,1,2,-4,0,Very Understable,https://www.marshallstreetdiscgolf.com/?s=sonic&post_type=product,https://s3.amazonaws.com/media.marshallstreetdiscgolf.com/inbounds/6960216.webp,sonic,innova,putter,very-understable,#2A290E,#F3EB09,,,,,,,,,,,,,,
906,Sorcerer,Westside Discs,Distance Driver,15,13,5,-0.5,3,Understable,https://www.marshallstreetdiscgolf.com/?s=sorcerer&post_type=product,https://s3.amazonaws.com/media.marshallstreetdiscgolf.com/inbounds/1110112.webp,sorcerer,westside-discs,distance-driver,understable,#FFFFFF,#014E13,,,,,,,,,,,,,,
907,Spark,Latitude 64,Fairway Driver,17,7,4,-0.5,3,Overstable,https://www.marshallstreetdiscgolf.com/?s=SPARK&post_type=product,https://s3.amazonaws.com/media.marshallstreetdiscgolf.com/inbounds/1247642.webp,spark,latitude-64,control-driver,overstable,#FFFFFF,#F40909,176,21.2,1.5,1.1,17.4,1.9,5.2,34,9.3,,,,15-49,"Apr 29, 2015"
908,Sparta,Prodiscus,Putter,19,3,3,0,0.5,Stable,https://www.marshallstreetdiscgolf.com/?s=Sparta&post_type=product,https://s3.amazonaws.com/media.marshallstreetdiscgolf.com/inbounds/1247643.webp,sparta,prodiscus,putter,stable,#32E65C,#5435A9,176.8,21.3,2,1.6,19.2,1,7.5,59.75,5.78,,,,14-82,"Oct 21, 2014"
909,Spear,Gateway,Fairway Driver,17,9,6,-2,1,Stable,https://www.marshallstreetdiscgolf.com/?s=Spear&post_type=product,https://s3.amazonaws.com/media.marshallstreetdiscgolf.com/inbounds/0000069.webp,spear,gateway,control-driver,stable,#FFFFFF,#A66A17,,,,,,,,,,,,,,
910,Speed Demon,Gateway,Distance Driver,15,12,5,-0.5,3,Overstable,https://www.marshallstreetdiscgolf.com/?s=speed+demon&post_type=product,https://s3.amazonaws.com/media.marshallstreetdiscgolf.com/inbounds/3967096.webp,speed-demon,gateway,distance-driver,overstable,#FFFFFF,#A66A17,,,,,,,,,,,,,,
911,Spell,Gateway,Distance Driver,15,12,5,0,3,Overstable,https://www.marshallstreetdiscgolf.com/?s=G-One&post_type=product,https://s3.amazonaws.com/media.marshallstreetdiscgolf.com/inbounds/0000345.webp,spell,gateway,distance-driver,overstable,#FFFFFF,#A66A17,,,,,,,,,,,,,,
912,Sphinx,Infinite Discs,Fairway Driver,17,9,6,-3,1,Understable,https://www.marshallstreetdiscgolf.com/?s=sphinx&post_type=product,https://s3.amazonaws.com/media.marshallstreetdiscgolf.com/inbounds/3531799.webp,sphinx,infinite-discs,control-driver,understable,#FFFFFF,#62054C,175.1,21.1,1.6,1.1,17.3,1.9,5.2,30.75,11.79,,,,18-30,"Mar 29, 2018"
913,Spice,Clash Discs,Control Driver,16,10,4,0,4,Overstable,https://www.marshallstreetdiscgolf.com/?s=Spice&post_type=product,https://s3.amazonaws.com/media.marshallstreetdiscgolf.com/inbounds/0000318.webp,spice,clash-discs,hybrid-driver,overstable,#FF93E9,#2516FF,175.1,21.1,2,1.2,17.2,2,5.7,31.5,11.82,,,,22-198,"Nov 21, 2022"
914,Spin,MVP,Putter,19,2.5,4,-2,0,Very Understable,https://www.marshallstreetdiscgolf.com/?s=Spin&post_type=product,https://s3.amazonaws.com/media.marshallstreetdiscgolf.com/inbounds/1060408.webp,spin,mvp,putter,very-understable,#000000,#9BF2FF,,,,,,,,,,,,,,
915,Spinosaurus,Dino Discs,Distance Driver,15,12,5,0,2,Overstable,https://www.marshallstreetdiscgolf.com/?s=Spinosaurus&post_type=product,https://s3.amazonaws.com/media.marshallstreetdiscgolf.com/inbounds/0000529.webp,spinosaurus,dino-discs,distance-driver,overstable,#740A0A,#FF6FCF,,,,,,,,,,,,,,
916,Spirit,Gateway,Distance Driver,15,12,4,0,4,Very Overstable,https://www.marshallstreetdiscgolf.com/?cat_ids%5B%5D=232&post_type=product&s=spirit&variation_toggle=1,https://s3.amazonaws.com/media.marshallstreetdiscgolf.com/inbounds/1070408.webp,spirit,gateway,distance-driver,very-overstable,#FFFFFF,#A66A17,,,,,,,,,,,,,,
917,Splash,Neptune Discs,Putter,19,3,3,0,1,Stable,https://www.marshallstreetdiscgolf.com/?s=Splash&post_type=product,https://s3.amazonaws.com/media.marshallstreetdiscgolf.com/inbounds/0000405.webp,splash,neptune-discs,putter,stable,#1F73E1,#F1CE42,,,,,,,,,,,,,,
918,Splice,Discmania,Fairway Driver,17,9,3,0,4,Very Overstable,https://www.marshallstreetdiscgolf.com/?s=Splice&post_type=product,https://s3.amazonaws.com/media.marshallstreetdiscgolf.com/inbounds/0000162.webp,splice,discmania,control-driver,very-overstable,#FFA813,#9A0C0C,176,21.2,1.5,1.1,17.3,1.9,5.2,32.5,11.36,,,,21-34,"Mar 22, 2021"
919,Spore,Discmania,Putter,19,1,7,0,1,Stable,https://www.marshallstreetdiscgolf.com/?s=spore&post_type=product,https://s3.amazonaws.com/media.marshallstreetdiscgolf.com/inbounds/0000415.webp,spore,discmania,putter,stable,#FFA813,#9A0C0C,176,21.2,2.3,1.6,19.4,0.9,7.5,70.5,5.11,,,,24-12,"Feb 5, 2024"
920,Spruce,Above Ground Level,Midrange,18,5,4,-1,2,Understable,https://www.marshallstreetdiscgolf.com/?s=spruce&post_type=product,https://s3.amazonaws.com/media.marshallstreetdiscgolf.com/inbounds/0000172.webp,spruce,above-ground-level,midrange,understable,#CFFF30,#000000,182.6,22,1.7,1.2,19.1,1.5,5.5,52.75,9.77,,,,22-17,"Jan 31, 2022"
921,Spur,Lone Star Discs,Fairway Driver,17,9,4,0,3,Overstable,https://www.marshallstreetdiscgolf.com/?s=Spur&post_type=product,https://s3.amazonaws.com/media.marshallstreetdiscgolf.com/inbounds/0000427.webp,spur,lone-star-discs,control-driver,overstable,#FFA5EA,#6B834B,,,,,,,,,,,,,,
922,Squall,DGA,Midrange,18,6,4,-1,1,Understable,https://www.marshallstreetdiscgolf.com/?s=squall&post_type=product,https://s3.amazonaws.com/media.marshallstreetdiscgolf.com/inbounds/0011016.webp,squall,dga,midrange,understable,#2876FF,#272727,,,,,,,,,,,,,,
923,Squid,Neptune Discs,Distance Driver,15,11,5,-1,2,Stable,https://www.marshallstreetdiscgolf.com/?s=squid&post_type=product,https://s3.amazonaws.com/media.marshallstreetdiscgolf.com/inbounds/0000451.webp,squid,neptune-discs,distance-driver,stable,#1F73E1,#F1CE42,,,,,,,,,,,,,,
924,Stabilizer,Streamline,Putter,19,3,3.5,0,3,Overstable,https://www.marshallstreetdiscgolf.com/?s=stabilizer&post_type=product,https://s3.amazonaws.com/media.marshallstreetdiscgolf.com/inbounds/1010111.webp,stabilizer,streamline,putter,overstable,#012219,#ACFFBA,,,,,,,,,,,,,,
925,Stag,Westside Discs,Fairway Driver,17,8,6,-1,2,Overstable,https://www.marshallstreetdiscgolf.com/?s=stag&post_type=product,https://s3.amazonaws.com/media.marshallstreetdiscgolf.com/inbounds/3217900.webp,stag,westside-discs,control-driver,overstable,#FFFFFF,#014E13,,,,,,,,,,,,,,
926,Stal,Kastaplast,Fairway Driver,17,9,4,0,3,Overstable,https://www.marshallstreetdiscgolf.com/?s=stal&post_type=product,https://s3.amazonaws.com/media.marshallstreetdiscgolf.com/inbounds/3217999.webp,stal,kastaplast,control-driver,overstable,#000000,#21F1B9,,,,,,,,,,,,,,
927,Stalker,Discraft,Fairway Driver,17,7,5,-1,2,Overstable,https://www.marshallstreetdiscgolf.com/?s=stalker&post_type=product,https://s3.amazonaws.com/media.marshallstreetdiscgolf.com/inbounds/8269708.webp,stalker,discraft,control-driver,overstable,#FF3737,#000000,179.3,21.6,1.6,1.2,18.4,1.6,5.6,32.5,8.51,,,,09-17,"Jun 17, 2009"
928,Starfire,Innova,Control Driver,16,10,4,0,3,Overstable,https://www.marshallstreetdiscgolf.com/?s=starfire&post_type=product,https://s3.amazonaws.com/media.marshallstreetdiscgolf.com/inbounds/9896321.webp,starfire,innova,hybrid-driver,overstable,#2A290E,#F3EB09,,,,,,,,,,,,,,
929,Starfire L,Innova,Control Driver,16,10,5,-1,2,Stable,https://www.marshallstreetdiscgolf.com/product/pro-starfire,https://s3.amazonaws.com/media.marshallstreetdiscgolf.com/inbounds/5841029.webp,starfire-l,innova,hybrid-driver,stable,#2A290E,#F3EB09,,,,,,,,,,,,,,
930,Stari,Prodiscus,Midrange,18,4,4,-2,0,Understable,https://www.marshallstreetdiscgolf.com/?s=stari&post_type=product,https://s3.amazonaws.com/media.marshallstreetdiscgolf.com/inbounds/0841029.webp,stari,prodiscus,midrange,understable,#32E65C,#5435A9,,,,,,,,,,,,,,
931,Starship,Sacred Discs,Distance Driver,15,13,6,-1,2,Stable,https://www.marshallstreetdiscgolf.com/?s=Starship&post_type=product,https://s3.amazonaws.com/media.marshallstreetdiscgolf.com/inbounds/0000361.webp,starship,sacred-discs,distance-driver,stable,#0E1774,#B4CDFF,174.3,21,1.7,1.1,16.4,2.3,5.2,27.25,7.73,,,,23-185,"Jul 17, 2023"
932,Steady,DGA,Putter,19,2,3,0,2,Overstable,https://www.marshallstreetdiscgolf.com/?s=stone+steady&post_type=product,https://s3.amazonaws.com/media.marshallstreetdiscgolf.com/inbounds/0322776.webp,steady,dga,putter,overstable,#2876FF,#272727,,,,,,,,,,,,,,
933,Steady BL,DGA,Putter,19,2,3,0,2,Overstable,https://www.marshallstreetdiscgolf.com/?s=stone+steady&post_type=product,https://s3.amazonaws.com/media.marshallstreetdiscgolf.com/inbounds/0322776.webp,steady-bl,dga,putter,overstable,#2876FF,#272727,,,,,,,,,,,,,,
934,Stego,Other,Approach Discs,20,4,0,1,4,Very Overstable,https://www.marshallstreetdiscgolf.com/?s=Stego&post_type=product,https://s3.amazonaws.com/media.marshallstreetdiscgolf.com/inbounds/0322775.webp,stego,other,approach-discs,very-overstable,#000000,#E5FFAA,,,,,,,,,,,,,,
935,Stegosaurus,Dino Discs,Approach Discs,20,4,5,-4,2,Very Understable,https://www.marshallstreetdiscgolf.com/?s=stegosaurus&post_type=product,https://s3.amazonaws.com/media.marshallstreetdiscgolf.com/inbounds/0000525.webp,stegosaurus,dino-discs,approach-discs,very-understable,#740A0A,#FF6FCF,,,,,,,,,,,,,,
936,Stig,Kastaplast,Midrange,18,6,5,-2,1,Understable,https://www.marshallstreetdiscgolf.com/?s=Stig&post_type=product,https://s3.amazonaws.com/media.marshallstreetdiscgolf.com/inbounds/0000328.webp,stig,kastaplast,midrange,understable,#000000,#21F1B9,175.1,21.1,1.9,1.2,18,1.6,5.7,39,7.5,,,,23-62,"Feb 27, 2023"
937,Stiletto,Latitude 64,Distance Driver,15,13,3,0.5,5,Very Overstable,https://www.marshallstreetdiscgolf.com/?s=stiletto&post_type=product,https://s3.amazonaws.com/media.marshallstreetdiscgolf.com/inbounds/0322777.webp,stiletto,latitude-64,distance-driver,very-overstable,#FFFFFF,#F40909,176.8,21.3,1.7,1.1,16.4,2.4,5.2,26.75,9.98,,,,13-33,"May 30, 2013"
938,Sting,Discraft,Fairway Driver,17,7,5,-2,1,Understable,https://www.marshallstreetdiscgolf.com/?s=Sting&post_type=product,https://s3.amazonaws.com/media.marshallstreetdiscgolf.com/inbounds/4391599.webp,sting,discraft,control-driver,understable,#FF3737,#000000,,,,,,,,,,,,,,
939,Stingray,Innova,Midrange,18,4,5,-3,1,Very Understable,https://www.marshallstreetdiscgolf.com/?s=stingray&post_type=product,https://s3.amazonaws.com/media.marshallstreetdiscgolf.com/inbounds/3900954.webp,stingray,innova,midrange,very-understable,#2A290E,#F3EB09,,,,,,,,,,,,,,
940,Stratus,Discraft,Midrange,18,5,4,-4,1,Very Understable,https://www.marshallstreetdiscgolf.com/?s=stratus&post_type=product,https://s3.amazonaws.com/media.marshallstreetdiscgolf.com/inbounds/1111307.webp,stratus,discraft,midrange,very-understable,#FF3737,#000000,177.6,21.4,1.8,1.2,19,1.2,5.6,36.25,6.58,,,,97-04,"Apr 12, 1997"
941,Streak,Climo Disc Golf,Fairway Driver,17,7,5,0,1,Stable,,,streak,climo-disc-golf,control-driver,stable,#FFFFFF,#071139,179.3,21.6,1.9,1.2,18.2,1.7,5.6,37,9.2,,,,25-95,"Jun 23, 2025"
942,Strike,Other,Fairway Driver,17,7,5,0,2,Stable,https://www.marshallstreetdiscgolf.com/?s=Strike&post_type=product,https://s3.amazonaws.com/media.marshallstreetdiscgolf.com/inbounds/0000274.webp,strike,other,control-driver,stable,#000000,#E5FFAA,,,,,,,,,,,,,,
943,Striker,Latitude 64,Fairway Driver,17,8,5,0,2,Stable,https://www.marshallstreetdiscgolf.com/?s=striker&post_type=product,https://s3.amazonaws.com/media.marshallstreetdiscgolf.com/inbounds/4391592.webp,striker,latitude-64,control-driver,stable,#FFFFFF,#F40909,177.6,21.4,1.6,1.2,17.6,1.9,5.6,29,11.68,,,,08-32,"Nov 12, 2008"
944,Strive,Latitude 64,Distance Driver,15,13,5,-1,3,Overstable,https://www.marshallstreetdiscgolf.com/?s=Strive&post_type=product,https://s3.amazonaws.com/media.marshallstreetdiscgolf.com/inbounds/0000417.webp,strive,latitude-64,distance-driver,overstable,#FFFFFF,#F40909,175.1,21.1,1.8,1.1,16.6,2.2,5.2,32,11.93,,,,23-268,"Dec 11, 2023"
945,Stryder,Prodigy,Midrange,18,6,4,0,3,Overstable,https://www.marshallstreetdiscgolf.com/?s=Stryder&post_type=product,https://s3.amazonaws.com/media.marshallstreetdiscgolf.com/inbounds/0000244.webp,stryder,prodigy,midrange,overstable,#000000,#10A259,,,,,,,,,,,,,,
946,Stud,Innova,Putter,19,3,3,0,2,Stable,https://www.marshallstreetdiscgolf.com/?s=Stud&post_type=product,https://s3.amazonaws.com/media.marshallstreetdiscgolf.com/inbounds/4391594.webp,stud,innova,putter,stable,#2A290E,#F3EB09,,,,,,,,,,,,,,
947,Sultan,Infinite Discs,Distance Driver,15,12,5,-2,2,Stable,,,sultan,infinite-discs,distance-driver,stable,#FFFFFF,#62054C,176,21.2,1.5,1.2,16.4,2.4,5.7,27,10.34,,,,25-20,"Jan 27, 2025"
948,Summit,Vibram,Putter,19,2,3,-1,0,Understable,https://www.marshallstreetdiscgolf.com/?s=summit&post_type=product,https://s3.amazonaws.com/media.marshallstreetdiscgolf.com/inbounds/2353867.webp,summit,vibram,putter,understable,#FFDC2D,#9A7D2C,,,,,,,,,,,,,,
949,Sumo,Legacy,Approach Discs,20,4,2,0,4,Very Overstable,https://www.marshallstreetdiscgolf.com/?s=Sumo&post_type=product,https://s3.amazonaws.com/media.marshallstreetdiscgolf.com/inbounds/0000388.webp,sumo,legacy,approach-discs,very-overstable,#3831F0,#E43DD9,,,,,,,,,,,,,,
950,Supra,Finish Line,Midrange,18,5,5,0,1,Stable,https://www.marshallstreetdiscgolf.com/?s=Supra&post_type=product,https://s3.amazonaws.com/media.marshallstreetdiscgolf.com/inbounds/0000291.webp,supra,finish-line,midrange,stable,#1914FF,#FFA5F4,,,,,,,,,,,,,,
951,Supreme EMac Truth,Dynamic Discs,Midrange,18,5,5,0,3,Overstable,https://www.marshallstreetdiscgolf.com/?s=Supreme+Emac+Truth&post_type=product,https://s3.amazonaws.com/media.marshallstreetdiscgolf.com/inbounds/0000380.webp,supreme-emac-truth,dynamic-discs,midrange,overstable,#FFFFFF,#0082F4,,,,,,,,,,,,,,
952,Supreme Trespass,Dynamic Discs,Distance Driver,15,12,5,-0.5,3,Stable,https://www.marshallstreetdiscgolf.com/?s=trespass&post_type=product,https://s3.amazonaws.com/media.marshallstreetdiscgolf.com/inbounds/0000368.webp,supreme-trespass,dynamic-discs,distance-driver,stable,#FFFFFF,#0082F4,175.1,21.1,1.7,1.1,16.6,2.2,5.2,30,11.93,,,,22-229,"Dec 19, 2022"
953,Surf,DGA,Putter,19,3,4,-1,1,Understable,https://www.marshallstreetdiscgolf.com/?cat_ids%5B%5D=229&post_type=product&s=surf&variation_toggle=1,https://s3.amazonaws.com/media.marshallstreetdiscgolf.com/inbounds/0000452.webp,surf,dga,putter,understable,#2876FF,#272727,,,,,,,,,,,,,,
954,Surge,Discraft,Control Driver,16,11,5,-1,3,Stable,https://www.marshallstreetdiscgolf.com/?s=surge&post_type=product,https://s3.amazonaws.com/media.marshallstreetdiscgolf.com/inbounds/8842756.webp,surge,discraft,hybrid-driver,stable,#FF3737,#000000,175.1,21.1,1.6,1.2,17.1,2,5.7,30.25,10.55,,,,06-02,"Feb 8, 2006"
955,Surge SS,Discraft,Control Driver,16,11,5,-2,2,Stable,https://www.marshallstreetdiscgolf.com/?s=surge+ss&post_type=product,https://s3.amazonaws.com/media.marshallstreetdiscgolf.com/inbounds/9155859.webp,surge-ss,discraft,hybrid-driver,stable,#FF3737,#000000,,,,,,,,,,,,,,
956,Suspect,Dynamic Discs,Approach Discs,20,4,3,0,3,Very Overstable,https://www.marshallstreetdiscgolf.com/?s=suspect&post_type=product,https://s3.amazonaws.com/media.marshallstreetdiscgolf.com/inbounds/3171320.webp,suspect,dynamic-discs,approach-discs,very-overstable,#FFFFFF,#0082F4,176.8,21.3,1.6,1.2,18.9,1.2,5.6,47.5,7.6,,,,13-26,"Mar 10, 2013"
957,Svea,Kastaplast,Midrange,18,5,6,-1,0,Understable,https://www.marshallstreetdiscgolf.com/?s=Svea&post_type=product,https://s3.amazonaws.com/media.marshallstreetdiscgolf.com/inbounds/0000041.webp,svea,kastaplast,midrange,understable,#000000,#21F1B9,181.8,21.9,2.1,1.3,19.3,1.3,5.9,41.5,6.14,,,,20-40,"Jun 10, 2020"
958,Swan 1 Reborn,Westside Discs,Putter,19,3,3,-2.5,0,Understable,https://www.marshallstreetdiscgolf.com/?s=Swan+2&post_type=product,https://s3.amazonaws.com/media.marshallstreetdiscgolf.com/inbounds/3034274.webp,swan-1-reborn,westside-discs,putter,understable,#FFFFFF,#014E13,,,,,,,,,,,,,,
959,Swan 2,Westside Discs,Putter,19,3,3,-1,0,Understable,https://www.marshallstreetdiscgolf.com/?s=Swan2&post_type=product,https://s3.amazonaws.com/media.marshallstreetdiscgolf.com/inbounds/5732093.webp,swan-2,westside-discs,putter,understable,#FFFFFF,#014E13,,,,,,,,,,,,,,
960,Swarm,Discraft,Midrange,18,5,3,0,4,Very Overstable,https://www.marshallstreetdiscgolf.com/?s=Swarm&post_type=product,https://s3.amazonaws.com/media.marshallstreetdiscgolf.com/inbounds/0000433.webp,swarm,discraft,midrange,very-overstable,#FF3737,#000000,180.1,21.7,1.6,1.2,19,1.3,5.5,44,7.61,,,,24-86,"Apr 22, 2024"
961,Swift,AquaFlight,Fairway Driver,17,7,5,-2,1,Understable,https://www.marshallstreetdiscgolf.com/product/aquaflight-swift,https://s3.amazonaws.com/media.marshallstreetdiscgolf.com/inbounds/8567408.webp,swift,aquaflight,control-driver,understable,#8B1D5B,#11FF98,,,,,,,,,,,,,,
962,Swift Fox,Daredevil Discs,Fairway Driver,17,7,5,-3,1,Very Understable,https://www.marshallstreetdiscgolf.com/product/swift-fox,https://s3.amazonaws.com/media.marshallstreetdiscgolf.com/inbounds/8567409.webp,swift-fox,daredevil-discs,control-driver,very-understable,#FFFFFF,#515151,175.1,21.1,1.7,1.2,17.6,1.8,5.7,27,7.14,,,,07-04,"Jan 19, 2007"
963,Sword,Westside Discs,Distance Driver,15,12,5,-0.5,2,Stable,https://www.marshallstreetdiscgolf.com/?s=sword&post_type=product,https://s3.amazonaws.com/media.marshallstreetdiscgolf.com/inbounds/6718262.webp,sword,westside-discs,distance-driver,stable,#FFFFFF,#014E13,,,,,,,,,,,,,,
964,Sycamore,Above Ground Level,Fairway Driver,17,7,5,0,1,Stable,https://www.marshallstreetdiscgolf.com/?s=Sycamore&post_type=product,https://s3.amazonaws.com/media.marshallstreetdiscgolf.com/inbounds/0000126.webp,sycamore,above-ground-level,control-driver,stable,#CFFF30,#000000,176,21.2,2.2,1.3,17.8,1.7,6.1,32.25,10.8,,,,19-56,"Jul 10, 2019"
965,Synapse,Thought Space Athletics,Distance Driver,15,12,5,-1.5,3,Overstable,https://www.marshallstreetdiscgolf.com/?s=Synapse&post_type=product,https://s3.amazonaws.com/media.marshallstreetdiscgolf.com/inbounds/0000147.webp,synapse,thought-space-athletics,distance-driver,overstable,#000000,#FF770E,176,21.2,1.6,1.2,16.6,2.3,5.7,26.25,10,,,,22-4,"Jan 10, 2022"
966,TD,Discmania,Control Driver,16,10,5,-2,1,Understable,https://www.marshallstreetdiscgolf.com/?s=TD&post_type=product,https://s3.amazonaws.com/media.marshallstreetdiscgolf.com/inbounds/0000401.webp,td,discmania,hybrid-driver,understable,#FFA813,#9A0C0C,,,,,,,,,,,,,,
967,TDx (OOP),Discmania,Fairway Driver,17,9,5,-3,1,Understable,https://www.marshallstreetdiscgolf.com/?s=tdx&post_type=product,https://s3.amazonaws.com/media.marshallstreetdiscgolf.com/inbounds/2211476.webp,tdx-oop,discmania,control-driver,understable,#FFA813,#9A0C0C,,,,,,,,,,,,,,
968,TL,Innova,Fairway Driver,17,7,5,-1,1,Stable,https://www.marshallstreetdiscgolf.com/?speed=7&speed_end=7&cat_ids%5B%5D=15&post_type=product&s=tl&variation_toggle=1,https://s3.amazonaws.com/media.marshallstreetdiscgolf.com/inbounds/5085651.webp,tl,innova,control-driver,stable,#2A290E,#F3EB09,,,,,,,,,,,,,,
969,TL3,Innova,Fairway Driver,17,8,4,-1,1,Stable,https://www.marshallstreetdiscgolf.com/?s=tl3&post_type=product,https://s3.amazonaws.com/media.marshallstreetdiscgolf.com/inbounds/3335095.webp,tl3,innova,control-driver,stable,#2A290E,#F3EB09,,,,,,,,,,,,,,
970,Taco,Mint Discs,Midrange,18,5,5,0,2,Overstable,https://www.marshallstreetdiscgolf.com/?s=taco&post_type=product,https://s3.amazonaws.com/media.marshallstreetdiscgolf.com/inbounds/0000413.webp,taco,mint-discs,midrange,overstable,#FFFFFF,#F4933E,177.6,21.4,1.9,1.4,18.5,1.4,6.5,43,11.93,,,,23-126,"Apr 27, 2023"
971,Tactic,Discmania,Putter,19,4,2,0,3,Very Overstable,https://www.marshallstreetdiscgolf.com/?s=tactic&post_type=product,https://s3.amazonaws.com/media.marshallstreetdiscgolf.com/inbounds/0000001.webp,tactic,discmania,putter,very-overstable,#FFA813,#9A0C0C,177.6,21.4,1.8,1.4,19.1,1.1,6.5,53,10.8,,,,20-02,"Jan 16, 2020"
972,Tailor,Discmania,Midrange,18,4,4,0,1,Stable,https://www.marshallstreetdiscgolf.com/?s=Tailor&post_type=product,https://s3.amazonaws.com/media.marshallstreetdiscgolf.com/inbounds/0000355.webp,tailor,discmania,midrange,stable,#FFA813,#9A0C0C,180.1,21.7,1.8,1.3,19.1,1.3,6,45.25,8.86,,,,22-212,"Nov 28, 2022"
973,Takapu,RPM,Putter,19,2,3,0,2,Overstable,https://www.marshallstreetdiscgolf.com/?s=takapu&post_type=product,https://s3.amazonaws.com/media.marshallstreetdiscgolf.com/inbounds/0000199.webp,takapu,rpm,putter,overstable,#1FBE25,#434343,,,,,,,,,,,,,,
974,Talisman,Prodiscus,Control Driver,16,9,4,0,2,Overstable,https://www.marshallstreetdiscgolf.com/?s=talisman&post_type=product,https://s3.amazonaws.com/media.marshallstreetdiscgolf.com/inbounds/0000408.webp,talisman,prodiscus,hybrid-driver,overstable,#32E65C,#5435A9,175.1,21.1,1.7,1.2,17.3,1.9,5.7,37.75,8.07,,,,22-164,"Sep 19, 2022"
975,Talon,Discraft,Fairway Driver,17,8,3,1,3,Overstable,https://www.marshallstreetdiscgolf.com/?s=Talon&post_type=product,https://s3.amazonaws.com/media.marshallstreetdiscgolf.com/inbounds/1123778.webp,talon,discraft,control-driver,overstable,#FF3737,#000000,174.3,21,1.5,1.1,17.5,1.8,5.2,28.25,9.32,,,,02-12,"Sep 19, 2002"
976,Tank,Millennium,Approach Discs,20,2,1,0,2,Overstable,https://www.marshallstreetdiscgolf.com/?s=tank&post_type=product,https://s3.amazonaws.com/media.marshallstreetdiscgolf.com/inbounds/4703844.webp,tank,millennium,approach-discs,overstable,#000000,#FF0974,,,,,,,,,,,,,,
977,Tantrum,Axiom Discs,Distance Driver,15,14.5,5,-1.5,3,Overstable,https://www.marshallstreetdiscgolf.com/?s=tantrum&post_type=product,https://s3.amazonaws.com/media.marshallstreetdiscgolf.com/inbounds/4703999.webp,tantrum,axiom-discs,distance-driver,overstable,#000000,#FF9595,175.1,21.1,1.9,1.2,16,2.5,5.7,26.75,12.13,,,,18-25,"Mar 15, 2018"
978,Tara iti,RPM,Control Driver,16,10,5,0,2,Overstable,https://www.marshallstreetdiscgolf.com/?s=Tara+iti&post_type=product,https://s3.amazonaws.com/media.marshallstreetdiscgolf.com/inbounds/0000331.webp,tara-iti,rpm,hybrid-driver,overstable,#1FBE25,#434343,,,,,,,,,,,,,,
979,Tasmanian Devil V2,Wild Discs,Fairway Driver,17,9,4,0,4,Very Overstable,https://www.marshallstreetdiscgolf.com/?s=Tasmanian+Devil&post_type=product,https://s3.amazonaws.com/media.marshallstreetdiscgolf.com/inbounds/0000304.webp,tasmanian-devil-v2,wild-discs,control-driver,very-overstable,#D267A0,#373C0D,176,21.2,1.8,1.1,17.2,2,5.2,30.75,8.64,,,,23-2,"Jan 9, 2023"
980,TeeRex,Innova,Control Driver,16,11,4,0,4,Overstable,https://www.marshallstreetdiscgolf.com/?s=teerex&post_type=product,https://s3.amazonaws.com/media.marshallstreetdiscgolf.com/inbounds/9445760.webp,teerex,innova,hybrid-driver,overstable,#2A290E,#F3EB09,,,,,,,,,,,,,,
981,Teebird,Innova,Fairway Driver,17,7,5,0,2,Stable,https://www.marshallstreetdiscgolf.com/?s=teebird&post_type=product,https://s3.amazonaws.com/media.marshallstreetdiscgolf.com/inbounds/5536882.webp,teebird,innova,control-driver,stable,#2A290E,#F3EB09,,,,,,,,,,,,,,
982,Teebird3,Innova,Fairway Driver,17,8,4,0,2,Stable,https://www.marshallstreetdiscgolf.com/?s=teebird3&post_type=product,https://s3.amazonaws.com/media.marshallstreetdiscgolf.com/inbounds/8519770.webp,teebird3,innova,control-driver,stable,#2A290E,#F3EB09,,,,,,,,,,,,,,
983,Teedevil,Innova,Distance Driver,15,12,5,-1,2,Stable,https://www.marshallstreetdiscgolf.com/?s=teedevil&post_type=product,https://s3.amazonaws.com/media.marshallstreetdiscgolf.com/inbounds/2986113.webp,teedevil,innova,distance-driver,stable,#2A290E,#F3EB09,,,,,,,,,,,,,,
984,Teleport,MVP,Distance Driver,15,14.5,5,-1.5,2.5,Stable,https://www.marshallstreetdiscgolf.com/?s=teleport&post_type=product,https://s3.amazonaws.com/media.marshallstreetdiscgolf.com/inbounds/0529015.webp,teleport,mvp,distance-driver,stable,#000000,#9BF2FF,,,,,,,,,,,,,,
985,Telos,EV-7,Putter,19,2,4,0,1.5,Overstable,https://www.marshallstreetdiscgolf.com/?s=telos&post_type=product,https://s3.amazonaws.com/media.marshallstreetdiscgolf.com/inbounds/0000218.webp,telos,ev-7,putter,overstable,#FFFFFF,#111397,,,,,,,,,,,,,,
986,Tempest,DGA,Distance Driver,15,13,5,-3,2,Understable,https://www.marshallstreetdiscgolf.com/?s=Tempest&post_type=product,https://s3.amazonaws.com/media.marshallstreetdiscgolf.com/inbounds/6878711.webp,tempest,dga,distance-driver,understable,#2876FF,#272727,,,,,,,,,,,,,,
987,Temple,Thought Space Athletics,Approach Discs,20,4,3,0,3,Very Overstable,https://www.marshallstreetdiscgolf.com/?s=Temple&post_type=product,https://s3.amazonaws.com/media.marshallstreetdiscgolf.com/inbounds/0000220.webp,temple,thought-space-athletics,approach-discs,very-overstable,#000000,#FF770E,176.8,21.3,1.7,1.4,18.9,1.2,6.6,53,6.02,,,,22-101,"Jun 6, 2022"
988,Tempo,Axiom Discs,Approach Discs,20,4,4,0,2.5,Very Overstable,https://www.marshallstreetdiscgolf.com/?s=Tempo&post_type=product,https://s3.amazonaws.com/media.marshallstreetdiscgolf.com/inbounds/0000423.webp,tempo,axiom-discs,approach-discs,very-overstable,#000000,#FF9595,176,21.2,1.6,1.4,18.7,1.2,6.6,55.5,7.16,,,,23-23,"Jan 30, 2023"
989,Tenacity,Axiom Discs,Distance Driver,15,13,5,-2.5,2,Stable,https://www.marshallstreetdiscgolf.com/?s=tenacity&post_type=product,https://s3.amazonaws.com/media.marshallstreetdiscgolf.com/inbounds/5643381.webp,tenacity,axiom-discs,distance-driver,stable,#000000,#FF9595,175.1,21.1,1.9,1.2,16.3,2.4,5.7,26.75,11.57,,,,17-49,"Apr 13, 2017"
990,Tern,Innova,Distance Driver,15,12,6,-3,2,Understable,https://www.marshallstreetdiscgolf.com/?s=tern&post_type=product,https://s3.amazonaws.com/media.marshallstreetdiscgolf.com/inbounds/4127027.webp,tern,innova,distance-driver,understable,#2A290E,#F3EB09,,,,,,,,,,,,,,
991,Terra,MVP,Fairway Driver,17,8,5,0,3,Very Overstable,https://www.marshallstreetdiscgolf.com/?s=Terra&post_type=product,https://s3.amazonaws.com/media.marshallstreetdiscgolf.com/inbounds/0000136.webp,terra,mvp,control-driver,very-overstable,#000000,#9BF2FF,,,,,,,,,,,,,,
992,Tesla,MVP,Fairway Driver,17,9,5,-1,2,Stable,https://www.marshallstreetdiscgolf.com/?s=tesla&post_type=product,https://s3.amazonaws.com/media.marshallstreetdiscgolf.com/inbounds/4127028.webp,tesla,mvp,control-driver,stable,#000000,#9BF2FF,,,,,,,,,,,,,,
993,Tex,Lone Star Discs,Fairway Driver,17,6,5,-3,1,Very Understable,https://www.marshallstreetdiscgolf.com/?s=tex&post_type=product,https://s3.amazonaws.com/media.marshallstreetdiscgolf.com/inbounds/0000445.webp,tex,lone-star-discs,control-driver,very-understable,#FFA5EA,#6B834B,,,,,,,,,,,,,,
994,Texas Ranger,Lone Star Discs,Midrange,18,5,5,-1,1,Stable,https://www.marshallstreetdiscgolf.com/?s=Texas+Ranger&post_type=product,https://s3.amazonaws.com/media.marshallstreetdiscgolf.com/inbounds/0000194.webp,texas-ranger,lone-star-discs,midrange,stable,#FFA5EA,#6B834B,,,,,,,,,,,,,,
995,The Crater,Storm,Putter,19,3,2,0,3,Overstable,https://www.marshallstreetdiscgolf.com/product/the-crater-category-1-medium,https://s3.amazonaws.com/media.marshallstreetdiscgolf.com/inbounds/0000181.webp,the-crater,storm,putter,overstable,#FFF417,#7010B9,,,,,,,,,,,,,,
996,The Dome,Lone Star Discs,Fairway Driver,17,8,6,-3,1,Understable,https://www.marshallstreetdiscgolf.com/?s=The+Dome&post_type=product,https://s3.amazonaws.com/media.marshallstreetdiscgolf.com/inbounds/0000222.webp,the-dome,lone-star-discs,control-driver,understable,#FFA5EA,#6B834B,,,,,,,,,,,,,,
997,The Eye,Storm,Midrange,18,6,5,-1,1,Stable,https://www.marshallstreetdiscgolf.com/?s=The+Eye&post_type=product,https://s3.amazonaws.com/media.marshallstreetdiscgolf.com/inbounds/0000179.webp,the-eye,storm,midrange,stable,#FFF417,#7010B9,,,,,,,,,,,,,,
998,Thief,Dynamic Discs,Fairway Driver,17,8,5,-1.5,2,Understable,https://www.marshallstreetdiscgolf.com/?s=thief&post_type=product,https://s3.amazonaws.com/media.marshallstreetdiscgolf.com/inbounds/3107249.webp,thief,dynamic-discs,control-driver,understable,#FFFFFF,#0082F4,176,21.2,1.8,1.1,17.3,1.9,5.2,34.25,9.19,,,,14-21,"Mar 22, 2014"
999,Thor,Viking,Distance Driver,15,14,5,0,2,Stable,https://www.marshallstreetdiscgolf.com/?s=thor&post_type=product,https://s3.amazonaws.com/media.marshallstreetdiscgolf.com/inbounds/3102747.webp,thor,viking,distance-driver,stable,#000000,#04F40C,,,,,,,,,,,,,,
1000,Thrasher,Discraft,Distance Driver,15,12,5,-3,2,Understable,https://www.marshallstreetdiscgolf.com/?s=thrasher&post_type=product,https://s3.amazonaws.com/media.marshallstreetdiscgolf.com/inbounds/3007247.webp,thrasher,discraft,distance-driver,understable,#FF3737,#000000,175.1,21.1,1.7,1.1,16.8,2.1,5.2,26.75,8.85,,,,16-62,"Aug 13, 2016"
1001,Thread,Hooligan Discs,Fairway Driver,17,9,5,-1,1,Stable,https://www.marshallstreetdiscgolf.com/?s=Thread&post_type=product,https://s3.amazonaws.com/media.marshallstreetdiscgolf.com/inbounds/0000290.webp,thread,hooligan-discs,control-driver,stable,#01216C,#DAFDFF,175.1,21.1,1.5,1.1,17.1,2,5.2,31.5,6.25,,,,22-128,"Jul 18, 2022"
1002,Thrill,Axiom Discs,Distance Driver,15,11,4,0,3.5,Overstable,https://www.marshallstreetdiscgolf.com/?s=thrill&post_type=product,https://s3.amazonaws.com/media.marshallstreetdiscgolf.com/inbounds/0007247.webp,thrill,axiom-discs,distance-driver,overstable,#000000,#FF9595,175.1,21.1,1.5,1.1,16.7,2.2,5.2,26,9.53,,,,16-37,"Apr 21, 2016"
1003,Thunderbird,Innova,Fairway Driver,17,9,5,0,2,Stable,https://www.marshallstreetdiscgolf.com/?s=thunderbird&post_type=product,https://s3.amazonaws.com/media.marshallstreetdiscgolf.com/inbounds/3107247.webp,thunderbird,innova,control-driver,stable,#2A290E,#F3EB09,,,,,,,,,,,,,,
1004,Tide,Westside Discs,Distance Driver,15,12,6,-0.5,3,Overstable,https://www.marshallstreetdiscgolf.com/?s=tide&post_type=product,https://s3.amazonaws.com/media.marshallstreetdiscgolf.com/inbounds/0000504.webp,tide,westside-discs,distance-driver,overstable,#FFFFFF,#014E13,,,,,,,,,,,,,,
1005,Timberwolf,Daredevil Discs,Fairway Driver,17,8,5,-1,1,Stable,https://www.marshallstreetdiscgolf.com/product/timberwolf,https://s3.amazonaws.com/media.marshallstreetdiscgolf.com/inbounds/3107248.webp,timberwolf,daredevil-discs,control-driver,stable,#FFFFFF,#515151,175.1,21.1,1.6,1.2,17.5,1.8,5.7,27,5.78,,,,07-05,"Jan 19, 2007"
1006,Time-Lapse,Axiom Discs,Distance Driver,15,12,5,-1,3,Overstable,https://www.marshallstreetdiscgolf.com/?s=Time+Lapse&post_type=product,https://s3.amazonaws.com/media.marshallstreetdiscgolf.com/inbounds/0000376.webp,time-lapse,axiom-discs,distance-driver,overstable,#000000,#FF9595,176,21.2,1.7,1.2,16.5,2.3,5.7,26.25,11.59,,,,23-212,"Aug 21, 2023"
1007,Time-Lapse (Retooled),Axiom Discs,Distance Driver,15,12,5,-1,2,Stable,https://www.marshallstreetdiscgolf.com/?s=time-lapse&post_type=product,https://s3.amazonaws.com/media.marshallstreetdiscgolf.com/inbounds/0000538.webp,time-lapse-retooled,axiom-discs,distance-driver,stable,#000000,#FF9595,,,,,,,,,,,,,,
1008,Titan,Prodiscus,Fairway Driver,17,9,3,0,2,Overstable,https://www.marshallstreetdiscgolf.com/?s=titan&post_type=product,https://s3.amazonaws.com/media.marshallstreetdiscgolf.com/inbounds/3235093.webp,titan,prodiscus,control-driver,overstable,#32E65C,#5435A9,176,21.2,1.6,1.2,17.3,1.9,5.7,32.75,9.53,,,,14-88,"Nov 13, 2014"
1009,Titanium,Løft Discs,Fairway Driver,17,7,5,-2,1,Understable,https://www.marshallstreetdiscgolf.com/?s=alpha-solid+titanium&post_type=product,https://s3.amazonaws.com/media.marshallstreetdiscgolf.com/inbounds/0000474.webp,titanium,løft-discs,control-driver,understable,#000000,#9B90FF,176.8,21.3,2,1.1,17.8,1.7,5.2,36,8.52,,,,23-229,"Oct 9, 2023"
1010,Tiyanak,Other,Fairway Driver,17,8,5,-5,1,Understable,https://www.marshallstreetdiscgolf.com/?s=tiyanak&post_type=product,https://s3.amazonaws.com/media.marshallstreetdiscgolf.com/inbounds/0000152.webp,tiyanak,other,control-driver,understable,#000000,#E5FFAA,,,,,,,,,,,,,,
1011,Tomahawk,Yikun,Midrange,18,5,6,0,0,Understable,https://www.marshallstreetdiscgolf.com/product/tortoise-line-tomahawk,https://s3.amazonaws.com/media.marshallstreetdiscgolf.com/inbounds/L1010101.webp,tomahawk,yikun,midrange,understable,#006A6E,#FF6F8C,,,,,,,,,,,,,,
1012,Tomb,Infinite Discs,Putter,19,3,4,0,1,Stable,https://www.marshallstreetdiscgolf.com/?s=Tomb&post_type=product,https://s3.amazonaws.com/media.marshallstreetdiscgolf.com/inbounds/3235099.webp,tomb,infinite-discs,putter,stable,#FFFFFF,#62054C,176.8,21.3,1.6,1.3,19.1,1.1,6.1,65.5,7.6,,,,18-31,"Mar 29, 2018"
1013,Tombstone,Lone Star Discs,Distance Driver,15,13,4,0,4,Very Overstable,https://www.marshallstreetdiscgolf.com/?s=tombstone&post_type=product,https://s3.amazonaws.com/media.marshallstreetdiscgolf.com/inbounds/0000259.webp,tombstone,lone-star-discs,distance-driver,very-overstable,#FFA5EA,#6B834B,,,,,,,,,,,,,,
1014,Toro,Innova,Approach Discs,20,4,2,1,3,Very Overstable,https://www.marshallstreetdiscgolf.com/?s=Toro&post_type=product,https://s3.amazonaws.com/media.marshallstreetdiscgolf.com/inbounds/0000203.webp,toro,innova,approach-discs,very-overstable,#2A290E,#F3EB09,,,,,,,,,,,,,,
1015,Torque,Finish Line,Fairway Driver,17,8,4,0,2.5,Overstable,https://www.marshallstreetdiscgolf.com/?s=Torque&post_type=product,https://s3.amazonaws.com/media.marshallstreetdiscgolf.com/inbounds/0000370.webp,torque,finish-line,control-driver,overstable,#1914FF,#FFA5F4,,,,,,,,,,,,,,
1016,Torrent,DGA,Distance Driver,15,14,5,-1,2,Overstable,https://www.marshallstreetdiscgolf.com/?s=torrent&post_type=product,https://s3.amazonaws.com/media.marshallstreetdiscgolf.com/inbounds/3235095.webp,torrent,dga,distance-driver,overstable,#2876FF,#272727,,,,,,,,,,,,,,
1017,Trace,Streamline,Control Driver,16,11,5,-1,2,Stable,https://www.marshallstreetdiscgolf.com/?s=trace&post_type=product,https://s3.amazonaws.com/media.marshallstreetdiscgolf.com/inbounds/3045756.webp,trace,streamline,hybrid-driver,stable,#012219,#ACFFBA,,,,,,,,,,,,,,
1018,Trail,MVP,Control Driver,16,10,5,-1,1,Stable,https://www.marshallstreetdiscgolf.com/?s=trail&post_type=product,https://s3.amazonaws.com/media.marshallstreetdiscgolf.com/inbounds/0000456.webp,trail,mvp,hybrid-driver,stable,#000000,#9BF2FF,,,,,,,,,,,,,,
1019,Trance,Axiom Discs,Fairway Driver,17,8,5,-2,1,Understable,https://www.marshallstreetdiscgolf.com/?s=trance&post_type=product,https://s3.amazonaws.com/media.marshallstreetdiscgolf.com/inbounds/0000316.webp,trance,axiom-discs,control-driver,understable,#000000,#FF9595,174.3,21,1.8,1.2,17.1,1.9,5.7,41.25,9.32,,,,22-96,"Jun 6, 2022"
1020,Treason,Dynamic Discs,Control Driver,16,10,5,-3,1,Understable,,,treason,dynamic-discs,hybrid-driver,understable,#FFFFFF,#0082F4,175.1,21.1,1.8,1.1,17,2.1,5.2,30.5,8.3,,,,25-38,"Mar 17, 2025"
1021,Tremor,DGA,Midrange,18,6,5,-4,1,Very Understable,https://www.marshallstreetdiscgolf.com/?s=tremor&post_type=product,https://s3.amazonaws.com/media.marshallstreetdiscgolf.com/inbounds/1130000.webp,tremor,dga,midrange,very-understable,#2876FF,#272727,,,,,,,,,,,,,,
1022,Trespass,Dynamic Discs,Distance Driver,15,12,5,-0.5,3,Stable,https://www.marshallstreetdiscgolf.com/?s=trespass&post_type=product,https://s3.amazonaws.com/media.marshallstreetdiscgolf.com/inbounds/1130001.webp,trespass,dynamic-discs,distance-driver,stable,#FFFFFF,#0082F4,175.1,21.1,1.9,1.1,16.7,2.1,5.2,26.25,10.32,,,,12-59,"Dec 7, 2012"
1023,Triceratops,Dino Discs,Approach Discs,20,3,3,-3,1,Very Understable,https://www.marshallstreetdiscgolf.com/?s=triceratops&post_type=product,https://s3.amazonaws.com/media.marshallstreetdiscgolf.com/inbounds/0000531.webp,triceratops,dino-discs,approach-discs,very-understable,#740A0A,#FF6FCF,,,,,,,,,,,,,,
1024,Trident,Latitude 64,Fairway Driver,17,6,4,-0.5,3,Overstable,https://www.marshallstreetdiscgolf.com/?s=trident&post_type=product,https://s3.amazonaws.com/media.marshallstreetdiscgolf.com/inbounds/0887728.webp,trident,latitude-64,control-driver,overstable,#FFFFFF,#F40909,177.6,21.4,1.4,1.1,17.6,1.9,5.1,36.75,11.11,,,,08-34,"Nov 25, 2008"
1025,Trinity,Lone Star Discs,Fairway Driver,17,7,5,0,2,Stable,https://www.marshallstreetdiscgolf.com/?s=trinity&post_type=product,https://s3.amazonaws.com/media.marshallstreetdiscgolf.com/inbounds/0000446.webp,trinity,lone-star-discs,control-driver,stable,#FFA5EA,#6B834B,,,,,,,,,,,,,,
1026,Trust,Latitude 64,Midrange,18,5,5,0,2,Overstable,https://www.marshallstreetdiscgolf.com/?s=Trust&post_type=product,https://s3.amazonaws.com/media.marshallstreetdiscgolf.com/inbounds/0000281.webp,trust,latitude-64,midrange,overstable,#FFFFFF,#F40909,,,,,,,,,,,,,,
1027,Truth,Dynamic Discs,Midrange,18,5,5,-1,1,Stable,https://www.marshallstreetdiscgolf.com/?s=truth&post_type=product,https://s3.amazonaws.com/media.marshallstreetdiscgolf.com/inbounds/1130005.webp,truth,dynamic-discs,midrange,stable,#FFFFFF,#0082F4,180.1,21.7,1.7,1.2,18.7,1.5,5.5,41.5,8.05,,,,13-39,"Jun 18, 2013"
1028,"Truth, EMAC",Dynamic Discs,Midrange,18,5,5,0,2,Overstable,https://www.marshallstreetdiscgolf.com/?s=emac+truth&post_type=product,https://s3.amazonaws.com/media.marshallstreetdiscgolf.com/inbounds/0125008.webp,truth-emac,dynamic-discs,midrange,overstable,#FFFFFF,#0082F4,,,,,,,,,,,,,,
1029,Tsunami,DGA,Fairway Driver,17,10,3,0,4,Overstable,https://www.marshallstreetdiscgolf.com/?s=tsunami&post_type=product,https://s3.amazonaws.com/media.marshallstreetdiscgolf.com/inbounds/0909327.webp,tsunami,dga,control-driver,overstable,#2876FF,#272727,,,,,,,,,,,,,,
1030,Tuff,Kastaplast,Putter,19,3,4,0,2,Overstable,https://www.marshallstreetdiscgolf.com/?s=Tuff&post_type=product,https://s3.amazonaws.com/media.marshallstreetdiscgolf.com/inbounds/0000522.webp,tuff,kastaplast,putter,overstable,#000000,#21F1B9,176,21.2,2,1.5,18.9,1.1,7.1,62.75,9.43,,,,25-25,"Feb 10, 2025"
1031,Tui,RPM,Putter,19,3,4,-1,0,Very Understable,https://www.marshallstreetdiscgolf.com/?s=Tui&post_type=product,https://s3.amazonaws.com/media.marshallstreetdiscgolf.com/inbounds/9458079.webp,tui,rpm,putter,very-understable,#1FBE25,#434343,,,,,,,,,,,,,,
1032,Tumbleweed,Lone Star Discs,Control Driver,16,10,6,-4,1,Very Understable,https://www.marshallstreetdiscgolf.com/?s=Tumbleweed&post_type=product,https://s3.amazonaws.com/media.marshallstreetdiscgolf.com/inbounds/0000184.webp,tumbleweed,lone-star-discs,hybrid-driver,very-understable,#FFA5EA,#6B834B,,,,,,,,,,,,,,
1033,Turbulence,Streamline,Fairway Driver,17,7,2,0,3.5,Very Overstable,https://www.marshallstreetdiscgolf.com/?s=turbulence&post_type=product,https://s3.amazonaws.com/media.marshallstreetdiscgolf.com/inbounds/0000535.webp,turbulence,streamline,control-driver,very-overstable,#012219,#ACFFBA,,,,,,,,,,,,,,
1034,Tursas,Westside Discs,Midrange,18,5,5,-2,1,Understable,https://www.marshallstreetdiscgolf.com/?s=tursas&post_type=product,https://s3.amazonaws.com/media.marshallstreetdiscgolf.com/inbounds/4214217.webp,tursas,westside-discs,midrange,understable,#FFFFFF,#014E13,,,,,,,,,,,,,,
1035,Twin Swords,Yikun,Distance Driver,15,12,5,-1,2,Stable,https://www.marshallstreetdiscgolf.com/product/tortoise-line-twin-swords,https://s3.amazonaws.com/media.marshallstreetdiscgolf.com/inbounds/4214299.webp,twin-swords,yikun,distance-driver,stable,#006A6E,#FF6F8C,,,,,,,,,,,,,,
1036,Typhoon,DGA,Distance Driver,15,12,5,-2,2,Stable,https://www.marshallstreetdiscgolf.com/?s=typhoon&post_type=product,https://s3.amazonaws.com/media.marshallstreetdiscgolf.com/inbounds/4214218.webp,typhoon,dga,distance-driver,stable,#2876FF,#272727,,,,,,,,,,,,,,
1037,Tyrannosaurus Rex,Dino Discs,Distance Driver,15,14,5,-3,2,Understable,https://www.marshallstreetdiscgolf.com/?s=tyrannosaurus+rex&post_type=product,https://s3.amazonaws.com/media.marshallstreetdiscgolf.com/inbounds/0000527.webp,tyrannosaurus-rex,dino-discs,distance-driver,understable,#740A0A,#FF6FCF,,,,,,,,,,,,,,
1038,Tyrant,Other,Fairway Driver,17,7,3,0,2.5,Overstable,https://www.marshallstreetdiscgolf.com/product/armor-tyrant-no-stamp,https://s3.amazonaws.com/media.marshallstreetdiscgolf.com/inbounds/4214219.webp,tyrant,other,control-driver,overstable,#000000,#E5FFAA,,,,,,,,,,,,,,
1039,UFO,Mint Discs,Putter,19,2,3,0,1,Stable,https://www.marshallstreetdiscgolf.com/?s=UFO&post_type=product,https://s3.amazonaws.com/media.marshallstreetdiscgolf.com/inbounds/0000372.webp,ufo,mint-discs,putter,stable,#FFFFFF,#F4933E,176,21.2,2.1,1.5,19,1.1,7.1,62.25,9.2,,,,23-127,"Apr 27, 2023"
1040,Ultra,Other,Midrange,18,5,3,0,3,Overstable,https://www.marshallstreetdiscgolf.com/?s=%22Ultra%22&post_type=product,https://s3.amazonaws.com/media.marshallstreetdiscgolf.com/inbounds/0000357.webp,ultra,other,midrange,overstable,#000000,#E5FFAA,,,,,,,,,,,,,,
1041,UnLace,Vibram,Distance Driver,15,14,6,-5,1,Very Understable,https://www.marshallstreetdiscgolf.com/?s=unlace&post_type=product,https://s3.amazonaws.com/media.marshallstreetdiscgolf.com/inbounds/9090002.webp,unlace,vibram,distance-driver,very-understable,#FFDC2D,#9A7D2C,,,,,,,,,,,,,,
1042,Undertaker,Discraft,Fairway Driver,17,9,5,-1,2,Stable,https://www.marshallstreetdiscgolf.com/?s=undertaker&post_type=product,https://s3.amazonaws.com/media.marshallstreetdiscgolf.com/inbounds/2662446.webp,undertaker,discraft,control-driver,stable,#FF3737,#000000,175.1,21.1,1.8,1.1,17.5,1.9,5.2,30.75,10.43,,,,16-31,"Apr 6, 2016"
1043,Undertow,DGA,Control Driver,16,10,4,-1,1,Stable,https://www.marshallstreetdiscgolf.com/?s=undertow&post_type=product,https://s3.amazonaws.com/media.marshallstreetdiscgolf.com/inbounds/2662447.webp,undertow,dga,hybrid-driver,stable,#2876FF,#272727,,,,,,,,,,,,,,
1044,Underworld,Westside Discs,Fairway Driver,17,7,6,-3,1,Very Understable,https://www.marshallstreetdiscgolf.com/?s=underworld&post_type=product,https://s3.amazonaws.com/media.marshallstreetdiscgolf.com/inbounds/1001002.webp,underworld,westside-discs,control-driver,very-understable,#FFFFFF,#014E13,,,,,,,,,,,,,,
1045,Uplink,Axiom Discs,Midrange,18,5,5,-3,0.5,Very Understable,https://www.marshallstreetdiscgolf.com/?s=uplink&post_type=product,https://s3.amazonaws.com/media.marshallstreetdiscgolf.com/inbounds/0000148.webp,uplink,axiom-discs,midrange,very-understable,#000000,#FF9595,,,,,,,,,,,,,,
1046,VP,Vibram,Putter,19,2,3,0,2,Overstable,https://www.marshallstreetdiscgolf.com/?s=VP&post_type=product,https://s3.amazonaws.com/media.marshallstreetdiscgolf.com/inbounds/5951270.webp,vp,vibram,putter,overstable,#FFDC2D,#9A7D2C,,,,,,,,,,,,,,
1047,VRoc,Innova,Midrange,18,4,4,0,1,Stable,https://www.marshallstreetdiscgolf.com/?s=vroc&post_type=product,https://s3.amazonaws.com/media.marshallstreetdiscgolf.com/inbounds/6833106.webp,vroc,innova,midrange,stable,#2A290E,#F3EB09,,,,,,,,,,,,,,
1048,Valkyrie,Innova,Fairway Driver,17,9,4,-2,2,Understable,https://www.marshallstreetdiscgolf.com/?s=valkyrie&post_type=product,https://s3.amazonaws.com/media.marshallstreetdiscgolf.com/inbounds/8775593.webp,valkyrie,innova,control-driver,understable,#2A290E,#F3EB09,,,,,,,,,,,,,,
1049,Valley,Vibram,Fairway Driver,17,7,5,-1,1,Understable,https://www.marshallstreetdiscgolf.com/?s=valley&post_type=product,https://s3.amazonaws.com/media.marshallstreetdiscgolf.com/inbounds/8775594.webp,valley,vibram,control-driver,understable,#FFDC2D,#9A7D2C,,,,,,,,,,,,,,
1050,Valor,Legacy,Midrange,18,5,5,0,2,Overstable,https://www.marshallstreetdiscgolf.com/?s=Valor&post_type=product,https://s3.amazonaws.com/media.marshallstreetdiscgolf.com/inbounds/0000077.webp,valor,legacy,midrange,overstable,#3831F0,#E43DD9,,,,,,,,,,,,,,
1051,Vamp,Vibram,Fairway Driver,17,7,5,-2,1,Understable,https://www.marshallstreetdiscgolf.com/?s=Vamp&post_type=product,https://s3.amazonaws.com/media.marshallstreetdiscgolf.com/inbounds/8775595.webp,vamp,vibram,control-driver,understable,#FFDC2D,#9A7D2C,,,,,,,,,,,,,,
1052,Vandal,Dynamic Discs,Fairway Driver,17,9,5,-1.5,2,Understable,https://www.marshallstreetdiscgolf.com/product/lucid-vandal-trilogy-challeng,https://s3.amazonaws.com/media.marshallstreetdiscgolf.com/inbounds/1010996.webp,vandal,dynamic-discs,control-driver,understable,#FFFFFF,#0082F4,176,21.2,1.7,1.1,17.4,1.9,5.2,36.25,8.39,,,,18-77,"Nov 4, 2018"
1053,Vanguard,Discmania,Fairway Driver,17,9,5,0,2,Stable,https://www.marshallstreetdiscgolf.com/?s=Vanguard&post_type=product,https://s3.amazonaws.com/media.marshallstreetdiscgolf.com/inbounds/0000358.webp,vanguard,discmania,control-driver,stable,#FFA813,#9A0C0C,176,21.2,1.7,1.1,17.3,2,5.2,29.75,10.68,,,,23-159,"Jun 5, 2023"
1054,Vanilla,Clash Discs,Control Driver,16,11,6,-2,1,Understable,https://www.marshallstreetdiscgolf.com/?s=Vanilla&post_type=product,https://s3.amazonaws.com/media.marshallstreetdiscgolf.com/inbounds/0000351.webp,vanilla,clash-discs,hybrid-driver,understable,#FF93E9,#2516FF,177.6,21.4,1.6,1.1,17.1,2.1,5.1,26,9.66,,,,23-89,"Mar 23, 2023"
1055,Vanish,Axiom Discs,Control Driver,16,11,5,-3,2,Understable,https://www.marshallstreetdiscgolf.com/?s=vanish&post_type=product,https://s3.amazonaws.com/media.marshallstreetdiscgolf.com/inbounds/5112997.webp,vanish,axiom-discs,hybrid-driver,understable,#000000,#FF9595,175.1,21.1,1.5,1.1,16.6,2.2,5.2,27.75,8.98,,,,16-30,"Apr 6, 2016"
1056,Vass,Kastaplast,Distance Driver,15,12,5,-1.5,2,Stable,https://www.marshallstreetdiscgolf.com/?s=Vass&post_type=product,https://s3.amazonaws.com/media.marshallstreetdiscgolf.com/inbounds/0000369.webp,vass,kastaplast,distance-driver,stable,#000000,#21F1B9,176.8,21.3,1.7,1.1,16.9,2.2,5.2,26.25,8.41,,,,23-135,"May 8, 2023"
1057,Vela,Millennium,Fairway Driver,17,7,4,-1.5,2,Stable,https://www.marshallstreetdiscgolf.com/?s=Vela&post_type=product,https://s3.amazonaws.com/media.marshallstreetdiscgolf.com/inbounds/0000340.webp,vela,millennium,control-driver,stable,#000000,#FF0974,,,,,,,,,,,,,,
1058,Vengeance,Legacy,Distance Driver,15,10,6,0,2,Overstable,https://www.marshallstreetdiscgolf.com/?s=vengeance&post_type=product,https://s3.amazonaws.com/media.marshallstreetdiscgolf.com/inbounds/0000011.webp,vengeance,legacy,distance-driver,overstable,#3831F0,#E43DD9,,,,,,,,,,,,,,
1059,Venom (Old Version - OOP),Discraft,Control Driver,16,10,4,0,4,Overstable,https://www.marshallstreetdiscgolf.com/?s=Venom&post_type=product,https://s3.amazonaws.com/media.marshallstreetdiscgolf.com/inbounds/7408747.webp,venom-old-version-oop,discraft,hybrid-driver,overstable,#FF3737,#000000,,,,,,,,,,,,,,
1060,Venom (Retooled),Discraft,Distance Driver,15,13,5,0,3,Overstable,https://www.marshallstreetdiscgolf.com/?s=Venom&post_type=product,https://s3.amazonaws.com/media.marshallstreetdiscgolf.com/inbounds/0000312.webp,venom-retooled,discraft,distance-driver,overstable,#FF3737,#000000,,,,,,,,,,,,,,
1061,Verdict,Dynamic Discs,Midrange,18,5,4,0,3.5,Overstable,https://www.marshallstreetdiscgolf.com/?s=verdict&post_type=product,https://s3.amazonaws.com/media.marshallstreetdiscgolf.com/inbounds/0603000.webp,verdict,dynamic-discs,midrange,overstable,#FFFFFF,#0082F4,180.1,21.7,1.7,1.2,18.7,1.5,5.5,43.25,7.71,,,,13-34,"May 30, 2013"
1062,Vessel,Thought Space Athletics,Approach Discs,20,4,3,0,3,Overstable,https://www.marshallstreetdiscgolf.com/?s=vessel&post_type=product,https://s3.amazonaws.com/media.marshallstreetdiscgolf.com/inbounds/0000000.webp,vessel,thought-space-athletics,approach-discs,overstable,#000000,#FF770E,176.8,21.3,1.7,1.2,18.9,1.2,5.6,60.75,8.75,,,,25-75,"May 12, 2025"
1063,Vibe,Hooligan Discs,Control Driver,16,11,5,-2,2,Understable,https://www.marshallstreetdiscgolf.com/?s=Vibe&post_type=product,https://s3.amazonaws.com/media.marshallstreetdiscgolf.com/inbounds/0000289.webp,vibe,hooligan-discs,hybrid-driver,understable,#01216C,#DAFDFF,175.1,21.1,1.9,1.1,16.8,2.2,5.2,28.5,12.05,,,,21-149,"Dec 20, 2021"
1064,View,Yikun,Fairway Driver,17,7,6,-3.5,1,Very Understable,https://www.marshallstreetdiscgolf.com/?cat_ids%5B%5D=1037&post_type=product&s=view&variation_toggle=1,https://s3.amazonaws.com/media.marshallstreetdiscgolf.com/inbounds/0660827.webp,view,yikun,control-driver,very-understable,#006A6E,#FF6F8C,,,,,,,,,,,,,,
1065,Vigil,Crosslap,Fairway Driver,17,8,6,-2,2,Understable,https://www.marshallstreetdiscgolf.com/?s=Vigil&post_type=product,https://s3.amazonaws.com/media.marshallstreetdiscgolf.com/inbounds/0000113.webp,vigil,crosslap,control-driver,understable,#FF190C,#88BE47,,,,,,,,,,,,,,
1066,Viking,Innova,Fairway Driver,17,9,4,-1,2,Understable,https://www.marshallstreetdiscgolf.com/?s=viking&post_type=product,https://s3.amazonaws.com/media.marshallstreetdiscgolf.com/inbounds/5697269.webp,viking,innova,control-driver,understable,#2A290E,#F3EB09,,,,,,,,,,,,,,
1067,Viper,Innova,Fairway Driver,17,6,4,1,5,Very Overstable,https://www.marshallstreetdiscgolf.com/?s=viper&post_type=product,https://s3.amazonaws.com/media.marshallstreetdiscgolf.com/inbounds/0782502.webp,viper,innova,control-driver,very-overstable,#2A290E,#F3EB09,,,,,,,,,,,,,,
1068,Virus,Axiom Discs,Fairway Driver,17,9,5,-3.5,1,Understable,https://www.marshallstreetdiscgolf.com/?s=virus&post_type=product,https://s3.amazonaws.com/media.marshallstreetdiscgolf.com/inbounds/4645289.webp,virus,axiom-discs,control-driver,understable,#000000,#FF9595,176,21.2,1.4,1.1,17,2,5.2,29.5,7.94,,,,14-96,"Dec 19, 2014"
1069,Volt,MVP,Fairway Driver,17,8,5,-0.5,2,Stable,https://www.marshallstreetdiscgolf.com/?s=volt&post_type=product,https://s3.amazonaws.com/media.marshallstreetdiscgolf.com/inbounds/8675309.webp,volt,mvp,control-driver,stable,#000000,#9BF2FF,,,,,,,,,,,,,,
1070,Voodoo,Gateway,Putter,19,2,3,0,0,Stable,https://www.marshallstreetdiscgolf.com/?s=voodoo&post_type=product,https://s3.amazonaws.com/media.marshallstreetdiscgolf.com/inbounds/1224139.webp,voodoo,gateway,putter,stable,#FFFFFF,#A66A17,,,,,,,,,,,,,,
1071,Vortex,DGA,Fairway Driver,17,7,6,-2,1,Understable,https://www.marshallstreetdiscgolf.com/?s=Vortex&post_type=product,https://s3.amazonaws.com/media.marshallstreetdiscgolf.com/inbounds/0000144.webp,vortex,dga,control-driver,understable,#2876FF,#272727,,,,,,,,,,,,,,
1072,Votum,Thought Space Athletics,Fairway Driver,17,7,5,0,3,Overstable,https://www.marshallstreetdiscgolf.com/?s=Votum&post_type=product,https://s3.amazonaws.com/media.marshallstreetdiscgolf.com/inbounds/0000189.webp,votum,thought-space-athletics,control-driver,overstable,#000000,#FF770E,176,21.2,1.7,1.2,17.5,1.8,5.7,36.25,11.36,,,,21-28,"Mar 10, 2021"
1073,Vulcan,Innova,Distance Driver,15,13,5,-4,2,Very Understable,https://www.marshallstreetdiscgolf.com/?s=vulcan&post_type=product,https://s3.amazonaws.com/media.marshallstreetdiscgolf.com/inbounds/6833107.webp,vulcan,innova,distance-driver,very-understable,#2A290E,#F3EB09,,,,,,,,,,,,,,
1074,Vulture,Discraft,Control Driver,16,10,5,0,2,Overstable,https://www.marshallstreetdiscgolf.com/?s=VULTURE&post_type=product,https://s3.amazonaws.com/media.marshallstreetdiscgolf.com/inbounds/6833199.webp,vulture,discraft,hybrid-driver,overstable,#FF3737,#000000,177.6,21.4,1.6,1.2,17.8,1.8,5.6,33.5,10.89,,,,18-97,"Feb 26, 2018"
1075,Waco,Prodigy,Midrange,18,5,5,0,1,Understable,https://www.marshallstreetdiscgolf.com/?s=waco&post_type=product,https://s3.amazonaws.com/media.marshallstreetdiscgolf.com/inbounds/0000496.webp,waco,prodigy,midrange,understable,#000000,#10A259,,,,,,,,,,,,,,
1076,Wahoo,Innova,Distance Driver,15,12,6,-2,2,Understable,https://www.marshallstreetdiscgolf.com/?s=wahoo&post_type=product,https://s3.amazonaws.com/media.marshallstreetdiscgolf.com/inbounds/5402367.webp,wahoo,innova,distance-driver,understable,#2A290E,#F3EB09,,,,,,,,,,,,,,
1077,Walker,Lone Star Discs,Midrange,18,5,3,0,4,Very Overstable,https://www.marshallstreetdiscgolf.com/?s=Walker&post_type=product,https://s3.amazonaws.com/media.marshallstreetdiscgolf.com/inbounds/0000205.webp,walker,lone-star-discs,midrange,very-overstable,#FFA5EA,#6B834B,,,,,,,,,,,,,,
1078,Wall Cloud,Storm,Midrange,18,5,5,0,3,Overstable,https://www.marshallstreetdiscgolf.com/?s=Wall+Cloud&post_type=product,https://s3.amazonaws.com/media.marshallstreetdiscgolf.com/inbounds/0000180.webp,wall-cloud,storm,midrange,overstable,#FFF417,#7010B9,,,,,,,,,,,,,,
1079,Walrus,Daredevil Discs,Midrange,18,4,5,0,3,Overstable,https://www.marshallstreetdiscgolf.com/?s=walrus&post_type=product,https://s3.amazonaws.com/media.marshallstreetdiscgolf.com/inbounds/9019017.webp,walrus,daredevil-discs,midrange,overstable,#FFFFFF,#515151,180.9,21.8,1.9,1.2,19.3,1.3,5.5,48.75,1.81,,,,16-35,"Apr 21, 2016"
1080,Wand,Gateway,Putter,19,1,7,0,1,Stable,,,wand,gateway,putter,stable,#FFFFFF,#A66A17,,,,,,,,,,,,,,
1081,War Horse,Westside Discs,Distance Driver,15,13,4,0,4,Very Overstable,https://www.marshallstreetdiscgolf.com/?s=warhorse&post_type=product,https://s3.amazonaws.com/media.marshallstreetdiscgolf.com/inbounds/9019099.webp,war-horse,westside-discs,distance-driver,very-overstable,#FFFFFF,#014E13,,,,,,,,,,,,,,
1082,War Spear,Gateway,Putter,19,3,3,0,2,Overstable,https://www.marshallstreetdiscgolf.com/?s=War+Spear&post_type=product,https://s3.amazonaws.com/media.marshallstreetdiscgolf.com/inbounds/2079720.webp,war-spear,gateway,putter,overstable,#FFFFFF,#A66A17,,,,,,,,,,,,,,
1083,Warant,Dynamic Discs,Midrange,18,5,5,-2,0,Understable,https://www.marshallstreetdiscgolf.com/product/lucid-warrant,https://s3.amazonaws.com/media.marshallstreetdiscgolf.com/inbounds/2504592.webp,warant,dynamic-discs,midrange,understable,#FFFFFF,#0082F4,,,,,,,,,,,,,,
1084,Warbird,Lone Star Discs,Distance Driver,15,12,6,-1,3,Stable,https://www.marshallstreetdiscgolf.com/?s=Warbird&post_type=product,https://s3.amazonaws.com/media.marshallstreetdiscgolf.com/inbounds/0000155.webp,warbird,lone-star-discs,distance-driver,stable,#FFA5EA,#6B834B,,,,,,,,,,,,,,
1085,Warden,Dynamic Discs,Putter,19,2,4,0,0.5,Stable,https://www.marshallstreetdiscgolf.com/?s=warden&post_type=product,https://s3.amazonaws.com/media.marshallstreetdiscgolf.com/inbounds/9019019.webp,warden,dynamic-discs,putter,stable,#FFFFFF,#0082F4,176,21.2,2,1.5,19.1,1.1,7.1,66.25,4.65,,,,13-64,"Oct 14, 2013"
1086,Warlock,Gateway,Putter,19,2,3,0,1,Stable,https://www.marshallstreetdiscgolf.com/?s=warlock&post_type=product,https://s3.amazonaws.com/media.marshallstreetdiscgolf.com/inbounds/8652258.webp,warlock,gateway,putter,stable,#FFFFFF,#A66A17,,,,,,,,,,,,,,
1087,Warrior (Gateway),Gateway,Midrange,18,5,4,0,3,Overstable,https://www.marshallstreetdiscgolf.com/?s=warrior&post_type=product,https://s3.amazonaws.com/media.marshallstreetdiscgolf.com/inbounds/2504593.webp,warrior-gateway,gateway,midrange,overstable,#FFFFFF,#A66A17,,,,,,,,,,,,,,
1088,Warrior (Viking),Viking,Midrange,18,4,4,0,2,Stable,https://www.marshallstreetdiscgolf.com/?s=warrior&post_type=product,https://s3.amazonaws.com/media.marshallstreetdiscgolf.com/inbounds/3641119.webp,warrior-viking,viking,midrange,stable,#000000,#04F40C,,,,,,,,,,,,,,
1089,Warship,Westside Discs,Midrange,18,5,6,0,1,Stable,https://www.marshallstreetdiscgolf.com/?s=warship&post_type=product,https://s3.amazonaws.com/media.marshallstreetdiscgolf.com/inbounds/3655161.webp,warship,westside-discs,midrange,stable,#FFFFFF,#014E13,,,,,,,,,,,,,,
1090,Wasp,Discraft,Midrange,18,5,3,0,2,Overstable,https://www.marshallstreetdiscgolf.com/?s=wasp&post_type=product,https://s3.amazonaws.com/media.marshallstreetdiscgolf.com/inbounds/3449546.webp,wasp,discraft,midrange,overstable,#FF3737,#000000,179.3,21.6,1.8,1.3,19.2,1.2,6,37,8.39,,,,02-13,"Sep 29, 2002"
1091,Watt,MVP,Putter,19,2,5,-0.5,0.5,Stable,https://www.marshallstreetdiscgolf.com/?s=watt&post_type=product,https://s3.amazonaws.com/media.marshallstreetdiscgolf.com/inbounds/0000344.webp,watt,mvp,putter,stable,#000000,#9BF2FF,,,,,,,,,,,,,,
1092,Wave,MVP,Control Driver,16,11,5,-2,2,Understable,https://www.marshallstreetdiscgolf.com/?s=wave&post_type=product,https://s3.amazonaws.com/media.marshallstreetdiscgolf.com/inbounds/3449547.webp,wave,mvp,hybrid-driver,understable,#000000,#9BF2FF,,,,,,,,,,,,,,
1093,Weapon,Birdie,Fairway Driver,17,8,5,0,2.5,Overstable,https://www.marshallstreetdiscgolf.com/?s=weapon&post_type=product,https://s3.amazonaws.com/media.marshallstreetdiscgolf.com/inbounds/0000480.webp,weapon,birdie,control-driver,overstable,#1D096C,#FFB381,175.1,21.1,1.4,1.1,17.5,1.9,5.2,43,9.89,,,,22-173,"Oct 10, 2022"
1094,Wedge,Innova,Putter,19,3.5,3,-3,1,Very Understable,https://www.marshallstreetdiscgolf.com/?s=Wedge&post_type=product,https://s3.amazonaws.com/media.marshallstreetdiscgolf.com/inbounds/4077898.webp,wedge,innova,putter,very-understable,#2A290E,#F3EB09,,,,,,,,,,,,,,
1095,Wei,Yikun,Control Driver,16,10,5,-2.5,2,Understable,https://www.marshallstreetdiscgolf.com/?s=wei&post_type=product,https://s3.amazonaws.com/media.marshallstreetdiscgolf.com/inbounds/4077899.webp,wei,yikun,hybrid-driver,understable,#006A6E,#FF6F8C,,,,,,,,,,,,,,
1096,Whale,Innova,Putter,19,2,3,0,1,Stable,https://www.marshallstreetdiscgolf.com/?s=whale&post_type=product,https://s3.amazonaws.com/media.marshallstreetdiscgolf.com/inbounds/0978689.webp,whale,innova,putter,stable,#2A290E,#F3EB09,,,,,,,,,,,,,,
1097,Whippet,Innova,Fairway Driver,17,6,3,1,5,Very Overstable,https://www.marshallstreetdiscgolf.com/?s=whippet&post_type=product,https://s3.amazonaws.com/media.marshallstreetdiscgolf.com/inbounds/0978690.webp,whippet,innova,control-driver,very-overstable,#2A290E,#F3EB09,,,,,,,,,,,,,,
1098,Wild Honey,Clash Discs,Distance Driver,15,12,5,-2,2,Understable,https://www.marshallstreetdiscgolf.com/?s=Honey&post_type=product,https://s3.amazonaws.com/media.marshallstreetdiscgolf.com/inbounds/0000237.webp,wild-honey,clash-discs,distance-driver,understable,#FF93E9,#2516FF,174.3,21,1.8,1.1,16.4,2.3,5.2,27.5,11.14,,,,22-117,"Jul 1, 2022"
1099,Wild Thing,Jester Disc Golf,Approach Discs,20,3,3,0,2.5,Overstable,https://www.marshallstreetdiscgolf.com/?s=wild+thing&post_type=product,https://s3.amazonaws.com/media.marshallstreetdiscgolf.com/inbounds/0000459.webp,wild-thing,jester-disc-golf,approach-discs,overstable,#FFF172,#0E887C,176,21.2,1.9,1.5,18.8,1.2,7.1,68.75,11.59,,,,24-112,"May 27, 2024"
1100,Wildcat,Discraft,Distance Driver,15,11,5,-2,3,Understable,https://www.marshallstreetdiscgolf.com/product/photon-uv-wildcat,https://s3.amazonaws.com/media.marshallstreetdiscgolf.com/inbounds/9313639.webp,wildcat,discraft,distance-driver,understable,#FF3737,#000000,176.8,21.3,1.5,1.2,17.5,1.9,5.6,27.25,10.21,,,,02-08,"May 29, 2002"
1101,Wings,Yikun,Putter,19,3,3,0,2,Overstable,https://www.marshallstreetdiscgolf.com/?s=wings&post_type=product,https://s3.amazonaws.com/media.marshallstreetdiscgolf.com/inbounds/0330827.webp,wings,yikun,putter,overstable,#006A6E,#FF6F8C,,,,,,,,,,,,,,
1102,Witness,Dynamic Discs,Fairway Driver,17,8,6,-3,1,Understable,https://www.marshallstreetdiscgolf.com/?s=witness&post_type=product,https://s3.amazonaws.com/media.marshallstreetdiscgolf.com/inbounds/1802014.webp,witness,dynamic-discs,control-driver,understable,#FFFFFF,#0082F4,175.1,21.1,1.8,1.1,17.3,1.9,5.2,32.25,8.85,,,,14-10,"Feb 17, 2014"
1103,Wizard,Gateway,Putter,19,2,3,0,2,Overstable,https://www.marshallstreetdiscgolf.com/?s=wizard&post_type=product,https://s3.amazonaws.com/media.marshallstreetdiscgolf.com/inbounds/6140857.webp,wizard,gateway,putter,overstable,#FFFFFF,#A66A17,,,,,,,,,,,,,,
1104,Wolf,Innova,Midrange,18,4,3,-4,1,Very Understable,https://www.marshallstreetdiscgolf.com/?s=wolf&post_type=product,https://s3.amazonaws.com/media.marshallstreetdiscgolf.com/inbounds/0520179.webp,wolf,innova,midrange,very-understable,#2A290E,#F3EB09,,,,,,,,,,,,,,
1105,Wolverine,Daredevil Discs,Fairway Driver,17,9,5,-2,2,Overstable,https://www.marshallstreetdiscgolf.com/product/wolverine,https://s3.amazonaws.com/media.marshallstreetdiscgolf.com/inbounds/9234286.webp,wolverine,daredevil-discs,control-driver,overstable,#FFFFFF,#515151,176,21.2,1.8,1.2,17.5,1.8,5.7,27.5,10.32,,,,07-07,"Jan 19, 2007"
1106,Wombat3,Innova,Midrange,18,5,6,-1,0,Understable,https://www.marshallstreetdiscgolf.com/?s=wombat3&post_type=product,https://s3.amazonaws.com/media.marshallstreetdiscgolf.com/inbounds/2000352.webp,wombat3,innova,midrange,understable,#2A290E,#F3EB09,,,,,,,,,,,,,,
1107,Woodchuck,Daredevil Discs,Putter,19,2,2,-1,0,Understable,https://www.marshallstreetdiscgolf.com/?s=woodchuck&post_type=product,https://s3.amazonaws.com/media.marshallstreetdiscgolf.com/inbounds/2700353.webp,woodchuck,daredevil-discs,putter,understable,#FFFFFF,#515151,176,21.2,2,1.5,19.3,0.9,7.1,64,1.81,,,,07-08,"Jan 19, 2007"
1108,World,Westside Discs,Distance Driver,15,14,4,-0.5,3,Overstable,https://www.marshallstreetdiscgolf.com/?s=world&post_type=product,https://s3.amazonaws.com/media.marshallstreetdiscgolf.com/inbounds/1110111.webp,world,westside-discs,distance-driver,overstable,#FFFFFF,#014E13,,,,,,,,,,,,,,
1109,Wraith,Innova,Control Driver,16,11,5,-1,3,Overstable,https://www.marshallstreetdiscgolf.com/?s=wraith&post_type=product,https://s3.amazonaws.com/media.marshallstreetdiscgolf.com/inbounds/8613388.webp,wraith,innova,hybrid-driver,overstable,#2A290E,#F3EB09,,,,,,,,,,,,,,
1110,Wrangler,Lone Star Discs,Fairway Driver,17,9,5,-1,2,Stable,https://www.marshallstreetdiscgolf.com/?s=Wrangler&post_type=product,https://s3.amazonaws.com/media.marshallstreetdiscgolf.com/inbounds/0000428.webp,wrangler,lone-star-discs,control-driver,stable,#FFA5EA,#6B834B,,,,,,,,,,,,,,
1111,Wrath,Axiom Discs,Control Driver,16,9,4.5,-0.5,2,Overstable,https://www.marshallstreetdiscgolf.com/?s=wrath&post_type=product,https://s3.amazonaws.com/media.marshallstreetdiscgolf.com/inbounds/8613389.webp,wrath,axiom-discs,hybrid-driver,overstable,#000000,#FF9595,175.1,21.1,1.4,1.1,17,2,5.2,30.25,8.05,,,,14-97,"Dec 19, 2014"
1112,Wren,Stokely Discs,Putter,19,3,3.5,-0.5,1,Stable,https://www.marshallstreetdiscgolf.com/?s=wren&post_type=product,https://s3.amazonaws.com/media.marshallstreetdiscgolf.com/inbounds/0000461.webp,wren,stokely-discs,putter,stable,#FBE311,#37B2DF,175.1,21.1,2,1.4,18.9,1.1,6.6,63.5,6.14,,,,24-31,"Feb 19, 2024"
1113,Wyrm,Divergent,Fairway Driver,17,9,2,0,5,Very Overstable,https://www.marshallstreetdiscgolf.com/?s=Wyrm&post_type=product,https://s3.amazonaws.com/media.marshallstreetdiscgolf.com/inbounds/0000402.webp,wyrm,divergent,control-driver,very-overstable,#151FFF,#D8FFD9,,,,,,,,,,,,,,
1114,X2,Prodigy,Distance Driver,15,12,5,0,2,Stable,https://www.marshallstreetdiscgolf.com/?cat_ids%5B%5D=6&post_type=product&s=x2&variation_toggle=1,https://s3.amazonaws.com/media.marshallstreetdiscgolf.com/inbounds/2121380.webp,x2,prodigy,distance-driver,stable,#000000,#10A259,,,,,,,,,,,,,,
1115,X3,Prodigy,Distance Driver,15,12,6,-1,2,Stable,https://www.marshallstreetdiscgolf.com/?cat_ids%5B%5D=6&post_type=product&s=x3&variation_toggle=1,https://s3.amazonaws.com/media.marshallstreetdiscgolf.com/inbounds/2121381.webp,x3,prodigy,distance-driver,stable,#000000,#10A259,,,,,,,,,,,,,,
1116,X4,Prodigy,Distance Driver,15,12,6,-2,2,Understable,https://www.marshallstreetdiscgolf.com/?cat_ids%5B%5D=6&post_type=product&s=x4&variation_toggle=1,https://s3.amazonaws.com/media.marshallstreetdiscgolf.com/inbounds/2121382.webp,x4,prodigy,distance-driver,understable,#000000,#10A259,,,,,,,,,,,,,,
1117,X5,Prodigy,Distance Driver,15,12,6,-3,2,Understable,https://www.marshallstreetdiscgolf.com/?s=%22X5%22&post_type=product,https://s3.amazonaws.com/media.marshallstreetdiscgolf.com/inbounds/2121383.webp,x5,prodigy,distance-driver,understable,#000000,#10A259,,,,,,,,,,,,,,
1118,XCaliber,Innova,Distance Driver,15,12,5,0,4,Overstable,https://www.marshallstreetdiscgolf.com/?s=xcaliber&post_type=product,https://s3.amazonaws.com/media.marshallstreetdiscgolf.com/inbounds/4214852.webp,xcaliber,innova,distance-driver,overstable,#2A290E,#F3EB09,,,,,,,,,,,,,,
1119,XD,Innova,Putter,19,3,4,-1,1,Understable,https://www.marshallstreetdiscgolf.com/?s=xd&post_type=product,https://s3.amazonaws.com/media.marshallstreetdiscgolf.com/inbounds/2075882.webp,xd,innova,putter,understable,#2A290E,#F3EB09,,,,,,,,,,,,,,
1120,XL,Discraft,Fairway Driver,17,7,4,-2,1,Stable,https://www.marshallstreetdiscgolf.com/?s=xl&post_type=product,https://s3.amazonaws.com/media.marshallstreetdiscgolf.com/inbounds/0339437.webp,xl,discraft,control-driver,stable,#FF3737,#000000,175.1,21.1,2.1,1.2,17.7,1.7,5.7,32.25,8.52,,,,98-04,"Apr 3, 1998"
1121,XS,Discraft,Fairway Driver,17,8,5,0,3,Overstable,https://www.marshallstreetdiscgolf.com/?cat_ids%5B%5D=114&post_type=product&s=xs&variation_toggle=1,https://s3.amazonaws.com/media.marshallstreetdiscgolf.com/inbounds/8893223.webp,xs,discraft,control-driver,overstable,#FF3737,#000000,175.1,21.1,1.8,1.2,17.6,1.8,5.7,27.5,8.51,,,,00-12,"Sep 4, 2000"
1122,XXX,Latitude 64,Fairway Driver,17,7,3,0,4,Very Overstable,https://www.marshallstreetdiscgolf.com/?s=xxx&post_type=product,https://s3.amazonaws.com/media.marshallstreetdiscgolf.com/inbounds/7570434.webp,xxx,latitude-64,control-driver,very-overstable,#FFFFFF,#F40909,178.5,21.5,1.5,1.1,17.5,2,5.1,32.5,12.02,,,,08-33,"Nov 21, 2008"
1123,Xenon,Løft Discs,Fairway Driver,17,9,3,0,4,Very Overstable,https://www.marshallstreetdiscgolf.com/?s=Xenon&post_type=product,https://s3.amazonaws.com/media.marshallstreetdiscgolf.com/inbounds/0000317.webp,xenon,løft-discs,control-driver,very-overstable,#000000,#9B90FF,175.1,21.1,1.5,1.2,17.1,2,5.7,27,10.23,,,,22-197,"Nov 14, 2022"
1124,Xero,Innova,Putter,19,2,3,0,0,Stable,https://www.marshallstreetdiscgolf.com/?s=xero&post_type=product,https://s3.amazonaws.com/media.marshallstreetdiscgolf.com/inbounds/0000201.webp,xero,innova,putter,stable,#2A290E,#F3EB09,,,,,,,,,,,,,,
1125,Xing,Yikun,Putter,19,2,4,0,1,Stable,https://www.marshallstreetdiscgolf.com/?s=xing&post_type=product,https://s3.amazonaws.com/media.marshallstreetdiscgolf.com/inbounds/0000093.webp,xing,yikun,putter,stable,#006A6E,#FF6F8C,,,,,,,,,,,,,,
1126,Xpress,Discraft,Fairway Driver,17,8,5,-3,1,Understable,https://www.marshallstreetdiscgolf.com/?s=xpress&post_type=product,https://s3.amazonaws.com/media.marshallstreetdiscgolf.com/inbounds/3860633.webp,xpress,discraft,control-driver,understable,#FF3737,#000000,175.1,21.1,1.8,1.2,17.6,1.7,5.7,28,9.64,,,,00-15,"Dec 5, 2000"
1127,Xtreme,Discraft,Fairway Driver,17,6,3,1,4,Very Overstable,https://www.marshallstreetdiscgolf.com/?s=xtreme&post_type=product,https://s3.amazonaws.com/media.marshallstreetdiscgolf.com/inbounds/2040913.webp,xtreme,discraft,control-driver,very-overstable,#FF3737,#000000,174.3,21,1.9,1.2,17.7,1.7,5.7,29,8.16,,,,00-02,"Jan 1, 2000"
1128,Yan,Yikun,Midrange,18,3,6,0,0,Understable,https://www.marshallstreetdiscgolf.com/?s=Yan&post_type=product,https://s3.amazonaws.com/media.marshallstreetdiscgolf.com/inbounds/0000094.webp,yan,yikun,midrange,understable,#006A6E,#FF6F8C,,,,,,,,,,,,,,
1129,Yang,EV-7,Putter,19,1,2,0,2,Overstable,https://www.marshallstreetdiscgolf.com/?s=yang&post_type=product,https://s3.amazonaws.com/media.marshallstreetdiscgolf.com/inbounds/0000094.webp,yang,ev-7,putter,overstable,#FFFFFF,#111397,176,21.2,2,1.4,19,1.1,6.6,56,9.66,,,,24-201,"Oct 7, 2024"
1130,Yao,Yikun,Midrange,18,4,4,0,2,Overstable,https://www.marshallstreetdiscgolf.com/?s=yao&post_type=product,https://s3.amazonaws.com/media.marshallstreetdiscgolf.com/inbounds/0440827.webp,yao,yikun,midrange,overstable,#006A6E,#FF6F8C,,,,,,,,,,,,,,
1131,Yeet,Hooligan Discs,Disc Golf Sets,,12,5,-1,3,Overstable,https://www.marshallstreetdiscgolf.com/?s=Yeet&post_type=product,https://s3.amazonaws.com/media.marshallstreetdiscgolf.com/inbounds/0000288.webp,yeet,hooligan-discs,disc-golf-sets,overstable,#01216C,#DAFDFF,175.1,21.1,1.8,1.2,16.5,2.3,5.7,26.25,10.68,,,,22-44,"Mar 28, 2022"
1132,Yellow Rose,Lone Star Discs,Putter,19,2,4,0,1,Stable,https://www.marshallstreetdiscgolf.com/?s=yellow+rose&post_type=product,https://s3.amazonaws.com/media.marshallstreetdiscgolf.com/inbounds/0000443.webp,yellow-rose,lone-star-discs,putter,stable,#FFA5EA,#6B834B,,,,,,,,,,,,,,
1133,Yeti,Daredevil Discs,Distance Driver,15,13,6,-3,1,Understable,https://www.marshallstreetdiscgolf.com/?s=yeti&post_type=product,https://s3.amazonaws.com/media.marshallstreetdiscgolf.com/inbounds/0125003.webp,yeti,daredevil-discs,distance-driver,understable,#FFFFFF,#515151,175.1,21.1,1.6,1.1,16.1,2.5,5.2,26,8.05,,,,12-30,"Jun 5, 2012"
1134,Yeti Pro Aviar,Innova,Putter,19,2,3,0,1,Overstable,https://www.marshallstreetdiscgolf.com/?s=yeti+pro&post_type=product,https://s3.amazonaws.com/media.marshallstreetdiscgolf.com/inbounds/8109356.webp,yeti-pro-aviar,innova,putter,overstable,#2A290E,#F3EB09,,,,,,,,,,,,,,
1135,Yi,Yikun,Putter,19,3,3,0,0,Stable,https://www.marshallstreetdiscgolf.com/?s=Yi&post_type=product,https://s3.amazonaws.com/media.marshallstreetdiscgolf.com/inbounds/0000230.webp,yi,yikun,putter,stable,#006A6E,#FF6F8C,,,,,,,,,,,,,,
1136,Yin,EV-7,Putter,19,1,4,0,1,Stable,https://www.marshallstreetdiscgolf.com/?s=yin&post_type=product,https://s3.amazonaws.com/media.marshallstreetdiscgolf.com/inbounds/0000497.webp,yin,ev-7,putter,stable,#FFFFFF,#111397,176,21.2,2,1.4,19,1.1,6.6,73.25,9.77,,,,24-202,"Oct 7, 2024"
1137,Zeal,Other,Putter,19,3,4,-2,0,Very Understable,https://www.marshallstreetdiscgolf.com/product/uplay-zeal-inspire-firm,https://s3.amazonaws.com/media.marshallstreetdiscgolf.com/inbounds/0000183.webp,zeal,other,putter,very-understable,#000000,#E5FFAA,,,,,,,,,,,,,,
1138,Zenith,MVP,Control Driver,16,11,5,-0.5,2,Stable,https://www.marshallstreetdiscgolf.com/?s=Zenith&post_type=product,https://s3.amazonaws.com/media.marshallstreetdiscgolf.com/inbounds/0000253.webp,zenith,mvp,hybrid-driver,stable,#000000,#9BF2FF,,,,,,,,,,,,,,
1139,Zephyr,Innova,Approach Discs,20,2,3,0,0,Stable,https://www.marshallstreetdiscgolf.com/?s=zephyr&post_type=product,https://s3.amazonaws.com/media.marshallstreetdiscgolf.com/inbounds/5394027.webp,zephyr,innova,approach-discs,stable,#2A290E,#F3EB09,,,,,,,,,,,,,,
1140,Zeppelin,Discraft,Putter,19,3,5,-1,0,Understable,https://www.marshallstreetdiscgolf.com/?s=Zeppelin&post_type=product,https://s3.amazonaws.com/media.marshallstreetdiscgolf.com/inbounds/0201104.webp,zeppelin,discraft,putter,understable,#FF3737,#000000,,,,,,,,,,,,,,
1141,Zeus,Discraft,Distance Driver,15,12,5,-1,3,Overstable,https://www.marshallstreetdiscgolf.com/?cat_ids%5B%5D=371&post_type=product&s=zeus&variation_toggle=1,https://s3.amazonaws.com/media.marshallstreetdiscgolf.com/inbounds/1010354.webp,zeus,discraft,distance-driver,overstable,#FF3737,#000000,,,,,,,,,,,,,,
1142,Zheng,Yikun,Midrange,18,5,5,0,2,Overstable,https://www.marshallstreetdiscgolf.com/?s=Zheng&post_type=product,https://s3.amazonaws.com/media.marshallstreetdiscgolf.com/inbounds/0000224.webp,zheng,yikun,midrange,overstable,#006A6E,#FF6F8C,,,,,,,,,,,,,,
1143,Zodiac,Millennium,Control Driver,16,10,6,-1,2,Stable,https://www.marshallstreetdiscgolf.com/?s=zodiac&post_type=product,https://s3.amazonaws.com/media.marshallstreetdiscgolf.com/inbounds/0000520.webp,zodiac,millennium,hybrid-driver,stable,#000000,#FF0974,,,,,,,,,,,,,,
1144,Zombee,Discraft,Fairway Driver,17,6,4,-1,1,Stable,https://www.marshallstreetdiscgolf.com/?s=zombee&post_type=product,https://s3.amazonaws.com/media.marshallstreetdiscgolf.com/inbounds/0420120.webp,zombee,discraft,control-driver,stable,#FF3737,#000000,,,,,,,,,,,,,,
1145,Zone,Discraft,Midrange,18,4,3,0,3,Very Overstable,https://www.marshallstreetdiscgolf.com/?s=zone&post_type=product,https://s3.amazonaws.com/media.marshallstreetdiscgolf.com/inbounds/4859501.webp,zone,discraft,midrange,very-overstable,#FF3737,#000000,175.1,21.1,2,1.3,18.8,1.2,6.2,46,10.55,,,,08-18,"May 28, 2008"
1146,Zone GT (Banger Top),Discraft,Approach Discs,20,4,3,0,3,Very Overstable,https://www.marshallstreetdiscgolf.com/?s=Zone+GT&post_type=product,https://s3.amazonaws.com/media.marshallstreetdiscgolf.com/inbounds/0000419.webp,zone-gt-banger-top,discraft,approach-discs,very-overstable,#FF3737,#000000,176,21.2,1.7,1.3,18.8,1.2,6.1,57.75,7.5,,,,24-36,"Feb 19, 2024"
1147,Zone OS,Discraft,Approach Discs,20,4,2,1,5,Very Overstable,https://www.marshallstreetdiscgolf.com/?s=Zone+OS&post_type=product,https://s3.amazonaws.com/media.marshallstreetdiscgolf.com/inbounds/0000323.webp,zone-os,discraft,approach-discs,very-overstable,#FF3737,#000000,176,21.2,1.8,1.4,18.9,1.2,6.6,64.25,12.05,,,,23-64,"Mar 6, 2023"
1148,Zone SS,Discraft,Approach Discs,20,4,4,-1,2,Understable,,,zone-ss,discraft,approach-discs,understable,#FF3737,#000000,,,,,,,,,,,,,,