id,name,brand,category,category id,speed,glide,turn,fade,stability,link,pic,name_slug,brand_slug,category_slug,stability_slug,color,background_color,jr_maxweight,jr_diameter,jr_height,jr_rimdepth,jr_rimwidth,Rim Thickness (cm),Rim Depth / Diameter Ratio (%),Rim Configuration,Flexibility (kg),Class,Max Weight Vint (gr),Last Year Production,Certification Number,jr_pdgaapproval,pdga_match_tier,pdga_match_confidence,pdga_disc_model,pdga_manufacturer,pdga_approved_date,pdga_certification_number,pdga_class,pdga_diameter_cm,pdga_height_cm,pdga_rim_depth_cm,pdga_inside_rim_diameter_cm,pdga_rim_thickness_cm,pdga_rim_depth_diameter_ratio_pct,pdga_max_weight_gr,pdga_max_weight_vint_gr,pdga_flexibility_kg,pdga_rim_configuration,pdga_last_year_production,pdga_brand_suggested,pdga_brand_differs_from_merged
0,1 Driver,Lightning,Fairway Driver,17,6,4,-2,2,Understable,https://www.marshallstreetdiscgolf.com/product/1-driver,https://s3.amazonaws.com/media.marshallstreetdiscgolf.com/inbounds/8994436.webp,1-driver,lightning,control-driver,understable,#FFFF60,#BEBDA2,,,,,,,,,,,,,,,unmatched,none,,,,,,,,,,,,,,,,,,
1,1 Flyer,Lightning,Fairway Driver,17,8,5,-2,2,Stable,https://www.marshallstreetdiscgolf.com/product/1-flyer,https://s3.amazonaws.com/media.marshallstreetdiscgolf.com/inbounds/6680415.webp,1-flyer,lightning,control-driver,stable,#FFFF60,#BEBDA2,,,,,,,,,,,,,,,B_name_unique,medium,#1 Flyer,Lightning Discs,"Feb 2, 1995",95-15,,21.4,1.5,1.1,18.2,1.6,5.1,177.6,,9.75,27.75,,Lightning Discs,yes
2,1 Helix,Lightning,Fairway Driver,17,8,4,-1,3,Overstable,https://www.marshallstreetdiscgolf.com/product/1-helix,https://s3.amazonaws.com/media.marshallstreetdiscgolf.com/inbounds/2141916.webp,1-helix,lightning,control-driver,overstable,#FFFF60,#BEBDA2,,,,,,,,,,,,,,,B_name_unique,medium,#1 Helix,Lightning Discs,"Mar 3, 1996",96-02,,21.5,1.6,1.3,18.3,1.6,6.0,178.5,,10.87,31.25,,Lightning Discs,yes
3,1 Hookshot,Lightning,Fairway Driver,17,6,4,0,3,Overstable,https://www.marshallstreetdiscgolf.com/product/1-hookshot,https://s3.amazonaws.com/media.marshallstreetdiscgolf.com/inbounds/2141916.webp,1-hookshot,lightning,control-driver,overstable,#FFFF60,#BEBDA2,,,,,,,,,,,,,,,B_name_unique,medium,#1 Hookshot,Lightning Discs,"Mar 21, 1995",93-11,,22.2,1.7,1.5,19.2,1.5,6.8,184.3,,7.70,32.50,,Lightning Discs,yes
4,1 Hyzer,Lightning,Fairway Driver,17,7,3,0,4,Overstable,https://www.marshallstreetdiscgolf.com/product/1-hyzer,https://s3.amazonaws.com/media.marshallstreetdiscgolf.com/inbounds/2215228.webp,1-hyzer,lightning,control-driver,overstable,#FFFF60,#BEBDA2,,,,,,,,,,,,,,,B_name_unique,medium,#1 Hyzer,Lightning Discs,"Jul 6, 1995",95-03,,21.7,1.8,1.3,18.1,1.8,6.0,180.1,,10.66,29.25,,Lightning Discs,yes
5,Great Horned Owl,Daredevil Discs,Putter,19,2,3,0,1,Stable,https://s3.amazonaws.com/media.marshallstreetdiscgolf.com/inbounds/3952594.webp,https://s3.amazonaws.com/media.marshallstreetdiscgolf.com/inbounds/3952594.webp,great-horned-owl,daredevil-discs,putter,stable,#FFFFFF,#515151,,,,,,,,,,,,,,,A_name_brand,high,Great Horned Owl,Daredevil Discs,"Apr 21, 2016",16-34,,21.2,2.2,1.4,19.2,1.0,6.6,176.0,,7.14,62.25,,Daredevil Discs,no
6,Tilt,Discmania,Fairway Driver,17,9,1,1,6,Very Overstable,https://www.marshallstreetdiscgolf.com/?s=tilt&post_type=product,https://s3.amazonaws.com/media.marshallstreetdiscgolf.com/inbounds/0000252.webp,tilt,discmania,control-driver,very-overstable,#FFA813,#9A0C0C,,,,,,,,,,,,,,,A_name_brand,high,Tilt,Discmania,"Dec 26, 2020",20-102,,21.1,1.6,1.2,17.1,2.0,5.7,175.1,,12.05,29.25,,Discmania,no
7,A1,Prodigy,Approach Discs,20,4,2,0,5,Very Overstable,https://www.marshallstreetdiscgolf.com/?s=%22A1%22&post_type=product,https://s3.amazonaws.com/media.marshallstreetdiscgolf.com/inbounds/8081443.webp,a1,prodigy,approach-discs,very-overstable,#000000,#10A259,,,,,,,,,,,,,,,A_name_brand,high,A1,Prodigy Disc,"Nov 16, 2015",15-68,,21.0,2.0,1.3,18.2,1.4,6.2,174.3,,8.62,41.75,,Prodigy Disc,no
8,A2,Prodigy,Approach Discs,20,4,2,0,4,Very Overstable,https://www.marshallstreetdiscgolf.com/?s=%22A2%22&post_type=product,https://s3.amazonaws.com/media.marshallstreetdiscgolf.com/inbounds/8081441.webp,a2,prodigy,approach-discs,very-overstable,#000000,#10A259,,,,,,,,,,,,,,,A_name_brand,high,A2,Prodigy Disc,"Dec 15, 2015",15-69,,21.0,2.0,1.3,18.2,1.4,6.2,174.3,,8.50,41.75,,Prodigy Disc,no
9,A3,Prodigy,Approach Discs,20,4,3,0,3,Overstable,https://www.marshallstreetdiscgolf.com/?s=%22A3%22&post_type=product,https://s3.amazonaws.com/media.marshallstreetdiscgolf.com/inbounds/8081442.webp,a3,prodigy,approach-discs,overstable,#000000,#10A259,,,,,,,,,,,,,,,A_name_brand,high,A3,Prodigy Disc,"Dec 15, 2015",15-70,,21.0,2.0,1.3,18.2,1.4,6.2,174.3,,8.39,50.25,,Prodigy Disc,no
10,A4,Prodigy,Approach Discs,20,4,3,-1,3,Stable,https://www.marshallstreetdiscgolf.com/?s=%22A4%22&post_type=product,https://s3.amazonaws.com/media.marshallstreetdiscgolf.com/inbounds/8080444.webp,a4,prodigy,approach-discs,stable,#000000,#10A259,,,,,,,,,,,,,,,A_name_brand,high,A4,Prodigy Disc,"May 10, 2016",16-43,,21.0,2.0,1.3,18.2,1.4,6.2,174.3,,9.64,61.75,,Prodigy Disc,no
11,A5,Prodigy,Approach Discs,20,4,3,0,2,Stable,https://www.marshallstreetdiscgolf.com/?s=%22A5%22&post_type=product,https://s3.amazonaws.com/media.marshallstreetdiscgolf.com/inbounds/0000216.webp,a5,prodigy,approach-discs,stable,#000000,#10A259,,,,,,,,,,,,,,,A_name_brand,high,A5,Prodigy Disc,"Dec 27, 2021",21-159,,21.3,1.9,1.4,19.0,1.2,6.6,176.8,,7.84,54.75,,Prodigy Disc,no
12,APX,Discraft,Putter,19,2,2,-1,1,Stable,https://www.marshallstreetdiscgolf.com/?s=apx&post_type=product,https://s3.amazonaws.com/media.marshallstreetdiscgolf.com/inbounds/8913305.webp,apx,discraft,putter,stable,#FF3737,#000000,174.3,21,2.3,1.4,19.2,0.9,6.7,49.25,7.03,,,,99-01,"Jan 29, 1999",A_name_brand,high,APX,Discraft,"Jan 29, 1999",99-01,,21.0,2.3,1.4,19.2,0.9,6.7,174.3,,7.03,49.25,,Discraft,no
13,Abyss,Storm,Fairway Driver,17,8,4,0,3,Overstable,https://www.marshallstreetdiscgolf.com/?s=Abyss&post_type=product,https://s3.amazonaws.com/media.marshallstreetdiscgolf.com/inbounds/0000178.webp,abyss,storm,control-driver,overstable,#FFF417,#7010B9,,,,,,,,,,,,,,,B_name_unique,medium,Abyss,Storm Disc Golf,"Apr 3, 2019",19-35,,21.1,1.6,1.1,17.1,2.0,5.2,175.1,,11.82,31.75,,Storm Disc Golf,yes
14,Addax,Wild Discs,Midrange,18,5,5,0,2,Overstable,https://www.marshallstreetdiscgolf.com/product/landslide-addax-1st-run,https://s3.amazonaws.com/media.marshallstreetdiscgolf.com/inbounds/0000067.webp,addax,wild-discs,midrange,overstable,#D267A0,#373C0D,180.1,21.7,1.7,1.3,18.7,1.5,6,39.25,11.7,,,,20-100,"Dec 26, 2020",A_name_brand,high,Addax,Wild Discs,"Dec 26, 2020",20-100,,21.7,1.7,1.3,18.7,1.5,6.0,180.1,,11.70,39.25,,Wild Discs,no
15,Addax Reborn,Wild Discs,Midrange,18,5,5,0,1,Stable,https://www.marshallstreetdiscgolf.com/?s=Addax+Reborn&post_type=product,https://s3.amazonaws.com/media.marshallstreetdiscgolf.com/inbounds/0000277.webp,addax-reborn,wild-discs,midrange,stable,#D267A0,#373C0D,,,,,,,,,,,,,,,unmatched,none,,,,,,,,,,,,,,,,,,
16,Adder,Westside Discs,Distance Driver,15,13,5,0,4,Very Overstable,https://www.marshallstreetdiscgolf.com/?s=Addler&post_type=product,https://s3.amazonaws.com/media.marshallstreetdiscgolf.com/inbounds/0000454.webp,adder,westside-discs,distance-driver,very-overstable,#FFFFFF,#014E13,,,,,,,,,,,,,,,unmatched,none,,,,,,,,,,,,,,,,,,
17,Aero,Innova,Midrange,18,3,6,0,0,Understable,https://www.marshallstreetdiscgolf.com/?s=aero&post_type=product,https://s3.amazonaws.com/media.marshallstreetdiscgolf.com/inbounds/2470092.webp,aero,innova,midrange,understable,#2A290E,#F3EB09,,,,,,,,,,,,,,,A_name_brand,high,Aero,Innova Champion Discs,"Jun 1, 1983",83-03,,21.7,2.5,1.3,19.6,1.0,6.0,180.1,,8.16,43.75,,Innova Champion Discs,no
18,Aftermath,Legacy,Distance Driver,15,13,5,-2,3,Stable,https://www.marshallstreetdiscgolf.com/?s=aftermath&post_type=product,https://s3.amazonaws.com/media.marshallstreetdiscgolf.com/inbounds/1984394.webp,aftermath,legacy,distance-driver,stable,#3831F0,#E43DD9,,,,,,,,,,,,,,,B_name_unique,medium,Aftermath,Legacy Discs,"Jun 26, 2017",17-80,,21.2,1.7,1.1,16.3,2.5,5.2,176.0,,9.19,29.00,,Legacy Discs,yes
19,Aftershock,DGA,Midrange,18,5,4,0,2,Stable,https://www.marshallstreetdiscgolf.com/?s=aftershock&post_type=product,https://s3.amazonaws.com/media.marshallstreetdiscgolf.com/inbounds/1994394.webp,aftershock,dga,midrange,stable,#2876FF,#272727,,,,,,,,,,,,,,,C_name_ambiguous,needs_review,,,,,,,,,,,,,,,,,,
20,Agent,Dynamic Discs,Putter,19,2,3,0,1,Stable,https://www.marshallstreetdiscgolf.com/?s=agent&post_type=product,https://s3.amazonaws.com/media.marshallstreetdiscgolf.com/inbounds/0000157.webp,agent,dynamic-discs,putter,stable,#FFFFFF,#0082F4,176,21.2,2.1,1.4,19,1.1,6.6,60.75,12.13,,,,22-34,"Mar 7, 2022",A_name_brand,high,Agent,Dynamic Discs,"Mar 7, 2022",22-34,,21.2,2.1,1.4,19.0,1.1,6.6,176.0,,12.13,60.75,,Dynamic Discs,no
21,Agera,EV-7,Putter,19,2,5,-2,1,Understable,,,agera,ev-7,putter,understable,#FFFFFF,#111397,,,,,,,,,,,,,,,unmatched,none,,,,,,,,,,,,,,,,,,
22,Ahti,Westside Discs,Fairway Driver,17,9,3,0,4,Very Overstable,https://www.marshallstreetdiscgolf.com/?s=ahti&post_type=product,https://s3.amazonaws.com/media.marshallstreetdiscgolf.com/inbounds/1205500.webp,ahti,westside-discs,control-driver,very-overstable,#FFFFFF,#014E13,,,,,,,,,,,,,,,B_name_unique,medium,Ahti,Westside Golf Discs,"Mar 23, 2017",17-34,,21.2,1.7,1.1,17.2,2.0,5.2,176.0,,9.98,28.75,,Westside Golf Discs,yes
23,Air Strike,Gateway,Fairway Driver,17,9,5,-1,2,Stable,https://www.marshallstreetdiscgolf.com/?s=air+strike&post_type=product,https://s3.amazonaws.com/media.marshallstreetdiscgolf.com/inbounds/0125500.webp,air-strike,gateway,control-driver,stable,#FFFFFF,#A66A17,,,,,,,,,,,,,,,B_name_unique,medium,Air Strike,Arsenal Discs,"Jul 13, 2017",17-84,,21.0,1.5,1.2,16.3,2.3,5.7,174.3,,7.03,26.25,,Arsenal Discs,yes
24,Albatross,Daredevil Discs,Distance Driver,15,14,6,-2,3,Overstable,https://www.marshallstreetdiscgolf.com/?s=albatross&post_type=product,https://s3.amazonaws.com/media.marshallstreetdiscgolf.com/inbounds/0529007.webp,albatross,daredevil-discs,distance-driver,overstable,#FFFFFF,#515151,174.3,21,1.6,1.1,16.4,2.3,5.2,26.5,8.39,,,,17-43,"Apr 3, 2017",A_name_brand,high,Albatross,Daredevil Discs,"Apr 3, 2017",17-43,,21.0,1.6,1.1,16.4,2.3,5.2,174.3,,8.39,26.50,,Daredevil Discs,no
25,Alien,Innova,Midrange,18,4,2,0,1,Stable,https://www.marshallstreetdiscgolf.com/?s=Alien&post_type=product,https://s3.amazonaws.com/media.marshallstreetdiscgolf.com/inbounds/0000365.webp,alien,innova,midrange,stable,#2A290E,#F3EB09,,,,,,,,,,,,,,,A_name_brand,high,Alien,Innova Champion Discs,"Dec 12, 2022",22-228,,21.5,2.5,1.5,20.3,0.6,7.0,178.5,,3.30,82.00,,Innova Champion Discs,no
26,Allosaurus,Dino Discs,Distance Driver,15,12,5,-3,1,Very Understable,https://www.marshallstreetdiscgolf.com/?s=allosaurus&post_type=product,https://s3.amazonaws.com/media.marshallstreetdiscgolf.com/inbounds/0000530.webp,allosaurus,dino-discs,distance-driver,very-understable,#740A0A,#FF6FCF,,,,,,,,,,,,,,,unmatched,none,,,,,,,,,,,,,,,,,,
27,Alpaca,Infinite Discs,Putter,19,3,3,0,1,Stable,https://www.marshallstreetdiscgolf.com/?s=Alpaca&post_type=product,https://s3.amazonaws.com/media.marshallstreetdiscgolf.com/inbounds/0000079.webp,alpaca,infinite-discs,putter,stable,#FFFFFF,#62054C,175.1,21.1,2,1.5,19,1,7.1,63.75,8.52,,,,20-86,"Nov 16, 2020",A_name_brand,high,Alpaca,Infinite Discs,"Nov 16, 2020",20-86,,21.1,2.0,1.5,19.0,1.0,7.1,175.1,,8.52,63.75,,Infinite Discs,no
28,Alpas,Divergent,Putter,19,3,3,-2,2,Understable,https://www.marshallstreetdiscgolf.com/?s=alpas&post_type=product,https://s3.amazonaws.com/media.marshallstreetdiscgolf.com/inbounds/0000131.webp,alpas,divergent,putter,understable,#151FFF,#D8FFD9,,,,,,,,,,,,,,,B_name_unique,medium,Alpas,Divergent Discs,"May 3, 2021",21-56,,21.0,1.9,1.2,18.6,1.2,5.7,174.3,,1.14,53.00,,Divergent Discs,yes
29,Alpha,Mint Discs,Fairway Driver,17,8,4,0,2,Stable,https://www.marshallstreetdiscgolf.com/?s=Alpha&post_type=product,https://s3.amazonaws.com/media.marshallstreetdiscgolf.com/inbounds/4193239.webp,alpha,mint-discs,control-driver,stable,#FFFFFF,#F4933E,175.1,21.1,2.1,1.2,17.1,2,5.7,30.5,8.39,,,,17-13,"Jan 28, 2017",A_name_brand,high,Alpha,Mint Discs,"Jan 28, 2017",17-13,,21.1,2.1,1.2,17.1,2.0,5.7,175.1,,8.39,30.50,,Mint Discs,no
30,Alter,Thought Space Athletics,Putter,19,3,3,0,1,Stable,https://www.marshallstreetdiscgolf.com/?s=Alter&post_type=product,https://s3.amazonaws.com/media.marshallstreetdiscgolf.com/inbounds/0000257.webp,alter,thought-space-athletics,putter,stable,#000000,#FF770E,176,21.2,2,1.5,19,1.1,7.1,61.5,5.34,,,,22-126,"Jul 11, 2022",A_name_brand,high,Alter,Thought Space Athletics,"Jul 11, 2022",22-126,,21.2,2.0,1.5,19.0,1.1,7.1,176.0,,5.34,61.50,,Thought Space Athletics,no
31,Alva,Kastaplast,Distance Driver,15,11,6,-2,2,Understable,https://www.marshallstreetdiscgolf.com/?s=k1+alva&post_type=product,https://s3.amazonaws.com/media.marshallstreetdiscgolf.com/inbounds/0000440.webp,alva,kastaplast,distance-driver,understable,#000000,#21F1B9,,,,,,,,,,,,,,,A_name_brand,high,Älva,Kastaplast,"Feb 19, 2024",24-32,,21.1,1.7,1.1,16.7,2.2,5.2,175.1,,12.05,32.75,,Kastaplast,no
32,Amphibian,Gateway,Control Driver,16,10,6,-4,2,Understable,https://www.marshallstreetdiscgolf.com/?s=amphibian&post_type=product,https://s3.amazonaws.com/media.marshallstreetdiscgolf.com/inbounds/0000000.webp,amphibian,gateway,hybrid-driver,understable,#FFFFFF,#A66A17,,,,,,,,,,,,,,,A_name_brand,high,Amphibian,Gateway Disc Sports,"Feb 20, 2023",23-48,,21.1,1.9,1.2,17.1,2.0,5.7,175.1,,8.18,29.50,,Gateway Disc Sports,no
33,Amulet,Prodiscus,Midrange,18,5,4,1,3,Overstable,https://www.marshallstreetdiscgolf.com/?s=amulet&post_type=product,https://s3.amazonaws.com/media.marshallstreetdiscgolf.com/inbounds/0000409.webp,amulet,prodiscus,midrange,overstable,#32E65C,#5435A9,179.3,21.6,1.8,1.5,18.8,1.4,6.9,47.5,7.16,,,,23-168,"Jun 26, 2023",A_name_brand,high,Amulet,Prodiscus,"Jun 26, 2023",23-168,,21.6,1.8,1.5,18.8,1.4,6.9,179.3,,7.16,47.50,,Prodiscus,no
34,Anax,Discraft,Control Driver,16,10,6,0,3,Overstable,https://www.marshallstreetdiscgolf.com/?s=anax&post_type=product,https://s3.amazonaws.com/media.marshallstreetdiscgolf.com/inbounds/0000012.webp,anax,discraft,hybrid-driver,overstable,#FF3737,#000000,177.6,21.4,1.7,1.2,17.5,1.9,5.6,29.75,10.45,,,,19-50,"Jun 19, 2019",A_name_brand,high,Anax,Discraft,"Jun 19, 2019",19-50,,21.4,1.7,1.2,17.5,1.9,5.6,177.6,,10.45,29.75,,Discraft,no
35,Anchor,Latitude 64,Midrange,18,5,4,0,3,Overstable,https://www.marshallstreetdiscgolf.com/?s=anchor&post_type=product,https://s3.amazonaws.com/media.marshallstreetdiscgolf.com/inbounds/4139229.webp,anchor,latitude-64,midrange,overstable,#FFFFFF,#F40909,180.1,21.7,1.8,1.5,18.9,1.4,6.9,43.25,10.32,,,,16-75,"Dec 7, 2016",A_name_brand,high,Anchor,Latitude 64,"Dec 7, 2016",16-75,,21.7,1.8,1.5,18.9,1.4,6.9,180.1,,10.32,43.25,,Latitude 64,no
36,Andro C,Other,Fairway Driver,17,6,4,-1,2,Stable,https://www.marshallstreetdiscgolf.com/product/hydro-m-andro-c-first-run,https://s3.amazonaws.com/media.marshallstreetdiscgolf.com/inbounds/4193233.webp,andro-c,other,control-driver,stable,#000000,#E5FFAA,,,,,,,,,,,,,,,C_name_ambiguous,needs_review,,,,,,,,,,,,,,,,,,
37,Andro C (Retooled),Other,Fairway Driver,17,6,4,-2,1,Understable,https://www.marshallstreetdiscgolf.com/product/thermo-f-andro-c-retooled,https://s3.amazonaws.com/media.marshallstreetdiscgolf.com/inbounds/4193234.webp,andro-c-retooled,other,control-driver,understable,#000000,#E5FFAA,,,,,,,,,,,,,,,C_name_ambiguous,needs_review,,,,,,,,,,,,,,,,,,
38,Angler,Wild Discs,Midrange,18,4,3,0,3,Very Overstable,https://www.marshallstreetdiscgolf.com/?s=Angler&post_type=product,https://s3.amazonaws.com/media.marshallstreetdiscgolf.com/inbounds/0000164.webp,angler,wild-discs,midrange,very-overstable,#D267A0,#373C0D,178.5,21.5,2,1.4,18.5,1.5,6.5,44,9.89,,,,21-145,"Dec 13, 2021",A_name_brand,high,Angler,Wild Discs,"Dec 13, 2021",21-145,,21.5,2.0,1.4,18.5,1.5,6.5,178.5,,9.89,44.00,,Wild Discs,no
39,Animal,Innova,Approach Discs,20,2,1,0,1,Overstable,https://www.marshallstreetdiscgolf.com/?s=animal&post_type=product,https://s3.amazonaws.com/media.marshallstreetdiscgolf.com/inbounds/0000506.webp,animal,innova,approach-discs,overstable,#2A290E,#F3EB09,,,,,,,,,,,,,,,A_name_brand,high,Animal,Innova Champion Discs,"Sep 29, 2020",20-80,,21.2,2.1,1.3,19.2,1.0,6.1,176.0,,9.66,64.00,,Innova Champion Discs,no
40,Animus,Thought Space Athletics,Control Driver,16,11,5,0,2,Overstable,https://www.marshallstreetdiscgolf.com/?s=animus&post_type=product,https://s3.amazonaws.com/media.marshallstreetdiscgolf.com/inbounds/0000043.webp,animus,thought-space-athletics,hybrid-driver,overstable,#000000,#FF770E,176,21.2,1.6,1.2,17,2.1,5.7,30,11.82,,,,20-50,"Jun 23, 2020",A_name_brand,high,Animus,Thought Space Athletics,"Jun 23, 2020",20-50,,21.2,1.6,1.2,17.0,2.1,5.7,176.0,,11.82,30.00,,Thought Space Athletics,no
41,Anubis,Infinite Discs,Midrange,18,5,5,0,0,Stable,https://www.marshallstreetdiscgolf.com/?s=anubis&post_type=product,https://s3.amazonaws.com/media.marshallstreetdiscgolf.com/inbounds/0000055.webp,anubis,infinite-discs,midrange,stable,#FFFFFF,#62054C,180.9,21.8,2.1,1.3,18.7,1.4,6,50,9.19,,,,18-51,"Jun 21, 2018",A_name_brand,high,Anubis,Infinite Discs,"Jun 21, 2018",18-51,,21.8,2.1,1.3,18.7,1.4,6.0,180.9,,9.19,50.00,,Infinite Discs,no
42,Anvil,Westside Discs,Midrange,18,4,2,0,4,Very Overstable,https://www.marshallstreetdiscgolf.com/?s=anvil&post_type=product,https://s3.amazonaws.com/media.marshallstreetdiscgolf.com/inbounds/1312199.webp,anvil,westside-discs,midrange,very-overstable,#FFFFFF,#014E13,,,,,,,,,,,,,,,B_name_unique,medium,Anvil,Westside Golf Discs,"Feb 8, 2018",18-18,,21.3,1.8,1.2,18.3,1.5,5.6,176.8,,11.57,41.75,,Westside Golf Discs,yes
43,Apache (OOP),Gateway,Fairway Driver,17,9,4,-1,2,Understable,https://www.marshallstreetdiscgolf.com/?s=apache&post_type=product,https://s3.amazonaws.com/media.marshallstreetdiscgolf.com/inbounds/5101462.webp,apache-oop,gateway,control-driver,understable,#FFFFFF,#A66A17,,,,,,,,,,,,,,,A_name_brand,high,Apache,Gateway Disc Sports,"Oct 20, 1999",99-10,,21.0,2.0,1.2,17.6,1.7,5.7,174.3,,10.21,27.50,,Gateway Disc Sports,no
44,Apache (retooled),Gateway,Control Driver,16,10,6,0,2,Overstable,https://www.marshallstreetdiscgolf.com/?s=Apache&post_type=product,https://s3.amazonaws.com/media.marshallstreetdiscgolf.com/inbounds/0000373.webp,apache-retooled,gateway,hybrid-driver,overstable,#FFFFFF,#A66A17,,,,,,,,,,,,,,,A_name_brand,high,Apache,Gateway Disc Sports,"Oct 20, 1999",99-10,,21.0,2.0,1.2,17.6,1.7,5.7,174.3,,10.21,27.50,,Gateway Disc Sports,no
45,Ape,Innova,Distance Driver,15,13,5,0,4,Very Overstable,https://www.marshallstreetdiscgolf.com/?s=ape&post_type=product,https://s3.amazonaws.com/media.marshallstreetdiscgolf.com/inbounds/0522872.webp,ape,innova,distance-driver,very-overstable,#2A290E,#F3EB09,,,,,,,,,,,,,,,A_name_brand,high,Ape,Innova Champion Discs,"Feb 18, 2011",11-04,,21.1,1.5,1.2,16.2,2.4,5.7,175.1,,12.13,27.75,,Innova Champion Discs,no
46,Apex,Gateway,Distance Driver,15,12,6,-1,2,Understable,https://www.marshallstreetdiscgolf.com/?s=apex&post_type=product,https://s3.amazonaws.com/media.marshallstreetdiscgolf.com/inbounds/0577872.webp,apex,gateway,distance-driver,understable,#FFFFFF,#A66A17,,,,,,,,,,,,,,,A_name_brand,high,Apex,Gateway Disc Sports,"Jun 21, 2018",18-49,,21.5,1.9,1.1,17.1,2.3,5.1,178.5,,9.75,30.25,,Gateway Disc Sports,no
47,Apogee,Climo Disc Golf,Distance Driver,15,12,5,-2,1,Understable,,,apogee,climo-disc-golf,distance-driver,understable,#FFFFFF,#071139,,,,,,,,,,,,,,,unmatched,none,,,,,,,,,,,,,,,,,,
48,Apollo,Other,Midrange,18,5,5,-1,2,Stable,https://www.marshallstreetdiscgolf.com/?s=Apollo&post_type=product,https://s3.amazonaws.com/media.marshallstreetdiscgolf.com/inbounds/0000110.webp,apollo,other,midrange,stable,#000000,#E5FFAA,,,,,,,,,,,,,,,C_name_ambiguous,needs_review,,,,,,,,,,,,,,,,,,
49,Aquarius,Millennium,Fairway Driver,17,8,5,-3,2,Very Understable,https://www.marshallstreetdiscgolf.com/?s=aquarius&post_type=product,https://s3.amazonaws.com/media.marshallstreetdiscgolf.com/inbounds/7318361.webp,aquarius,millennium,control-driver,very-understable,#000000,#FF0974,,,,,,,,,,,,,,,B_name_unique,medium,Aquarius,Millennium Golf Discs,"Feb 2, 2016",16-09,,21.0,1.9,1.2,17.0,2.0,5.7,174.3,,10.66,30.00,,Millennium Golf Discs,yes
50,Arch,Vibram,Fairway Driver,17,8,5,0,2,Overstable,https://www.marshallstreetdiscgolf.com/?s=x-link+arch&post_type=product,https://s3.amazonaws.com/media.marshallstreetdiscgolf.com/inbounds/7318362.webp,arch,vibram,control-driver,overstable,#FFDC2D,#9A7D2C,,,,,,,,,,,,,,,B_name_unique,medium,Arch,Vibram Disc Golf,"Apr 20, 2015",15-43,,21.0,1.9,1.1,17.4,1.8,5.2,174.3,,6.35,34.00,,Vibram Disc Golf,yes
51,Archangel,Innova,Fairway Driver,17,8,6,-4,1,Very Understable,https://www.marshallstreetdiscgolf.com/?s=archangel&post_type=product,https://s3.amazonaws.com/media.marshallstreetdiscgolf.com/inbounds/2997242.webp,archangel,innova,control-driver,very-understable,#2A290E,#F3EB09,,,,,,,,,,,,,,,A_name_brand,high,Archangel,Innova Champion Discs,"Aug 21, 2001",01-06,,21.1,1.9,1.4,17.3,1.8,7.1,175.1,,9.19,31.25,,Innova Champion Discs,no
52,Archer,Discraft,Midrange,18,5,4,-4,1,Very Understable,https://www.marshallstreetdiscgolf.com/?s=archer&post_type=product,https://s3.amazonaws.com/media.marshallstreetdiscgolf.com/inbounds/7381363.webp,archer,discraft,midrange,very-understable,#FF3737,#000000,178.5,21.5,1.8,1.1,18.5,1.5,5.1,36,7.94,,,,16-78,"Dec 7, 2016",A_name_brand,high,Archer,Discraft,"Dec 7, 2016",16-78,,21.5,1.8,1.1,18.5,1.5,5.1,178.5,,7.94,36.00,,Discraft,no
53,Archive,Prodigy,Midrange,18,5,5,0,2,Overstable,https://www.marshallstreetdiscgolf.com/?s=Archive&post_type=product,https://s3.amazonaws.com/media.marshallstreetdiscgolf.com/inbounds/0000360.webp,archive,prodigy,midrange,overstable,#000000,#10A259,,,,,,,,,,,,,,,A_name_brand,high,Archive,Prodigy Disc,"Jul 17, 2023",22-183,,21.8,2.0,1.3,19.0,1.4,6.0,180.9,,7.95,56.25,,Prodigy Disc,no
54,Archon,Innova,Control Driver,16,11,5,-2,2,Stable,https://www.marshallstreetdiscgolf.com/?s=archon&post_type=product,https://s3.amazonaws.com/media.marshallstreetdiscgolf.com/inbounds/7318363.webp,archon,innova,hybrid-driver,stable,#2A290E,#F3EB09,,,,,,,,,,,,,,,A_name_brand,high,Archon,Innova Champion Discs,"Mar 9, 2011",11-11,,21.1,1.7,1.2,16.6,2.3,5.7,175.1,,11.45,28.25,,Innova Champion Discs,no
55,Area 51,Doomsday Discs,Approach Discs,20,4,3,0,2.5,Very Overstable,https://www.marshallstreetdiscgolf.com/?s=area+51&post_type=product,https://s3.amazonaws.com/media.marshallstreetdiscgolf.com/inbounds/0000517.webp,area-51,doomsday-discs,approach-discs,very-overstable,#B6FF8B,#144E48,175.1,21.1,1.5,1.2,18.7,1.2,5.7,53,7.27,,,,23-202,"Aug 7, 2023",A_name_brand,high,Area 51,Doomsday Discs,"Aug 7, 2023",23-202,,21.1,1.5,1.2,18.7,1.2,5.7,175.1,,7.27,53.00,,Doomsday Discs,no
56,Aries,Millennium,Control Driver,16,11,6,-4,2,Understable,https://www.marshallstreetdiscgolf.com/?s=aries&post_type=product,https://s3.amazonaws.com/media.marshallstreetdiscgolf.com/inbounds/2014205.webp,aries,millennium,hybrid-driver,understable,#000000,#FF0974,,,,,,,,,,,,,,,B_name_unique,medium,Aries,Millennium Golf Discs,"Jan 6, 2014",14-01,,21.1,1.6,1.1,16.9,2.1,5.2,175.1,,10.89,28.00,,Millennium Golf Discs,yes
57,Armadillo,Lone Star Discs,Putter,19,1,2,0,1,Stable,https://www.marshallstreetdiscgolf.com/?s=armadillo&post_type=product,https://s3.amazonaws.com/media.marshallstreetdiscgolf.com/inbounds/0000156.webp,armadillo,lone-star-discs,putter,stable,#FFA5EA,#6B834B,,,,,,,,,,,,,,,B_name_unique,medium,Armadillo,Lone Star Disc,"Jan 31, 2022",22-16,,21.3,1.9,1.4,19.6,0.8,6.6,176.8,,4.89,90.75,,Lone Star Disc,yes
58,Arowana,Elevation Disc Golf,Putter,19,3,3,-1,2,Stable,https://www.marshallstreetdiscgolf.com/?s=Arowana&post_type=product,https://s3.amazonaws.com/media.marshallstreetdiscgolf.com/inbounds/0000307.webp,arowana,elevation-disc-golf,putter,stable,#FFFFFF,#6A431D,175.1,21.1,1.8,1.3,19.1,1,6.2,62.25,0.91,,,,22-194,"Nov 7, 2022",A_name_brand,high,Arowana,Elevation Disc Golf,"Nov 7, 2022",22-194,,21.1,1.8,1.3,19.1,1.0,6.2,175.1,,0.91,62.25,,Elevation Disc Golf,no
59,Arrowhead,Sacred Discs,Midrange,18,4,3,0,1,Stable,https://www.marshallstreetdiscgolf.com/?s=Arrowhead&post_type=product,https://s3.amazonaws.com/media.marshallstreetdiscgolf.com/inbounds/0000363.webp,arrowhead,sacred-discs,midrange,stable,#0E1774,#B4CDFF,175.1,21.1,1.6,1.3,18.7,1.2,6.2,53.5,9.55,,,,23-184,"Jul 17, 2023",A_name_brand,high,Arrowhead,Sacred Discs,"Jul 17, 2023",23-184,,21.1,1.6,1.3,18.7,1.2,6.2,175.1,,9.55,53.50,,Sacred Discs,no
60,Artemis,Lone Star Discs,Approach Discs,20,4,4,0,3,Very Overstable,https://www.marshallstreetdiscgolf.com/?s=artemis&post_type=product,https://s3.amazonaws.com/media.marshallstreetdiscgolf.com/inbounds/0000356.webp,artemis,lone-star-discs,approach-discs,very-overstable,#FFA5EA,#6B834B,,,,,,,,,,,,,,,B_name_unique,medium,Artemis,Lone Star Disc,"May 15, 2023",23-140,,21.1,2.0,1.4,18.8,1.2,6.6,175.1,,8.18,50.50,,Lone Star Disc,yes
61,Artifact,Infinite Discs,Putter,19,2,3,-1,0,Understable,https://www.marshallstreetdiscgolf.com/?s=artifact&post_type=product,https://s3.amazonaws.com/media.marshallstreetdiscgolf.com/inbounds/0000537.webp,artifact,infinite-discs,putter,understable,#FFFFFF,#62054C,176,21.2,2.1,1.5,19.2,1,7.1,72.5,6.7,,,,25-86,"Jun 2, 2025",A_name_brand,high,Artifact,Infinite Discs,"Jun 2, 2025",25-86,,21.2,2.1,1.5,19.2,1.0,7.1,176.0,,6.70,72.50,,Infinite Discs,no
62,Ascend,Streamline,Fairway Driver,17,6,5,-3,0.5,Very Understable,https://www.marshallstreetdiscgolf.com/?s=Ascend&post_type=product,https://s3.amazonaws.com/media.marshallstreetdiscgolf.com/inbounds/0000206.webp,ascend,streamline,control-driver,very-understable,#012219,#ACFFBA,,,,,,,,,,,,,,,A_name_brand,high,Ascend,Streamline Discs,"Mar 21, 2022",22-41,,21.2,1.8,1.2,17.8,1.7,5.7,176.0,,8.52,38.00,,Streamline Discs,no
63,Assassin,Gateway,Fairway Driver,17,9,6,-1.5,1,Understable,https://www.marshallstreetdiscgolf.com/?s=assassin&post_type=product,https://s3.amazonaws.com/media.marshallstreetdiscgolf.com/inbounds/9100613.webp,assassin,gateway,control-driver,understable,#FFFFFF,#A66A17,,,,,,,,,,,,,,,A_name_brand,high,Assassin (retooled),Gateway Disc Sports,"May 19, 2014",14-49,,21.0,1.9,1.1,17.1,1.9,5.2,174.3,,8.62,34.50,,Gateway Disc Sports,no
64,Astra,Millennium,Control Driver,16,11,5,-1,2,Stable,https://www.marshallstreetdiscgolf.com/?s=astra&post_type=product,https://s3.amazonaws.com/media.marshallstreetdiscgolf.com/inbounds/7569533.webp,astra,millennium,hybrid-driver,stable,#000000,#FF0974,,,,,,,,,,,,,,,B_name_unique,medium,Astra,Millennium Golf Discs,"Jun 17, 2011",11-24,,21.1,1.5,1.2,16.7,2.2,5.7,175.1,,8.28,28.25,,Millennium Golf Discs,yes
65,Astra-X,Millennium,Control Driver,16,11,5,0,4,Overstable,https://www.marshallstreetdiscgolf.com/?s=astra-x&post_type=product,https://s3.amazonaws.com/media.marshallstreetdiscgolf.com/inbounds/7569534.webp,astra-x,millennium,hybrid-driver,overstable,#000000,#FF0974,,,,,,,,,,,,,,,unmatched,none,,,,,,,,,,,,,,,,,,
66,Astronaut,Discmania,Distance Driver,15,12,6,-4,1,Very Understable,https://www.marshallstreetdiscgolf.com/?s=astronaut&post_type=product,https://s3.amazonaws.com/media.marshallstreetdiscgolf.com/inbounds/0000092.webp,astronaut,discmania,distance-driver,very-understable,#FFA813,#9A0C0C,176,21.2,1.8,1.1,16.6,2.3,5.2,26,11.14,,,,21-24,"Feb 22, 2021",A_name_brand,high,Astronaut,Discmania,"Feb 22, 2021",21-24,,21.2,1.8,1.1,16.6,2.3,5.2,176.0,,11.14,26.00,,Discmania,no
67,Athena,Discraft,Fairway Driver,17,7,5,0,2,Stable,https://www.marshallstreetdiscgolf.com/?s=Athena&post_type=product,https://s3.amazonaws.com/media.marshallstreetdiscgolf.com/inbounds/0000266.webp,athena,discraft,control-driver,stable,#FF3737,#000000,176.8,21.3,1.5,1.1,17.7,1.8,5.2,30,11.7,,,,22-132,"Aug 1, 2022",A_name_brand,high,Athena,Discraft,"Aug 1, 2022",22-132,,21.3,1.5,1.1,17.7,1.8,5.2,176.8,,11.70,30.00,,Discraft,no
68,Atlas,Innova,Midrange,18,5,4,0,1,Stable,https://www.marshallstreetdiscgolf.com/?s=atlas&post_type=product,https://s3.amazonaws.com/media.marshallstreetdiscgolf.com/inbounds/3187912.webp,atlas,innova,midrange,stable,#2A290E,#F3EB09,,,,,,,,,,,,,,,A_name_brand,high,Atlas,Innova Champion Discs,"Jun 18, 2013",13-40,,21.8,1.7,1.4,19.1,1.4,6.4,180.9,,4.42,46.25,,Innova Champion Discs,no
69,Atom,MVP,Putter,19,3,3,-0.5,0,Stable,https://www.marshallstreetdiscgolf.com/?s=atom&post_type=product,https://s3.amazonaws.com/media.marshallstreetdiscgolf.com/inbounds/3769211.webp,atom,mvp,putter,stable,#000000,#9BF2FF,,,,,,,,,,,,,,,A_name_brand,high,Atom,MVP Disc Sports,"Dec 7, 2014",14-89,,21.1,1.9,1.4,18.8,1.1,6.6,175.1,,7.82,60.75,,MVP Disc Sports,no
70,Aura,Gateway,Distance Driver,15,12,6,-2,1,Understable,https://www.marshallstreetdiscgolf.com/?s=aura&post_type=product,https://s3.amazonaws.com/media.marshallstreetdiscgolf.com/inbounds/0000475.webp,aura,gateway,distance-driver,understable,#FFFFFF,#A66A17,,,,,,,,,,,,,,,A_name_brand,high,Aura (retooled),Gateway Disc Sports,"Oct 14, 2024",24-204,,21.2,1.5,1.1,16.6,2.3,5.2,176.0,,11.93,29.00,,Gateway Disc Sports,no
71,Aurora/QMS,Millennium,Midrange,18,4,5,0,0,Understable,https://www.marshallstreetdiscgolf.com/?s=aurora&post_type=product,https://s3.amazonaws.com/media.marshallstreetdiscgolf.com/inbounds/7170628.webp,auroraqms,millennium,midrange,understable,#000000,#FF0974,,,,,,,,,,,,,,,unmatched,none,,,,,,,,,,,,,,,,,,
72,Avalanche,DGA,Fairway Driver,17,9,3,0,4,Very Overstable,https://www.marshallstreetdiscgolf.com/?s=Avalanche&post_type=product,https://s3.amazonaws.com/media.marshallstreetdiscgolf.com/inbounds/0000326.webp,avalanche,dga,control-driver,very-overstable,#2876FF,#272727,,,,,,,,,,,,,,,B_name_unique,medium,Avalanche,Disc Golf Association,"Mar 20, 2023",23-79,,21.2,1.5,1.1,17.4,1.9,5.2,,,12.16,32.25,,Disc Golf Association,yes
73,Avatar,Innova,Midrange,18,5,4,0,2,Stable,https://www.marshallstreetdiscgolf.com/?s=Avatar&post_type=product,https://s3.amazonaws.com/media.marshallstreetdiscgolf.com/inbounds/0000027.webp,avatar,innova,midrange,stable,#2A290E,#F3EB09,,,,,,,,,,,,,,,A_name_brand,high,Avatar,Innova Champion Discs,"Oct 24, 2019",19-70,,21.7,1.8,1.4,19.0,1.1,6.6,180.1,,8.30,52.25,,Innova Champion Discs,no
74,Avenger,Discraft,Control Driver,16,10,5,0,3,Overstable,https://www.marshallstreetdiscgolf.com/?s=avenger&post_type=product,https://s3.amazonaws.com/media.marshallstreetdiscgolf.com/inbounds/0830484.webp,avenger,discraft,hybrid-driver,overstable,#FF3737,#000000,176,21.2,1.7,1.2,17.4,1.9,5.7,26.25,12.25,,,,05-08,"May 3, 2005",A_name_brand,high,Avenger,Discraft,"May 3, 2005",05-08,,21.2,1.7,1.2,17.4,1.9,5.7,176.0,,12.25,26.25,,Discraft,no
75,Avenger SS,Discraft,Control Driver,16,10,5,-3,1,Understable,https://www.marshallstreetdiscgolf.com/?s=avenger+ss&post_type=product,https://s3.amazonaws.com/media.marshallstreetdiscgolf.com/inbounds/0901228.webp,avenger-ss,discraft,hybrid-driver,understable,#FF3737,#000000,,,,,,,,,,,,,,,unmatched,none,,,,,,,,,,,,,,,,,,
76,Aviar Classic,Innova,Putter,19,2,3,0,0,Stable,https://www.marshallstreetdiscgolf.com/product/dx-aviar-classic,https://s3.amazonaws.com/media.marshallstreetdiscgolf.com/inbounds/7781597.webp,aviar-classic,innova,putter,stable,#2A290E,#F3EB09,,,,,,,,,,,,,,,unmatched,none,,,,,,,,,,,,,,,,,,
77,Aviar Driver,Innova,Putter,19,2,3,0,2,Overstable,https://www.marshallstreetdiscgolf.com/?s=aviar+driver&post_type=product,https://s3.amazonaws.com/media.marshallstreetdiscgolf.com/inbounds/2565503.webp,aviar-driver,innova,putter,overstable,#2A290E,#F3EB09,,,,,,,,,,,,,,,unmatched,none,,,,,,,,,,,,,,,,,,
78,Aviar P&A,Innova,Putter,19,2,3,0,1,Stable,https://www.marshallstreetdiscgolf.com/?s=aviar&post_type=product,https://s3.amazonaws.com/media.marshallstreetdiscgolf.com/inbounds/6275754.webp,aviar-p&a,innova,putter,stable,#2A290E,#F3EB09,,,,,,,,,,,,,,,unmatched,none,,,,,,,,,,,,,,,,,,
79,Aviar3,Innova,Putter,19,3,2,0,2,Stable,https://www.marshallstreetdiscgolf.com/?s=aviar3&post_type=product,https://s3.amazonaws.com/media.marshallstreetdiscgolf.com/inbounds/6725754.webp,aviar3,innova,putter,stable,#2A290E,#F3EB09,,,,,,,,,,,,,,,unmatched,none,,,,,,,,,,,,,,,,,,
80,AviarX3,Innova,Putter,19,3,2,0,3,Overstable,https://www.marshallstreetdiscgolf.com/?s=AviarX3&post_type=product,https://s3.amazonaws.com/media.marshallstreetdiscgolf.com/inbounds/6725799.webp,aviarx3,innova,putter,overstable,#2A290E,#F3EB09,,,,,,,,,,,,,,,A_name_brand,high,AviarX3,Innova Champion Discs,"Sep 26, 2017",17-108,,21.3,1.8,1.6,19.3,1.0,7.5,176.8,,7.14,55.75,,Innova Champion Discs,no
81,Axe,Viking,Midrange,18,4,3,0,1,Stable,https://www.marshallstreetdiscgolf.com/?s=axe&post_type=product,https://s3.amazonaws.com/media.marshallstreetdiscgolf.com/inbounds/6383035.webp,axe,viking,midrange,stable,#000000,#04F40C,,,,,,,,,,,,,,,B_name_unique,medium,Axe,Viking Discs (IP-Agency Finland Oy),"Dec 29, 2016",16-86,,21.2,2.0,1.3,19.2,1.0,6.1,176.0,,8.16,57.00,,Viking Discs (IP-Agency Finland Oy),yes
82,Aztec,Infinite Discs,Control Driver,16,10,5,-1,2,Stable,https://www.marshallstreetdiscgolf.com/?s=aztec&post_type=product,https://s3.amazonaws.com/media.marshallstreetdiscgolf.com/inbounds/0000061.webp,aztec,infinite-discs,hybrid-driver,stable,#FFFFFF,#62054C,176,21.2,1.5,1.1,16.9,2.1,5.2,33,10.8,,,,19-68,"Sep 16, 2019",A_name_brand,high,Aztec,Infinite Discs,"Sep 16, 2019",19-68,,21.2,1.5,1.1,16.9,2.1,5.2,176.0,,10.80,33.00,,Infinite Discs,no
83,BB6,Lone Star Discs,Midrange,18,4,5,-2,1,Understable,https://www.marshallstreetdiscgolf.com/?s=BB6&post_type=product,https://s3.amazonaws.com/media.marshallstreetdiscgolf.com/inbounds/0000116.webp,bb6,lone-star-discs,midrange,understable,#FFA5EA,#6B834B,,,,,,,,,,,,,,,B_name_unique,medium,BB6,Lone Star Disc,"Jul 19, 2021",21-81,,21.3,2.1,1.3,18.8,1.2,6.1,176.8,,6.14,58.50,,Lone Star Disc,yes
84,Badger,Legacy,Midrange,18,6,3,0,4,Very Overstable,https://www.marshallstreetdiscgolf.com/?s=badger&post_type=product,https://s3.amazonaws.com/media.marshallstreetdiscgolf.com/inbounds/0000107.webp,badger,legacy,midrange,very-overstable,#3831F0,#E43DD9,,,,,,,,,,,,,,,B_name_unique,medium,Badger,Legacy Discs,"Jul 19, 2021",21-80,,21.4,1.6,1.3,18.3,1.5,6.1,177.6,,9.09,42.00,,Legacy Discs,yes
85,Balance,Axiom Discs,Midrange,18,5,5,0,2,Overstable,https://www.marshallstreetdiscgolf.com/?s=balance&post_type=product,https://s3.amazonaws.com/media.marshallstreetdiscgolf.com/inbounds/0000503.webp,balance,axiom-discs,midrange,overstable,#000000,#FF9595,,,,,,,,,,,,,,,unmatched,none,,,,,,,,,,,,,,,,,,
86,Ballista,Latitude 64,Distance Driver,15,14,5,-1,3,Stable,https://www.marshallstreetdiscgolf.com/?s=ballista&post_type=product,https://s3.amazonaws.com/media.marshallstreetdiscgolf.com/inbounds/8821038.webp,ballista,latitude-64,distance-driver,stable,#FFFFFF,#F40909,175.1,21.1,1.7,1.1,16.3,2.4,5.2,26,8.05,,,,14-93,"Dec 19, 2014",A_name_brand,high,Ballista,Latitude 64,"Dec 19, 2014",14-93,,21.1,1.7,1.1,16.3,2.4,5.2,175.1,,8.05,26.00,,Latitude 64,no
87,Ballista Pro,Latitude 64,Distance Driver,15,14,4,0,3,Overstable,https://www.marshallstreetdiscgolf.com/?s=ballista+pro&post_type=product,https://s3.amazonaws.com/media.marshallstreetdiscgolf.com/inbounds/8821099.webp,ballista-pro,latitude-64,distance-driver,overstable,#FFFFFF,#F40909,176,21.2,1.7,1.1,16.3,2.4,5.2,26.75,11.79,,,,17-127,"Dec 11, 2017",A_name_brand,high,Ballista Pro,Latitude 64,"Dec 11, 2017",17-127,,21.2,1.7,1.1,16.3,2.4,5.2,176.0,,11.79,26.75,,Latitude 64,no
88,Bandit,Legacy,Fairway Driver,17,9,5,-2,1,Understable,https://www.marshallstreetdiscgolf.com/?s=bandit&post_type=product,https://s3.amazonaws.com/media.marshallstreetdiscgolf.com/inbounds/9549966.webp,bandit,legacy,control-driver,understable,#3831F0,#E43DD9,,,,,,,,,,,,,,,B_name_unique,medium,Bandit,Legacy Discs,"Sep 25, 2013",13-60,,21.3,1.5,1.1,17.3,2.0,5.2,176.8,,7.60,30.75,,Legacy Discs,yes
89,Banger GT,Discraft,Putter,19,2,3,0,1,Stable,https://www.marshallstreetdiscgolf.com/?s=banger&post_type=product,https://s3.amazonaws.com/media.marshallstreetdiscgolf.com/inbounds/0656924.webp,banger-gt,discraft,putter,stable,#FF3737,#000000,,,,,,,,,,,,,,,unmatched,none,,,,,,,,,,,,,,,,,,
90,Banshee,Innova,Fairway Driver,17,7,3,0,3,Very Overstable,https://www.marshallstreetdiscgolf.com/?s=banshee&post_type=product,https://s3.amazonaws.com/media.marshallstreetdiscgolf.com/inbounds/5135032.webp,banshee,innova,control-driver,very-overstable,#2A290E,#F3EB09,,,,,,,,,,,,,,,A_name_brand,high,Banshee,Innova Champion Discs,"Jan 14, 1998",98-01,,21.2,1.5,1.2,17.6,1.8,5.7,176.0,,6.58,29.25,,Innova Champion Discs,no
91,Banzai,DGA,Fairway Driver,17,8,4,0,3,Very Overstable,https://www.marshallstreetdiscgolf.com/?s=banzai&post_type=product,https://s3.amazonaws.com/media.marshallstreetdiscgolf.com/inbounds/5135999.webp,banzai,dga,control-driver,very-overstable,#2876FF,#272727,,,,,,,,,,,,,,,B_name_unique,medium,Banzai,Disc Golf Association,"Feb 26, 2018",18-98,,21.4,1.7,1.2,17.5,1.9,5.6,177.6,,11.34,30.00,,Disc Golf Association,yes
92,Baobab,Above Ground Level,Putter,19,4,0,1,3,Very Overstable,https://www.marshallstreetdiscgolf.com/?s=Baobab&post_type=product,https://s3.amazonaws.com/media.marshallstreetdiscgolf.com/inbounds/0000122.webp,baobab,above-ground-level,putter,very-overstable,#CFFF30,#000000,176.8,21.3,1.7,1.3,19.1,1.1,6.1,86.5,7.39,,,,20-34,"Apr 30, 2020",A_name_brand,high,Baobab,Above Ground Level,"Apr 30, 2020",20-34,,21.3,1.7,1.3,19.1,1.1,6.1,176.8,,7.39,86.50,,Above Ground Level,no
93,Barbarian,Viking,Fairway Driver,17,7,5,0,2,Stable,https://www.marshallstreetdiscgolf.com/?s=Barbarian&post_type=product,https://s3.amazonaws.com/media.marshallstreetdiscgolf.com/inbounds/0000050.webp,barbarian,viking,control-driver,stable,#000000,#04F40C,,,,,,,,,,,,,,,B_name_unique,medium,Barbarian,Viking Discs (IP-Agency Finland Oy),"Oct 8, 2017",17-113,,21.3,1.8,1.2,17.6,1.9,5.6,176.8,,11.68,35.75,,Viking Discs (IP-Agency Finland Oy),yes
94,Bard,Westside Discs,Midrange,18,5,4,0,3,Overstable,https://www.marshallstreetdiscgolf.com/?s=bard&post_type=product,https://s3.amazonaws.com/media.marshallstreetdiscgolf.com/inbounds/9782382.webp,bard,westside-discs,midrange,overstable,#FFFFFF,#014E13,,,,,,,,,,,,,,,B_name_unique,medium,Bard (Laulaja1),Westside Golf Discs,"Feb 6, 2015",15-11,,21.7,1.9,1.3,18.8,1.5,6.0,180.1,,7.14,42.50,,Westside Golf Discs,yes
95,Bash,Lone Star Discs,Putter,19,2,3,0,2,Overstable,https://www.marshallstreetdiscgolf.com/?s=bash&post_type=product,https://s3.amazonaws.com/media.marshallstreetdiscgolf.com/inbounds/0000477.webp,bash,lone-star-discs,putter,overstable,#FFA5EA,#6B834B,,,,,,,,,,,,,,,B_name_unique,medium,Bash,Lone Star Disc,"Jul 22, 2024",24-146,,21.1,1.7,1.5,19.0,1.0,7.1,175.1,,5.91,72.25,,Lone Star Disc,yes
96,Bayonet,Lone Star Discs,Distance Driver,15,13,5,-2,2,Stable,https://www.marshallstreetdiscgolf.com/?s=Bayonet&post_type=product,https://s3.amazonaws.com/media.marshallstreetdiscgolf.com/inbounds/0000293.webp,bayonet,lone-star-discs,distance-driver,stable,#FFA5EA,#6B834B,,,,,,,,,,,,,,,B_name_unique,medium,Bayonet,Lone Star Disc,"Nov 28, 2022",22-214,,21.0,1.8,1.1,16.4,2.3,5.2,174.3,,7.50,26.00,,Lone Star Disc,yes
97,Bear,Westside Discs,Fairway Driver,17,8,6,-0.5,2.5,Stable,https://www.marshallstreetdiscgolf.com/?s=Bear&post_type=product,https://s3.amazonaws.com/media.marshallstreetdiscgolf.com/inbounds/0000239.webp,bear,westside-discs,control-driver,stable,#FFFFFF,#014E13,,,,,,,,,,,,,,,B_name_unique,medium,Bear,Westside Golf Discs,"Oct 14, 2021",21-110,,21.2,1.8,1.2,17.4,1.9,5.7,176.0,,8.07,30.25,,Westside Golf Discs,yes
98,Bearkat,Lone Star Discs,Midrange,18,5,5,-2,1,Understable,https://www.marshallstreetdiscgolf.com/?s=Bearkat&post_type=product,https://s3.amazonaws.com/media.marshallstreetdiscgolf.com/inbounds/0000382.webp,bearkat,lone-star-discs,midrange,understable,#FFA5EA,#6B834B,,,,,,,,,,,,,,,B_name_unique,medium,Bearkat,Lone Star Disc,"Sep 18, 2023",23-224,,21.7,1.6,1.2,19.0,1.3,5.5,180.1,,5.23,38.25,,Lone Star Disc,yes
99,Beast,Innova,Control Driver,16,10,5,-2,2,Understable,https://www.marshallstreetdiscgolf.com/?s=beast&post_type=product,https://s3.amazonaws.com/media.marshallstreetdiscgolf.com/inbounds/6110769.webp,beast,innova,hybrid-driver,understable,#2A290E,#F3EB09,,,,,,,,,,,,,,,A_name_brand,high,Beast,Innova Champion Discs,"Dec 2, 2002",02-11,,21.2,1.4,1.1,17.1,2.0,5.2,176.0,,8.96,26.76,,Innova Champion Discs,no
100,Beaver,Daredevil Discs,Putter,19,2,3,-1,1,Stable,https://www.marshallstreetdiscgolf.com/?s=beaver&post_type=product,https://s3.amazonaws.com/media.marshallstreetdiscgolf.com/inbounds/1561860.webp,beaver,daredevil-discs,putter,stable,#FFFFFF,#515151,176,21.2,2.2,1.6,19.3,0.9,7.5,50.5,3.97,,,,07-06,"Jan 19, 2007",A_name_brand,high,Beaver,Daredevil Discs,"Jan 19, 2007",07-06,,21.2,2.2,1.6,19.3,0.9,7.5,176.0,,3.97,50.50,,Daredevil Discs,no
101,Beech,Above Ground Level,Midrange,18,5,2,0,3,Very Overstable,https://www.marshallstreetdiscgolf.com/?s=Beech&post_type=product,https://s3.amazonaws.com/media.marshallstreetdiscgolf.com/inbounds/0000127.webp,beech,above-ground-level,midrange,very-overstable,#CFFF30,#000000,181.8,21.9,1.8,1.3,18.7,1.6,5.9,39,10.57,,,,21-97,"Aug 30, 2021",A_name_brand,high,Beech,Above Ground Level,"Aug 30, 2021",21-97,,21.9,1.8,1.3,18.7,1.6,5.9,181.8,,10.57,39.00,,Above Ground Level,no
102,Beetle,Latitude 64,Putter,19,1,7,-1,0,Understable,https://www.marshallstreetdiscgolf.com/?s=beetle&post_type=product,https://s3.amazonaws.com/media.marshallstreetdiscgolf.com/inbounds/1221221.webp,beetle,latitude-64,putter,understable,#FFFFFF,#F40909,181.8,21.9,2.2,1.6,20.3,0.8,7.3,89.25,3.06,,,,17-24,"Mar 8, 2017",A_name_brand,high,Beetle,Latitude 64,"Mar 8, 2017",17-24,,21.9,2.2,1.6,20.3,0.8,7.3,181.8,,3.06,89.25,,Latitude 64,no
103,Belleair,Climo Disc Golf,Midrange,18,5,4,0,2,Overstable,https://www.marshallstreetdiscgolf.com/?s=belleair&post_type=product,https://s3.amazonaws.com/media.marshallstreetdiscgolf.com/inbounds/0000495.webp,belleair,climo-disc-golf,midrange,overstable,#FFFFFF,#071139,180.1,21.7,1.9,1.2,18.9,1.4,5.5,42.75,8.64,,,,25-8,"Jan 20, 2025",A_name_brand,high,Belleair,Climo Disc Golf,"Jan 20, 2025",25-8,,21.7,1.9,1.2,18.9,1.4,5.5,180.1,,8.64,42.75,,Climo Disc Golf,no
104,Benny,Lone Star Discs,Putter,19,3,4,0,2,Stable,https://www.marshallstreetdiscgolf.com/?s=Benny&post_type=product,https://s3.amazonaws.com/media.marshallstreetdiscgolf.com/inbounds/0000337.webp,benny,lone-star-discs,putter,stable,#FFA5EA,#6B834B,,,,,,,,,,,,,,,B_name_unique,medium,Benny,Lone Star Disc,"Feb 20, 2023",23-54,,21.1,1.9,1.5,18.9,1.1,7.1,175.1,,6.93,58.50,,Lone Star Disc,yes
105,Berg,Kastaplast,Putter,19,1,1,0,2,Overstable,https://www.marshallstreetdiscgolf.com/?s=berg&post_type=product,https://s3.amazonaws.com/media.marshallstreetdiscgolf.com/inbounds/0125099.webp,berg,kastaplast,putter,overstable,#000000,#21F1B9,175.1,21.1,2,1.4,19.3,0.9,6.6,87,4.31,,,,15-35,"Mar 27, 2015",A_name_brand,high,Berg,Kastaplast,"Mar 27, 2015",15-35,,21.1,2.0,1.4,19.3,0.9,6.6,175.1,,4.31,87.00,,Kastaplast,no
106,Berg X,Kastaplast,Putter,19,1,1,1,2,Overstable,https://www.marshallstreetdiscgolf.com/?s=berg+x&post_type=product,https://s3.amazonaws.com/media.marshallstreetdiscgolf.com/inbounds/0000378.webp,berg-x,kastaplast,putter,overstable,#000000,#21F1B9,175.1,21.1,1.9,1.4,19.4,0.9,6.6,87.25,6.82,,,,23-148,"May 22, 2023",A_name_brand,high,Berg X,Kastaplast,"May 22, 2023",23-148,,21.1,1.9,1.4,19.4,0.9,6.6,175.1,,6.82,87.25,,Kastaplast,no
107,Berry,Clash Discs,Midrange,18,5,5,-1,1,Stable,https://www.marshallstreetdiscgolf.com/?s=Berry&post_type=product,https://s3.amazonaws.com/media.marshallstreetdiscgolf.com/inbounds/0000209.webp,berry,clash-discs,midrange,stable,#FF93E9,#2516FF,177.6,21.4,1.7,1.4,18.8,1.3,6.5,50.5,8.41,,,,21-127,"Nov 22, 2021",A_name_brand,high,Berry,Clash Discs,"Nov 22, 2021",21-127,,21.4,1.7,1.4,18.8,1.3,6.5,177.6,,8.41,50.50,,Clash Discs,no
108,Berserker,Viking,Control Driver,16,10,5,-3,2,Very Understable,https://www.marshallstreetdiscgolf.com/?s=berserker&post_type=product,https://s3.amazonaws.com/media.marshallstreetdiscgolf.com/inbounds/0152099.webp,berserker,viking,hybrid-driver,very-understable,#000000,#04F40C,,,,,,,,,,,,,,,B_name_unique,medium,Berserker,Viking Discs (IP-Agency Finland Oy),"Jan 17, 2017",17-01,,21.2,1.7,1.2,17.0,2.1,5.7,176.0,,9.53,28.75,,Viking Discs (IP-Agency Finland Oy),yes
109,Bi,Yikun,Fairway Driver,17,9,5,-1,2,Stable,https://www.marshallstreetdiscgolf.com/?s=Bi&post_type=product,https://s3.amazonaws.com/media.marshallstreetdiscgolf.com/inbounds/0000226.webp,bi,yikun,control-driver,stable,#006A6E,#FF6F8C,,,,,,,,,,,,,,,B_name_unique,medium,Bi (毕方 Bi Fang),Yikun Discs,"Dec 13, 2021",21-137,,21.2,1.7,1.2,17.3,1.9,5.7,176.0,,9.32,28.75,,Yikun Discs,yes
110,Big Horn,Daredevil Discs,Putter,19,2,3,0,1,Stable,https://www.marshallstreetdiscgolf.com/?s=big+horn&post_type=product,https://s3.amazonaws.com/media.marshallstreetdiscgolf.com/inbounds/0120001.webp,big-horn,daredevil-discs,putter,stable,#FFFFFF,#515151,,,,,,,,,,,,,,,unmatched,none,,,,,,,,,,,,,,,,,,
111,BigFoot,Daredevil Discs,Distance Driver,15,13,6,-2,2,Understable,https://www.marshallstreetdiscgolf.com/?s=big+foot&post_type=product,https://s3.amazonaws.com/media.marshallstreetdiscgolf.com/inbounds/0125001.webp,bigfoot,daredevil-discs,distance-driver,understable,#FFFFFF,#515151,,,,,,,,,,,,,,,A_name_brand,high,Bigfoot,Daredevil Discs,"Jun 5, 2012",12-29,,21.1,1.6,1.1,16.1,2.5,5.2,175.1,,6.69,26.00,,Daredevil Discs,no
112,"Binx, Newcomer",Elevation Disc Golf,Fairway Driver,17,8,5,0,1,Stable,https://www.marshallstreetdiscgolf.com/?s=Binx&post_type=product,https://s3.amazonaws.com/media.marshallstreetdiscgolf.com/inbounds/0000298.webp,binx-newcomer,elevation-disc-golf,control-driver,stable,#FFFFFF,#6A431D,,,,,,,,,,,,,,,unmatched,none,,,,,,,,,,,,,,,,,,
113,"Binx, ecoFlex",Elevation Disc Golf,Fairway Driver,17,8,6,-3,1,Understable,https://www.marshallstreetdiscgolf.com/?s=Binx&post_type=product,https://s3.amazonaws.com/media.marshallstreetdiscgolf.com/inbounds/0000298.webp,binx-ecoflex,elevation-disc-golf,control-driver,understable,#FFFFFF,#6A431D,,,,,,,,,,,,,,,unmatched,none,,,,,,,,,,,,,,,,,,
114,Birdie,Innova,Putter,19,1,2,0,0,Stable,https://www.marshallstreetdiscgolf.com/?s=birdie&post_type=product,https://s3.amazonaws.com/media.marshallstreetdiscgolf.com/inbounds/0000000.webp,birdie,innova,putter,stable,#2A290E,#F3EB09,,,,,,,,,,,,,,,A_name_brand,high,Birdie (retooled),Innova Champion Discs,"May 13, 1991",91-10,Vintage Class,21.2,2.4,1.9,19.8,0.7,9.0,176.0,142.0,11.82,98.25,,Innova Champion Discs,no
115,Black Zombie Chainsaw,Gateway,Putter,19,3,5,0,1,Stable,https://www.marshallstreetdiscgolf.com/?s=chainsaw&post_type=product,https://s3.amazonaws.com/media.marshallstreetdiscgolf.com/inbounds/9906130.webp,black-zombie-chainsaw,gateway,putter,stable,#FFFFFF,#A66A17,,,,,,,,,,,,,,,unmatched,none,,,,,,,,,,,,,,,,,,
116,Blackout,Doomsday Discs,Fairway Driver,17,8,5,-2,1,Understable,https://www.marshallstreetdiscgolf.com/?s=blackout&post_type=product,https://s3.amazonaws.com/media.marshallstreetdiscgolf.com/inbounds/0000513.webp,blackout,doomsday-discs,control-driver,understable,#B6FF8B,#144E48,176,21.2,1.9,1.2,17.4,1.9,5.7,28.5,8.41,,,,22-92,"May 23, 2022",A_name_brand,high,Blackout,Doomsday Discs,"May 23, 2022",22-92,,21.2,1.9,1.2,17.4,1.9,5.7,176.0,,8.41,28.50,,Doomsday Discs,no
117,Blade,Gateway,Fairway Driver,17,9,5,0,3,Overstable,https://www.marshallstreetdiscgolf.com/?s=Blade&post_type=product,https://s3.amazonaws.com/media.marshallstreetdiscgolf.com/inbounds/1010225.webp,blade,gateway,control-driver,overstable,#FFFFFF,#A66A17,,,,,,,,,,,,,,,A_name_brand,high,Blade,Gateway Disc Sports,"Feb 13, 2019",19-11,,21.3,1.5,1.1,17.3,2.0,5.2,176.8,,11.71,34.00,,Gateway Disc Sports,no
118,Blast,DGA,Approach Discs,20,4,2,0,4,Very Overstable,,,blast,dga,approach-discs,very-overstable,#2876FF,#272727,,,,,,,,,,,,,,,B_name_unique,medium,Blast,Disc Golf Association,"Aug 18, 2025",25-127,,21.3,1.7,1.2,18.9,1.2,5.6,176.8,,9.89,59.25,,Disc Golf Association,yes
119,Blaze,Gateway,Fairway Driver,17,7,4,0,3,Very Overstable,https://www.marshallstreetdiscgolf.com/?s=blaze&post_type=product,https://s3.amazonaws.com/media.marshallstreetdiscgolf.com/inbounds/2347253.webp,blaze,gateway,control-driver,very-overstable,#FFFFFF,#A66A17,,,,,,,,,,,,,,,A_name_brand,high,Blaze,Gateway Disc Sports,"Oct 20, 1999",99-11,,21.1,1.9,1.2,17.7,1.7,5.7,175.1,,10.77,30.25,,Gateway Disc Sports,no
120,Bleak,Doomsday Discs,Putter,19,2,4,-1,1,Stable,https://www.marshallstreetdiscgolf.com/?s=bleak&post_type=product,https://s3.amazonaws.com/media.marshallstreetdiscgolf.com/inbounds/0000518.webp,bleak,doomsday-discs,putter,stable,#B6FF8B,#144E48,174.3,21,2.2,1.4,18.9,1.1,6.7,52,7.16,,,,22-85,"May 16, 2022",A_name_brand,high,Bleak,Doomsday Discs,"May 16, 2022",22-85,,21.0,2.2,1.4,18.9,1.1,6.7,174.3,,7.16,52.00,,Doomsday Discs,no
121,Blowfly,DGA,Putter,19,2,2,0,2,Overstable,https://www.marshallstreetdiscgolf.com/?s=blowfly&post_type=product,https://s3.amazonaws.com/media.marshallstreetdiscgolf.com/inbounds/5039654.webp,blowfly,dga,putter,overstable,#2876FF,#272727,,,,,,,,,,,,,,,unmatched,none,,,,,,,,,,,,,,,,,,
122,Bluebonnet,Lone Star Discs,Putter,19,2,3,0,1,Stable,https://www.marshallstreetdiscgolf.com/?s=bluebonnet&post_type=product,https://s3.amazonaws.com/media.marshallstreetdiscgolf.com/inbounds/0000267.webp,bluebonnet,lone-star-discs,putter,stable,#FFA5EA,#6B834B,,,,,,,,,,,,,,,B_name_unique,medium,Bluebonnet,Lone Star Disc,"Sep 5, 2022",22-150,,21.1,2.1,1.3,18.9,1.1,6.2,175.1,,5.80,65.50,,Lone Star Disc,yes
123,Boatman,Westside Discs,Control Driver,16,11,5,0,2,Overstable,https://www.marshallstreetdiscgolf.com/?s=boatman&post_type=product,https://s3.amazonaws.com/media.marshallstreetdiscgolf.com/inbounds/5677771.webp,boatman,westside-discs,hybrid-driver,overstable,#FFFFFF,#014E13,,,,,,,,,,,,,,,B_name_unique,medium,Boatman (Tuonelan Lautturi1),Westside Golf Discs,"Mar 21, 2011",11-12,,21.4,1.9,1.3,17.0,2.2,6.1,177.6,,10.32,29.50,,Westside Golf Discs,yes
124,Bobcat,Mint Discs,Midrange,18,5,4,0,2.5,Overstable,https://www.marshallstreetdiscgolf.com/?s=bobcat&post_type=product,https://s3.amazonaws.com/media.marshallstreetdiscgolf.com/inbounds/1010301.webp,bobcat,mint-discs,midrange,overstable,#FFFFFF,#F4933E,177.6,21.4,1.9,1.4,18.5,1.4,6.5,36,11.46,,,,19-09,"Jan 31, 2019",A_name_brand,high,Bobcat,Mint Discs,"Jan 31, 2019",19-09,,21.4,1.9,1.4,18.5,1.4,6.5,177.6,,11.46,36.00,,Mint Discs,no
125,Bohrium,Løft Discs,Distance Driver,15,14,6,-1,3,Overstable,https://www.marshallstreetdiscgolf.com/?s=Bohrium&post_type=product,https://s3.amazonaws.com/media.marshallstreetdiscgolf.com/inbounds/0000215.webp,bohrium,løft-discs,distance-driver,overstable,#000000,#9B90FF,174.3,21,1.4,1.1,16,2.5,5.2,26.25,8.75,,,,21-130,"Nov 22, 2021",A_name_brand,high,Bohrium,Løft Discs,"Nov 22, 2021",21-130,,21.0,1.4,1.1,16.0,2.5,5.2,174.3,,8.75,26.25,,Løft Discs,no
126,Bokeh,Axiom Discs,Fairway Driver,17,7,6,0,1,Understable,,,bokeh,axiom-discs,control-driver,understable,#000000,#FF9595,,,,,,,,,,,,,,,A_name_brand,high,Bokeh,Axiom Discs,"Sep 15, 2025",25-142,,21.2,1.7,1.1,17.6,1.8,5.2,176.0,,9.77,30.25,,Axiom Discs,no
127,Bolt,Latitude 64,Distance Driver,15,13,6,-2,3,Understable,https://www.marshallstreetdiscgolf.com/?s=bolt&post_type=product,https://s3.amazonaws.com/media.marshallstreetdiscgolf.com/inbounds/1244844.webp,bolt,latitude-64,distance-driver,understable,#FFFFFF,#F40909,175.1,21.1,1.7,1.1,16.4,2.4,5.2,27.75,10.09,,,,11-20,"May 17, 2011",A_name_brand,high,Bolt,Latitude 64,"May 17, 2011",11-20,,21.1,1.7,1.1,16.4,2.4,5.2,175.1,,10.09,27.75,,Latitude 64,no
128,Boss,Innova,Distance Driver,15,13,5,-1,3,Overstable,https://www.marshallstreetdiscgolf.com/?s=boss&post_type=product,https://s3.amazonaws.com/media.marshallstreetdiscgolf.com/inbounds/6049208.webp,boss,innova,distance-driver,overstable,#2A290E,#F3EB09,,,,,,,,,,,,,,,A_name_brand,high,Boss,Innova Champion Discs,"Aug 26, 2008",08-28,,21.2,1.5,1.2,16.2,2.5,5.7,176.0,,7.60,26.00,,Innova Champion Discs,no
129,Bounty,Dynamic Discs,Midrange,18,4,5,-1.5,0.5,Understable,https://www.marshallstreetdiscgolf.com/?s=Bounty&post_type=product,https://s3.amazonaws.com/media.marshallstreetdiscgolf.com/inbounds/0000044.webp,bounty,dynamic-discs,midrange,understable,#FFFFFF,#0082F4,181.8,21.9,1.8,1.2,19.5,1.2,5.9,40.25,9.32,,,,19-79,"Dec 5, 2019",A_name_brand,high,Bounty,Dynamic Discs,"Dec 5, 2019",19-79,,21.9,1.8,1.2,19.5,1.2,5.9,181.8,,9.32,40.25,,Dynamic Discs,no
130,Bowie,Lone Star Discs,Distance Driver,15,13,5,-1,3,Overstable,https://www.marshallstreetdiscgolf.com/?s=Bowie&post_type=product,https://s3.amazonaws.com/media.marshallstreetdiscgolf.com/inbounds/0000119.webp,bowie,lone-star-discs,distance-driver,overstable,#FFA5EA,#6B834B,,,,,,,,,,,,,,,B_name_unique,medium,Bowie ,Lone Star Disc,"Feb 8, 2021",21-15,,21.1,1.7,1.1,16.3,2.4,5.2,175.1,,6.70,26.25,,Lone Star Disc,yes
131,Brachiosaurus,Dino Discs,Midrange,18,5,5,-4.5,1,Very Understable,https://www.marshallstreetdiscgolf.com/?s=brachiosaurus&post_type=product,https://s3.amazonaws.com/media.marshallstreetdiscgolf.com/inbounds/0000000.webp,brachiosaurus,dino-discs,midrange,very-understable,#740A0A,#FF6FCF,,,,,,,,,,,,,,,unmatched,none,,,,,,,,,,,,,,,,,,
132,Brave,Latitude 64,Fairway Driver,17,7,6,-1,2,Understable,https://www.marshallstreetdiscgolf.com/?s=Brave&post_type=product,https://s3.amazonaws.com/media.marshallstreetdiscgolf.com/inbounds/0000410.webp,brave,latitude-64,control-driver,understable,#FFFFFF,#F40909,176.8,21.3,1.8,1.1,17.7,1.8,5.2,30,7.95,,,,23-267,"Dec 11, 2023",A_name_brand,high,Brave,Latitude 64,"Dec 11, 2023",23-267,,21.3,1.8,1.1,17.7,1.8,5.2,176.8,,7.95,30.00,,Latitude 64,no
133,Brazos,Lone Star Discs,Fairway Driver,17,7,5,0,3,Overstable,,,brazos,lone-star-discs,control-driver,overstable,#FFA5EA,#6B834B,,,,,,,,,,,,,,,B_name_unique,medium,Brazos,Lone Star Disc,"Jan 9, 2023",23-9,,21.2,1.7,1.1,17.7,1.8,5.2,176.0,,7.16,29.25,,Lone Star Disc,yes
134,Breaker,DGA,Midrange,18,3,3,0,3,Overstable,https://www.marshallstreetdiscgolf.com/?s=breaker&post_type=product,https://s3.amazonaws.com/media.marshallstreetdiscgolf.com/inbounds/1981034.webp,breaker,dga,midrange,overstable,#2876FF,#272727,,,,,,,,,,,,,,,unmatched,none,,,,,,,,,,,,,,,,,,
135,Breakout,Dynamic Discs,Fairway Driver,17,8,5,-1,1.5,Stable,https://www.marshallstreetdiscgolf.com/?s=breakout&post_type=product,https://s3.amazonaws.com/media.marshallstreetdiscgolf.com/inbounds/7321155.webp,breakout,dynamic-discs,control-driver,stable,#FFFFFF,#0082F4,174.3,21,1.6,1.1,17.2,1.9,5.2,32.75,8.62,,,,15-30,"Mar 27, 2015",A_name_brand,high,Breakout,Dynamic Discs,"Mar 27, 2015",15-30,,21.0,1.6,1.1,17.2,1.9,5.2,174.3,,8.62,32.75,,Dynamic Discs,no
136,Buffalo,Daredevil Discs,Fairway Driver,17,9,4,-1,5,Overstable,https://www.marshallstreetdiscgolf.com/product/buffalo,https://s3.amazonaws.com/media.marshallstreetdiscgolf.com/inbounds/8907140.webp,buffalo,daredevil-discs,control-driver,overstable,#FFFFFF,#515151,174.3,21,1.6,1.2,17,2,5.7,34,8.85,,,,14-84,"Oct 31, 2014",A_name_brand,high,Buffalo,Daredevil Discs,"Oct 31, 2014",14-84,,21.0,1.6,1.2,17.0,2.0,5.7,174.3,,8.85,34.00,,Daredevil Discs,no
137,Bull Snake,Lone Star Discs,Putter,19,3,2,0,4,Very Overstable,https://www.marshallstreetdiscgolf.com/?s=bull+snake&post_type=product,https://s3.amazonaws.com/media.marshallstreetdiscgolf.com/inbounds/0000223.webp,bull-snake,lone-star-discs,putter,very-overstable,#FFA5EA,#6B834B,,,,,,,,,,,,,,,B_name_unique,medium,Bull Snake,Lone Star Disc,"May 30, 2022",22-94,,21.1,2.0,1.3,18.5,1.3,6.2,175.1,,10.23,61.25,,Lone Star Disc,yes
138,Bullet,Mint Discs,Putter,19,2,4,0,1,Stable,https://www.marshallstreetdiscgolf.com/?s=bullet&post_type=product,https://s3.amazonaws.com/media.marshallstreetdiscgolf.com/inbounds/0000029.webp,bullet,mint-discs,putter,stable,#FFFFFF,#F4933E,176,21.2,1.8,1.5,18.9,1.1,7.1,58.75,9.32,,,,20-29,"Mar 26, 2020",A_name_brand,high,Bullet,Mint Discs,"Mar 26, 2020",20-29,,21.2,1.8,1.5,18.9,1.1,7.1,176.0,,9.32,58.75,,Mint Discs,no
139,Bullfrog,Innova,Putter,19,3,1,0,1,Stable,https://www.marshallstreetdiscgolf.com/product/xt-bullfrog,https://s3.amazonaws.com/media.marshallstreetdiscgolf.com/inbounds/1010991.webp,bullfrog,innova,putter,stable,#2A290E,#F3EB09,,,,,,,,,,,,,,,A_name_brand,high,Bullfrog,Innova Champion Discs,"Nov 4, 2018",18-74,,21.1,1.8,1.3,19.0,1.0,6.2,175.1,,8.16,67.75,,Innova Champion Discs,no
140,Butter,Clash Discs,Putter,19,2,3,0,1,Stable,https://www.marshallstreetdiscgolf.com/?s=butter&post_type=product,https://s3.amazonaws.com/media.marshallstreetdiscgolf.com/inbounds/0000213.webp,butter,clash-discs,putter,stable,#FF93E9,#2516FF,178.5,21.5,2.1,1.5,19.1,1.2,7,67.25,7.95,,,,22-60,"Apr 25, 2022",A_name_brand,high,Butter,Clash Discs,"Apr 25, 2022",22-60,,21.5,2.1,1.5,19.1,1.2,7.0,178.5,,7.95,67.25,,Clash Discs,no
141,Buzzz,Discraft,Midrange,18,5,4,-1,1,Stable,https://www.marshallstreetdiscgolf.com/?s=buzzz&post_type=product,https://s3.amazonaws.com/media.marshallstreetdiscgolf.com/inbounds/2380596.webp,buzzz,discraft,midrange,stable,#FF3737,#000000,180.1,21.7,1.9,1.3,19.3,1.2,6,44,6.24,,,,03-15,"Sep 30, 2003",A_name_brand,high,Buzzz,Discraft,"Sep 30, 2003",03-15,,21.7,1.9,1.3,19.3,1.2,6.0,180.1,,6.24,44.00,,Discraft,no
142,Buzzz GT,Discraft,Midrange,18,5,5,0,1,Stable,https://www.marshallstreetdiscgolf.com/?s=Buzzz+GT&post_type=product,https://s3.amazonaws.com/media.marshallstreetdiscgolf.com/inbounds/1831526.webp,buzzz-gt,discraft,midrange,stable,#FF3737,#000000,,,,,,,,,,,,,,,unmatched,none,,,,,,,,,,,,,,,,,,
143,Buzzz OS,Discraft,Midrange,18,5,4,0,3,Overstable,https://www.marshallstreetdiscgolf.com/?fade=3&fade_end=3&post_type=product&s=buzzz%20os&variation_toggle=1,https://s3.amazonaws.com/media.marshallstreetdiscgolf.com/inbounds/8292204.webp,buzzz-os,discraft,midrange,overstable,#FF3737,#000000,180.1,21.7,1.7,1.2,19.1,1.3,5.5,45.75,8.28,,,,14-58,"Jul 19, 2014",A_name_brand,high,Buzzz OS,Discraft,"Jul 19, 2014",14-58,,21.7,1.7,1.2,19.1,1.3,5.5,180.1,,8.28,45.75,,Discraft,no
144,Buzzz SS,Discraft,Midrange,18,5,4,-2,1,Understable,https://www.marshallstreetdiscgolf.com/?s=buzzz+ss&post_type=product,https://s3.amazonaws.com/media.marshallstreetdiscgolf.com/inbounds/8292205.webp,buzzz-ss,discraft,midrange,understable,#FF3737,#000000,,,,,,,,,,,,,,,unmatched,none,,,,,,,,,,,,,,,,,,
145,CD (OOP),Discmania,Control Driver,16,10,5,-1,2,Understable,https://www.marshallstreetdiscgolf.com/?s=cd&post_type=product,https://s3.amazonaws.com/media.marshallstreetdiscgolf.com/inbounds/2351310.webp,cd-oop,discmania,hybrid-driver,understable,#FFA813,#9A0C0C,,,,,,,,,,,,,,,A_name_brand,high,"CD (Craze, Control Driver)",Discmania,"Mar 8, 2007",07-14,,21.2,1.3,1.1,17.3,1.9,5.2,176.0,,10.43,28.50,,Discmania,no
146,CD1,Discmania,Fairway Driver,17,9,5,-1,2,Stable,https://www.marshallstreetdiscgolf.com/?s=CD1&post_type=product,https://s3.amazonaws.com/media.marshallstreetdiscgolf.com/inbounds/0000319.webp,cd1,discmania,control-driver,stable,#FFA813,#9A0C0C,176,21.2,1.7,1.1,17.3,1.9,5.2,31.25,8.52,,,,22-209,"Nov 28, 2022",A_name_brand,high,CD1,Discmania,"Nov 28, 2022",22-209,,21.2,1.7,1.1,17.3,1.9,5.2,176.0,,8.52,31.25,,Discmania,no
147,CD3 (OOP),Discmania,Control Driver,16,11,5,-1,2,Stable,https://www.marshallstreetdiscgolf.com/?s=cd3&post_type=product,https://s3.amazonaws.com/media.marshallstreetdiscgolf.com/inbounds/2531311.webp,cd3-oop,discmania,hybrid-driver,stable,#FFA813,#9A0C0C,,,,,,,,,,,,,,,A_name_brand,high,CD3 (Control Driver),Discmania,"Mar 8, 2017",17-25,,21.1,2.0,1.2,16.9,2.1,5.7,175.1,,11.24,31.00,,Discmania,no
148,CHING Juju,Stokely Discs,Putter,19,2,4,-1,0,Understable,https://www.marshallstreetdiscgolf.com/?s=juju&post_type=product,https://s3.amazonaws.com/media.marshallstreetdiscgolf.com/inbounds/4672719.webp,ching-juju,stokely-discs,putter,understable,#FBE311,#37B2DF,,,,,,,,,,,,,,,unmatched,none,,,,,,,,,,,,,,,,,,
149,Cactus,Lone Star Discs,Control Driver,16,10,5,-2,2,Understable,https://www.marshallstreetdiscgolf.com/?s=cactus&post_type=product,https://s3.amazonaws.com/media.marshallstreetdiscgolf.com/inbounds/0000476.webp,cactus,lone-star-discs,hybrid-driver,understable,#FFA5EA,#6B834B,,,,,,,,,,,,,,,B_name_unique,medium,Cactus,Lone Star Disc,"Jul 22, 2024",24-147,,21.2,1.6,1.1,17.0,2.1,5.2,176.0,,7.84,28.50,,Lone Star Disc,yes
150,Caiman,Innova,Midrange,18,5.5,2,0,4,Very Overstable,https://www.marshallstreetdiscgolf.com/?s=Caiman&post_type=product,https://s3.amazonaws.com/media.marshallstreetdiscgolf.com/inbounds/0000000.webp,caiman,innova,midrange,very-overstable,#2A290E,#F3EB09,,,,,,,,,,,,,,,A_name_brand,high,Caiman,Innova Champion Discs,"Feb 26, 2018",18-27,,21.1,1.7,1.4,18.3,1.4,6.6,175.1,,11.68,66.50,,Innova Champion Discs,no
151,Candy,Clash Discs,Putter,19,3,3,-1,1,Understable,https://www.marshallstreetdiscgolf.com/?s=Candy&post_type=product,https://s3.amazonaws.com/media.marshallstreetdiscgolf.com/inbounds/0000375.webp,candy,clash-discs,putter,understable,#FF93E9,#2516FF,176,21.2,2.3,1.5,18.8,1.2,7.1,65.25,8.3,,,,23-130,"May 1, 2023",A_name_brand,high,Candy,Clash Discs,"May 1, 2023",23-130,,21.2,2.3,1.5,18.8,1.2,7.1,176.0,,8.30,65.25,,Clash Discs,no
152,Cannon,Legacy,Distance Driver,15,14,5,-3,3,Understable,https://www.marshallstreetdiscgolf.com/?s=cannon&post_type=product,https://s3.amazonaws.com/media.marshallstreetdiscgolf.com/inbounds/1451930.webp,cannon,legacy,distance-driver,understable,#3831F0,#E43DD9,,,,,,,,,,,,,,,B_name_unique,medium,Cannon,Legacy Discs,"Oct 25, 2011",11-39,,21.1,1.8,1.2,16.1,2.5,5.7,175.1,,10.43,26.00,,Legacy Discs,yes
153,Canyon,Trash Panda,Approach Discs,20,4,3,0,2,Very Overstable,https://www.marshallstreetdiscgolf.com/?s=canyon&post_type=product,https://s3.amazonaws.com/media.marshallstreetdiscgolf.com/inbounds/0000499.webp,canyon,trash-panda,approach-discs,very-overstable,#FFFFFF,#000000,,,,,,,,,,,,,,,C_name_ambiguous,needs_review,,,,,,,,,,,,,,,,,,
154,Captain,Dynamic Discs,Distance Driver,15,13,5,-2,2,Stable,https://www.marshallstreetdiscgolf.com/?s=captain&post_type=product,https://s3.amazonaws.com/media.marshallstreetdiscgolf.com/inbounds/6929999.webp,captain,dynamic-discs,distance-driver,stable,#FFFFFF,#0082F4,175.1,21.1,1.6,1.1,16.6,2.3,5.2,30,11.23,,,,17-121,"Dec 4, 2017",A_name_brand,high,Captain,Dynamic Discs,"Dec 4, 2017",17-121,,21.1,1.6,1.1,16.6,2.3,5.2,175.1,,11.23,30.00,,Dynamic Discs,no
155,Captain's Raptor,Discraft,Fairway Driver,17,9,3,1,4,Very Overstable,https://www.marshallstreetdiscgolf.com/?s=Captain%27s+Raptor&post_type=product,https://s3.amazonaws.com/media.marshallstreetdiscgolf.com/inbounds/0000130.webp,captains-raptor,discraft,control-driver,very-overstable,#FF3737,#000000,,,,,,,,,,,,,,,A_name_brand,high,Captain's Raptor (modified overstable Raptor),Discraft,"Dec 20, 2021",21-153,,21.2,1.6,1.2,17.4,1.9,5.7,176.0,,11.48,30.25,,Discraft,no
156,Captain's Thrasher,Discraft,Distance Driver,15,12,5,0,2,Stable,https://www.marshallstreetdiscgolf.com/?s=captain%27s+thrasher&post_type=product,https://s3.amazonaws.com/media.marshallstreetdiscgolf.com/inbounds/0000455.webp,captains-thrasher,discraft,distance-driver,stable,#FF3737,#000000,,,,,,,,,,,,,,,A_name_brand,high,Captain's Thrasher (modified overstable Thrasher),Discraft,"Jul 1, 2024",24-135,,21.1,1.7,1.2,16.8,2.1,5.7,175.1,,8.52,26.50,,Discraft,no
157,Capybara,Elevation Disc Golf,Midrange,18,5,5,-2,1,Understable,https://www.marshallstreetdiscgolf.com/?s=capybara&post_type=product,https://s3.amazonaws.com/media.marshallstreetdiscgolf.com/inbounds/0000540.webp,capybara,elevation-disc-golf,midrange,understable,#FFFFFF,#6A431D,180.9,21.8,1.6,1.3,19.2,1.3,6,50.25,2.05,,,,25-82,"May 26, 2025",A_name_brand,high,Capybara,Elevation Disc Golf,"May 26, 2025",25-82,,21.8,1.6,1.3,19.2,1.3,6.0,180.9,,2.05,50.25,,Elevation Disc Golf,no
158,Cardinal,Stokely Discs,Midrange,18,5,4,0,2.5,Overstable,https://www.marshallstreetdiscgolf.com/?s=cardinal&post_type=product,https://s3.amazonaws.com/media.marshallstreetdiscgolf.com/inbounds/0000460.webp,cardinal,stokely-discs,midrange,overstable,#FBE311,#37B2DF,178.5,21.5,1.6,1.2,18.4,1.5,5.6,45.5,10,,,,24-30,"Feb 19, 2024",A_name_brand,high,Cardinal,Stokely Discs,"Feb 19, 2024",24-30,,21.5,1.6,1.2,18.4,1.5,5.6,178.5,,10.00,45.50,,Stokely Discs,no
159,Caribou,Daredevil Discs,Midrange,18,4,5,-3,1,Understable,https://www.marshallstreetdiscgolf.com/product/caribou,https://s3.amazonaws.com/media.marshallstreetdiscgolf.com/inbounds/6926629.webp,caribou,daredevil-discs,midrange,understable,#FFFFFF,#515151,180.9,21.8,2.1,1.3,19.3,1.3,6,40.75,7.14,,,,07-33,"Jun 12, 2007",A_name_brand,high,Caribou,Daredevil Discs,"Jun 12, 2007",07-33,,21.8,2.1,1.3,19.3,1.3,6.0,180.9,,7.14,40.75,,Daredevil Discs,no
160,Cataclysm,Doomsday Discs,Distance Driver,15,11,5,-1,2,Stable,https://www.marshallstreetdiscgolf.com/?s=cataclysm&post_type=product,https://s3.amazonaws.com/media.marshallstreetdiscgolf.com/inbounds/0000536.webp,cataclysm,doomsday-discs,distance-driver,stable,#B6FF8B,#144E48,178.5,21.5,1.5,1.1,17.3,2.1,5.1,29.25,11.25,,,,22-144,"Aug 29, 2022",A_name_brand,high,Cataclysm,Doomsday Discs,"Aug 29, 2022",22-144,,21.5,1.5,1.1,17.3,2.1,5.1,178.5,,11.25,29.25,,Doomsday Discs,no
161,Catalyst,MVP,Distance Driver,15,13,5.5,-2,2,Understable,https://www.marshallstreetdiscgolf.com/?s=catalyst&post_type=product,https://s3.amazonaws.com/media.marshallstreetdiscgolf.com/inbounds/6926628.webp,catalyst,mvp,distance-driver,understable,#000000,#9BF2FF,,,,,,,,,,,,,,,A_name_brand,high,Catalyst,MVP Disc Sports,"Jun 6, 2016",16-55,,21.1,1.9,1.2,16.3,2.4,5.7,175.1,,11.11,30.00,,MVP Disc Sports,no
162,Catapult,Westside Discs,Distance Driver,15,14,5,-0.5,3,Overstable,https://www.marshallstreetdiscgolf.com/?s=catapult&post_type=product,https://s3.amazonaws.com/media.marshallstreetdiscgolf.com/inbounds/6926630.webp,catapult,westside-discs,distance-driver,overstable,#FFFFFF,#014E13,,,,,,,,,,,,,,,B_name_unique,medium,Catapult (Katapultt1),Westside Golf Discs,"Feb 25, 2016",16-17,,21.1,1.6,1.1,16.6,2.3,5.2,175.1,,10.87,27.00,,Westside Golf Discs,yes
163,Cedar,Above Ground Level,Control Driver,16,11,5,0,3,Overstable,https://www.marshallstreetdiscgolf.com/?s=Cedar&post_type=product,https://s3.amazonaws.com/media.marshallstreetdiscgolf.com/inbounds/0000119.webp,cedar,above-ground-level,hybrid-driver,overstable,#CFFF30,#000000,178.5,21.5,1.7,1.1,17.1,2.2,5.1,27.25,11.48,,,,20-19,"Mar 5, 2020",A_name_brand,high,Cedar,Above Ground Level,"Mar 5, 2020",20-19,,21.5,1.7,1.1,17.1,2.2,5.1,178.5,,11.48,27.25,,Above Ground Level,no
164,Centurion,Infinite Discs,Fairway Driver,17,7,5,-1,1.5,Stable,https://www.marshallstreetdiscgolf.com/product/i-blend-centurion-2,https://s3.amazonaws.com/media.marshallstreetdiscgolf.com/inbounds/0000060.webp,centurion,infinite-discs,control-driver,stable,#FFFFFF,#62054C,175.1,21.1,1.8,1.2,17.8,1.7,5.7,37,8.75,,,,19-53,"Jul 10, 2019",A_name_brand,high,Centurion,Infinite Discs,"Jul 10, 2019",19-53,,21.1,1.8,1.2,17.8,1.7,5.7,175.1,,8.75,37.00,,Infinite Discs,no
165,Challenger,Discraft,Putter,19,2,3,0,2,Overstable,https://www.marshallstreetdiscgolf.com/?s=challenger&post_type=product,https://s3.amazonaws.com/media.marshallstreetdiscgolf.com/inbounds/9906131.webp,challenger,discraft,putter,overstable,#FF3737,#000000,174.3,21,2.2,1.6,19,1,7.6,61.5,8.39,,,,03-04,"Jan 26, 2003",A_name_brand,high,Challenger,Discraft,"Jan 26, 2003",03-04,,21.0,2.2,1.6,19.0,1.0,7.6,174.3,,8.39,61.50,,Discraft,no
166,Challenger OS,Discraft,Putter,19,2,3,0,3,Overstable,https://www.marshallstreetdiscgolf.com/?s=challenger+os&post_type=product,https://s3.amazonaws.com/media.marshallstreetdiscgolf.com/inbounds/9906141.webp,challenger-os,discraft,putter,overstable,#FF3737,#000000,175.1,21.1,2,1.5,18.9,1,7.1,61,8.05,,,,17-107,"Sep 26, 2017",A_name_brand,high,Challenger OS,Discraft,"Sep 26, 2017",17-107,,21.1,2.0,1.5,18.9,1.0,7.1,175.1,,8.05,61.00,,Discraft,no
167,Challenger SS,Discraft,Putter,19,2,3,-1,2,Stable,https://www.marshallstreetdiscgolf.com/?s=challenger+ss&post_type=product,https://s3.amazonaws.com/media.marshallstreetdiscgolf.com/inbounds/9906151.webp,challenger-ss,discraft,putter,stable,#FF3737,#000000,175.1,21.1,2,1.4,19.1,1,6.6,61,8.62,,,,17-93,"Aug 19, 2017",A_name_brand,high,Challenger SS,Discraft,"Aug 19, 2017",17-93,,21.1,2.0,1.4,19.1,1.0,6.6,175.1,,8.62,61.00,,Discraft,no
168,Champ,Climo Disc Golf,Putter,19,2,3,0,0,Stable,https://www.marshallstreetdiscgolf.com/?cat_ids%5B%5D=129055&post_type=product&s=champ&variation_toggle=1,https://s3.amazonaws.com/media.marshallstreetdiscgolf.com/inbounds/0000493.webp,champ,climo-disc-golf,putter,stable,#FFFFFF,#071139,174.3,21,2,1.5,18.8,1.1,7.1,62.75,11.59,,,,25-9,"Jan 20, 2025",A_name_brand,high,Champ,Climo Disc Golf,"Jan 20, 2025",25-9,,21.0,2.0,1.5,18.8,1.1,7.1,174.3,,11.59,62.75,,Climo Disc Golf,no
169,Charger,Innova,Distance Driver,15,13,5,-1,2,Stable,https://www.marshallstreetdiscgolf.com/?s=Charger&post_type=product,https://s3.amazonaws.com/media.marshallstreetdiscgolf.com/inbounds/0000299.webp,charger,innova,distance-driver,stable,#2A290E,#F3EB09,,,,,,,,,,,,,,,A_name_brand,high,Charger,Innova Champion Discs,"Sep 5, 2022",22-148,,21.1,1.6,1.2,16.4,2.3,5.7,175.1,,8.98,28.50,,Innova Champion Discs,no
170,Chariot,Infinite Discs,Midrange,18,5,5,0,1,Stable,https://www.marshallstreetdiscgolf.com/?s=Chariot&post_type=product,https://s3.amazonaws.com/media.marshallstreetdiscgolf.com/inbounds/9906199.webp,chariot,infinite-discs,midrange,stable,#FFFFFF,#62054C,180.9,21.8,1.7,1.4,19,1.4,6.4,51.5,9.07,,,,18-32,"Feb 26, 2018",A_name_brand,high,Chariot,Infinite Discs,"Feb 26, 2018",18-32,,21.8,1.7,1.4,19.0,1.4,6.4,180.9,,9.07,51.50,,Infinite Discs,no
171,Cheetah,Innova,Fairway Driver,17,6,4,-2,2,Understable,https://www.marshallstreetdiscgolf.com/?s=Cheetah&post_type=product,https://s3.amazonaws.com/media.marshallstreetdiscgolf.com/inbounds/3757296.webp,cheetah,innova,control-driver,understable,#2A290E,#F3EB09,,,,,,,,,,,,,,,A_name_brand,high,Cheetah,Innova Champion Discs,"Oct 10, 1995",95-04,,21.1,1.9,1.2,17.9,1.6,5.7,175.1,,10.54,28.25,,Innova Champion Discs,no
172,Chemtrail,Doomsday Discs,Fairway Driver,17,7,6,-2,1,Understable,https://www.marshallstreetdiscgolf.com/?s=chemtrail&post_type=product,https://s3.amazonaws.com/media.marshallstreetdiscgolf.com/inbounds/0000509.webp,chemtrail,doomsday-discs,control-driver,understable,#B6FF8B,#144E48,176,21.2,1.7,1.1,17.8,1.7,5.2,33,8.52,,,,24-168,"Aug 12, 2024",A_name_brand,high,Chemtrail,Doomsday Discs,"Aug 12, 2024",24-168,,21.2,1.7,1.1,17.8,1.7,5.2,176.0,,8.52,33.00,,Doomsday Discs,no
173,Cherry,Clash Discs,Midrange,18,5,5,-2,1,Understable,https://www.marshallstreetdiscgolf.com/?s=cherry&post_type=product,https://s3.amazonaws.com/media.marshallstreetdiscgolf.com/inbounds/0000463.webp,cherry,clash-discs,midrange,understable,#FF93E9,#2516FF,177.6,21.4,1.7,1.4,18.5,1.4,6.5,51,7.84,,,,23-131,"May 1, 2023",A_name_brand,high,Cherry,Clash Discs,"May 1, 2023",23-131,,21.4,1.7,1.4,18.5,1.4,6.5,177.6,,7.84,51.00,,Clash Discs,no
174,Chicane,Finish Line,Approach Discs,20,4,3,0,3,Very Overstable,https://www.marshallstreetdiscgolf.com/?s=chicane&post_type=product,https://s3.amazonaws.com/media.marshallstreetdiscgolf.com/inbounds/0000485.webp,chicane,finish-line,approach-discs,very-overstable,#1914FF,#FFA5F4,,,,,,,,,,,,,,,B_name_unique,medium,Chicane,Finish Line Discs,"Aug 19, 2024",24-166,,21.4,1.6,1.4,19.1,1.2,6.5,177.6,,10.57,58.25,,Finish Line Discs,yes
175,Chief,Gateway,Putter,19,3,3,0,1,Stable,https://www.marshallstreetdiscgolf.com/?s=chief&post_type=product,https://s3.amazonaws.com/media.marshallstreetdiscgolf.com/inbounds/3757297.webp,chief,gateway,putter,stable,#FFFFFF,#A66A17,,,,,,,,,,,,,,,A_name_brand,high,Chief (retooled),Gateway Disc Sports,"May 19, 2014",14-50,,21.1,1.7,1.3,19.2,1.0,6.2,174.3,,3.63,60.50,,Gateway Disc Sports,no
176,Chief OS,Gateway,Putter,19,3,3,0,2,Overstable,https://www.marshallstreetdiscgolf.com/?s=chief+os&post_type=product,https://s3.amazonaws.com/media.marshallstreetdiscgolf.com/inbounds/3757295.webp,chief-os,gateway,putter,overstable,#FFFFFF,#A66A17,,,,,,,,,,,,,,,A_name_brand,high,Chief OS,Gateway Disc Sports,"Feb 6, 2015",15-13,,21.2,2.1,1.3,19.2,1.0,6.1,176.0,,6.19,55.75,,Gateway Disc Sports,no
177,Chupacabra,Lone Star Discs,Fairway Driver,17,9,3,0,4,Very Overstable,https://www.marshallstreetdiscgolf.com/?s=Chupacabra&post_type=product,https://s3.amazonaws.com/media.marshallstreetdiscgolf.com/inbounds/0000221.webp,chupacabra,lone-star-discs,control-driver,very-overstable,#FFA5EA,#6B834B,,,,,,,,,,,,,,,B_name_unique,medium,Chupacabra,Lone Star Disc,"Jun 13, 2022",22-103,,21.2,1.6,1.2,17.2,2.0,5.7,176.0,,7.16,30.50,,Lone Star Disc,yes
178,Cicada,Discraft,Fairway Driver,17,7,6,-1,1,Understable,https://www.marshallstreetdiscgolf.com/?s=Cicada&post_type=product,https://s3.amazonaws.com/media.marshallstreetdiscgolf.com/inbounds/0000379.webp,cicada,discraft,control-driver,understable,#FF3737,#000000,177.6,21.4,1.6,1.2,18,1.7,5.6,35.25,9.32,,,,23-215,"Aug 28, 2023",A_name_brand,high,Cicada,Discraft,"Aug 28, 2023",23-215,,21.4,1.6,1.2,18.0,1.7,5.6,177.6,,9.32,35.25,,Discraft,no
179,Cigarra,Discraft,Fairway Driver,17,7,6,-1,2,Stable,https://www.marshallstreetdiscgolf.com/?s=cigarra&post_type=product,https://s3.amazonaws.com/media.marshallstreetdiscgolf.com/inbounds/0000500.webp,cigarra,discraft,control-driver,stable,#FF3737,#000000,,,,,,,,,,,,,,,A_name_brand,high,Cigarra (modified overstable Cicada),Discraft,"Jan 27, 2025",25-18,,21.3,1.6,1.1,17.9,1.7,5.2,176.8,,11.14,34.75,,Discraft,no
180,Cinnamon,Clash Discs,Fairway Driver,17,9,5,-1.5,2,Stable,https://www.marshallstreetdiscgolf.com/?s=Cinnamon&post_type=product,https://s3.amazonaws.com/media.marshallstreetdiscgolf.com/inbounds/0000352.webp,cinnamon,clash-discs,control-driver,stable,#FF93E9,#2516FF,175.1,21.1,1.6,1.2,17.1,2,5.7,30.5,11.25,,,,23-132,"May 1, 2023",A_name_brand,high,Cinnamon,Clash Discs,"May 1, 2023",23-132,,21.1,1.6,1.2,17.1,2.0,5.7,175.1,,11.25,30.50,,Clash Discs,no
181,Classic Roc,Innova,Putter,19,3,3,0,2,Overstable,https://www.marshallstreetdiscgolf.com/?s=Classic+Roc&post_type=product,https://s3.amazonaws.com/media.marshallstreetdiscgolf.com/inbounds/6881008.webp,classic-roc,innova,putter,overstable,#2A290E,#F3EB09,,,,,,,,,,,,,,,A_name_brand,high,Classic Roc,Innova Champion Discs,"Jan 1, 1994",94-11,,21.2,2.0,1.2,19.4,0.9,5.7,176.0,,8.96,42.75,,Innova Champion Discs,no
182,Claws,Yikun,Putter,19,1,3,0,1,Stable,https://www.marshallstreetdiscgolf.com/?s=claws&post_type=product,https://s3.amazonaws.com/media.marshallstreetdiscgolf.com/inbounds/0110827.webp,claws,yikun,putter,stable,#006A6E,#FF6F8C,,,,,,,,,,,,,,,B_name_unique,medium,Claws (爪),Yikun Discs,"Mar 9, 2014",14-17,,21.2,2.0,1.7,19.4,0.9,8.0,176.0,,7.14,85.00,,Yikun Discs,yes
183,Claymore,Latitude 64,Midrange,18,5,5,-1,1,Understable,https://www.marshallstreetdiscgolf.com/?s=claymore&post_type=product,https://s3.amazonaws.com/media.marshallstreetdiscgolf.com/inbounds/0110828.webp,claymore,latitude-64,midrange,understable,#FFFFFF,#F40909,180.1,21.7,1.9,1.2,18.9,1.4,5.5,42.5,8.39,,,,14-35,"Apr 13, 2014",A_name_brand,high,Claymore,Latitude 64,"Apr 13, 2014",14-35,,21.7,1.9,1.2,18.9,1.4,5.5,180.1,,8.39,42.50,,Latitude 64,no
184,Cliff,Climo Disc Golf,Putter,19,2,3,0,1,Understable,,,cliff,climo-disc-golf,putter,understable,#FFFFFF,#071139,,,,,,,,,,,,,,,A_name_brand,high,Cliff  (CDG-0326-P),Climo Disc Golf,"Mar 16, 2026",26-49,,21.0,2.1,1.4,18.8,1.1,6.7,174.3,,11.70,60.50,,Climo Disc Golf,no
185,Cloudbreaker,Discmania,Distance Driver,15,12,5,-1,3,Overstable,https://www.marshallstreetdiscgolf.com/?s=cloud+breaker&post_type=product,https://s3.amazonaws.com/media.marshallstreetdiscgolf.com/inbounds/0000242.webp,cloudbreaker,discmania,distance-driver,overstable,#FFA813,#9A0C0C,175.1,21.1,1.8,1.2,16.5,2.3,5.7,27.25,11.93,,,,22-97,"Jun 6, 2022",A_name_brand,high,Cloudbreaker,Discmania,"Jun 6, 2022",22-97,,21.1,1.8,1.2,16.5,2.3,5.7,175.1,,11.93,27.25,,Discmania,no
186,Clozer,Legacy,Putter,19,2,3,0,2,Overstable,https://www.marshallstreetdiscgolf.com/?s=clozer&post_type=product,https://s3.amazonaws.com/media.marshallstreetdiscgolf.com/inbounds/6675281.webp,clozer,legacy,putter,overstable,#3831F0,#E43DD9,,,,,,,,,,,,,,,B_name_unique,medium,Clozer,Legacy Discs,"Feb 14, 2012",12-10,,21.2,2.1,1.4,19.4,0.9,6.6,176.0,,8.73,58.25,,Legacy Discs,yes
187,Clutch,Legacy,Putter,19,2,3,0,1,Stable,https://www.marshallstreetdiscgolf.com/?s=clutch&post_type=product,https://s3.amazonaws.com/media.marshallstreetdiscgolf.com/inbounds/6675281.webp,clutch,legacy,putter,stable,#3831F0,#E43DD9,,,,,,,,,,,,,,,B_name_unique,medium,Clutch,Legacy Discs,"Jan 2, 2012",12-01,,21.2,2.0,1.4,19.4,0.9,6.6,176.0,,6.92,49.50,,Legacy Discs,yes
188,Coalesce,Thought Space Athletics,Fairway Driver,17,9,5,0,3,Overstable,https://www.marshallstreetdiscgolf.com/?s=coalesce&post_type=product,https://s3.amazonaws.com/media.marshallstreetdiscgolf.com/inbounds/0000192.webp,coalesce,thought-space-athletics,control-driver,overstable,#000000,#FF770E,176,21.2,1.9,1.2,17.4,1.9,5.7,32.5,10.23,,,,22-31,"Mar 7, 2022",A_name_brand,high,Coalesce,Thought Space Athletics,"Mar 7, 2022",22-31,,21.2,1.9,1.2,17.4,1.9,5.7,176.0,,10.23,32.50,,Thought Space Athletics,no
189,Cobra,Innova,Midrange,18,4,5,-2,2,Very Understable,https://www.marshallstreetdiscgolf.com/?s=cobra&post_type=product,https://s3.amazonaws.com/media.marshallstreetdiscgolf.com/inbounds/6673130.webp,cobra,innova,midrange,very-understable,#2A290E,#F3EB09,,,,,,,,,,,,,,,A_name_brand,high,Cobra,Innova Champion Discs,"Jan 1, 1988",88-02,,21.7,2.0,1.1,19.3,1.2,5.1,180.1,,9.10,35.25,,Innova Champion Discs,no
190,Cohort,Infinite Discs,Putter,19,3.5,4,0,1,Understable,https://www.marshallstreetdiscgolf.com/?s=cohort&post_type=product,https://s3.amazonaws.com/media.marshallstreetdiscgolf.com/inbounds/0000053.webp,cohort,infinite-discs,putter,understable,#FFFFFF,#62054C,175.1,21.1,1.8,1.3,19.1,1,6.2,58.5,6.25,,,,19-54,"Jul 10, 2019",A_name_brand,high,Cohort,Infinite Discs,"Jul 10, 2019",19-54,,21.1,1.8,1.3,19.1,1.0,6.2,175.1,,6.25,58.50,,Infinite Discs,no
191,Colossus,Innova,Distance Driver,15,14,5,-1,3,Overstable,https://www.marshallstreetdiscgolf.com/?s=colossus&post_type=product,https://s3.amazonaws.com/media.marshallstreetdiscgolf.com/inbounds/9711067.webp,colossus,innova,distance-driver,overstable,#2A290E,#F3EB09,,,,,,,,,,,,,,,A_name_brand,high,Colossus,Innova Champion Discs,"Dec 9, 2015",15-80,,21.1,1.7,1.1,16.1,2.5,5.2,175.1,,7.82,29.75,,Innova Champion Discs,no
192,Colt,Innova,Putter,19,3,4,-1,1,Understable,https://www.marshallstreetdiscgolf.com/?cat_ids%5B%5D=15&post_type=product&s=colt&variation_toggle=1,https://s3.amazonaws.com/media.marshallstreetdiscgolf.com/inbounds/9711068.webp,colt,innova,putter,understable,#2A290E,#F3EB09,,,,,,,,,,,,,,,A_name_brand,high,Colt,Innova Champion Discs,"May 28, 2015",15-52,,21.2,1.8,1.3,19.0,1.1,6.1,176.0,,7.48,59.75,,Innova Champion Discs,no
193,Comet,Discraft,Midrange,18,4,5,-2,1,Understable,https://www.marshallstreetdiscgolf.com/?s=comet&post_type=product,https://s3.amazonaws.com/media.marshallstreetdiscgolf.com/inbounds/9711069.webp,comet,discraft,midrange,understable,#FF3737,#000000,180.9,21.8,2.1,1.3,19.4,1.2,6,35.25,10.43,,,,95-05,"Oct 31, 1995",A_name_brand,high,Comet,Discraft,"Oct 31, 1995",95-05,,21.8,2.1,1.3,19.4,1.2,6.0,180.9,,10.43,35.25,,Discraft,no
194,Compass,Latitude 64,Midrange,18,5,5,0,1,Stable,https://www.marshallstreetdiscgolf.com/?s=compass&post_type=product,https://s3.amazonaws.com/media.marshallstreetdiscgolf.com/inbounds/1687772.webp,compass,latitude-64,midrange,stable,#FFFFFF,#F40909,179.3,21.6,2.3,1.3,19,1.3,6,42.75,10.77,,,,15-83,"Dec 9, 2015",A_name_brand,high,Compass,Latitude 64,"Dec 9, 2015",15-83,,21.6,2.3,1.3,19.0,1.3,6.0,179.3,,10.77,42.75,,Latitude 64,no
195,Condor,Innova,Midrange,18,3,4,0,2,Stable,https://s3.amazonaws.com/media.marshallstreetdiscgolf.com/inbounds/1687772.webp,https://www.marshallstreetdiscgolf.com/?s=condor&post_type=product,condor,innova,midrange,stable,#2A290E,#F3EB09,,,,,,,,,,,,,,,A_name_brand,high,Condor,Innova Champion Discs,"May 13, 1991",91-04,,24.1,2.2,1.6,21.5,1.3,6.6,200.0,,12.25,49.25,,Innova Champion Discs,no
196,Conqueror,Infinite Discs,Distance Driver,15,12,4,0,4,Very Overstable,https://www.marshallstreetdiscgolf.com/?s=Conqueror&post_type=product,https://s3.amazonaws.com/media.marshallstreetdiscgolf.com/inbounds/0000383.webp,conqueror,infinite-discs,distance-driver,very-overstable,#FFFFFF,#62054C,175.1,21.1,1.6,1.1,16.4,2.3,5.2,29.75,11.14,,,,23-211,"Aug 21, 2023",A_name_brand,high,Conqueror,Infinite Discs,"Aug 21, 2023",23-211,,21.1,1.6,1.1,16.4,2.3,5.2,175.1,,11.14,29.75,,Infinite Discs,no
197,Construct,Thought Space Athletics,Control Driver,16,10,6,-1,2,Stable,https://www.marshallstreetdiscgolf.com/?s=construct&post_type=product,https://s3.amazonaws.com/media.marshallstreetdiscgolf.com/inbounds/0000258.webp,construct,thought-space-athletics,hybrid-driver,stable,#000000,#FF770E,176.8,21.3,1.6,1.2,17.2,2,5.6,26.5,11.14,,,,22-84,"May 16, 2022",A_name_brand,high,Construct,Thought Space Athletics,"May 16, 2022",22-84,,21.3,1.6,1.2,17.2,2.0,5.6,176.8,,11.14,26.50,,Thought Space Athletics,no
198,Convict,Dynamic Discs,Fairway Driver,17,9,4,-0.5,3,Overstable,https://www.marshallstreetdiscgolf.com/?s=convict&post_type=product,https://s3.amazonaws.com/media.marshallstreetdiscgolf.com/inbounds/1687774.webp,convict,dynamic-discs,control-driver,overstable,#FFFFFF,#0082F4,176,21.2,1.4,1.1,17.2,2,5.2,34.75,8.85,,,,15-31,"Mar 27, 2015",A_name_brand,high,Convict,Dynamic Discs,"Mar 27, 2015",15-31,,21.2,1.4,1.1,17.2,2.0,5.2,176.0,,8.85,34.75,,Dynamic Discs,no
199,Cookie,Clash Discs,Fairway Driver,17,7,5,0,2,Stable,https://www.marshallstreetdiscgolf.com/?s=Cookie&post_type=product,https://s3.amazonaws.com/media.marshallstreetdiscgolf.com/inbounds/0000273.webp,cookie,clash-discs,control-driver,stable,#FF93E9,#2516FF,177.6,21.4,1.7,1.2,17.8,1.8,5.6,35.5,8.52,,,,22-116,"Jul 1, 2022",A_name_brand,high,Cookie (Tone variant),Clash Discs,"Jun 13, 2024",24-128,,21.4,1.8,1.2,17.8,1.8,5.6,177.6,,9.66,35.50,,Clash Discs,no
200,Copperhead,Lone Star Discs,Putter,19,3,4,0,2,Overstable,https://www.marshallstreetdiscgolf.com/?s=Copperhead&post_type=product,https://s3.amazonaws.com/media.marshallstreetdiscgolf.com/inbounds/0000295.webp,copperhead,lone-star-discs,putter,overstable,#FFA5EA,#6B834B,,,,,,,,,,,,,,,B_name_unique,medium,Copperhead,Lone Star Disc,"Sep 5, 2022",22-151,,21.6,1.8,1.3,19.6,1.0,6.0,179.3,,5.23,55.50,,Lone Star Disc,yes
201,Core,Latitude 64,Midrange,18,6,5,-0.5,1,Stable,https://www.marshallstreetdiscgolf.com/?cat_ids%5B%5D=982&post_type=product&s=core&variation_toggle=1,https://s3.amazonaws.com/media.marshallstreetdiscgolf.com/inbounds/5887721.webp,core,latitude-64,midrange,stable,#FFFFFF,#F40909,180.1,21.7,2,1.2,18.9,1.4,5.5,48,8.5,,,,08-16,"Mar 18, 2008",A_name_brand,high,Core,Latitude 64,"Mar 18, 2008",08-16,,21.7,2.0,1.2,18.9,1.4,5.5,180.1,,8.50,48.00,,Latitude 64,no
202,Corvette,Innova,Distance Driver,15,14,6,-1,2,Stable,https://www.marshallstreetdiscgolf.com/?s=Corvette&post_type=product,https://s3.amazonaws.com/media.marshallstreetdiscgolf.com/inbounds/8258831.webp,corvette,innova,distance-driver,stable,#2A290E,#F3EB09,,,,,,,,,,,,,,,A_name_brand,high,Corvette,Innova Champion Discs,"Dec 16, 2018",18-83,,21.1,1.8,1.2,16.3,2.3,5.7,175.1,,11.68,26.75,,Innova Champion Discs,no
203,Cosmos,Viking,Fairway Driver,17,7,5,-2,1,Understable,https://www.marshallstreetdiscgolf.com/?s=cosmos&post_type=product,https://s3.amazonaws.com/media.marshallstreetdiscgolf.com/inbounds/3639673.webp,cosmos,viking,control-driver,understable,#000000,#04F40C,,,,,,,,,,,,,,,B_name_unique,medium,Cosmos,Viking Discs (IP-Agency Finland Oy),"Dec 29, 2016",16-87,,21.0,1.6,1.1,17.4,1.8,5.2,174.3,,9.41,28.50,,Viking Discs (IP-Agency Finland Oy),yes
204,Coyote,Innova,Midrange,18,4,5,0,1,Stable,https://www.marshallstreetdiscgolf.com/product/x-out-star-coyote,https://s3.amazonaws.com/media.marshallstreetdiscgolf.com/inbounds/5369288.webp,coyote,innova,midrange,stable,#2A290E,#F3EB09,,,,,,,,,,,,,,,A_name_brand,high,Coyote,Innova Champion Discs,"Jun 7, 2005",05-09,,21.7,1.9,1.3,19.4,1.2,6.0,180.1,,5.56,47.25,,Innova Champion Discs,no
205,Crag,Vibram,Midrange,18,4,3,0,3.5,Very Overstable,https://www.marshallstreetdiscgolf.com/product/firm-x-link-crag,https://s3.amazonaws.com/media.marshallstreetdiscgolf.com/inbounds/3383102.webp,crag,vibram,midrange,very-overstable,#FFDC2D,#9A7D2C,,,,,,,,,,,,,,,B_name_unique,medium,Crag,Vibram Disc Golf,"Apr 21, 2017",17-59,,21.4,2.0,1.4,18.6,1.4,6.5,177.6,,4.65,31.75,,Vibram Disc Golf,yes
206,Crank,Discraft,Distance Driver,15,13,5,-2,2,Understable,https://www.marshallstreetdiscgolf.com/?s=crank&post_type=product,https://s3.amazonaws.com/media.marshallstreetdiscgolf.com/inbounds/3183102.webp,crank,discraft,distance-driver,understable,#FF3737,#000000,175.1,21.1,1.6,1.1,16.3,2.4,5.2,30,10.09,,,,13-49,"Jul 8, 2013",A_name_brand,high,Crank,Discraft,"Jul 8, 2013",13-49,,21.1,1.6,1.1,16.3,2.4,5.2,175.1,,10.09,30.00,,Discraft,no
207,Crank SS,Discraft,Distance Driver,15,13,5,-3,2,Very Understable,https://www.marshallstreetdiscgolf.com/?s=crank+ss&post_type=product,https://s3.amazonaws.com/media.marshallstreetdiscgolf.com/inbounds/3183101.webp,crank-ss,discraft,distance-driver,very-understable,#FF3737,#000000,175.1,21.1,1.5,1.1,16.3,2.4,5.2,27.25,9.98,,,,15-67,"Sep 17, 2015",A_name_brand,high,Crank SS,Discraft,"Sep 17, 2015",15-67,,21.1,1.5,1.1,16.3,2.4,5.2,175.1,,9.98,27.25,,Discraft,no
208,Crave,Axiom Discs,Fairway Driver,17,6.5,5,-1,1,Understable,https://www.marshallstreetdiscgolf.com/?s=crave&post_type=product,https://s3.amazonaws.com/media.marshallstreetdiscgolf.com/inbounds/3183103.webp,crave,axiom-discs,control-driver,understable,#000000,#FF9595,175.1,21.1,1.4,1.2,17.4,1.8,5.7,27.75,9.98,,,,14-16,"Mar 9, 2014",A_name_brand,high,Crave,Axiom Discs,"Mar 9, 2014",14-16,,21.1,1.4,1.2,17.4,1.8,5.7,175.1,,9.98,27.75,,Axiom Discs,no
209,Credo,Crosslap,Putter,19,3,2,0,3,Overstable,https://www.marshallstreetdiscgolf.com/product/advanced-credo-3,https://s3.amazonaws.com/media.marshallstreetdiscgolf.com/inbounds/4761531.webp,credo,crosslap,putter,overstable,#FF190C,#88BE47,,,,,,,,,,,,,,,B_name_unique,medium,Credo,Crosslap Disc Golf Parks,"Jun 26, 2011",11-30,,21.7,2.0,1.6,19.3,1.2,7.4,180.1,,7.26,49.75,,Crosslap Disc Golf Parks,yes
210,Criminal,Dynamic Discs,Control Driver,16,10,3,1,4,Very Overstable,https://www.marshallstreetdiscgolf.com/?s=criminal&post_type=product,https://s3.amazonaws.com/media.marshallstreetdiscgolf.com/inbounds/0529009.webp,criminal,dynamic-discs,hybrid-driver,very-overstable,#FFFFFF,#0082F4,176,21.2,1.5,1.2,16.9,2.1,5.7,29,12.25,,,,17-05,"Jan 17, 2017",A_name_brand,high,Criminal,Dynamic Discs,"Jan 17, 2017",17-05,,21.2,1.5,1.2,16.9,2.1,5.7,176.0,,12.25,29.00,,Dynamic Discs,no
211,Crisis,Doomsday Discs,Approach Discs,20,4,2,0,4,Very Overstable,https://www.marshallstreetdiscgolf.com/?s=crisis&post_type=product,https://s3.amazonaws.com/media.marshallstreetdiscgolf.com/inbounds/0000515.webp,crisis,doomsday-discs,approach-discs,very-overstable,#B6FF8B,#144E48,180.1,21.7,1.7,1.2,19.1,1.3,5.5,47,6.48,,,,23-223,"Sep 18, 2023",A_name_brand,high,Crisis,Doomsday Discs,"Sep 18, 2023",23-223,,21.7,1.7,1.2,19.1,1.3,5.5,180.1,,6.48,47.00,,Doomsday Discs,no
212,Cro,Innova,Midrange,18,5,3,0,2,Stable,https://www.marshallstreetdiscgolf.com/?s=Cro&post_type=product,https://s3.amazonaws.com/media.marshallstreetdiscgolf.com/inbounds/3593265.webp,cro,innova,midrange,stable,#2A290E,#F3EB09,,,,,,,,,,,,,,,A_name_brand,high,CRO,Innova Champion Discs,"Jun 21, 2006",07-34,,21.2,2.0,1.4,18.5,1.3,6.6,176.0,,6.24,48.50,,Innova Champion Discs,no
213,Croc,Innova,Midrange,18,5.5,2,0,5,Very Overstable,https://www.marshallstreetdiscgolf.com/?s=Croc&post_type=product,https://s3.amazonaws.com/media.marshallstreetdiscgolf.com/inbounds/0000263.webp,croc,innova,midrange,very-overstable,#2A290E,#F3EB09,,,,,,,,,,,,,,,A_name_brand,high,Croc,Innova Champion Discs,"Sep 5, 2019",19-60,,21.1,2.0,1.4,18.3,1.4,6.6,175.1,,12.16,56.25,,Innova Champion Discs,no
214,Crockett,Lone Star Discs,Distance Driver,15,13,5,-1,3,Overstable,https://www.marshallstreetdiscgolf.com/?s=Crockett&post_type=product,https://s3.amazonaws.com/media.marshallstreetdiscgolf.com/inbounds/0000366.webp,crockett,lone-star-discs,distance-driver,overstable,#FFA5EA,#6B834B,,,,,,,,,,,,,,,B_name_unique,medium,Crockett,Lone Star Disc,"Apr 3, 2023",23-109,,21.3,1.7,1.2,16.9,2.2,5.6,176.8,,7.39,28.00,,Lone Star Disc,yes
215,Crossbow,Yikun,Midrange,18,4,1.5,0.5,4,Very Overstable,https://www.marshallstreetdiscgolf.com/?s=Crossbow&post_type=product,https://s3.amazonaws.com/media.marshallstreetdiscgolf.com/inbounds/5376611.webp,crossbow,yikun,midrange,very-overstable,#006A6E,#FF6F8C,,,,,,,,,,,,,,,C_name_ambiguous,needs_review,,,,,,,,,,,,,,,,,,
216,Crown,Westside Discs,Putter,19,3,4,0,1,Overstable,https://www.marshallstreetdiscgolf.com/?s=crown&post_type=product,https://s3.amazonaws.com/media.marshallstreetdiscgolf.com/inbounds/3454803.webp,crown,westside-discs,putter,overstable,#FFFFFF,#014E13,,,,,,,,,,,,,,,B_name_unique,medium,Crown (Kruunu1),Westside Golf Discs,"Feb 22, 2017",17-18,,21.2,2.0,1.4,19.2,1.0,6.6,176.0,,12.02,54.00,,Westside Golf Discs,yes
217,Crush,Discraft,Distance Driver,15,11,5,0,4,Overstable,https://www.marshallstreetdiscgolf.com/?s=crush&post_type=product,https://s3.amazonaws.com/media.marshallstreetdiscgolf.com/inbounds/0002762.webp,crush,discraft,distance-driver,overstable,#FF3737,#000000,175.1,21.1,1.7,1.2,17,2.1,5.7,29,9.3,,,,03-13,"Sep 7, 2003",A_name_brand,high,Crush,Discraft,"Sep 7, 2003",03-13,,21.1,1.7,1.2,17.0,2.1,5.7,175.1,,9.30,29.00,,Discraft,no
218,Crux,Thought Space Athletics,Midrange,18,5,4,0,2,Overstable,https://www.marshallstreetdiscgolf.com/?s=crux&post_type=product,https://s3.amazonaws.com/media.marshallstreetdiscgolf.com/inbounds/0000472.webp,crux,thought-space-athletics,midrange,overstable,#000000,#FF770E,177.6,21.4,2,1.4,18.5,1.4,6.5,47.25,8.52,,,,23-129,"May 1, 2023",A_name_brand,high,Crux,Thought Space Athletics,"May 1, 2023",23-129,,21.4,2.0,1.4,18.5,1.4,6.5,177.6,,8.52,47.25,,Thought Space Athletics,no
219,Culprit,Dynamic Discs,Approach Discs,20,4,2,0,3.5,Very Overstable,https://www.marshallstreetdiscgolf.com/?s=culprit&post_type=product,https://s3.amazonaws.com/media.marshallstreetdiscgolf.com/inbounds/0000219.webp,culprit,dynamic-discs,approach-discs,very-overstable,#FFFFFF,#0082F4,176.8,21.3,1.6,1.3,18.9,1.2,6.1,46.25,12.05,,,,22-53,"Apr 11, 2022",A_name_brand,high,Culprit,Dynamic Discs,"Apr 11, 2022",22-53,,21.3,1.6,1.3,18.9,1.2,6.1,176.8,,12.05,46.25,,Dynamic Discs,no
220,Culverin,Latitude 64,Fairway Driver,17,9,5,-0.5,3,Overstable,https://www.marshallstreetdiscgolf.com/?s=culverin&post_type=product,https://s3.amazonaws.com/media.marshallstreetdiscgolf.com/inbounds/4415040.webp,culverin,latitude-64,control-driver,overstable,#FFFFFF,#F40909,176,21.2,2,1.1,17,2,5.2,31.25,11.91,,,,16-04,"Jan 15, 2016",A_name_brand,high,Culverin,Latitude 64,"Jan 15, 2016",16-04,,21.2,2.0,1.1,17.0,2.0,5.2,176.0,,11.91,31.25,,Latitude 64,no
221,Curl,Lone Star Discs,Control Driver,16,11,5,-1,2,Stable,https://www.marshallstreetdiscgolf.com/product/lsd-bravo-curl,https://s3.amazonaws.com/media.marshallstreetdiscgolf.com/inbounds/0000114.webp,curl,lone-star-discs,hybrid-driver,stable,#FFA5EA,#6B834B,,,,,,,,,,,,,,,B_name_unique,medium,Curl,Lone Star Disc,"May 17, 2021",21-58,,21.2,1.8,1.1,16.8,2.2,5.2,176.0,,7.27,26.75,,Lone Star Disc,yes
222,Cutlass,Latitude 64,Distance Driver,15,13,5,0,3.5,Overstable,https://www.marshallstreetdiscgolf.com/?s=cutlass&post_type=product,https://s3.amazonaws.com/media.marshallstreetdiscgolf.com/inbounds/4415041.webp,cutlass,latitude-64,distance-driver,overstable,#FFFFFF,#F40909,175.1,21.1,1.7,1.2,16.6,2.2,5.7,28.75,10.43,,,,15-82,"Dec 9, 2015",A_name_brand,high,Cutlass,Latitude 64,"Dec 9, 2015",15-82,,21.1,1.7,1.2,16.6,2.2,5.7,175.1,,10.43,28.75,,Latitude 64,no
223,Cyber Putter,Doomsday Discs,Putter,19,3,3,0,2,Overstable,,,cyber-putter,doomsday-discs,putter,overstable,#B6FF8B,#144E48,174.3,21,2.1,1.6,19,1,7.6,69,5.11,,,,24-158,"Aug 5, 2024",A_name_brand,high,Cyber Putter,Doomsday Discs,"Aug 5, 2024",24-158,,21.0,2.1,1.6,19.0,1.0,7.6,174.3,,5.11,69.00,,Doomsday Discs,no
224,Cyclone,Discraft,Fairway Driver,17,7,4,-1,2,Stable,https://www.marshallstreetdiscgolf.com/?s=cyclone&post_type=product,https://s3.amazonaws.com/media.marshallstreetdiscgolf.com/inbounds/4415042.webp,cyclone,discraft,control-driver,stable,#FF3737,#000000,176.8,21.3,1.8,1.2,18.1,1.6,5.6,26,12.25,,,,93-05,"Jul 14, 1993",A_name_brand,high,Cyclone,Discraft,"Jul 14, 1993",93-05,,21.3,1.8,1.2,18.1,1.6,5.6,176.8,,12.25,26.00,,Discraft,no
225,Cypress,Other,Distance Driver,15,12,5,-2,2,Understable,https://www.marshallstreetdiscgolf.com/product/cypress,https://s3.amazonaws.com/media.marshallstreetdiscgolf.com/inbounds/0529011.webp,cypress,other,distance-driver,understable,#000000,#E5FFAA,,,,,,,,,,,,,,,B_name_unique,medium,Cypress,Above Ground Level,"Apr 3, 2017",17-37,,21.2,1.5,1.1,16.7,2.2,5.2,176.0,,7.03,26.75,,Above Ground Level,yes
226,Czar,Infinite Discs,Control Driver,16,11,5,-1,3,Overstable,https://www.marshallstreetdiscgolf.com/?s=Czar&post_type=product,https://s3.amazonaws.com/media.marshallstreetdiscgolf.com/inbounds/0000279.webp,czar,infinite-discs,hybrid-driver,overstable,#FFFFFF,#62054C,175.1,21.1,1.7,1.2,16.7,2.2,5.7,33.25,9.77,,,,22-174,"Oct 10, 2022",A_name_brand,high,Czar,Infinite Discs,"Oct 10, 2022",22-174,,21.1,1.7,1.2,16.7,2.2,5.7,175.1,,9.77,33.25,,Infinite Discs,no
227,D Model OS,Prodigy,Distance Driver,15,13,5,0,4,Very Overstable,https://www.marshallstreetdiscgolf.com/?s=d+model+os&post_type=product,https://s3.amazonaws.com/media.marshallstreetdiscgolf.com/inbounds/0000016.webp,d-model-os,prodigy,distance-driver,very-overstable,#000000,#10A259,,,,,,,,,,,,,,,A_name_brand,high,D Model OS,Prodigy Disc,"Mar 5, 2020",20-26,,21.0,1.5,1.1,16.7,2.2,5.2,174.3,,11.59,26.00,,Prodigy Disc,no
228,D Model S,Prodigy,Distance Driver,15,13,6,0,2,Overstable,https://www.marshallstreetdiscgolf.com/product/ace-line-base-grip-d-model-s,https://s3.amazonaws.com/media.marshallstreetdiscgolf.com/inbounds/0000018.webp,d-model-s,prodigy,distance-driver,overstable,#000000,#10A259,,,,,,,,,,,,,,,unmatched,none,,,,,,,,,,,,,,,,,,
229,D Model US,Prodigy,Distance Driver,15,13,6,-3,1,Understable,https://www.marshallstreetdiscgolf.com/?s=d+model+us&post_type=product,https://s3.amazonaws.com/media.marshallstreetdiscgolf.com/inbounds/0000019.webp,d-model-us,prodigy,distance-driver,understable,#000000,#10A259,,,,,,,,,,,,,,,A_name_brand,high,D Model US,Prodigy Disc,"Mar 5, 2020",20-27,,21.0,1.6,1.1,16.7,2.2,5.2,174.3,,11.36,28.25,,Prodigy Disc,no
230,D1,Prodigy,Distance Driver,15,12,5,0,4,Very Overstable,https://www.marshallstreetdiscgolf.com/?s=%22D1%22&post_type=product,https://s3.amazonaws.com/media.marshallstreetdiscgolf.com/inbounds/0000396.webp,d1,prodigy,distance-driver,very-overstable,#000000,#10A259,,,,,,,,,,,,,,,A_name_brand,high,D1 (New),Prodigy Disc,"Nov 9, 2021",21-116,,21.1,1.7,1.2,16.5,2.3,5.7,175.1,,11.02,26.00,,Prodigy Disc,no
231,D1 Max,Prodigy,Distance Driver,15,13,5,-1,3,Overstable,https://www.marshallstreetdiscgolf.com/?s=D1+Max&post_type=product,https://s3.amazonaws.com/media.marshallstreetdiscgolf.com/inbounds/1010229.webp,d1-max,prodigy,distance-driver,overstable,#000000,#10A259,,,,,,,,,,,,,,,A_name_brand,high,D1 Max,Prodigy Disc,"Jan 31, 2019",19-04,,21.0,1.6,1.2,16.3,2.3,5.7,174.3,,11.23,26.75,,Prodigy Disc,no
232,D2,Prodigy,Distance Driver,15,12,5,0,3,Overstable,https://www.marshallstreetdiscgolf.com/?s=%22D2%22&post_type=product,https://s3.amazonaws.com/media.marshallstreetdiscgolf.com/inbounds/0000397.webp,d2,prodigy,distance-driver,overstable,#000000,#10A259,,,,,,,,,,,,,,,A_name_brand,high,D2 (New),Prodigy Disc,"Sep 27, 2021",21-102,,21.1,1.6,1.2,16.5,2.3,5.7,175.1,,10.23,30.25,,Prodigy Disc,no
233,D2 Max,Prodigy,Distance Driver,15,13,5,-1,2,Overstable,https://www.marshallstreetdiscgolf.com/?s=%22D2+Max%22&post_type=product,https://s3.amazonaws.com/media.marshallstreetdiscgolf.com/inbounds/1010301.webp,d2-max,prodigy,distance-driver,overstable,#000000,#10A259,,,,,,,,,,,,,,,A_name_brand,high,D2 Max,Prodigy Disc,"Jan 31, 2019",19-05,,21.1,1.9,1.2,16.3,2.4,5.7,175.1,,10.32,30.50,,Prodigy Disc,no
234,D2 Pro,Prodigy,Distance Driver,15,13,5,-1,3,Overstable,https://www.marshallstreetdiscgolf.com/?s=d2+pro&post_type=product,https://s3.amazonaws.com/media.marshallstreetdiscgolf.com/inbounds/0000395.webp,d2-pro,prodigy,distance-driver,overstable,#000000,#10A259,,,,,,,,,,,,,,,A_name_brand,high,D2 Pro,Prodigy Disc,"Nov 22, 2021",21-131,,21.0,1.5,1.1,16.3,2.4,5.2,174.3,,11.59,30.00,,Prodigy Disc,no
235,D2 Signature (Falcor),Prodigy,Distance Driver,15,13,6,-1,2.5,Overstable,https://www.marshallstreetdiscgolf.com/?s=falcor&post_type=product,https://s3.amazonaws.com/media.marshallstreetdiscgolf.com/inbounds/0000142.webp,d2-signature-falcor,prodigy,distance-driver,overstable,#000000,#10A259,,,,,,,,,,,,,,,A_name_brand,high,D2 Signature (Falcor),Prodigy Disc,"Sep 27, 2021",21-103,,21.1,1.7,1.2,16.5,2.3,5.7,175.1,,10.11,28.75,,Prodigy Disc,no
236,D3,Prodigy,Distance Driver,15,12,5,-1,3,Overstable,https://www.marshallstreetdiscgolf.com/?cat_ids%5B%5D=6&post_type=product&s=d3&variation_toggle=1,https://s3.amazonaws.com/media.marshallstreetdiscgolf.com/inbounds/4031647.webp,d3,prodigy,distance-driver,overstable,#000000,#10A259,,,,,,,,,,,,,,,A_name_brand,high,D3 (New),Prodigy Disc,"Sep 27, 2021",21-104,,21.1,1.7,1.2,16.5,2.3,5.7,175.1,,10.80,29.50,,Prodigy Disc,no
237,D3 Max,Prodigy,Distance Driver,15,13,5,-2,2,Stable,https://www.marshallstreetdiscgolf.com/?s=%22D3+Max%22&post_type=product,https://s3.amazonaws.com/media.marshallstreetdiscgolf.com/inbounds/1010320.webp,d3-max,prodigy,distance-driver,stable,#000000,#10A259,,,,,,,,,,,,,,,A_name_brand,high,D3 Max,Prodigy Disc,"Jan 31, 2019",19-06,,21.1,1.8,1.2,16.3,2.4,5.7,175.1,,11.12,30.25,,Prodigy Disc,no
238,D4,Prodigy,Distance Driver,15,12,5,-2,2,Stable,https://www.marshallstreetdiscgolf.com/?cat_ids%5B%5D=6&post_type=product&s=d4&variation_toggle=1,https://s3.amazonaws.com/media.marshallstreetdiscgolf.com/inbounds/2613404.webp,d4,prodigy,distance-driver,stable,#000000,#10A259,,,,,,,,,,,,,,,A_name_brand,high,D4,Prodigy Disc,"Jan 1, 2013",13-04,,21.0,1.9,1.2,16.3,2.3,5.7,174.3,,12.13,30.00,,Prodigy Disc,no
239,D4 Max,Prodigy,Distance Driver,15,13,5,-3,2,Understable,https://www.marshallstreetdiscgolf.com/?s=d4+max&post_type=product,https://s3.amazonaws.com/media.marshallstreetdiscgolf.com/inbounds/1010226.webp,d4-max,prodigy,distance-driver,understable,#000000,#10A259,,,,,,,,,,,,,,,A_name_brand,high,D4 Max,Prodigy Disc,"Jan 31, 2019",19-07,,21.0,1.9,1.2,16.3,2.4,5.7,174.3,,10.32,30.25,,Prodigy Disc,no
240,D6,Prodigy,Distance Driver,15,12,6,-3,2,Understable,https://www.marshallstreetdiscgolf.com/?s=%22D6%22&post_type=product,https://s3.amazonaws.com/media.marshallstreetdiscgolf.com/inbounds/2613406.webp,d6,prodigy,distance-driver,understable,#000000,#10A259,,,,,,,,,,,,,,,A_name_brand,high,D6,Prodigy Disc,"May 13, 2016",16-46,,21.0,1.6,1.2,16.2,2.4,5.7,174.3,,9.41,26.75,,Prodigy Disc,no
241,DD,Discmania,Control Driver,16,11,6,-3,2,Understable,https://www.marshallstreetdiscgolf.com/?s=%22DD%22&post_type=product,https://s3.amazonaws.com/media.marshallstreetdiscgolf.com/inbounds/0000374.webp,dd,discmania,hybrid-driver,understable,#FFA813,#9A0C0C,,,,,,,,,,,,,,,A_name_brand,high,DD (new),Discmania,"Jun 5, 2023",23-158,,21.2,1.7,1.1,16.8,2.2,5.2,176.0,,8.98,30.00,,Discmania,no
242,DD-13 Starling,Disctroyer,Distance Driver,15,13,5,-2,2,Understable,https://www.marshallstreetdiscgolf.com/?s=starling&post_type=product,https://s3.amazonaws.com/media.marshallstreetdiscgolf.com/inbounds/0000174.webp,dd-13-starling,disctroyer,distance-driver,understable,#4D144D,#A45656,,,,,,,,,,,,,,,unmatched,none,,,,,,,,,,,,,,,,,,
243,DD1,Discmania,Control Driver,16,11,5,-1,2,Overstable,https://www.marshallstreetdiscgolf.com/?s=DD1&post_type=product,https://s3.amazonaws.com/media.marshallstreetdiscgolf.com/inbounds/0000287.webp,dd1,discmania,hybrid-driver,overstable,#FFA813,#9A0C0C,176,21.2,1.5,1.1,16.8,2.2,5.2,30.75,8.3,,,,22-210,"Nov 28, 2022",A_name_brand,high,DD1,Discmania,"Nov 28, 2022",22-210,,21.2,1.5,1.1,16.8,2.2,5.2,176.0,,8.30,30.75,,Discmania,no
244,DD2,Discmania,Distance Driver,15,12,5,-1,2,Stable,https://www.marshallstreetdiscgolf.com/?s=dd2&post_type=product,https://s3.amazonaws.com/media.marshallstreetdiscgolf.com/inbounds/1010103.webp,dd2,discmania,distance-driver,stable,#FFA813,#9A0C0C,,,,,,,,,,,,,,,A_name_brand,high,DD2 (new),Discmania,"Jun 23, 2020",20-53,,21.0,1.8,1.1,16.4,2.3,5.2,174.3,,10.68,31.75,,Discmania,no
245,DD2 (OOP),Discmania,Distance Driver,15,13,5,-2,2,Stable,https://www.marshallstreetdiscgolf.com/?s=dd2&post_type=product,https://s3.amazonaws.com/media.marshallstreetdiscgolf.com/inbounds/6795646.webp,dd2-oop,discmania,distance-driver,stable,#FFA813,#9A0C0C,,,,,,,,,,,,,,,A_name_brand,high,DD2 (new),Discmania,"Jun 23, 2020",20-53,,21.0,1.8,1.1,16.4,2.3,5.2,174.3,,10.68,31.75,,Discmania,no
246,DD3,Discmania,Distance Driver,15,12,5,-1,3,Overstable,https://www.marshallstreetdiscgolf.com/?s=DD3&post_type=product,https://s3.amazonaws.com/media.marshallstreetdiscgolf.com/inbounds/0000308.webp,dd3,discmania,distance-driver,overstable,#FFA813,#9A0C0C,,,,,,,,,,,,,,,A_name_brand,high,DD3 (new),Discmania,"Jul 6, 2021",21-77,,21.1,1.9,1.1,16.5,2.3,5.2,175.1,,10.91,29.50,,Discmania,no
247,DDx (OOP),Discmania,Distance Driver,15,12,6,-1,2,Stable,https://www.marshallstreetdiscgolf.com/?s=ddx&post_type=product,https://s3.amazonaws.com/media.marshallstreetdiscgolf.com/inbounds/6795647.webp,ddx-oop,discmania,distance-driver,stable,#FFA813,#9A0C0C,,,,,,,,,,,,,,,A_name_brand,high,DDx (Distance Driver),Discmania,"Feb 25, 2016",16-21,,21.1,1.7,1.1,16.5,2.3,5.2,175.1,,11.34,28.75,,Discmania,no
248,Da'E,Yikun,Distance Driver,15,13,5,0,3,Overstable,https://www.marshallstreetdiscgolf.com/?s=da&post_type=product,https://s3.amazonaws.com/media.marshallstreetdiscgolf.com/inbounds/1331827.webp,dae,yikun,distance-driver,overstable,#006A6E,#FF6F8C,,,,,,,,,,,,,,,unmatched,none,,,,,,,,,,,,,,,,,,
249,Daedalus,Innova,Distance Driver,15,13,6,-3,2,Very Understable,https://www.marshallstreetdiscgolf.com/?s=daedalus&post_type=product,https://s3.amazonaws.com/media.marshallstreetdiscgolf.com/inbounds/1331828.webp,daedalus,innova,distance-driver,very-understable,#2A290E,#F3EB09,,,,,,,,,,,,,,,A_name_brand,high,Daedalus,Innova Champion Discs,"Feb 17, 2014",14-09,,21.1,1.5,1.2,16.4,2.3,5.7,175.1,,8.05,26.25,,Innova Champion Discs,no
250,Dagger,Latitude 64,Putter,19,2,5,0,1,Overstable,https://www.marshallstreetdiscgolf.com/?s=dagger&post_type=product,https://s3.amazonaws.com/media.marshallstreetdiscgolf.com/inbounds/4639881.webp,dagger,latitude-64,putter,overstable,#FFFFFF,#F40909,175.1,21.1,2.1,1.5,19.1,1,7.1,75.25,4.65,,,,14-36,"Apr 13, 2014",A_name_brand,high,Dagger,Latitude 64,"Apr 13, 2014",14-36,,21.1,2.1,1.5,19.1,1.0,7.1,175.1,,4.65,75.25,,Latitude 64,no
251,Dart,Innova,Putter,19,3,4,0,0,Understable,https://www.marshallstreetdiscgolf.com/?s=Dart&post_type=product,https://s3.amazonaws.com/media.marshallstreetdiscgolf.com/inbounds/4639880.webp,dart,innova,putter,understable,#2A290E,#F3EB09,,,,,,,,,,,,,,,A_name_brand,high,Dart,Innova Champion Discs,"Feb 18, 2009",09-05,,21.2,2.2,1.4,18.8,1.2,6.6,176.0,,5.10,38.00,,Innova Champion Discs,no
252,Daytona,Finish Line,Distance Driver,15,12,4,0,3,Very Overstable,https://www.marshallstreetdiscgolf.com/?s=daytona&post_type=product,https://s3.amazonaws.com/media.marshallstreetdiscgolf.com/inbounds/0000393.webp,daytona,finish-line,distance-driver,very-overstable,#1914FF,#FFA5F4,,,,,,,,,,,,,,,B_name_unique,medium,Daytona,Finish Line Discs,"Aug 21, 2023",23-209,,21.1,1.7,1.1,16.6,2.2,5.2,175.1,,10.34,30.50,,Finish Line Discs,yes
253,Defender,Dynamic Discs,Distance Driver,15,13,5,0,3,Overstable,https://www.marshallstreetdiscgolf.com/?s=defender&post_type=product,https://s3.amazonaws.com/media.marshallstreetdiscgolf.com/inbounds/7525647.webp,defender,dynamic-discs,distance-driver,overstable,#FFFFFF,#0082F4,174.3,21,1.6,1.1,16.4,2.3,5.2,30.75,11.11,,,,16-22,"Mar 2, 2016",A_name_brand,high,Defender,Dynamic Discs,"Mar 2, 2016",16-22,,21.0,1.6,1.1,16.4,2.3,5.2,174.3,,11.11,30.75,,Dynamic Discs,no
254,Deflector,MVP,Midrange,18,5,3.5,0,4,Very Overstable,https://www.marshallstreetdiscgolf.com/?s=deflector&post_type=product,https://s3.amazonaws.com/media.marshallstreetdiscgolf.com/inbounds/7595648.webp,deflector,mvp,midrange,very-overstable,#000000,#9BF2FF,,,,,,,,,,,,,,,A_name_brand,high,Deflector,MVP Disc Sports,"Feb 26, 2018",18-28,,21.5,2.0,1.3,18.3,1.6,6.0,178.5,,10.77,40.00,,MVP Disc Sports,no
255,Defy,Axiom Discs,Distance Driver,15,11,5,-1,3,Overstable,https://www.marshallstreetdiscgolf.com/?s=defy&post_type=product,https://s3.amazonaws.com/media.marshallstreetdiscgolf.com/inbounds/0001001.webp,defy,axiom-discs,distance-driver,overstable,#000000,#FF9595,175.1,21.1,1.5,1.1,16.7,2.2,5.2,26,9.3,,,,16-36,"Apr 21, 2016",A_name_brand,high,Defy,Axiom Discs,"Apr 21, 2016",16-36,,21.1,1.5,1.1,16.7,2.2,5.2,175.1,,9.30,26.00,,Axiom Discs,no
256,Delirium,Axiom Discs,Distance Driver,15,14.5,5,-0.5,3,Overstable,https://www.marshallstreetdiscgolf.com/?s=delirium&post_type=product,https://s3.amazonaws.com/media.marshallstreetdiscgolf.com/inbounds/1010106.webp,delirium,axiom-discs,distance-driver,overstable,#000000,#FF9595,175.1,21.1,1.8,1.2,16,2.5,5.7,27,11.14,,,,19-47,"May 23, 2019",A_name_brand,high,Delirium,Axiom Discs,"May 23, 2019",19-47,,21.1,1.8,1.2,16.0,2.5,5.7,175.1,,11.14,27.00,,Axiom Discs,no
257,Demon,Gateway,Midrange,18,6,3,0,4,Very Overstable,https://www.marshallstreetdiscgolf.com/?s=demon&post_type=product,https://s3.amazonaws.com/media.marshallstreetdiscgolf.com/inbounds/1243771.webp,demon,gateway,midrange,very-overstable,#FFFFFF,#A66A17,,,,,,,,,,,,,,,A_name_brand,high,Demon,Gateway Disc Sports,"Sep 5, 2000",00-11,,21.1,1.9,1.2,17.7,1.7,5.7,175.1,,11.11,30.25,,Gateway Disc Sports,no
258,Depth Charge,Doomsday Discs,Putter,19,2,2,0,1,Overstable,,,depth-charge,doomsday-discs,putter,overstable,#B6FF8B,#144E48,180.9,21.8,1.9,1.4,20,0.9,6.4,104,5.34,,,,23-118,"Apr 17, 2023",A_name_brand,high,Depth Charge,Doomsday Discs,"Apr 17, 2023",23-118,,21.8,1.9,1.4,20.0,0.9,6.4,180.9,,5.34,104.00,,Doomsday Discs,no
259,Deputy,Dynamic Discs,Putter,19,3,4,-1.5,0,Understable,https://www.marshallstreetdiscgolf.com/?s=deputy&post_type=product,https://s3.amazonaws.com/media.marshallstreetdiscgolf.com/inbounds/0529005.webp,deputy,dynamic-discs,putter,understable,#FFFFFF,#0082F4,176,21.2,2,1.5,19.1,1.1,7.1,61,6.92,,,,17-15,"Feb 22, 2017",A_name_brand,high,Deputy,Dynamic Discs,"Feb 22, 2017",17-15,,21.2,2.0,1.5,19.1,1.1,7.1,176.0,,6.92,61.00,,Dynamic Discs,no
260,Desolation,Doomsday Discs,Midrange,18,5,5,0,2,Overstable,https://www.marshallstreetdiscgolf.com/?s=desolation&post_type=product,https://s3.amazonaws.com/media.marshallstreetdiscgolf.com/inbounds/0000514.webp,desolation,doomsday-discs,midrange,overstable,#B6FF8B,#144E48,176,21.2,2.1,1.6,18.1,1.5,7.5,33.5,7.73,,,,23-115,"Apr 17, 2023",A_name_brand,high,Desolation,Doomsday Discs,"Apr 17, 2023",23-115,,21.2,2.1,1.6,18.1,1.5,7.5,176.0,,7.73,33.50,,Doomsday Discs,no
261,Despair,Doomsday Discs,Midrange,18,5,4,-1,1,Stable,https://www.marshallstreetdiscgolf.com/?s=Despair&post_type=product,https://s3.amazonaws.com/media.marshallstreetdiscgolf.com/inbounds/0000512.webp,despair,doomsday-discs,midrange,stable,#B6FF8B,#144E48,177.6,21.4,2.1,1.4,18.8,1.3,6.5,46.25,7.84,,,,22-86,"May 16, 2022",A_name_brand,high,Despair,Doomsday Discs,"May 16, 2022",22-86,,21.4,2.1,1.4,18.8,1.3,6.5,177.6,,7.84,46.25,,Doomsday Discs,no
262,Desperado,Lone Star Discs,Fairway Driver,17,9,5,-2,1,Understable,https://www.marshallstreetdiscgolf.com/?s=desperado&post_type=product,https://s3.amazonaws.com/media.marshallstreetdiscgolf.com/inbounds/0000478.webp,desperado,lone-star-discs,control-driver,understable,#FFA5EA,#6B834B,,,,,,,,,,,,,,,B_name_unique,medium,Desperado,Lone Star Disc,"Aug 26, 2024",24-173,,21.1,1.8,1.2,17.3,1.9,5.7,175.1,,8.41,28.50,,Lone Star Disc,yes
263,Destiny,Westside Discs,Distance Driver,15,14,6,-2,3,Understable,https://www.marshallstreetdiscgolf.com/?s=destiny&post_type=product,https://s3.amazonaws.com/media.marshallstreetdiscgolf.com/inbounds/2079718.webp,destiny,westside-discs,distance-driver,understable,#FFFFFF,#014E13,,,,,,,,,,,,,,,B_name_unique,medium,Destiny (Kohtalo1),Westside Golf Discs,"Feb 25, 2016",16-18,,21.2,1.6,1.1,16.6,2.3,5.2,176.0,,10.66,28.50,,Westside Golf Discs,yes
264,Destroyer,Innova,Distance Driver,15,12,5,-1,3,Overstable,https://www.marshallstreetdiscgolf.com/?s=destroyer&post_type=product,https://s3.amazonaws.com/media.marshallstreetdiscgolf.com/inbounds/2079719.webp,destroyer,innova,distance-driver,overstable,#2A290E,#F3EB09,,,,,,,,,,,,,,,A_name_brand,high,Destroyer,Innova Champion Discs,"Jun 26, 2007",07-38,,21.1,1.4,1.2,16.7,2.2,5.7,175.1,,10.66,30.50,,Innova Champion Discs,no
265,Detour,MVP,Midrange,18,5,5,-2,1,Understable,https://www.marshallstreetdiscgolf.com/?s=detour&post_type=product,https://s3.amazonaws.com/media.marshallstreetdiscgolf.com/inbounds/0000439.webp,detour,mvp,midrange,understable,#000000,#9BF2FF,,,,,,,,,,,,,,,A_name_brand,high,Detour,MVP Disc Sports,"Sep 5, 2023",23-219,,21.6,1.6,1.3,18.7,1.4,6.0,179.3,,5.45,47.25,,MVP Disc Sports,no
266,Devil Hawk,Gateway,Putter,19,3,3,0,4,Very Overstable,https://www.marshallstreetdiscgolf.com/?s=Devil+Hawk&post_type=product,https://s3.amazonaws.com/media.marshallstreetdiscgolf.com/inbounds/2079720.webp,devil-hawk,gateway,putter,very-overstable,#FFFFFF,#A66A17,,,,,,,,,,,,,,,unmatched,none,,,,,,,,,,,,,,,,,,
267,Diablo,Gateway,Fairway Driver,17,9,5,0,2,Overstable,https://www.marshallstreetdiscgolf.com/?s=diablo&post_type=product,https://s3.amazonaws.com/media.marshallstreetdiscgolf.com/inbounds/1842938.webp,diablo,gateway,control-driver,overstable,#FFFFFF,#A66A17,,,,,,,,,,,,,,,A_name_brand,high,Diablo,Gateway Disc Sports,"Apr 21, 2017",17-57,,21.2,1.7,1.2,17.1,2.0,5.7,176.0,,9.30,32.50,,Gateway Disc Sports,no
268,Diamond,Latitude 64,Fairway Driver,17,8,6,-3,1,Very Understable,https://www.marshallstreetdiscgolf.com/?s=diamond&post_type=product,https://s3.amazonaws.com/media.marshallstreetdiscgolf.com/inbounds/7940274.webp,diamond,latitude-64,control-driver,very-understable,#FFFFFF,#F40909,175.1,21.1,1.4,1.1,17.4,1.8,5.2,30,6.92,,,,11-14,"Mar 21, 2011",A_name_brand,high,Diamond,Latitude 64,"Mar 21, 2011",11-14,,21.1,1.4,1.1,17.4,1.8,5.2,175.1,,6.92,30.00,,Latitude 64,no
269,Diamondback,Mint Discs,Fairway Driver,17,9,5,-2,2,Stable,https://www.marshallstreetdiscgolf.com/?s=Diamondback&post_type=product,https://s3.amazonaws.com/media.marshallstreetdiscgolf.com/inbounds/0000268.webp,diamondback,mint-discs,control-driver,stable,#FFFFFF,#F4933E,176.8,21.3,1.6,1.1,17.1,2.1,5.2,31.25,12.16,,,,22-62,"Apr 25, 2022",A_name_brand,high,Diamondback,Mint Discs,"Apr 25, 2022",22-62,,21.3,1.6,1.1,17.1,2.1,5.2,176.8,,12.16,31.25,,Mint Discs,no
270,Dimension,MVP,Distance Driver,15,14.5,5,0,3,Overstable,https://www.marshallstreetdiscgolf.com/?s=dimension&post_type=product,https://s3.amazonaws.com/media.marshallstreetdiscgolf.com/inbounds/7940277.webp,dimension,mvp,distance-driver,overstable,#000000,#9BF2FF,,,,,,,,,,,,,,,A_name_brand,high,Dimension,MVP Disc Sports,"Apr 13, 2017",17-50,,21.0,1.8,1.2,16.0,2.5,5.7,174.3,,11.68,27.75,,MVP Disc Sports,no
271,Diplodocus,Dino Discs,Midrange,18,5,5,0,-2,Overstable,,,diplodocus,dino-discs,midrange,overstable,#740A0A,#FF6FCF,,,,,,,,,,,,,,,unmatched,none,,,,,,,,,,,,,,,,,,
272,Distortion,Prodigy,Approach Discs,20,4,3,0,3,Very Overstable,https://www.marshallstreetdiscgolf.com/?s=Distortion&post_type=product,https://s3.amazonaws.com/media.marshallstreetdiscgolf.com/inbounds/0000187.webp,distortion,prodigy,approach-discs,very-overstable,#000000,#10A259,,,,,,,,,,,,,,,unmatched,none,,,,,,,,,,,,,,,,,,
273,Dominator (OOP),Innova,Distance Driver,15,13,5,-1,2,Stable,https://www.marshallstreetdiscgolf.com/?s=dominator&post_type=product,https://s3.amazonaws.com/media.marshallstreetdiscgolf.com/inbounds/7599234.webp,dominator-oop,innova,distance-driver,stable,#2A290E,#F3EB09,,,,,,,,,,,,,,,A_name_brand,high,Dominator,Innova Champion Discs,"Jan 22, 2012",12-06,,21.1,1.4,1.1,16.2,2.4,5.2,175.1,,11.45,27.75,,Innova Champion Discs,no
274,Dos X,Lone Star Discs,Fairway Driver,17,8,4,-1,2,Stable,https://www.marshallstreetdiscgolf.com/?s=Dos+X&post_type=product,https://s3.amazonaws.com/media.marshallstreetdiscgolf.com/inbounds/0000185.webp,dos-x,lone-star-discs,control-driver,stable,#FFA5EA,#6B834B,,,,,,,,,,,,,,,B_name_unique,medium,Dos X,Lone Star Disc,"Mar 21, 2022",22-42,,21.3,1.9,1.2,17.3,2.0,5.6,176.8,,11.36,32.25,,Lone Star Disc,yes
275,Douglas Fir,Above Ground Level,Putter,19,4,3,-2,1,Understable,https://www.marshallstreetdiscgolf.com/?s=douglas+fir&post_type=product,https://s3.amazonaws.com/media.marshallstreetdiscgolf.com/inbounds/0000196.webp,douglas-fir,above-ground-level,putter,understable,#CFFF30,#000000,176,21.2,1.8,1.3,19.2,1,6.1,65,6.93,,,,22-71,"May 2, 2022",A_name_brand,high,Douglas Fir,Above Ground Level,"May 2, 2022",22-71,,21.2,1.8,1.3,19.2,1.0,6.1,176.0,,6.93,65.00,,Above Ground Level,no
276,Draco,Millennium,Fairway Driver,17,9,3,0,4,Very Overstable,https://www.marshallstreetdiscgolf.com/?s=Draco&post_type=product,https://s3.amazonaws.com/media.marshallstreetdiscgolf.com/inbounds/0000045.webp,draco,millennium,control-driver,very-overstable,#000000,#FF0974,,,,,,,,,,,,,,,B_name_unique,medium,Draco,Millennium Golf Discs,"May 1, 2019",19-40,,21.2,1.4,1.2,17.3,1.9,5.7,176.0,,11.14,35.50,,Millennium Golf Discs,yes
277,Dragon,Innova,Fairway Driver,17,8,5,-2,2,Understable,https://www.marshallstreetdiscgolf.com/product/dx-dragon,https://s3.amazonaws.com/media.marshallstreetdiscgolf.com/inbounds/6568886.webp,dragon,innova,control-driver,understable,#2A290E,#F3EB09,,,,,,,,,,,,,,,A_name_brand,high,Dragon,Innova Champion Discs,"Mar 24, 2001",01-01,,21.0,1.9,1.2,17.4,1.8,5.7,174.3,,6.12,32.00,,Innova Champion Discs,no
278,Dragonfly,AquaFlight,Midrange,18,5,4,-3,1,Understable,https://www.marshallstreetdiscgolf.com/?s=dragonfly&post_type=product,https://s3.amazonaws.com/media.marshallstreetdiscgolf.com/inbounds/6568887.webp,dragonfly,aquaflight,midrange,understable,#8B1D5B,#11FF98,,,,,,,,,,,,,,,B_name_unique,medium,Dragonfly,AquaFlight Discs,"Feb 6, 2015",15-24,,21.0,1.6,1.1,19.1,1.4,5.2,174.3,,8.05,43.00,,AquaFlight Discs,yes
279,Dream Weaver,Jester Disc Golf,Fairway Driver,17,7,5,-1,1.5,Stable,https://www.marshallstreetdiscgolf.com/?s=Dream+Weaver&post_type=product,https://s3.amazonaws.com/media.marshallstreetdiscgolf.com/inbounds/0000431.webp,dream-weaver,jester-disc-golf,control-driver,stable,#FFF172,#0E887C,176.8,21.3,1.7,1.1,17.8,1.7,5.2,35.75,6.25,,,,23-210,"Aug 21, 2023",A_name_brand,high,Dream Weaver,Jester Disc Golf,"Aug 21, 2023",23-210,,21.3,1.7,1.1,17.8,1.7,5.2,176.8,,6.25,35.75,,Jester Disc Golf,no
280,Drift,Streamline,Fairway Driver,17,7,5,-2,1,Understable,https://www.marshallstreetdiscgolf.com/?s=drift&post_type=product,https://s3.amazonaws.com/media.marshallstreetdiscgolf.com/inbounds/9432299.webp,drift,streamline,control-driver,understable,#012219,#ACFFBA,,,,,,,,,,,,,,,A_name_brand,high,Drift,Streamline Discs,"May 9, 2018",18-44,,21.2,1.8,1.2,17.7,1.8,5.7,176.0,,9.30,33.00,,Streamline Discs,no
281,Drive,Discraft,Control Driver,16,11,5,-1,2,Stable,https://www.marshallstreetdiscgolf.com/?s=Drive&post_type=product,https://s3.amazonaws.com/media.marshallstreetdiscgolf.com/inbounds/0000425.webp,drive,discraft,hybrid-driver,stable,#FF3737,#000000,175.1,21.1,1.7,1.1,16.8,2.1,5.2,27.5,12.16,,,,24-35,"Feb 19, 2024",A_name_brand,high,Drive,Discraft,"Feb 19, 2024",24-35,,21.1,1.7,1.1,16.8,2.1,5.2,175.1,,12.16,27.50,,Discraft,no
282,Drone,Discraft,Midrange,18,5,3,1,4,Very Overstable,https://www.marshallstreetdiscgolf.com/?s=drone&post_type=product,https://s3.amazonaws.com/media.marshallstreetdiscgolf.com/inbounds/7429870.webp,drone,discraft,midrange,very-overstable,#FF3737,#000000,178.5,21.5,2,1.3,18.5,1.5,6,41.25,10.43,,,,05-03,"Feb 28, 2005",A_name_brand,high,Drone,Discraft,"Feb 28, 2005",05-03,,21.5,2.0,1.3,18.5,1.5,6.0,178.5,,10.43,41.25,,Discraft,no
283,Drop,Discmania,Approach Discs,20,4,3,0,3,Very Overstable,https://www.marshallstreetdiscgolf.com/?s=drop&post_type=product,https://s3.amazonaws.com/media.marshallstreetdiscgolf.com/inbounds/0000468.webp,drop,discmania,approach-discs,very-overstable,#FFA813,#9A0C0C,176,21.2,1.6,1.3,18.7,1.2,6.1,56.5,8.75,,,,24-127,"Jun 13, 2024",A_name_brand,high,Drop,Discmania,"Jun 13, 2024",24-127,,21.2,1.6,1.3,18.7,1.2,6.1,176.0,,8.75,56.50,,Discmania,no
284,Dune,Trash Panda,Midrange,18,5,5,-1,0,Understable,https://www.marshallstreetdiscgolf.com/?s=dune&post_type=product,https://s3.amazonaws.com/media.marshallstreetdiscgolf.com/inbounds/0000350.webp,dune,trash-panda,midrange,understable,#FFFFFF,#000000,,,,,,,,,,,,,,,B_name_unique,medium,Dune,Trash Panda Disc Golf,"Mar 13, 2023",23-75,,21.5,1.8,1.4,19.1,1.2,6.5,178.5,,8.18,49.50,,Trash Panda Disc Golf,yes
285,Dynasty,Infinite Discs,Fairway Driver,17,9,5,-1,2,Stable,https://www.marshallstreetdiscgolf.com/?s=Dynasty&post_type=product,https://s3.amazonaws.com/media.marshallstreetdiscgolf.com/inbounds/0000241.webp,dynasty,infinite-discs,control-driver,stable,#FFFFFF,#62054C,175.1,21.1,1.4,1.1,17.3,1.9,5.2,31.25,11.93,,,,22-18,"Jan 31, 2022",A_name_brand,high,Dynasty,Infinite Discs,"Jan 31, 2022",22-18,,21.1,1.4,1.1,17.3,1.9,5.2,175.1,,11.93,31.25,,Infinite Discs,no
286,EMAC Judge,Dynamic Discs,Putter,19,2,4,0,1,Stable,https://www.marshallstreetdiscgolf.com/?s=emac+judge&post_type=product,https://s3.amazonaws.com/media.marshallstreetdiscgolf.com/inbounds/0000272.webp,emac-judge,dynamic-discs,putter,stable,#FFFFFF,#0082F4,176,21.2,2,1.4,18.9,1.1,6.6,58.25,6.25,,,,21-1,"Jan 5, 2021",A_name_brand,high,EMAC Judge,Dynamic Discs,"Jan 5, 2021",21-1,,21.2,2.0,1.4,18.9,1.1,6.6,176.0,,6.25,58.25,,Dynamic Discs,no
287,Eagle,Innova,Fairway Driver,17,7,4,-1,3,Overstable,https://www.marshallstreetdiscgolf.com/?speed=7&speed_end=7&cat_ids%5B%5D=15&post_type=product&s=eagle&variation_toggle=1,https://s3.amazonaws.com/media.marshallstreetdiscgolf.com/inbounds/5949893.webp,eagle,innova,control-driver,overstable,#2A290E,#F3EB09,,,,,,,,,,,,,,,A_name_brand,high,Eagle (new),Innova Champion Discs,"Mar 12, 1999",99-04,,21.2,1.6,1.2,17.8,1.7,5.7,176.0,,7.82,29.50,,Innova Champion Discs,no
288,Echo,Streamline,Midrange,18,5,5,-1.5,1,Stable,https://www.marshallstreetdiscgolf.com/?cat_ids%5B%5D=20674&post_type=product&s=echo&variation_toggle=1,https://s3.amazonaws.com/media.marshallstreetdiscgolf.com/inbounds/0000333.webp,echo,streamline,midrange,stable,#012219,#ACFFBA,,,,,,,,,,,,,,,A_name_brand,high,Echo,Streamline Discs,"Feb 22, 2021",21-18,,21.4,1.6,1.3,18.5,1.5,6.1,177.6,,10.68,42.00,,Streamline Discs,no
289,Element,Gateway,Midrange,18,5,5,-1,1,Understable,https://www.marshallstreetdiscgolf.com/?s=element&post_type=product,https://s3.amazonaws.com/media.marshallstreetdiscgolf.com/inbounds/0704282.webp,element,gateway,midrange,understable,#FFFFFF,#A66A17,,,,,,,,,,,,,,,A_name_brand,high,Element,Gateway Disc Sports,"Oct 7, 2004",04-12,,22.1,1.7,1.3,19.6,1.3,5.9,183.4,,6.35,39.50,,Gateway Disc Sports,no
290,Elm,Above Ground Level,Fairway Driver,17,9,4,0,3,Overstable,https://www.marshallstreetdiscgolf.com/?s=elm&post_type=product,https://s3.amazonaws.com/media.marshallstreetdiscgolf.com/inbounds/0000532.webp,elm,above-ground-level,control-driver,overstable,#CFFF30,#000000,176,21.2,1.5,1.1,17.3,1.9,5.2,31.25,11.14,,,,25-67,"Apr 28, 2025",A_name_brand,high,Elm,Above Ground Level,"Apr 28, 2025",25-67,,21.2,1.5,1.1,17.3,1.9,5.2,176.0,,11.14,31.25,,Above Ground Level,no
291,Emperor,Infinite Discs,Distance Driver,15,12,5,-1,2.5,Overstable,https://www.marshallstreetdiscgolf.com/?s=emperor&post_type=product,https://s3.amazonaws.com/media.marshallstreetdiscgolf.com/inbounds/0000062.webp,emperor,infinite-discs,distance-driver,overstable,#FFFFFF,#62054C,175.1,21.1,1.7,1.2,16.4,2.3,5.7,28,11.82,,,,19-17,"Feb 17, 2019",A_name_brand,high,Emperor,Infinite Discs,"Feb 17, 2019",19-17,,21.1,1.7,1.2,16.4,2.3,5.7,175.1,,11.82,28.00,,Infinite Discs,no
292,Empire,Prodiscus,Distance Driver,15,13,5,0,4,Very Overstable,https://www.marshallstreetdiscgolf.com/?s=empire&post_type=product,https://s3.amazonaws.com/media.marshallstreetdiscgolf.com/inbounds/0000407.webp,empire,prodiscus,distance-driver,very-overstable,#32E65C,#5435A9,175.1,21.1,1.9,1.2,16.3,2.4,5.7,28,8.3,,,,23-3,"Jan 9, 2023",A_name_brand,high,Empire,Prodiscus,"Jan 9, 2023",23-3,,21.1,1.9,1.2,16.3,2.4,5.7,175.1,,8.30,28.00,,Prodiscus,no
293,Enemy,Legacy,Fairway Driver,17,9,3,0,4,Very Overstable,https://www.marshallstreetdiscgolf.com/?s=enemy&post_type=product,https://s3.amazonaws.com/media.marshallstreetdiscgolf.com/inbounds/0105000.webp,enemy,legacy,control-driver,very-overstable,#3831F0,#E43DD9,,,,,,,,,,,,,,,B_name_unique,medium,Enemy,Legacy Discs,"Aug 25, 2015",15-64,,21.1,1.9,1.2,17.2,1.9,5.7,175.1,,9.19,32.50,,Legacy Discs,yes
294,Energy,MVP,Distance Driver,15,13,4,0,4,Very Overstable,https://www.marshallstreetdiscgolf.com/?s=energy&post_type=product,https://s3.amazonaws.com/media.marshallstreetdiscgolf.com/inbounds/0125007.webp,energy,mvp,distance-driver,very-overstable,#000000,#9BF2FF,,,,,,,,,,,,,,,A_name_brand,high,Energy,MVP Disc Sports,"Jun 6, 2016",16-56,,21.1,2.1,1.2,16.3,2.4,5.7,175.1,,11.91,26.00,,MVP Disc Sports,no
295,Enforcer,Dynamic Discs,Distance Driver,15,12,4,0.5,4,Very Overstable,https://www.marshallstreetdiscgolf.com/?s=enforcer&post_type=product,https://s3.amazonaws.com/media.marshallstreetdiscgolf.com/inbounds/0125006.webp,enforcer,dynamic-discs,distance-driver,very-overstable,#FFFFFF,#0082F4,175.1,21.1,1.8,1.1,16.7,2.2,5.2,27,11,,,,14-34,"Apr 7, 2014",A_name_brand,high,Enforcer,Dynamic Discs,"Apr 7, 2014",14-34,,21.1,1.8,1.1,16.7,2.2,5.2,175.1,,11.00,27.00,,Dynamic Discs,no
296,Engine,Streamline,Distance Driver,15,13,5,-0.5,2,Overstable,,,engine,streamline,distance-driver,overstable,#012219,#ACFFBA,,,,,,,,,,,,,,,A_name_brand,high,Engine,Streamline Discs,"Mar 22, 2021",21-39,,21.2,1.5,1.1,16.4,2.4,5.2,176.0,,11.93,27.75,,Streamline Discs,no
297,Enigma,Discmania,Distance Driver,15,12,5,-1,2,Stable,https://www.marshallstreetdiscgolf.com/?s=enigma&post_type=product,https://s3.amazonaws.com/media.marshallstreetdiscgolf.com/inbounds/1010103.webp,enigma,discmania,distance-driver,stable,#FFA813,#9A0C0C,175.1,21.1,1.6,1.1,16.6,2.2,5.2,27.75,11.25,,,,19-45,"May 23, 2019",A_name_brand,high,Enigma,Discmania,"May 23, 2019",19-45,,21.1,1.6,1.1,16.6,2.2,5.2,175.1,,11.25,27.75,,Discmania,no
298,Entropy,MVP,Putter,19,4,3,0,3,Very Overstable,https://www.marshallstreetdiscgolf.com/?s=entropy&post_type=product,https://s3.amazonaws.com/media.marshallstreetdiscgolf.com/inbounds/1010202.webp,entropy,mvp,putter,very-overstable,#000000,#9BF2FF,,,,,,,,,,,,,,,A_name_brand,high,Entropy,MVP Disc Sports,"Feb 27, 2019",19-20,,21.2,2.0,1.4,18.8,1.2,6.6,176.0,,11.70,31.75,,MVP Disc Sports,no
299,Envy,Axiom Discs,Putter,19,3,3,0,2,Overstable,https://www.marshallstreetdiscgolf.com/?s=envy&post_type=product,https://s3.amazonaws.com/media.marshallstreetdiscgolf.com/inbounds/0125005.webp,envy,axiom-discs,putter,overstable,#000000,#FF9595,174.3,21,1.8,1.4,18.8,1.1,6.7,52,8.73,,,,14-04,"Jan 12, 2014",A_name_brand,high,Envy,Axiom Discs,"Jan 12, 2014",14-04,,21.0,1.8,1.4,18.8,1.1,6.7,174.3,,8.73,52.00,,Axiom Discs,no
300,Era,Finish Line,Control Driver,16,10,5,-1,1.5,Stable,https://www.marshallstreetdiscgolf.com/?s=%22Era%22&post_type=product,https://s3.amazonaws.com/media.marshallstreetdiscgolf.com/inbounds/0000169.webp,era,finish-line,hybrid-driver,stable,#1914FF,#FFA5F4,,,,,,,,,,,,,,,B_name_unique,medium,Era,Finish Line Discs,"Jan 17, 2022",22-6,,21.2,1.6,1.2,17.3,2.0,5.7,176.0,,9.43,29.00,,Finish Line Discs,yes
301,Escape,Dynamic Discs,Fairway Driver,17,9,5,-1,2,Stable,https://www.marshallstreetdiscgolf.com/?s=escape&post_type=product,https://s3.amazonaws.com/media.marshallstreetdiscgolf.com/inbounds/1130002.webp,escape,dynamic-discs,control-driver,stable,#FFFFFF,#0082F4,175.1,21.1,2,1.1,17.1,2,5.2,27.75,10.32,,,,12-56,"Dec 7, 2012",A_name_brand,high,Escape,Dynamic Discs,"Dec 7, 2012",12-56,,21.1,2.0,1.1,17.1,2.0,5.2,175.1,,10.32,27.75,,Dynamic Discs,no
302,Essence,Discmania,Fairway Driver,17,8,6,-2,1,Understable,https://www.marshallstreetdiscgolf.com/?s=essence&post_type=product,https://s3.amazonaws.com/media.marshallstreetdiscgolf.com/inbounds/0000023.webp,essence,discmania,control-driver,understable,#FFA813,#9A0C0C,174.3,21,1.8,1.2,17.4,1.8,5.7,33.25,11.59,,,,20-22,"Mar 5, 2020",A_name_brand,high,Essence,Discmania,"Mar 5, 2020",20-22,,21.0,1.8,1.2,17.4,1.8,5.7,174.3,,11.59,33.25,,Discmania,no
303,Ether,Gateway,Distance Driver,15,12,6,-1,2,Stable,https://www.marshallstreetdiscgolf.com/?s=Ether&post_type=product,https://s3.amazonaws.com/media.marshallstreetdiscgolf.com/inbounds/0000386.webp,ether,gateway,distance-driver,stable,#FFFFFF,#A66A17,,,,,,,,,,,,,,,A_name_brand,high,Ether,Gateway Disc Sports,"Oct 26, 2023",23-238,,21.2,1.4,1.1,16.8,2.2,5.2,176.3,,12.16,26.50,,Gateway Disc Sports,no
304,Evader,Dynamic Discs,Fairway Driver,17,7,4,0,2.5,Overstable,https://www.marshallstreetdiscgolf.com/?s=Evader&post_type=product,https://s3.amazonaws.com/media.marshallstreetdiscgolf.com/inbounds/0000078.webp,evader,dynamic-discs,control-driver,overstable,#FFFFFF,#0082F4,176,21.2,1.9,1.1,17.5,1.8,5.2,26.75,7.95,,,,21-2,"Jan 5, 2021",A_name_brand,high,Evader,Dynamic Discs,"Jan 5, 2021",21-2,,21.2,1.9,1.1,17.5,1.8,5.2,176.0,,7.95,26.75,,Dynamic Discs,no
305,Evidence,Dynamic Discs,Midrange,18,5,5,-1,0,Understable,https://www.marshallstreetdiscgolf.com/?s=evidence&post_type=product,https://s3.amazonaws.com/media.marshallstreetdiscgolf.com/inbounds/2674549.webp,evidence,dynamic-discs,midrange,understable,#FFFFFF,#0082F4,180.1,21.7,1.8,1.2,18.7,1.4,5.5,41.25,7.26,,,,15-32,"Mar 27, 2015",A_name_brand,high,Evidence,Dynamic Discs,"Mar 27, 2015",15-32,,21.7,1.8,1.2,18.7,1.4,5.5,180.1,,7.26,41.25,,Dynamic Discs,no
306,Excite,Axiom Discs,Distance Driver,15,14.5,5.5,-2,2,Stable,https://www.marshallstreetdiscgolf.com/?s=excite&post_type=product,https://s3.amazonaws.com/media.marshallstreetdiscgolf.com/inbounds/2674911.webp,excite,axiom-discs,distance-driver,stable,#000000,#FF9595,175.1,21.1,2.1,1.2,15.9,2.5,5.7,27,11.91,,,,18-36,"Mar 25, 2018",A_name_brand,high,Excite,Axiom Discs,"Mar 25, 2018",18-36,,21.1,2.1,1.2,15.9,2.5,5.7,175.1,,11.91,27.00,,Axiom Discs,no
307,Exodus,Infinite Discs,Fairway Driver,17,7,5,-0.5,2,Stable,https://www.marshallstreetdiscgolf.com/?s=exodus&post_type=product,https://s3.amazonaws.com/media.marshallstreetdiscgolf.com/inbounds/2674999.webp,exodus,infinite-discs,control-driver,stable,#FFFFFF,#62054C,175.1,21.1,1.8,1.1,17.5,1.8,5.2,36.25,8.73,,,,18-03,"Jan 19, 2018",A_name_brand,high,Exodus,Infinite Discs,"Jan 19, 2018",18-03,,21.1,1.8,1.1,17.5,1.8,5.2,175.1,,8.73,36.25,,Infinite Discs,no
308,Expanse,Thought Space Athletics,Distance Driver,15,11,5,-2,2,Understable,https://www.marshallstreetdiscgolf.com/?s=expanse&post_type=product,https://s3.amazonaws.com/media.marshallstreetdiscgolf.com/inbounds/0000490.webp,expanse,thought-space-athletics,distance-driver,understable,#000000,#FF770E,175.1,21.1,1.8,1.2,16.8,2.1,5.7,31.5,9.43,,,,25-11,"Jan 20, 2025",A_name_brand,high,Expanse,Thought Space Athletics,"Jan 20, 2025",25-11,,21.1,1.8,1.2,16.8,2.1,5.7,175.1,,9.43,31.50,,Thought Space Athletics,no
309,Explorer,Latitude 64,Fairway Driver,17,7,5,0,2,Stable,https://www.marshallstreetdiscgolf.com/?s=explorer&post_type=product,https://s3.amazonaws.com/media.marshallstreetdiscgolf.com/inbounds/2674599.webp,explorer,latitude-64,control-driver,stable,#FFFFFF,#F40909,176,21.2,1.7,1.1,17.7,1.8,5.2,32.75,10.21,,,,17-128,"Dec 11, 2017",A_name_brand,high,Explorer,Latitude 64,"Dec 11, 2017",17-128,,21.2,1.7,1.1,17.7,1.8,5.2,176.0,,10.21,32.75,,Latitude 64,no
310,F Model OS,Prodigy,Control Driver,16,10,5,2,4,Very Overstable,https://www.marshallstreetdiscgolf.com/?s=F+Model+OS&post_type=product,https://s3.amazonaws.com/media.marshallstreetdiscgolf.com/inbounds/0000051.webp,f-model-os,prodigy,hybrid-driver,very-overstable,#000000,#10A259,,,,,,,,,,,,,,,A_name_brand,high,F Model OS+,Prodigy Disc,"Jul 1, 2020",20-59,,21.2,1.7,1.1,17.1,2.1,5.2,176.0,,12.25,34.25,,Prodigy Disc,no
311,F Model S,Prodigy,Fairway Driver,17,10,5,1,3,Overstable,https://www.marshallstreetdiscgolf.com/product/ace-line-base-grip-f-model-s,https://s3.amazonaws.com/media.marshallstreetdiscgolf.com/inbounds/0000020.webp,f-model-s,prodigy,control-driver,overstable,#000000,#10A259,,,,,,,,,,,,,,,unmatched,none,,,,,,,,,,,,,,,,,,
312,F Model US,Prodigy,Control Driver,16,10,5,-2,1,Understable,https://www.marshallstreetdiscgolf.com/?s=F+Model+US&post_type=product,https://s3.amazonaws.com/media.marshallstreetdiscgolf.com/inbounds/0000052.webp,f-model-us,prodigy,hybrid-driver,understable,#000000,#10A259,,,,,,,,,,,,,,,A_name_brand,high,F Model US,Prodigy Disc,"Jul 1, 2020",20-60,,21.3,1.5,1.1,17.2,2.1,5.2,176.8,,11.59,32.00,,Prodigy Disc,no
313,F1,Prodigy,Fairway Driver,17,8,4,-1,3,Overstable,https://www.marshallstreetdiscgolf.com/?s=%22F1%22&post_type=product,https://s3.amazonaws.com/media.marshallstreetdiscgolf.com/inbounds/5011647.webp,f1,prodigy,control-driver,overstable,#000000,#10A259,,,,,,,,,,,,,,,A_name_brand,high,F1,Prodigy Disc,"Jul 6, 2013",13-45,,21.3,1.5,1.1,17.7,1.8,5.2,176.8,,6.80,27.25,,Prodigy Disc,no
314,F2,Prodigy,Fairway Driver,17,8,4,-1,2,Overstable,https://www.marshallstreetdiscgolf.com/?s=%22F2%22&post_type=product,https://s3.amazonaws.com/media.marshallstreetdiscgolf.com/inbounds/5021647.webp,f2,prodigy,control-driver,overstable,#000000,#10A259,,,,,,,,,,,,,,,A_name_brand,high,F2,Prodigy Disc,"Jul 6, 2013",13-46,,21.3,1.5,1.1,17.7,1.8,5.2,176.8,,6.69,32.75,,Prodigy Disc,no
315,F3,Prodigy,Fairway Driver,17,8,5,-2,2,Stable,https://www.marshallstreetdiscgolf.com/?s=%22F3%22&post_type=product,https://s3.amazonaws.com/media.marshallstreetdiscgolf.com/inbounds/5031647.webp,f3,prodigy,control-driver,stable,#000000,#10A259,,,,,,,,,,,,,,,A_name_brand,high,F3,Prodigy Disc,"Jul 6, 2013",13-47,,21.3,1.5,1.1,17.7,1.8,5.2,176.8,,7.37,31.50,,Prodigy Disc,no
316,F5,Prodigy,Fairway Driver,17,8,6,-2,1,Understable,https://www.marshallstreetdiscgolf.com/?s=%22F5%22&post_type=product,https://s3.amazonaws.com/media.marshallstreetdiscgolf.com/inbounds/5051647.webp,f5,prodigy,control-driver,understable,#000000,#10A259,,,,,,,,,,,,,,,A_name_brand,high,F5,Prodigy Disc,"Nov 1, 2013",13-71,,21.3,1.9,1.2,17.7,1.8,5.6,176.8,,8.50,35.75,,Prodigy Disc,no
317,F7,Prodigy,Fairway Driver,17,8,6,-3,1,Understable,https://www.marshallstreetdiscgolf.com/?s=%22F7%22&post_type=product,https://s3.amazonaws.com/media.marshallstreetdiscgolf.com/inbounds/5071647.webp,f7,prodigy,control-driver,understable,#000000,#10A259,,,,,,,,,,,,,,,A_name_brand,high,F7,Prodigy Disc,"Jul 6, 2013",13-48,,21.3,1.5,1.1,17.8,1.8,5.2,176.8,,7.48,37.00,,Prodigy Disc,no
318,F9,Prodigy,Fairway Driver,17,8,6,-4,0.5,Very Understable,https://www.marshallstreetdiscgolf.com/?s=F9&post_type=product,https://s3.amazonaws.com/media.marshallstreetdiscgolf.com/inbounds/0000349.webp,f9,prodigy,control-driver,very-understable,#000000,#10A259,,,,,,,,,,,,,,,A_name_brand,high,F9,Prodigy Disc,"Nov 7, 2022",22-193,,21.1,1.9,1.1,17.5,1.8,5.2,175.1,,8.41,31.50,,Prodigy Disc,no
319,FD,Discmania,Fairway Driver,17,7,6,0,1,Understable,https://www.marshallstreetdiscgolf.com/?s=fd&post_type=product,https://s3.amazonaws.com/media.marshallstreetdiscgolf.com/inbounds/0000143.webp,fd,discmania,control-driver,understable,#FFA813,#9A0C0C,,,,,,,,,,,,,,,A_name_brand,high,FD (new),Discmania,"Nov 9, 2021",21-120,,21.2,1.4,1.1,17.7,1.7,5.2,176.0,,9.89,39.00,,Discmania,no
320,FD-8 Stork,Disctroyer,Fairway Driver,17,8,5,0,1,Stable,https://www.marshallstreetdiscgolf.com/?s=Stork&post_type=product,https://s3.amazonaws.com/media.marshallstreetdiscgolf.com/inbounds/0000175.webp,fd-8-stork,disctroyer,control-driver,stable,#4D144D,#A45656,,,,,,,,,,,,,,,unmatched,none,,,,,,,,,,,,,,,,,,
321,FD1,Discmania,Fairway Driver,17,7,4,0,2,Overstable,https://www.marshallstreetdiscgolf.com/?s=FD1&post_type=product,https://s3.amazonaws.com/media.marshallstreetdiscgolf.com/inbounds/0000329.webp,fd1,discmania,control-driver,overstable,#FFA813,#9A0C0C,176,21.2,1.7,1.1,17.6,1.8,5.2,36.25,8.98,,,,22-211,"Nov 28, 2022",A_name_brand,high,FD1,Discmania,"Nov 28, 2022",22-211,,21.2,1.7,1.1,17.6,1.8,5.2,176.0,,8.98,36.25,,Discmania,no
322,FD2 (OOP),Discmania,Fairway Driver,17,7,4,0,2,Overstable,https://www.marshallstreetdiscgolf.com/?s=fd1&post_type=product,https://s3.amazonaws.com/media.marshallstreetdiscgolf.com/inbounds/8360180.webp,fd2-oop,discmania,control-driver,overstable,#FFA813,#9A0C0C,,,,,,,,,,,,,,,A_name_brand,high,FD2 (new),Discmania,"Sep 29, 2025",25-150,,21.2,1.8,1.1,17.6,1.8,5.2,176.0,,10.11,33.75,,Discmania,no
323,FD3,Discmania,Fairway Driver,17,9,4,0,3,Overstable,https://www.marshallstreetdiscgolf.com/?s=fd3&post_type=product,https://s3.amazonaws.com/media.marshallstreetdiscgolf.com/inbounds/8360181.webp,fd3,discmania,control-driver,overstable,#FFA813,#9A0C0C,,,,,,,,,,,,,,,A_name_brand,high,FD3 (new),Discmania,"Jun 6, 2022",22-98,,21.3,1.7,1.1,17.3,2.0,5.2,176.8,,10.45,33.25,,Discmania,no
324,FL,Innova,Fairway Driver,17,9,3,0,2,Overstable,https://www.marshallstreetdiscgolf.com/?s=fl&post_type=product,https://s3.amazonaws.com/media.marshallstreetdiscgolf.com/inbounds/5632740.webp,fl,innova,control-driver,overstable,#2A290E,#F3EB09,,,,,,,,,,,,,,,unmatched,none,,,,,,,,,,,,,,,,,,
325,FX-2,Prodigy,Fairway Driver,17,9,4,0,3,Overstable,https://www.marshallstreetdiscgolf.com/?s=FX-2&post_type=product,https://s3.amazonaws.com/media.marshallstreetdiscgolf.com/inbounds/8822502.webp,fx-2,prodigy,control-driver,overstable,#000000,#10A259,,,,,,,,,,,,,,,A_name_brand,high,FX-2,Prodigy Disc,"Sep 5, 2019",19-61,,21.1,1.6,1.2,17.1,2.0,5.7,175.1,,12.16,29.25,,Prodigy Disc,no
326,FX-3,Prodigy,Fairway Driver,17,9,5,-1,2,Stable,https://www.marshallstreetdiscgolf.com/?s=FX-3&post_type=product,https://s3.amazonaws.com/media.marshallstreetdiscgolf.com/inbounds/0000186.webp,fx-3,prodigy,control-driver,stable,#000000,#10A259,,,,,,,,,,,,,,,A_name_brand,high,FX-3,Prodigy Disc,"Nov 9, 2021",21-124,,21.2,1.8,1.2,17.3,1.9,5.7,176.0,,8.75,29.25,,Prodigy Disc,no
327,FX-4,Prodigy,Fairway Driver,17,9,5,-2,2,Understable,https://www.marshallstreetdiscgolf.com/?s=FX-4&post_type=product,https://s3.amazonaws.com/media.marshallstreetdiscgolf.com/inbounds/0000200.webp,fx-4,prodigy,control-driver,understable,#000000,#10A259,,,,,,,,,,,,,,,A_name_brand,high,FX-4,Prodigy Disc,"Jan 10, 2022",22-5,,21.2,1.8,1.2,17.3,2.0,5.7,176.0,,9.89,32.25,,Prodigy Disc,no
328,Fairway Disc,Innova,Fairway Driver,17,7,6,-1,1,Understable,https://www.marshallstreetdiscgolf.com/?s=dark+rebel&post_type=product,https://s3.amazonaws.com/media.marshallstreetdiscgolf.com/inbounds/0000250.webp,fairway-disc,innova,control-driver,understable,#2A290E,#F3EB09,,,,,,,,,,,,,,,B_name_unique,medium,Fairway Disc,Innova Factory Store,"Nov 22, 2021",21-125,,21.2,1.6,1.2,17.5,1.8,5.7,176.0,,11.48,35.75,,Innova Factory Store,yes
329,Faith,Latitude 64,Putter,19,2,3,0,1,Stable,https://www.marshallstreetdiscgolf.com/?s=faith&post_type=product,https://s3.amazonaws.com/media.marshallstreetdiscgolf.com/inbounds/0000507.webp,faith,latitude-64,putter,stable,#FFFFFF,#F40909,,,,,,,,,,,,,,,A_name_brand,high,Faith (Royal Prototype),Latitude 64,"Nov 21, 2020",20-87,,21.2,2.2,1.5,19.0,1.1,7.1,176.0,,12.05,59.50,,Latitude 64,no
330,Falcon,Millennium,Distance Driver,15,13,5,-2,2,Stable,https://www.marshallstreetdiscgolf.com/?s=Falcon&post_type=product,https://s3.amazonaws.com/media.marshallstreetdiscgolf.com/inbounds/1010120.webp,falcon,millennium,distance-driver,stable,#000000,#FF0974,,,,,,,,,,,,,,,C_name_ambiguous,needs_review,,,,,,,,,,,,,,,,,,
331,Falk,Kastaplast,Fairway Driver,17,9,6,-2,1,Stable,https://www.marshallstreetdiscgolf.com/?s=falk&post_type=product,https://s3.amazonaws.com/media.marshallstreetdiscgolf.com/inbounds/0529010.webp,falk,kastaplast,control-driver,stable,#000000,#21F1B9,175.1,21.1,1.8,1.1,17.2,1.9,5.2,30.25,9.53,,,,17-54,"Apr 13, 2017",A_name_brand,high,Falk,Kastaplast,"Apr 13, 2017",17-54,,21.1,1.8,1.1,17.2,1.9,5.2,175.1,,9.53,30.25,,Kastaplast,no
332,Famine,Doomsday Discs,Distance Driver,15,12,5,-2,1,Understable,https://www.marshallstreetdiscgolf.com/?s=famine&post_type=product,https://s3.amazonaws.com/media.marshallstreetdiscgolf.com/inbounds/0000519.webp,famine,doomsday-discs,distance-driver,understable,#B6FF8B,#144E48,175.1,21.1,1.7,1.2,16.6,2.2,5.7,27,9.32,,,,23-203,"Aug 7, 2023",A_name_brand,high,Famine,Doomsday Discs,"Aug 7, 2023",23-203,,21.1,1.7,1.2,16.6,2.2,5.7,175.1,,9.32,27.00,,Doomsday Discs,no
333,Fasti,Prodiscus,Distance Driver,15,12,4,-3,4,Stable,https://www.marshallstreetdiscgolf.com/?s=fasti&post_type=product,https://s3.amazonaws.com/media.marshallstreetdiscgolf.com/inbounds/0000000.webp,fasti,prodiscus,distance-driver,stable,#32E65C,#5435A9,,,,,,,,,,,,,,,A_name_brand,high,FASTi,Prodiscus,"Dec 19, 2016",16-81,,21.1,1.6,1.1,17.1,2.3,5.2,175.1,,10.66,26.75,,Prodiscus,no
334,Feedback,Prodigy,Fairway Driver,17,9,5,-1,3,Overstable,https://www.marshallstreetdiscgolf.com/?s=Feedback&post_type=product,https://s3.amazonaws.com/media.marshallstreetdiscgolf.com/inbounds/0000348.webp,feedback,prodigy,control-driver,overstable,#000000,#10A259,,,,,,,,,,,,,,,A_name_brand,high,Feedback,Prodigy Disc,"Feb 13, 2023",23-47,,21.2,1.7,1.1,17.2,2.0,5.2,176.0,,10.34,31.00,,Prodigy Disc,no
335,Felon,Dynamic Discs,Fairway Driver,17,9,3,0.5,4,Very Overstable,https://www.marshallstreetdiscgolf.com/?s=felon&post_type=product,https://s3.amazonaws.com/media.marshallstreetdiscgolf.com/inbounds/3763431.webp,felon,dynamic-discs,control-driver,very-overstable,#FFFFFF,#0082F4,176,21.2,1.8,1.1,17.2,2,5.2,31.5,9.3,,,,14-56,"Jul 14, 2014",A_name_brand,high,Felon,Dynamic Discs,"Jul 14, 2014",14-56,,21.2,1.8,1.1,17.2,2.0,5.2,176.0,,9.30,31.50,,Dynamic Discs,no
336,Fenrir,Viking,Control Driver,16,10,4,0,3,Overstable,https://www.marshallstreetdiscgolf.com/?s=Fenrir&post_type=product,https://s3.amazonaws.com/media.marshallstreetdiscgolf.com/inbounds/0000000.webp,fenrir,viking,hybrid-driver,overstable,#000000,#04F40C,,,,,,,,,,,,,,,B_name_unique,medium,Fenrir,Viking Discs (IP-Agency Finland Oy),"Sep 29, 2020",20-75,,21.3,1.8,1.1,17.3,2.0,5.2,176.8,,10.68,29.75,,Viking Discs (IP-Agency Finland Oy),yes
337,Fierce,Discraft,Putter,19,3,4,-2,0,Very Understable,https://www.marshallstreetdiscgolf.com/product/fierce-paige-pierce-5x,https://s3.amazonaws.com/media.marshallstreetdiscgolf.com/inbounds/0000007.webp,fierce,discraft,putter,very-understable,#FF3737,#000000,175.1,21.1,1.9,1.5,19,1,7.1,63.5,10.45,,,,20-08,"Jan 30, 2020",A_name_brand,high,Fierce,Discraft,"Jan 30, 2020",20-08,,21.1,1.9,1.5,19.0,1.0,7.1,175.1,,10.45,63.50,,Discraft,no
338,Fighter,Legacy,Control Driver,16,10,3,0,5,Very Overstable,https://www.marshallstreetdiscgolf.com/?s=fighter&post_type=product,https://s3.amazonaws.com/media.marshallstreetdiscgolf.com/inbounds/3763477.webp,fighter,legacy,hybrid-driver,very-overstable,#3831F0,#E43DD9,,,,,,,,,,,,,,,B_name_unique,medium,Fighter,Legacy Discs,"Jun 6, 2016",16-53,,21.2,1.7,1.2,17.1,2.0,5.7,176.0,,11.34,27.75,,Legacy Discs,yes
339,Fireball,Axiom Discs,Fairway Driver,17,9,3.5,0,3.5,Very Overstable,https://www.marshallstreetdiscgolf.com/?s=fireball&post_type=product,https://s3.amazonaws.com/media.marshallstreetdiscgolf.com/inbounds/3763400.webp,fireball,axiom-discs,control-driver,very-overstable,#000000,#FF9595,175.1,21.1,1.4,1.1,17.1,2,5.2,29.5,9.07,,,,14-94,"Dec 19, 2014",A_name_brand,high,Fireball,Axiom Discs,"Dec 19, 2014",14-94,,21.1,1.4,1.1,17.1,2.0,5.2,175.1,,9.07,29.50,,Axiom Discs,no
340,Firebird,Innova,Fairway Driver,17,9,3,0,4,Very Overstable,https://www.marshallstreetdiscgolf.com/?s=firebird&post_type=product,https://s3.amazonaws.com/media.marshallstreetdiscgolf.com/inbounds/3763432.webp,firebird,innova,control-driver,very-overstable,#2A290E,#F3EB09,,,,,,,,,,,,,,,A_name_brand,high,Firebird,Innova Champion Discs,"Mar 21, 2000",00-06,,21.1,1.4,1.2,17.3,1.9,5.7,175.1,,9.75,26.75,,Innova Champion Discs,no
341,Firefly,Innova,Putter,19,2,3,0,1,Overstable,https://www.marshallstreetdiscgolf.com/?s=firefly&post_type=product,https://s3.amazonaws.com/media.marshallstreetdiscgolf.com/inbounds/1010304.webp,firefly,innova,putter,overstable,#2A290E,#F3EB09,,,,,,,,,,,,,,,A_name_brand,high,Firefly,Innova Champion Discs,"Jan 22, 2019",19-02,,21.1,2.1,1.5,19.1,1.0,7.1,175.1,,12.02,71.00,,Innova Champion Discs,no
342,Firestorm,Innova,Distance Driver,15,14,4,-1,3,Overstable,https://www.marshallstreetdiscgolf.com/?s=firestorm&post_type=product,https://s3.amazonaws.com/media.marshallstreetdiscgolf.com/inbounds/5634740.webp,firestorm,innova,distance-driver,overstable,#2A290E,#F3EB09,,,,,,,,,,,,,,,A_name_brand,high,Firestorm,Innova Champion Discs,"Mar 23, 2017",17-33,,21.1,1.5,1.1,16.5,2.3,5.2,175.1,,10.77,27.50,,Innova Champion Discs,no
343,Flare,Streamline,Fairway Driver,17,9,4,0,3.5,Very Overstable,https://www.marshallstreetdiscgolf.com/?cat_ids%5B%5D=20674&post_type=product&s=flare&variation_toggle=1,https://s3.amazonaws.com/media.marshallstreetdiscgolf.com/inbounds/1010125.webp,flare,streamline,control-driver,very-overstable,#012219,#ACFFBA,,,,,,,,,,,,,,,A_name_brand,high,Flare,Streamline Discs,"Feb 24, 2019",19-21,,21.2,1.8,1.2,17.2,2.0,5.7,176.0,,11.59,29.50,,Streamline Discs,no
344,Flash,Discraft,Control Driver,16,10,5,-2,3,Understable,https://www.marshallstreetdiscgolf.com/?s=flash&post_type=product,https://s3.amazonaws.com/media.marshallstreetdiscgolf.com/inbounds/4045219.webp,flash,discraft,hybrid-driver,understable,#FF3737,#000000,175.1,21.1,1.6,1.2,17,2.1,5.7,27.5,8.85,,,,04-03,"Apr 14, 2004",A_name_brand,high,Flash,Discraft,"Apr 14, 2004",04-03,,21.1,1.6,1.2,17.0,2.1,5.7,175.1,,8.85,27.50,,Discraft,no
345,Flat Earth,Doomsday Discs,Midrange,18,5,5,-1,1,Stable,,,flat-earth,doomsday-discs,midrange,stable,#B6FF8B,#144E48,180.9,21.8,2.1,1.3,19.4,1.2,6,48,5.8,,,,22-66,"Apr 25, 2022",A_name_brand,high,Flat Earth,Doomsday Discs,"Apr 25, 2022",22-66,,21.8,2.1,1.3,19.4,1.2,6.0,180.9,,5.80,48.00,,Doomsday Discs,no
346,Flick,Discraft,Distance Driver,15,12,3,1,5,Very Overstable,https://www.marshallstreetdiscgolf.com/?s=flick&post_type=product,https://s3.amazonaws.com/media.marshallstreetdiscgolf.com/inbounds/5107778.webp,flick,discraft,distance-driver,very-overstable,#FF3737,#000000,175.1,21.1,1.3,1.1,16.9,2.1,5.2,26,9.98,,,,04-10,"Aug 22, 2004",A_name_brand,high,Flick,Discraft,"Aug 22, 2004",04-10,,21.1,1.3,1.1,16.9,2.1,5.2,175.1,,9.98,26.00,,Discraft,no
347,Flip,Hooligan Discs,Midrange,18,5,6,-4,1,Very Understable,https://www.marshallstreetdiscgolf.com/?cat_ids%5B%5D=81609&post_type=product&s=flip&variation_toggle=1,https://s3.amazonaws.com/media.marshallstreetdiscgolf.com/inbounds/0000336.webp,flip,hooligan-discs,midrange,very-understable,#01216C,#DAFDFF,180.1,21.7,1.9,1.3,19.1,1.3,6,45.25,6.93,,,,22-177,"Oct 17, 2022",A_name_brand,high,Flip,Hooligan Discs,"Oct 17, 2022",22-177,,21.7,1.9,1.3,19.1,1.3,6.0,180.1,,6.93,45.25,,Hooligan Discs,no
348,Flipperi,Prodiscus,Fairway Driver,17,9,3,-3,0,Very Understable,https://www.marshallstreetdiscgolf.com/?s=flipperi&post_type=product,https://s3.amazonaws.com/media.marshallstreetdiscgolf.com/inbounds/0000000.webp,flipperi,prodiscus,control-driver,very-understable,#32E65C,#5435A9,,,,,,,,,,,,,,,A_name_brand,high,FLIPPERi,Prodiscus,"Dec 19, 2016",16-82,,21.2,1.7,1.2,17.2,2.0,5.7,176.0,,10.77,26.00,,Prodiscus,no
349,Flow,Latitude 64,Control Driver,16,11,6,-0.5,2,Overstable,https://www.marshallstreetdiscgolf.com/?s=flow&post_type=product,https://s3.amazonaws.com/media.marshallstreetdiscgolf.com/inbounds/2005314.webp,flow,latitude-64,hybrid-driver,overstable,#FFFFFF,#F40909,175.1,21.1,1.8,1.2,16.8,2.2,5.7,27.75,11.11,,,,10-35,"Oct 27, 2010",A_name_brand,high,Flow,Latitude 64,"Oct 27, 2010",10-35,,21.1,1.8,1.2,16.8,2.2,5.7,175.1,,11.11,27.75,,Latitude 64,no
350,Flying Squirrel,Other,Midrange,18,5,5,-3,2,Understable,https://www.marshallstreetdiscgolf.com/?s=flying+squirrel&post_type=product,https://s3.amazonaws.com/media.marshallstreetdiscgolf.com/inbounds/7580389.webp,flying-squirrel,other,midrange,understable,#000000,#E5FFAA,,,,,,,,,,,,,,,C_name_ambiguous,needs_review,,,,,,,,,,,,,,,,,,
351,Focus,Discraft,Putter,19,2,2,-1,2,Stable,https://www.marshallstreetdiscgolf.com/?s=focus&post_type=product,https://s3.amazonaws.com/media.marshallstreetdiscgolf.com/inbounds/6155774.webp,focus,discraft,putter,stable,#FF3737,#000000,,,,,,,,,,,,,,,A_name_brand,high,Focus (Ace Race 2009),Discraft,"Sep 9, 2009",09-20,,21.1,2.1,1.6,19.1,1.0,7.6,175.1,,8.85,60.25,,Discraft,no
352,Force,Discraft,Distance Driver,15,12,5,0,3,Overstable,https://www.marshallstreetdiscgolf.com/?s=force&post_type=product,https://s3.amazonaws.com/media.marshallstreetdiscgolf.com/inbounds/0207283.webp,force,discraft,distance-driver,overstable,#FF3737,#000000,175.1,21.1,1.7,1.2,16.5,2.3,5.7,26,11.79,,,,08-08,"Feb 21, 2008",A_name_brand,high,Force,Discraft,"Feb 21, 2008",08-08,,21.1,1.7,1.2,16.5,2.3,5.7,175.1,,11.79,26.00,,Discraft,no
353,Fortress,Westside Discs,Control Driver,16,10,4,0,3,Overstable,https://www.marshallstreetdiscgolf.com/?s=fortress&post_type=product,https://s3.amazonaws.com/media.marshallstreetdiscgolf.com/inbounds/2012013.webp,fortress,westside-discs,hybrid-driver,overstable,#FFFFFF,#014E13,,,,,,,,,,,,,,,B_name_unique,medium,Fortress (Linnoitus1),Westside Golf Discs,"Mar 23, 2017",17-35,,21.2,1.5,1.1,17.2,2.0,5.2,176.0,,9.64,28.00,,Westside Golf Discs,yes
354,Fossil,Discraft,Approach Discs,20,3,1,0,3,Overstable,,,fossil,discraft,approach-discs,overstable,#FF3737,#000000,,,,,,,,,,,,,,,A_name_brand,high,Fossil (RW-1025-P),Discraft,"Oct 6, 2025",25-151,,21.0,1.9,1.4,18.5,1.3,6.7,174.3,,12.05,65.50,,Discraft,no
355,Founder,Discmania,Midrange,18,5,6,-4,1,Very Understable,,,founder,discmania,midrange,very-understable,#FFA813,#9A0C0C,180.9,21.8,1.8,1.1,19.1,1.3,5,37.5,6.48,,,,25-124,"Jul 28, 2025",A_name_brand,high,Founder,Discmania,"Jul 28, 2025",25-124,,21.8,1.8,1.1,19.1,1.3,5.0,180.9,,6.48,37.50,,Discmania,no
356,Fox,Innova,Midrange,18,5,6,-2,1,Understable,,,fox,innova,midrange,understable,#2A290E,#F3EB09,,,,,,,,,,,,,,,A_name_brand,high,Fox,Innova Champion Discs,"Jul 21, 2025",25-121,,21.8,1.5,1.1,18.8,1.5,5.0,180.9,,8.30,48.00,,Innova Champion Discs,no
357,Freetail,Mint Discs,Fairway Driver,17,10,5,-4,1,Understable,https://www.marshallstreetdiscgolf.com/product/eternal-freetail,https://s3.amazonaws.com/media.marshallstreetdiscgolf.com/inbounds/0000017.webp,freetail,mint-discs,control-driver,understable,#FFFFFF,#F4933E,175.1,21.1,1.7,1.2,17.1,2,5.7,37.75,11.25,,,,19-63,"Sep 16, 2019",A_name_brand,high,Freetail,Mint Discs,"Sep 16, 2019",19-63,,21.1,1.7,1.2,17.1,2.0,5.7,175.1,,11.25,37.75,,Mint Discs,no
358,Frio,Lone Star Discs,Fairway Driver,17,7,5,-1,1,Stable,https://www.marshallstreetdiscgolf.com/?s=Frio&post_type=product,https://s3.amazonaws.com/media.marshallstreetdiscgolf.com/inbounds/0000320.webp,frio,lone-star-discs,control-driver,stable,#FFA5EA,#6B834B,,,,,,,,,,,,,,,B_name_unique,medium,Frio,Lone Star Disc,"Dec 26, 2022",22-230,,21.1,1.6,1.1,17.6,1.8,5.2,175.1,,7.50,32.50,,Lone Star Disc,yes
359,Fu,Yikun,Fairway Driver,17,7,5,0,2,Stable,https://www.marshallstreetdiscgolf.com/?s=Fu&post_type=product,https://s3.amazonaws.com/media.marshallstreetdiscgolf.com/inbounds/0000096.webp,fu,yikun,control-driver,stable,#006A6E,#FF6F8C,,,,,,,,,,,,,,,B_name_unique,medium,"Fu (夸父, Kua Fu)",Yikun Discs,"Sep 8, 2020",20-70,,21.3,1.8,1.2,17.5,1.9,5.6,176.8,,9.77,28.50,,Yikun Discs,yes
360,Fudge,Clash Discs,Putter,19,2,3,0,2,Overstable,https://www.marshallstreetdiscgolf.com/?s=fudge&post_type=product,https://s3.amazonaws.com/media.marshallstreetdiscgolf.com/inbounds/0000332.webp,fudge,clash-discs,putter,overstable,#FF93E9,#2516FF,176.8,21.3,2,1.5,19.2,1.1,7,63,6.48,,,,23-87,"Mar 23, 2023",A_name_brand,high,Fudge,Clash Discs,"Mar 23, 2023",23-87,,21.3,2.0,1.5,19.2,1.1,7.0,176.8,,6.48,63.00,,Clash Discs,no
361,Fugitive,Dynamic Discs,Midrange,18,5,5,-0.5,1.5,Stable,https://www.marshallstreetdiscgolf.com/?s=Fugitive&post_type=product,https://s3.amazonaws.com/media.marshallstreetdiscgolf.com/inbounds/1130004.webp,fugitive,dynamic-discs,midrange,stable,#FFFFFF,#0082F4,180.9,21.8,2.1,1.3,19.1,1.4,6,39,7.82,,,,12-57,"Dec 7, 2012",A_name_brand,high,Fugitive,Dynamic Discs,"Dec 7, 2012",12-57,,21.8,2.1,1.3,19.1,1.4,6.0,180.9,,7.82,39.00,,Dynamic Discs,no
362,Fugitive (Supreme),Dynamic Discs,Midrange,18,5,3,0,4,Very Overstable,https://www.marshallstreetdiscgolf.com/?s=fugitive&post_type=product,https://s3.amazonaws.com/media.marshallstreetdiscgolf.com/inbounds/0000457.webp,fugitive-supreme,dynamic-discs,midrange,very-overstable,#FFFFFF,#0082F4,,,,,,,,,,,,,,,A_name_brand,high,Fugitive,Dynamic Discs,"Dec 7, 2012",12-57,,21.8,2.1,1.3,19.1,1.4,6.0,180.9,,7.82,39.00,,Dynamic Discs,no
363,Function,Discmania,Fairway Driver,17,8,6,-4,1,Very Understable,https://www.marshallstreetdiscgolf.com/?s=Function&post_type=product,https://s3.amazonaws.com/media.marshallstreetdiscgolf.com/inbounds/0000436.webp,function,discmania,control-driver,very-understable,#FFA813,#9A0C0C,176,21.2,1.8,1.1,17.4,1.9,5.2,31.75,8.98,,,,24-107,"May 20, 2024",A_name_brand,high,Function,Discmania,"May 20, 2024",24-107,,21.2,1.8,1.1,17.4,1.9,5.2,176.0,,8.98,31.75,,Discmania,no
364,Fury,Latitude 64,Fairway Driver,17,9,6,-2,2,Very Understable,https://www.marshallstreetdiscgolf.com/?s=fury&post_type=product,https://s3.amazonaws.com/media.marshallstreetdiscgolf.com/inbounds/5020310.webp,fury,latitude-64,control-driver,very-understable,#FFFFFF,#F40909,176,21.2,1.8,1.1,17.4,1.9,5.2,36.75,9.98,,,,13-30,"Apr 19, 2013",A_name_brand,high,Fury,Latitude 64,"Apr 19, 2013",13-30,,21.2,1.8,1.1,17.4,1.9,5.2,176.0,,9.98,36.75,,Latitude 64,no
365,Fuse,Latitude 64,Midrange,18,5,6,-1,0,Understable,https://www.marshallstreetdiscgolf.com/?s=fuse&post_type=product,https://s3.amazonaws.com/media.marshallstreetdiscgolf.com/inbounds/8822502.webp,fuse,latitude-64,midrange,understable,#FFFFFF,#F40909,181.8,21.9,2.1,1.3,19.3,1.3,5.9,42.5,8.28,,,,10-04,"Apr 4, 2010",A_name_brand,high,Fuse,Latitude 64,"Apr 4, 2010",10-04,,21.9,2.1,1.3,19.3,1.3,5.9,181.8,,8.28,42.50,,Latitude 64,no
366,G-One,Gateway,Distance Driver,15,12,6,-2,1,Understable,https://www.marshallstreetdiscgolf.com/?s=G-One&post_type=product,https://s3.amazonaws.com/media.marshallstreetdiscgolf.com/inbounds/0000346.webp,g-one,gateway,distance-driver,understable,#FFFFFF,#A66A17,,,,,,,,,,,,,,,A_name_brand,high,G-ONE,Gateway Disc Sports,"Feb 20, 2023",23-49,,21.1,1.7,1.2,16.4,2.3,5.7,175.1,,11.02,28.00,,Gateway Disc Sports,no
367,Galleon,Infinite Discs,Fairway Driver,17,6,3,0,5,Very Overstable,https://www.marshallstreetdiscgolf.com/?s=galleon&post_type=product,https://s3.amazonaws.com/media.marshallstreetdiscgolf.com/inbounds/0000437.webp,galleon,infinite-discs,control-driver,very-overstable,#FFFFFF,#62054C,176,21.2,2,1.2,17.8,1.7,5.7,39.5,11.02,,,,23-138,"May 15, 2023",A_name_brand,high,Galleon,Infinite Discs,"May 15, 2023",23-138,,21.2,2.0,1.2,17.8,1.7,5.7,176.0,,11.02,39.50,,Infinite Discs,no
368,Gatekeeper,Westside Discs,Midrange,18,4,5,0,2,Overstable,https://www.marshallstreetdiscgolf.com/?cat_ids%5B%5D=975&post_type=product&s=gatekeeper&variation_toggle=1,https://s3.amazonaws.com/media.marshallstreetdiscgolf.com/inbounds/1010334.webp,gatekeeper,westside-discs,midrange,overstable,#FFFFFF,#014E13,,,,,,,,,,,,,,,B_name_unique,medium,Gatekeeper,Westside Golf Discs,"Dec 28, 2018",18-93,,21.7,1.8,1.3,18.9,1.4,6.0,180.1,,9.87,41.25,,Westside Golf Discs,yes
369,Gator,Innova,Midrange,18,5,2,0,3,Very Overstable,https://www.marshallstreetdiscgolf.com/?s=gator&post_type=product,https://s3.amazonaws.com/media.marshallstreetdiscgolf.com/inbounds/8367344.webp,gator,innova,midrange,very-overstable,#2A290E,#F3EB09,,,,,,,,,,,,,,,A_name_brand,high,Gator,Innova Champion Discs,"Jan 21, 2000",00-04,,21.2,1.9,1.4,18.6,1.3,6.6,176.0,,10.32,49.50,,Innova Champion Discs,no
370,Gator3,Innova,Midrange,18,5,2,0,3,Very Overstable,https://www.marshallstreetdiscgolf.com/?s=gator3&post_type=product,https://s3.amazonaws.com/media.marshallstreetdiscgolf.com/inbounds/3367344.webp,gator3,innova,midrange,very-overstable,#2A290E,#F3EB09,,,,,,,,,,,,,,,A_name_brand,high,Gator3,Innova Champion Discs,"Jul 10, 2018",18-59,,21.2,1.8,1.4,18.2,1.5,6.6,176.0,,12.03,49.50,,Innova Champion Discs,no
371,Gauge,Legacy,Midrange,18,5,5,0,1,Stable,https://www.marshallstreetdiscgolf.com/?s=gauge&post_type=product,https://s3.amazonaws.com/media.marshallstreetdiscgolf.com/inbounds/0310313.webp,gauge,legacy,midrange,stable,#3831F0,#E43DD9,,,,,,,,,,,,,,,B_name_unique,medium,Gauge,Legacy Discs,"Sep 25, 2013",13-61,,21.8,2.2,1.4,19.4,1.2,6.4,180.9,,7.03,48.25,,Legacy Discs,yes
372,Gazelle,Innova,Fairway Driver,17,6,4,0,2,Stable,https://www.marshallstreetdiscgolf.com/?s=gazelle&post_type=product,https://s3.amazonaws.com/media.marshallstreetdiscgolf.com/inbounds/4493143.webp,gazelle,innova,control-driver,stable,#2A290E,#F3EB09,,,,,,,,,,,,,,,A_name_brand,high,Gazelle,Innova Champion Discs,"Mar 8, 1994",94-02,,21.2,1.8,1.2,18.0,1.6,5.7,176.0,,10.54,28.25,,Innova Champion Discs,no
373,Gecko,Elevation Disc Golf,Fairway Driver,17,9,4,0,3.5,Very Overstable,https://www.marshallstreetdiscgolf.com/?s=Gecko&post_type=product,https://s3.amazonaws.com/media.marshallstreetdiscgolf.com/inbounds/0000322.webp,gecko,elevation-disc-golf,control-driver,very-overstable,#FFFFFF,#6A431D,175.1,21.1,1.5,1.1,17.5,1.8,5.2,33.5,1.59,,,,23-17,"Jan 16, 2023",A_name_brand,high,Gecko,Elevation Disc Golf,"Jan 16, 2023",23-17,,21.1,1.5,1.1,17.5,1.8,5.2,175.1,,1.59,33.50,,Elevation Disc Golf,no
374,General,Dynamic Discs,Distance Driver,15,12,4,0,4,Very Overstable,https://www.marshallstreetdiscgolf.com/?s=General&post_type=product,https://s3.amazonaws.com/media.marshallstreetdiscgolf.com/inbounds/0000432.webp,general,dynamic-discs,distance-driver,very-overstable,#FFFFFF,#0082F4,175.1,21.1,1.8,1.1,16.7,2.2,5.2,29,12.16,,,,24-13,"Feb 5, 2024",A_name_brand,high,General,Dynamic Discs,"Feb 5, 2024",24-13,,21.1,1.8,1.1,16.7,2.2,5.2,175.1,,12.16,29.00,,Dynamic Discs,no
375,Genius,Discmania,Fairway Driver,17,7,5,-4,1,Very Understable,https://www.marshallstreetdiscgolf.com/?s=Genius&post_type=product,https://s3.amazonaws.com/media.marshallstreetdiscgolf.com/inbounds/0000033.webp,genius,discmania,control-driver,very-understable,#FFA813,#9A0C0C,,,,,,,,,,,,,,,A_name_brand,high,Genius (originally Sun Crow),Discmania,"Apr 3, 2019",19-34,,21.1,1.7,1.2,17.7,1.7,5.7,175.1,,12.15,29.50,,Discmania,no
376,Getaway,Dynamic Discs,Control Driver,16,9,5,-0.5,3,Overstable,https://www.marshallstreetdiscgolf.com/?s=getaway&post_type=product,https://s3.amazonaws.com/media.marshallstreetdiscgolf.com/inbounds/0405799.webp,getaway,dynamic-discs,hybrid-driver,overstable,#FFFFFF,#0082F4,175.1,21.1,1.8,1.1,17.1,2,5.2,28.75,11,,,,17-122,"Dec 4, 2017",A_name_brand,high,Getaway,Dynamic Discs,"Dec 4, 2017",17-122,,21.1,1.8,1.1,17.1,2.0,5.2,175.1,,11.00,28.75,,Dynamic Discs,no
377,Ghost,Legacy,Midrange,18,4,5,0,3,Overstable,https://www.marshallstreetdiscgolf.com/?s=ghost&post_type=product,https://s3.amazonaws.com/media.marshallstreetdiscgolf.com/inbounds/8109139.webp,ghost,legacy,midrange,overstable,#3831F0,#E43DD9,,,,,,,,,,,,,,,B_name_unique,medium,Ghost,Legacy Discs,"May 13, 2012",12-22,,21.7,2.0,1.3,19.3,1.2,6.0,180.1,,5.44,42.75,,Legacy Discs,yes
378,Giant,Westside Discs,Distance Driver,15,13,4,0,3.5,Overstable,https://www.marshallstreetdiscgolf.com/?s=giant&post_type=product,https://s3.amazonaws.com/media.marshallstreetdiscgolf.com/inbounds/8363222.webp,giant,westside-discs,distance-driver,overstable,#FFFFFF,#014E13,,,,,,,,,,,,,,,B_name_unique,medium,Giant (Vipunen1),Westside Golf Discs,"Mar 25, 2012",12-16,,21.1,1.7,1.2,16.6,2.3,5.7,175.1,,10.89,29.25,,Westside Golf Discs,yes
379,Ginger,Clash Discs,Fairway Driver,17,9,4,0,2,Overstable,https://www.marshallstreetdiscgolf.com/?s=Ginger&post_type=product,https://s3.amazonaws.com/media.marshallstreetdiscgolf.com/inbounds/0000214.webp,ginger,clash-discs,control-driver,overstable,#FF93E9,#2516FF,177.6,21.4,1.7,1.3,17.6,1.9,6.1,26.5,11.48,,,,22-1,"Jan 10, 2022",A_name_brand,high,Ginger,Clash Discs,"Jan 10, 2022",22-1,,21.4,1.7,1.3,17.6,1.9,6.1,177.6,,11.48,26.50,,Clash Discs,no
380,Glacier,Discmania,Midrange,18,5,5,0,2,Overstable,https://www.marshallstreetdiscgolf.com/?s=glacier&post_type=product,https://s3.amazonaws.com/media.marshallstreetdiscgolf.com/inbounds/0000523.webp,glacier,discmania,midrange,overstable,#FFA813,#9A0C0C,180.1,21.7,1.8,1.3,18.9,1.4,6,37.25,11.25,,,,25-15,"Jan 23, 2025",A_name_brand,high,Glacier,Discmania,"Jan 23, 2025",25-15,,21.7,1.8,1.3,18.9,1.4,6.0,180.1,,11.25,37.25,,Discmania,no
381,Gladiator,Latitude 64,Distance Driver,15,13,5,0,3.5,Overstable,https://www.marshallstreetdiscgolf.com/?s=gladiator&post_type=product,https://s3.amazonaws.com/media.marshallstreetdiscgolf.com/inbounds/6959153.webp,gladiator,latitude-64,distance-driver,overstable,#FFFFFF,#F40909,175.1,21.1,1.7,1.1,16.5,2.3,5.2,28.5,12.02,,,,16-77,"Dec 7, 2016",A_name_brand,high,Gladiator,Latitude 64,"Dec 7, 2016",16-77,,21.1,1.7,1.1,16.5,2.3,5.2,175.1,,12.02,28.50,,Latitude 64,no
382,Glide,Discraft,Midrange,18,6,5,-3,2,Understable,https://www.marshallstreetdiscgolf.com/product-category/manufacturers/discraft,https://s3.amazonaws.com/media.marshallstreetdiscgolf.com/inbounds/6995153.webp,glide,discraft,midrange,understable,#FF3737,#000000,,,,,,,,,,,,,,,A_name_brand,high,Glide (Ace Race 2004),Discraft,"Oct 6, 2004",04-11,,21.5,2.0,1.3,18.6,1.5,6.0,178.5,,11.11,36.50,,Discraft,no
383,Glitch,MVP,Putter,19,1,7,0,0,Stable,https://www.marshallstreetdiscgolf.com/?s=glitch&post_type=product,https://s3.amazonaws.com/media.marshallstreetdiscgolf.com/inbounds/0000264.webp,glitch,mvp,putter,stable,#000000,#9BF2FF,,,,,,,,,,,,,,,A_name_brand,high,Glitch,MVP Disc Sports,"Jun 27, 2022",22-115,,21.2,2.0,1.6,19.5,0.8,7.5,176.0,,3.41,66.50,,MVP Disc Sports,no
384,Glory,Latitude 64,Fairway Driver,17,7,5,0,3,Overstable,https://www.marshallstreetdiscgolf.com/?s=glory&post_type=product,https://s3.amazonaws.com/media.marshallstreetdiscgolf.com/inbounds/0000255.webp,glory,latitude-64,control-driver,overstable,#FFFFFF,#F40909,,,,,,,,,,,,,,,A_name_brand,high,Glory (Royal Prototype),Latitude 64,"Nov 22, 2021",21-132,,21.2,1.8,1.1,17.6,1.8,5.2,176.0,,11.70,33.00,,Latitude 64,no
385,Glyph,Infinite Discs,Putter,19,1,5,0,1,Stable,https://www.marshallstreetdiscgolf.com/?s=glyph&post_type=product,https://s3.amazonaws.com/media.marshallstreetdiscgolf.com/inbounds/0000448.webp,glyph,infinite-discs,putter,stable,#FFFFFF,#62054C,176,21.2,1.9,1.5,19.7,0.7,7.1,90.25,4.43,,,,24-74,"Apr 15, 2024",A_name_brand,high,Glyph,Infinite Discs,"Apr 15, 2024",24-74,,21.2,1.9,1.5,19.7,0.7,7.1,176.0,,4.43,90.25,,Infinite Discs,no
386,Gnome,Sacred Discs,Putter,19,2,3,0,1,Stable,https://www.marshallstreetdiscgolf.com/?s=gnome&post_type=product,https://s3.amazonaws.com/media.marshallstreetdiscgolf.com/inbounds/0000364.webp,gnome,sacred-discs,putter,stable,#0E1774,#B4CDFF,176,21.2,1.9,1.4,19.2,1,6.6,53.25,5.11,,,,23-141,"May 15, 2023",A_name_brand,high,Gnome,Sacred Discs,"May 15, 2023",23-141,,21.2,1.9,1.4,19.2,1.0,6.6,176.0,,5.11,53.25,,Sacred Discs,no
387,Goat,Mint Discs,Distance Driver,15,12,4,-1,3,Stable,https://www.marshallstreetdiscgolf.com/?s=Goat&post_type=product,https://s3.amazonaws.com/media.marshallstreetdiscgolf.com/inbounds/0000167.webp,goat,mint-discs,distance-driver,stable,#FFFFFF,#F4933E,,,,,,,,,,,,,,,A_name_brand,high,"Goat (aka G.O.A.T, aka The GOAT, aka The Greatest of All Time)",Mint Discs,"Dec 27, 2021",21-157,,21.2,1.7,1.2,16.6,2.3,5.7,176.0,,10.11,27.00,,Mint Discs,no
388,Goat (Eternal),Mint Discs,Distance Driver,15,12,4,0,4,Overstable,https://www.marshallstreetdiscgolf.com/?s=Goat&post_type=product,https://s3.amazonaws.com/media.marshallstreetdiscgolf.com/inbounds/0000167.webp,goat-eternal,mint-discs,distance-driver,overstable,#FFFFFF,#F4933E,,,,,,,,,,,,,,,A_name_brand,high,"Goat (aka G.O.A.T, aka The GOAT, aka The Greatest of All Time)",Mint Discs,"Dec 27, 2021",21-157,,21.2,1.7,1.2,16.6,2.3,5.7,176.0,,10.11,27.00,,Mint Discs,no
389,Golem,Other,Putter,19,4,3,0,2.5,Very Overstable,https://www.marshallstreetdiscgolf.com/product/golem-stayput,https://s3.amazonaws.com/media.marshallstreetdiscgolf.com/inbounds/0000153.webp,golem,other,putter,very-overstable,#000000,#E5FFAA,,,,,,,,,,,,,,,B_name_unique,medium,Golem,Divergent Discs,"Oct 14, 2021",21-109,,21.2,1.7,1.4,18.8,1.2,6.6,176.0,,2.39,47.50,,Divergent Discs,yes
390,Gorgon,Innova,Control Driver,16,10,6,-2,1,Understable,https://www.marshallstreetdiscgolf.com/?s=gorgon&post_type=product,https://s3.amazonaws.com/media.marshallstreetdiscgolf.com/inbounds/0000441.webp,gorgon,innova,hybrid-driver,understable,#2A290E,#F3EB09,,,,,,,,,,,,,,,A_name_brand,high,Gorgon,Innova Champion Discs,"May 20, 2024",24-104,,21.2,1.6,1.1,16.9,2.1,5.2,176.0,,10.11,34.75,,Innova Champion Discs,no
391,Gorgon (GStar),Innova,Control Driver,16,10,6,-3,1,Understable,https://www.marshallstreetdiscgolf.com/?s=gorgon&post_type=product,https://s3.amazonaws.com/media.marshallstreetdiscgolf.com/inbounds/0000441.webp,gorgon-gstar,innova,hybrid-driver,understable,#2A290E,#F3EB09,,,,,,,,,,,,,,,A_name_brand,high,Gorgon,Innova Champion Discs,"May 20, 2024",24-104,,21.2,1.6,1.1,16.9,2.1,5.2,176.0,,10.11,34.75,,Innova Champion Discs,no
392,Gote,Kastaplast,Midrange,18,4,5,0,1,Stable,https://www.marshallstreetdiscgolf.com/?s=Gote&post_type=product,https://s3.amazonaws.com/media.marshallstreetdiscgolf.com/inbounds/0000014.webp,gote,kastaplast,midrange,stable,#000000,#21F1B9,,,,,,,,,,,,,,,A_name_brand,high,Göte,Kastaplast,"Nov 4, 2018",18-75,,21.9,2.1,1.3,19.3,1.3,5.9,181.8,,7.14,42.25,,Kastaplast,no
393,Gou,Yikun,Fairway Driver,17,8,5,-3.5,1,Very Understable,https://www.marshallstreetdiscgolf.com/?s=gou&post_type=product,https://s3.amazonaws.com/media.marshallstreetdiscgolf.com/inbounds/0165753.webp,gou,yikun,control-driver,very-understable,#006A6E,#FF6F8C,,,,,,,,,,,,,,,unmatched,none,,,,,,,,,,,,,,,,,,
394,Grace,Latitude 64,Control Driver,16,11,6,-1,2,Stable,https://www.marshallstreetdiscgolf.com/?s=grace&post_type=product,https://s3.amazonaws.com/media.marshallstreetdiscgolf.com/inbounds/0000100.webp,grace,latitude-64,hybrid-driver,stable,#FFFFFF,#F40909,,,,,,,,,,,,,,,A_name_brand,high,Grace (Royal Prototype),Latitude 64,"Dec 14, 2020",20-94,,21.1,1.6,1.1,16.6,2.2,5.2,175.1,,11.93,30.50,,Latitude 64,no
395,Grackle,Mint Discs,Fairway Driver,17,7,5,-1,2,Stable,https://www.marshallstreetdiscgolf.com/?s=Grackle&post_type=product,https://s3.amazonaws.com/media.marshallstreetdiscgolf.com/inbounds/0000260.webp,grackle,mint-discs,control-driver,stable,#FFFFFF,#F4933E,176.8,21.3,1.6,1.2,17.5,1.9,5.6,33.75,9.55,,,,21-44,"Apr 5, 2021",A_name_brand,high,Grackle,Mint Discs,"Apr 5, 2021",21-44,,21.3,1.6,1.2,17.5,1.9,5.6,176.8,,9.55,33.75,,Mint Discs,no
396,Grizzly,Daredevil Discs,Midrange,18,4,4,0,2,Overstable,https://www.marshallstreetdiscgolf.com/product/grizzly,https://s3.amazonaws.com/media.marshallstreetdiscgolf.com/inbounds/0865915.webp,grizzly,daredevil-discs,midrange,overstable,#FFFFFF,#515151,181.8,21.9,2,1.3,19.3,1.3,5.9,42.25,6.92,,,,07-31,"Jun 12, 2007",A_name_brand,high,Grizzly,Daredevil Discs,"Jun 12, 2007",07-31,,21.9,2.0,1.3,19.3,1.3,5.9,181.8,,6.92,42.25,,Daredevil Discs,no
397,Groove,Innova,Distance Driver,15,13,6,-2,2,Overstable,https://www.marshallstreetdiscgolf.com/?s=groove&post_type=product,https://s3.amazonaws.com/media.marshallstreetdiscgolf.com/inbounds/9756547.webp,groove,innova,distance-driver,overstable,#2A290E,#F3EB09,,,,,,,,,,,,,,,A_name_brand,high,Groove,Innova Champion Discs,"Dec 5, 2008",08-37,,21.1,1.7,1.2,16.3,2.4,5.7,175.1,,10.21,28.00,,Innova Champion Discs,no
398,Growler,Lone Star Discs,Distance Driver,15,12,6,-3,2,Understable,https://www.marshallstreetdiscgolf.com/?s=Growler&post_type=product,https://s3.amazonaws.com/media.marshallstreetdiscgolf.com/inbounds/0000391.webp,growler,lone-star-discs,distance-driver,understable,#FFA5EA,#6B834B,,,,,,,,,,,,,,,B_name_unique,medium,Growler,Lone Star Disc,"Jul 31, 2023",23-198,,21.1,1.8,1.1,16.6,2.3,5.2,175.1,,7.50,27.00,,Lone Star Disc,yes
399,Grym (OOP),Kastaplast,Distance Driver,15,13,5,-2,2,Overstable,https://www.marshallstreetdiscgolf.com/?s=Grym&post_type=product,https://s3.amazonaws.com/media.marshallstreetdiscgolf.com/inbounds/9756546.webp,grym-oop,kastaplast,distance-driver,overstable,#000000,#21F1B9,,,,,,,,,,,,,,,A_name_brand,high,Grym,Kastaplast,"Jun 26, 2015",15-59,,21.1,1.8,1.1,16.7,2.2,5.2,175.1,,9.85,26.25,,Kastaplast,no
400,Grym X (OOP),Kastaplast,Distance Driver,15,12,5,-1,3,Overstable,https://www.marshallstreetdiscgolf.com/?s=grym+x&post_type=product,https://s3.amazonaws.com/media.marshallstreetdiscgolf.com/inbounds/9756549.webp,grym-x-oop,kastaplast,distance-driver,overstable,#000000,#21F1B9,,,,,,,,,,,,,,,A_name_brand,high,Grym X,Kastaplast,"Apr 6, 2016",16-26,,21.2,1.6,1.1,16.9,2.2,5.2,176.0,,10.21,26.00,,Kastaplast,no
401,Guadalupe,Lone Star Discs,Fairway Driver,17,7,6,-2,2,Understable,https://www.marshallstreetdiscgolf.com/?s=guadalupe&post_type=product,https://s3.amazonaws.com/media.marshallstreetdiscgolf.com/inbounds/0000193.webp,guadalupe,lone-star-discs,control-driver,understable,#FFA5EA,#6B834B,,,,,,,,,,,,,,,unmatched,none,,,,,,,,,,,,,,,,,,
402,Guard,Dynamic Discs,Putter,19,2,5,0,0.5,Stable,https://www.marshallstreetdiscgolf.com/?s=guard&post_type=product,https://s3.amazonaws.com/media.marshallstreetdiscgolf.com/inbounds/1010995.webp,guard,dynamic-discs,putter,stable,#FFFFFF,#0082F4,174.3,21,2.1,1.6,19.1,0.9,7.6,90,7.84,,,,18-76,"Nov 4, 2018",A_name_brand,high,Guard,Dynamic Discs,"Nov 4, 2018",18-76,,21.0,2.1,1.6,19.1,0.9,7.6,174.3,,7.84,90.00,,Dynamic Discs,no
403,Guava,Clash Discs,Midrange,18,5,5,0,2,Overstable,https://www.marshallstreetdiscgolf.com/?s=guava&post_type=product,https://s3.amazonaws.com/media.marshallstreetdiscgolf.com/inbounds/0000466.webp,guava,clash-discs,midrange,overstable,#FF93E9,#2516FF,177.6,21.4,1.9,1.4,18.7,1.4,6.5,43.5,7.39,,,,23-193,"Jul 24, 2023",A_name_brand,high,Guava,Clash Discs,"Jul 24, 2023",23-193,,21.4,1.9,1.4,18.7,1.4,6.5,177.6,,7.39,43.50,,Clash Discs,no
404,Gui,Yikun,Putter,19,2,3,0,2,Overstable,https://www.marshallstreetdiscgolf.com/?s=gui&post_type=product,https://s3.amazonaws.com/media.marshallstreetdiscgolf.com/inbounds/9756548.webp,gui,yikun,putter,overstable,#006A6E,#FF6F8C,,,,,,,,,,,,,,,unmatched,none,,,,,,,,,,,,,,,,,,
405,Guld,Kastaplast,Distance Driver,15,13,5,-0.5,3,Overstable,https://www.marshallstreetdiscgolf.com/?s=Guld&post_type=product,https://s3.amazonaws.com/media.marshallstreetdiscgolf.com/inbounds/0000243.webp,guld,kastaplast,distance-driver,overstable,#000000,#21F1B9,175.1,21.1,1.8,1.2,16.5,2.3,5.7,28.75,9.89,,,,22-89,"May 16, 2022",A_name_brand,high,Guld,Kastaplast,"May 16, 2022",22-89,,21.1,1.8,1.2,16.5,2.3,5.7,175.1,,9.89,28.75,,Kastaplast,no
406,Gumbputt,DGA,Putter,19,2,2,0,2,Overstable,https://www.marshallstreetdiscgolf.com/?s=gumbputt&post_type=product,https://s3.amazonaws.com/media.marshallstreetdiscgolf.com/inbounds/9772244.webp,gumbputt,dga,putter,overstable,#2876FF,#272727,,,,,,,,,,,,,,,B_name_unique,medium,Gumbputt,Disc Golf Association,"Jan 1, 1986",86-04,Vintage Class,21.7,2.2,1.9,20.2,0.7,8.8,180.1,145.4,2.72,86.75,,Disc Golf Association,yes
407,H1 (V2),Prodigy,Control Driver,16,10,4,0,3,Overstable,https://www.marshallstreetdiscgolf.com/product/prodigy-h1-v2-400,https://s3.amazonaws.com/media.marshallstreetdiscgolf.com/inbounds/7797971.webp,h1-v2,prodigy,hybrid-driver,overstable,#000000,#10A259,,,,,,,,,,,,,,,A_name_brand,high,H1 (retooled H1),Prodigy Disc,"Feb 8, 2018",18-15,,21.4,1.6,1.2,17.4,2.0,5.6,177.6,,9.19,28.00,,Prodigy Disc,no
408,H2 (V2),Prodigy,Control Driver,16,10,4,-1,3,Overstable,https://www.marshallstreetdiscgolf.com/?s=h2&post_type=product,https://s3.amazonaws.com/media.marshallstreetdiscgolf.com/inbounds/7797970.webp,h2-v2,prodigy,hybrid-driver,overstable,#000000,#10A259,,,,,,,,,,,,,,,A_name_brand,high,H2,Prodigy Disc,"Sep 26, 2014",14-76,,21.3,1.7,1.2,17.5,1.9,5.6,176.8,,8.05,30.75,,Prodigy Disc,no
409,H3 (V2),Prodigy,Control Driver,16,10,5,-1,1,Stable,https://www.marshallstreetdiscgolf.com/?s=h3+v2&post_type=product,https://s3.amazonaws.com/media.marshallstreetdiscgolf.com/inbounds/7797973.webp,h3-v2,prodigy,hybrid-driver,stable,#000000,#10A259,,,,,,,,,,,,,,,A_name_brand,high,H3,Prodigy Disc,"Feb 25, 2015",15-29,,21.3,1.7,1.2,17.3,2.0,5.6,176.8,,9.30,34.50,,Prodigy Disc,no
410,H4 (V2),Prodigy,Control Driver,16,10,5,-2,1,Understable,https://www.marshallstreetdiscgolf.com/?s=h4+v2&post_type=product,https://s3.amazonaws.com/media.marshallstreetdiscgolf.com/inbounds/0000217.webp,h4-v2,prodigy,hybrid-driver,understable,#000000,#10A259,,,,,,,,,,,,,,,A_name_brand,high,H4,Prodigy Disc,"Sep 26, 2014",14-77,,21.3,1.8,1.2,17.4,1.9,5.6,176.8,,8.73,41.75,,Prodigy Disc,no
411,H5,Prodigy,Control Driver,16,10,5,-3,1,Understable,https://www.marshallstreetdiscgolf.com/?s=h5&post_type=product,https://s3.amazonaws.com/media.marshallstreetdiscgolf.com/inbounds/L7997975.webp,h5,prodigy,hybrid-driver,understable,#000000,#10A259,,,,,,,,,,,,,,,A_name_brand,high,H5,Prodigy Disc,"Feb 8, 2018",18-17,,21.3,1.7,1.2,17.4,2.0,5.6,176.8,,9.30,37.50,,Prodigy Disc,no
412,H7,Prodigy,Control Driver,16,10,5,-4,1,Very Understable,https://www.marshallstreetdiscgolf.com/?s=h7&post_type=product,https://s3.amazonaws.com/media.marshallstreetdiscgolf.com/inbounds/0000245.webp,h7,prodigy,hybrid-driver,very-understable,#000000,#10A259,,,,,,,,,,,,,,,A_name_brand,high,H7,Prodigy Disc,"Apr 4, 2022",22-47,,21.1,2.0,1.1,17.2,1.9,5.2,175.1,,10.34,31.25,,Prodigy Disc,no
413,Hades,Discraft,Distance Driver,15,12,6,-3,2,Understable,https://www.marshallstreetdiscgolf.com/?s=hades&post_type=product,https://s3.amazonaws.com/media.marshallstreetdiscgolf.com/inbounds/0000009.webp,hades,discraft,distance-driver,understable,#FF3737,#000000,174.3,21,1.6,1.1,16.5,2.3,5.2,30,11.93,,,,20-20,"Mar 5, 2020",A_name_brand,high,Hades,Discraft,"Mar 5, 2020",20-20,,21.0,1.6,1.1,16.5,2.3,5.2,174.3,,11.93,30.00,,Discraft,no
414,Hallux,Discraft,Control Driver,16,10,5,0,3,Overstable,,,hallux,discraft,hybrid-driver,overstable,#FF3737,#000000,,,,,,,,,,,,,,,A_name_brand,high,Hallux (RW-0925-D),Discraft,"Sep 22, 2025",25-147,,21.4,1.7,1.1,17.6,1.9,5.1,177.6,,10.80,32.25,,Discraft,no
415,Halo,Latitude 64,Distance Driver,15,13,5,-0.5,3,Stable,https://www.marshallstreetdiscgolf.com/?s=halo&post_type=product,https://s3.amazonaws.com/media.marshallstreetdiscgolf.com/inbounds/0070453.webp,halo,latitude-64,distance-driver,stable,#FFFFFF,#F40909,176,21.2,1.4,1.1,16.3,2.4,5.2,26.25,11.11,,,,09-30,"Dec 3, 2009",A_name_brand,high,Halo,Latitude 64,"Dec 3, 2009",09-30,,21.2,1.4,1.1,16.3,2.4,5.2,176.0,,11.11,26.25,,Latitude 64,no
416,Hammer,Yikun,Approach Discs,20,2,2.5,0,3,Overstable,https://www.marshallstreetdiscgolf.com/?s=hammer&post_type=product,https://s3.amazonaws.com/media.marshallstreetdiscgolf.com/inbounds/4211127.webp,hammer,yikun,approach-discs,overstable,#006A6E,#FF6F8C,,,,,,,,,,,,,,,C_name_ambiguous,needs_review,,,,,,,,,,,,,,,,,,
417,Harp,Westside Discs,Midrange,18,4,3,0,3,Very Overstable,https://www.marshallstreetdiscgolf.com/?s=harp&post_type=product,https://s3.amazonaws.com/media.marshallstreetdiscgolf.com/inbounds/1110113.webp,harp,westside-discs,midrange,very-overstable,#FFFFFF,#014E13,,,,,,,,,,,,,,,B_name_unique,medium,Harp (Kannel1),Westside Golf Discs,"Oct 28, 2013",13-67,,21.2,1.6,1.4,19.0,1.1,6.6,176.0,,11.79,65.00,,Westside Golf Discs,yes
418,Harpoon,Lone Star Discs,Approach Discs,20,4,3,0,2,Overstable,https://www.marshallstreetdiscgolf.com/?s=harpoon&post_type=product,https://s3.amazonaws.com/media.marshallstreetdiscgolf.com/inbounds/0000301.webp,harpoon,lone-star-discs,approach-discs,overstable,#FFA5EA,#6B834B,,,,,,,,,,,,,,,unmatched,none,,,,,,,,,,,,,,,,,,
419,Harrier,Lone Star Discs,Distance Driver,15,12,6,-3,2,Very Understable,https://www.marshallstreetdiscgolf.com/?s=Harrier&post_type=product,https://s3.amazonaws.com/media.marshallstreetdiscgolf.com/inbounds/0000367.webp,harrier,lone-star-discs,distance-driver,very-understable,#FFA5EA,#6B834B,,,,,,,,,,,,,,,B_name_unique,medium,Harrier,Lone Star Disc,"Feb 20, 2023",23-53,,21.1,1.7,1.2,16.5,2.3,5.7,175.1,,6.93,27.50,,Lone Star Disc,yes
420,Hatchet,Westside Discs,Fairway Driver,17,9,6,-2,1,Understable,https://www.marshallstreetdiscgolf.com/?s=hatchet&post_type=product,https://s3.amazonaws.com/media.marshallstreetdiscgolf.com/inbounds/1110114.webp,hatchet,westside-discs,control-driver,understable,#FFFFFF,#014E13,,,,,,,,,,,,,,,B_name_unique,medium,Hatchet (Sotakipves1),Westside Golf Discs,"Oct 28, 2013",13-68,,21.3,2.0,1.2,17.6,1.9,5.6,176.8,,8.96,27.00,,Westside Golf Discs,yes
421,Havoc,Latitude 64,Distance Driver,15,13,5,-1,3,Stable,https://www.marshallstreetdiscgolf.com/?s=havoc&post_type=product,https://s3.amazonaws.com/media.marshallstreetdiscgolf.com/inbounds/5576048.webp,havoc,latitude-64,distance-driver,stable,#FFFFFF,#F40909,175.1,21.1,1.7,1.1,16.6,2.3,5.2,28,12.02,,,,11-02,"Jan 10, 2011",A_name_brand,high,Havoc,Latitude 64,"Jan 10, 2011",11-02,,21.1,1.7,1.1,16.6,2.3,5.2,175.1,,12.02,28.00,,Latitude 64,no
422,Hawg,Innova,Approach Discs,20,2,1,0,3.5,Very Overstable,https://www.marshallstreetdiscgolf.com/?s=hawg&post_type=product,https://s3.amazonaws.com/media.marshallstreetdiscgolf.com/inbounds/8285048.webp,hawg,innova,approach-discs,very-overstable,#2A290E,#F3EB09,,,,,,,,,,,,,,,A_name_brand,high,Hawg,Innova Champion Discs,"Mar 27, 2015",15-34,,21.2,2.0,1.3,18.8,1.2,6.1,176.0,,8.16,71.50,,Innova Champion Discs,no
423,Hawk,Discraft,Midrange,18,4,3,-2,2,Understable,https://www.marshallstreetdiscgolf.com/?s=hawk&post_type=product,https://s3.amazonaws.com/media.marshallstreetdiscgolf.com/inbounds/8285049.webp,hawk,discraft,midrange,understable,#FF3737,#000000,,,,,,,,,,,,,,,unmatched,none,,,,,,,,,,,,,,,,,,
424,Hawkeye,Innova,Fairway Driver,17,7,5,-1,1,Understable,https://www.marshallstreetdiscgolf.com/?s=hawkeye&post_type=product,https://s3.amazonaws.com/media.marshallstreetdiscgolf.com/inbounds/0000149.webp,hawkeye,innova,control-driver,understable,#2A290E,#F3EB09,,,,,,,,,,,,,,,A_name_brand,high,Hawkeye,Innova Champion Discs,"Jan 24, 2022",22-15,,21.1,1.7,1.2,17.5,1.8,5.7,175.1,,11.14,35.75,,Innova Champion Discs,no
425,Heat,Discraft,Fairway Driver,17,9,6,-3,1,Very Understable,https://www.marshallstreetdiscgolf.com/?s=heat&post_type=product,https://s3.amazonaws.com/media.marshallstreetdiscgolf.com/inbounds/6451075.webp,heat,discraft,control-driver,very-understable,#FF3737,#000000,,,,,,,,,,,,,,,A_name_brand,high,Heat (Ace Race 2014),Discraft,"Oct 23, 2014",14-83,,21.1,2.1,1.2,17.2,1.9,5.7,175.1,,11.00,29.50,,Discraft,no
426,Heist,Dynamic Discs,Distance Driver,15,12,5,-1.5,2,Stable,https://www.marshallstreetdiscgolf.com/?s=heist&post_type=product,https://s3.amazonaws.com/media.marshallstreetdiscgolf.com/inbounds/0000510.webp,heist,dynamic-discs,distance-driver,stable,#FFFFFF,#0082F4,175.1,21.1,1.7,1.1,16.7,2.2,5.2,28.75,9.89,,,,25-63,"Apr 21, 2025",A_name_brand,high,Heist,Dynamic Discs,"Apr 21, 2025",25-63,,21.1,1.7,1.1,16.7,2.2,5.2,175.1,,9.89,28.75,,Dynamic Discs,no
427,Helio Vela,Millennium,Fairway Driver,17,7,4,-0.5,3,Overstable,https://www.marshallstreetdiscgolf.com/?s=Helio+Vela&post_type=product,https://s3.amazonaws.com/media.marshallstreetdiscgolf.com/inbounds/0000340.webp,helio-vela,millennium,control-driver,overstable,#000000,#FF0974,,,,,,,,,,,,,,,unmatched,none,,,,,,,,,,,,,,,,,,
428,Hellbender,Daredevil Discs,Approach Discs,20,4,4,0,2,Overstable,https://www.marshallstreetdiscgolf.com/?s=Hellbender&post_type=product,https://s3.amazonaws.com/media.marshallstreetdiscgolf.com/inbounds/0000309.webp,hellbender,daredevil-discs,approach-discs,overstable,#FFFFFF,#515151,176,21.2,1.7,1.3,19,1.1,6.1,60.5,8.52,,,,22-124,"Jul 11, 2022",A_name_brand,high,Hellbender (Salamander variant),Daredevil Discs,"Nov 21, 2022",22-208,,21.2,1.7,1.3,19.0,1.1,6.1,176.0,,7.73,60.50,,Daredevil Discs,no
429,Hellbender (Razorback),Daredevil Discs,Approach Discs,20,4,3,0,3,Overstable,https://www.marshallstreetdiscgolf.com/?s=Hellbender&post_type=product,https://s3.amazonaws.com/media.marshallstreetdiscgolf.com/inbounds/0000310.webp,hellbender-razorback,daredevil-discs,approach-discs,overstable,#FFFFFF,#515151,,,,,,,,,,,,,,,A_name_brand,high,Hellbender (Salamander variant),Daredevil Discs,"Nov 21, 2022",22-208,,21.2,1.7,1.3,19.0,1.1,6.1,176.0,,7.73,60.50,,Daredevil Discs,no
430,Hellfire,DGA,Fairway Driver,17,10,3,0,5,Very Overstable,https://www.marshallstreetdiscgolf.com/?s=hellfire&post_type=product,https://s3.amazonaws.com/media.marshallstreetdiscgolf.com/inbounds/8221371.webp,hellfire,dga,control-driver,very-overstable,#2876FF,#272727,,,,,,,,,,,,,,,B_name_unique,medium,Hellfire,Disc Golf Association,"Apr 20, 2015",15-40,,21.1,1.6,1.2,16.7,2.2,5.7,175.1,,10.43,29.25,,Disc Golf Association,yes
431,Hex,Axiom Discs,Midrange,18,5,5,-1,1,Stable,https://www.marshallstreetdiscgolf.com/?s=Hex&post_type=product,https://s3.amazonaws.com/media.marshallstreetdiscgolf.com/inbounds/0000406.webp,hex,axiom-discs,midrange,stable,#000000,#FF9595,177.6,21.4,1.6,1.3,18.5,1.4,6.1,45,11.59,,,,21-20,"Feb 22, 2021",A_name_brand,high,Hex,Axiom Discs,"Feb 22, 2021",21-20,,21.4,1.6,1.3,18.5,1.4,6.1,177.6,,11.59,45.00,,Axiom Discs,no
432,Honor,Latitude 64,Fairway Driver,17,9,5,0,2.5,Stable,https://www.marshallstreetdiscgolf.com/?s=Honor&post_type=product,https://s3.amazonaws.com/media.marshallstreetdiscgolf.com/inbounds/0000325.webp,honor,latitude-64,control-driver,stable,#FFFFFF,#F40909,176,21.2,1.8,1.1,17.4,1.9,5.2,31.75,10.23,,,,22-223,"Dec 12, 2022",A_name_brand,high,Honor,Latitude 64,"Dec 12, 2022",22-223,,21.2,1.8,1.1,17.4,1.9,5.2,176.0,,10.23,31.75,,Latitude 64,no
433,Hope,Latitude 64,Putter,19,2,3,0,1,Stable,https://www.marshallstreetdiscgolf.com/?s=hope&post_type=product,https://s3.amazonaws.com/media.marshallstreetdiscgolf.com/inbounds/0000170.webp,hope,latitude-64,putter,stable,#FFFFFF,#F40909,,,,,,,,,,,,,,,A_name_brand,high,Hope (Royal Prototype),Latitude 64,"Oct 25, 2021",21-115,,21.2,2.0,1.5,19.0,1.1,7.1,176.0,,7.61,62.75,,Latitude 64,no
434,Hornet,Discraft,Midrange,18,5,5,0,4,Very Overstable,https://www.marshallstreetdiscgolf.com/?fade=4&fade_end=4&post_type=product&s=hornet&variation_toggle=1,https://s3.amazonaws.com/media.marshallstreetdiscgolf.com/inbounds/2932834.webp,hornet,discraft,midrange,very-overstable,#FF3737,#000000,,,,,,,,,,,,,,,A_name_brand,high,Hornet (Ace Race 2010),Discraft,"Nov 19, 2010",10-38,,21.5,1.9,1.3,18.9,1.3,6.0,178.5,,7.94,41.50,,Discraft,no
435,Horny Toad,Lone Star Discs,Approach Discs,20,4,3,0,3,Very Overstable,https://www.marshallstreetdiscgolf.com/?s=Horny+Toad&post_type=product,https://s3.amazonaws.com/media.marshallstreetdiscgolf.com/inbounds/0000390.webp,horny-toad,lone-star-discs,approach-discs,very-overstable,#FFA5EA,#6B834B,,,,,,,,,,,,,,,B_name_unique,medium,Horny Toad,Lone Star Disc,"Jul 31, 2023",23-199,,21.1,2.0,1.4,18.9,1.1,6.6,175.1,,7.73,69.25,,Lone Star Disc,yes
436,Houdini,Gateway,Putter,19,3,3,0,3,Overstable,https://www.marshallstreetdiscgolf.com/?s=Houdini&post_type=product,https://s3.amazonaws.com/media.marshallstreetdiscgolf.com/inbounds/0000324.webp,houdini,gateway,putter,overstable,#FFFFFF,#A66A17,,,,,,,,,,,,,,,A_name_brand,high,Houdini,Gateway Disc Sports,"Feb 20, 2023",23-50,,21.2,1.9,1.5,18.8,1.2,7.1,176.0,,7.95,55.75,,Gateway Disc Sports,no
437,Houston,Lone Star Discs,Midrange,18,5,5,0,2,Overstable,https://www.marshallstreetdiscgolf.com/?s=houston&post_type=product,https://s3.amazonaws.com/media.marshallstreetdiscgolf.com/inbounds/0000444.webp,houston,lone-star-discs,midrange,overstable,#FFA5EA,#6B834B,,,,,,,,,,,,,,,B_name_unique,medium,Houston,Lone Star Disc,"May 10, 2024",24-102,,21.5,1.9,1.4,18.8,1.4,6.5,178.5,,7.50,38.25,,Lone Star Disc,yes
438,Hu,Yikun,Fairway Driver,17,9,5,-2,2,Understable,https://www.marshallstreetdiscgolf.com/?s=hu&post_type=product,https://s3.amazonaws.com/media.marshallstreetdiscgolf.com/inbounds/0583901.webp,hu,yikun,control-driver,understable,#006A6E,#FF6F8C,,,,,,,,,,,,,,,B_name_unique,medium,Hu (九尾狐),Yikun Discs,"May 13, 2014",14-46,,21.2,1.8,1.1,17.4,1.9,5.2,176.0,,11.34,31.75,,Yikun Discs,yes
439,Huia,RPM,Fairway Driver,17,7,5,0,2,Overstable,https://www.marshallstreetdiscgolf.com/?s=Huia&post_type=product,https://s3.amazonaws.com/media.marshallstreetdiscgolf.com/inbounds/1010230.webp,huia,rpm,control-driver,overstable,#1FBE25,#434343,,,,,,,,,,,,,,,B_name_unique,medium,Huia (DGFD1),RPM Discs/Disc Golf Aotearoa,"Jan 31, 2019",19-10,,21.2,1.9,1.2,17.5,1.8,5.7,176.0,,11.59,33.75,,RPM Discs/Disc Golf Aotearoa,yes
440,Hunter,Legacy,Putter,19,2,3.5,0,0,Stable,https://www.marshallstreetdiscgolf.com/?s=hunter&post_type=product,https://s3.amazonaws.com/media.marshallstreetdiscgolf.com/inbounds/0583900.webp,hunter,legacy,putter,stable,#3831F0,#E43DD9,,,,,,,,,,,,,,,B_name_unique,medium,Hunter,Legacy Discs,"Feb 6, 2015",15-19,,21.2,2.0,1.4,19.4,0.9,6.6,176.0,,5.90,54.75,,Legacy Discs,yes
441,Hurricane,DGA,Distance Driver,15,12,5,-1,3,Overstable,https://www.marshallstreetdiscgolf.com/?s=hurricane&post_type=product,https://s3.amazonaws.com/media.marshallstreetdiscgolf.com/inbounds/0583902.webp,hurricane,dga,distance-driver,overstable,#2876FF,#272727,,,,,,,,,,,,,,,C_name_ambiguous,needs_review,,,,,,,,,,,,,,,,,,
442,Hybrid,Gateway,Fairway Driver,17,7,5,0,3,Overstable,https://www.marshallstreetdiscgolf.com/product/hyper-diamond-hybrid,https://s3.amazonaws.com/media.marshallstreetdiscgolf.com/inbounds/5867073.webp,hybrid,gateway,control-driver,overstable,#FFFFFF,#A66A17,,,,,,,,,,,,,,,A_name_brand,high,Hybrid,Gateway Disc Sports,"Oct 2, 2005",05-17,,21.2,2.2,1.3,17.8,1.7,6.1,176.0,,8.96,32.50,,Gateway Disc Sports,no
443,Hydra,Innova,Putter,19,3,3,0,2,Stable,https://www.marshallstreetdiscgolf.com/product/r-pro-hydra,https://s3.amazonaws.com/media.marshallstreetdiscgolf.com/inbounds/1501114.webp,hydra,innova,putter,stable,#2A290E,#F3EB09,,,,,,,,,,,,,,,A_name_brand,high,Hydra,Innova Champion Discs,"May 10, 2004",04-04,,21.1,2.0,1.4,18.3,1.4,6.6,175.1,,7.82,44.75,,Innova Champion Discs,no
444,Hydrogen,Løft Discs,Putter,19,1,2,0,0,Stable,https://www.marshallstreetdiscgolf.com/?s=hydrogen&post_type=product,https://s3.amazonaws.com/media.marshallstreetdiscgolf.com/inbounds/0000132.webp,hydrogen,løft-discs,putter,stable,#000000,#9B90FF,176,21.2,2.1,1.5,19.7,0.7,7.1,72.25,8.75,,,,20-104,"Dec 31, 2020",A_name_brand,high,Hydrogen,Løft Discs,"Dec 31, 2020",20-104,,21.2,2.1,1.5,19.7,0.7,7.1,176.0,,8.75,72.25,,Løft Discs,no
445,Hyena,Wild Discs,Fairway Driver,17,9,5,-2,2,Stable,https://www.marshallstreetdiscgolf.com/?s=Hyena&post_type=product,https://s3.amazonaws.com/media.marshallstreetdiscgolf.com/inbounds/0000275.webp,hyena,wild-discs,control-driver,stable,#D267A0,#373C0D,176.8,21.3,1.7,1.1,17.5,1.9,5.2,30.5,5.45,,,,22-121,"Jul 11, 2022",A_name_brand,high,Hyena,Wild Discs,"Jul 11, 2022",22-121,,21.3,1.7,1.1,17.5,1.9,5.2,176.8,,5.45,30.50,,Wild Discs,no
446,Hypercane,DGA,Distance Driver,15,13,4,0,4,Very Overstable,https://www.marshallstreetdiscgolf.com/?s=Hypercane&post_type=product,https://s3.amazonaws.com/media.marshallstreetdiscgolf.com/inbounds/0000082.webp,hypercane,dga,distance-driver,very-overstable,#2876FF,#272727,,,,,,,,,,,,,,,B_name_unique,medium,Hypercane,Disc Golf Association,"Jun 10, 2020",20-41,,21.2,1.6,1.2,16.7,2.2,5.7,176.0,,11.93,26.50,,Disc Golf Association,yes
447,I-One,Other,Midrange,18,5,5,0,0,Understable,https://www.marshallstreetdiscgolf.com/?s=I-One&post_type=product,https://s3.amazonaws.com/media.marshallstreetdiscgolf.com/inbounds/0000083.webp,i-one,other,midrange,understable,#000000,#E5FFAA,,,,,,,,,,,,,,,B_name_unique,medium,I-One,Cheengz/Hyperflite,"Dec 30, 2020",20-103,,22.1,2.0,1.4,20.3,0.9,6.3,183.4,,4.32,65.25,,Cheengz/Hyperflite,yes
448,IT,Innova,Fairway Driver,17,7,6,-2,1,Understable,https://www.marshallstreetdiscgolf.com/?s=IT&post_type=product,https://s3.amazonaws.com/media.marshallstreetdiscgolf.com/inbounds/0000262.webp,it,innova,control-driver,understable,#2A290E,#F3EB09,,,,,,,,,,,,,,,unmatched,none,,,,,,,,,,,,,,,,,,
449,Ibex,Vibram,Midrange,18,5,4,-1,1,Understable,https://www.marshallstreetdiscgolf.com/?s=ibex&post_type=product,https://s3.amazonaws.com/media.marshallstreetdiscgolf.com/inbounds/5957606.webp,ibex,vibram,midrange,understable,#FFDC2D,#9A7D2C,,,,,,,,,,,,,,,B_name_unique,medium,Ibex,Vibram Disc Golf,"Feb 24, 2011",11-06,,21.5,2.4,1.3,18.9,1.3,6.0,178.5,,7.14,46.25,,Vibram Disc Golf,yes
450,Ice Age,Doomsday Discs,Fairway Driver,17,7,4,0,3,Overstable,,,ice-age,doomsday-discs,control-driver,overstable,#B6FF8B,#144E48,178.5,21.5,1.8,1.2,17.8,1.8,5.6,32.25,6.93,,,,24-42,"Feb 26, 2024",A_name_brand,high,Ice Age,Doomsday Discs,"Feb 26, 2024",24-42,,21.5,1.8,1.2,17.8,1.8,5.6,178.5,,6.93,32.25,,Doomsday Discs,no
451,Idog,Kastaplast,Fairway Driver,17,7,5,-0.5,2,Stable,https://www.marshallstreetdiscgolf.com/?s=idog&post_type=product,https://s3.amazonaws.com/media.marshallstreetdiscgolf.com/inbounds/0000467.webp,idog,kastaplast,control-driver,stable,#000000,#21F1B9,176,21.2,1.8,1.1,17.6,1.8,5.2,32,8.18,,,,24-87,"Apr 22, 2024",A_name_brand,high,Idog,Kastaplast,"Apr 22, 2024",24-87,,21.2,1.8,1.1,17.6,1.8,5.2,176.0,,8.18,32.00,,Kastaplast,no
452,Idol,Mint Discs,Distance Driver,15,13,5,-1,3,Stable,,,idol,mint-discs,distance-driver,stable,#FFFFFF,#F4933E,175.1,21.1,1.7,1.2,16.5,2.3,5.7,26.5,8.86,,,,25-111,"Jul 14, 2025",A_name_brand,high,Idol,Mint Discs,"Jul 14, 2025",25-111,,21.1,1.7,1.2,16.5,2.3,5.7,175.1,,8.86,26.50,,Mint Discs,no
453,Illusion,Gateway,Distance Driver,15,12,5,-0.5,2.5,Stable,https://www.marshallstreetdiscgolf.com/?s=illusion&post_type=product,https://s3.amazonaws.com/media.marshallstreetdiscgolf.com/inbounds/1210901.webp,illusion,gateway,distance-driver,stable,#FFFFFF,#A66A17,,,,,,,,,,,,,,,A_name_brand,high,Illusion,Gateway Disc Sports,"May 27, 2004",04-06,,21.4,1.5,1.1,17.2,2.1,5.1,177.6,,10.77,32.75,,Gateway Disc Sports,no
454,Impa,Kastaplast,Distance Driver,15,11,6,-4,1,Very Understable,,,impa,kastaplast,distance-driver,very-understable,#000000,#21F1B9,,,,,,,,,,,,,,,A_name_brand,high,Impa,Kastaplast,"Jan 5, 2026",26-1,,21.3,1.7,1.1,16.9,2.2,5.2,176.8,,7.27,26.25,,Kastaplast,no
455,Impact,Discraft,Midrange,18,5,5,-2,2,Stable,https://www.marshallstreetdiscgolf.com/?s=impact&post_type=product,https://s3.amazonaws.com/media.marshallstreetdiscgolf.com/inbounds/0470840.webp,impact,discraft,midrange,stable,#FF3737,#000000,,,,,,,,,,,,,,,A_name_brand,high,Impact (Ace Race 2007),Discraft,"Oct 26, 2007",07-46,,21.6,2.0,1.3,19.0,1.3,6.0,179.3,,5.78,33.75,,Discraft,no
456,Impulse,MVP,Fairway Driver,17,9,5,-3,1,Understable,https://www.marshallstreetdiscgolf.com/?s=impulse&post_type=product,https://s3.amazonaws.com/media.marshallstreetdiscgolf.com/inbounds/0470841.webp,impulse,mvp,control-driver,understable,#000000,#9BF2FF,,,,,,,,,,,,,,,A_name_brand,high,Impulse,MVP Disc Sports,"Feb 22, 2014",14-12,,21.0,1.4,1.2,17.0,2.0,5.7,174.3,,10.89,28.75,,MVP Disc Sports,no
457,Inca,Infinite Discs,Midrange,18,5,5,0,3,Overstable,https://www.marshallstreetdiscgolf.com/product/i-blend-inca,https://s3.amazonaws.com/media.marshallstreetdiscgolf.com/inbounds/0000058.webp,inca,infinite-discs,midrange,overstable,#FFFFFF,#62054C,180.1,21.7,1.9,1.4,19,1.3,6.5,36.25,9.09,,,,20-36,"May 14, 2020",A_name_brand,high,Inca,Infinite Discs,"May 14, 2020",20-36,,21.7,1.9,1.4,19.0,1.3,6.5,180.1,,9.09,36.25,,Infinite Discs,no
458,Inertia,MVP,Distance Driver,15,9,5,-2,2,Understable,https://www.marshallstreetdiscgolf.com/?s=inertia&post_type=product,https://s3.amazonaws.com/media.marshallstreetdiscgolf.com/inbounds/0000037.webp,inertia,mvp,distance-driver,understable,#000000,#9BF2FF,,,,,,,,,,,,,,,A_name_brand,high,Inertia,MVP Disc Sports,"Feb 10, 2014",14-07,,21.1,1.4,1.2,17.1,2.0,5.7,175.1,,11.91,27.25,,MVP Disc Sports,no
459,Inner Core,Trash Panda,Putter,19,2,4,-0.5,0,Stable,https://www.marshallstreetdiscgolf.com/?s=inner+core&post_type=product,https://s3.amazonaws.com/media.marshallstreetdiscgolf.com/inbounds/0000302.webp,inner-core,trash-panda,putter,stable,#FFFFFF,#000000,,,,,,,,,,,,,,,B_name_unique,medium,Inner Core,Trash Panda Disc Golf,"Sep 19, 2022",22-165,,21.3,1.9,1.5,19.4,1.0,7.0,176.8,,5.23,56.50,,Trash Panda Disc Golf,yes
460,Insanity,Axiom Discs,Fairway Driver,17,9,5,-2,1.5,Understable,https://www.marshallstreetdiscgolf.com/?s=insanity&post_type=product,https://s3.amazonaws.com/media.marshallstreetdiscgolf.com/inbounds/0000038.webp,insanity,axiom-discs,control-driver,understable,#000000,#FF9595,175.1,21.1,1.4,1.1,17,2,5.2,27,8.28,,,,14-95,"Dec 19, 2014",A_name_brand,high,Insanity,Axiom Discs,"Dec 19, 2014",14-95,,21.1,1.4,1.1,17.0,2.0,5.2,175.1,,8.28,27.00,,Axiom Discs,no
461,Instinct,Discmania,Fairway Driver,17,7,5,0,2,Stable,https://www.marshallstreetdiscgolf.com/product/evolution-neo-instinct,https://s3.amazonaws.com/media.marshallstreetdiscgolf.com/inbounds/1010203.webp,instinct,discmania,control-driver,stable,#FFA813,#9A0C0C,,,,,,,,,,,,,,,A_name_brand,high,Instinct (150-175g),Discmania,"Feb 27, 2019",19-19,,21.2,1.9,1.1,17.6,1.8,5.2,176.0,,11.36,32.25,,Discmania,no
462,Interceptor,Elevation Disc Golf,Midrange,18,5,3,0,3,Overstable,https://www.marshallstreetdiscgolf.com/?s=Interceptor&post_type=product,https://s3.amazonaws.com/media.marshallstreetdiscgolf.com/inbounds/0000297.webp,interceptor,elevation-disc-golf,midrange,overstable,#FFFFFF,#6A431D,175.1,21.1,1.5,1.1,18.2,1.4,5.2,49.5,0.91,,,,20-99,"Dec 26, 2020",A_name_brand,high,Interceptor,Elevation Disc Golf,"Dec 26, 2020",20-99,,21.1,1.5,1.1,18.2,1.4,5.2,175.1,,0.91,49.50,,Elevation Disc Golf,no
463,Interval,Finish Line,Distance Driver,15,12,5,-1,2,Stable,https://www.marshallstreetdiscgolf.com/?s=Interval&post_type=product,https://s3.amazonaws.com/media.marshallstreetdiscgolf.com/inbounds/0000392.webp,interval,finish-line,distance-driver,stable,#1914FF,#FFA5F4,,,,,,,,,,,,,,,B_name_unique,medium,Interval,Finish Line Discs,"Aug 21, 2023",23-208,,21.1,1.5,1.1,16.6,2.2,5.2,175.1,,9.66,31.50,,Finish Line Discs,yes
464,Invader,Innova,Putter,19,3,2,0,1,Stable,https://www.marshallstreetdiscgolf.com/?s=Invader&post_type=product,https://s3.amazonaws.com/media.marshallstreetdiscgolf.com/inbounds/0000024.webp,invader,innova,putter,stable,#2A290E,#F3EB09,,,,,,,,,,,,,,,A_name_brand,high,Invader,Innova Champion Discs,"May 28, 2020",20-37,,21.2,1.9,1.5,19.1,1.0,7.1,176.0,,6.60,67.75,,Innova Champion Discs,no
465,Invictus,Innova,Control Driver,16,10,4,0,3,Very Overstable,https://www.marshallstreetdiscgolf.com/product/star-invictus,https://s3.amazonaws.com/media.marshallstreetdiscgolf.com/inbounds/0000006.webp,invictus,innova,hybrid-driver,very-overstable,#2A290E,#F3EB09,,,,,,,,,,,,,,,A_name_brand,high,Invictus,Innova Champion Discs,"Jan 30, 2020",20-09,,21.2,1.5,1.2,16.9,2.1,5.7,176.0,,11.59,29.00,,Innova Champion Discs,no
466,Ion,MVP,Putter,19,2.5,3,0,1.5,Stable,https://www.marshallstreetdiscgolf.com/?s=ion&post_type=product,https://s3.amazonaws.com/media.marshallstreetdiscgolf.com/inbounds/4316873.webp,ion,mvp,putter,stable,#000000,#9BF2FF,,,,,,,,,,,,,,,A_name_brand,high,Ion,MVP Disc Sports,"Sep 14, 2009",09-21,,21.0,1.9,1.6,18.8,1.1,7.6,174.3,,2.83,62.50,,MVP Disc Sports,no
467,JK Pro Aviar-X,Innova,Putter,19,2,3,0,2,Overstable,https://www.marshallstreetdiscgolf.com/?s=jk+pro&post_type=product,https://s3.amazonaws.com/media.marshallstreetdiscgolf.com/inbounds/5573012.webp,jk-pro-aviar-x,innova,putter,overstable,#2A290E,#F3EB09,,,,,,,,,,,,,,,unmatched,none,,,,,,,,,,,,,,,,,,
468,JLS,Millennium,Fairway Driver,17,7,5,-1,1,Understable,https://www.marshallstreetdiscgolf.com/?s=jls&post_type=product,https://s3.amazonaws.com/media.marshallstreetdiscgolf.com/inbounds/0663850.webp,jls,millennium,control-driver,understable,#000000,#FF0974,,,,,,,,,,,,,,,B_name_unique,medium,JLS,Millennium Golf Discs,"Jun 16, 1999",99-08,,21.0,1.5,1.1,17.8,1.6,5.2,174.3,,8.73,30.75,,Millennium Golf Discs,yes
469,Jack Rabbit,Lone Star Discs,Putter,19,3,3,0,3,Overstable,https://www.marshallstreetdiscgolf.com/?s=jack+rabbit&post_type=product,https://s3.amazonaws.com/media.marshallstreetdiscgolf.com/inbounds/0000154.webp,jack-rabbit,lone-star-discs,putter,overstable,#FFA5EA,#6B834B,,,,,,,,,,,,,,,B_name_unique,medium,Jack Rabbit,Lone Star Disc,"Jan 24, 2022",22-14,,21.1,2.0,1.5,18.7,1.2,7.1,175.1,,10.68,57.25,,Lone Star Disc,yes
470,Jackalope,Mint Discs,Fairway Driver,17,8,5,-2,1,Understable,https://www.marshallstreetdiscgolf.com/?s=jackalope&post_type=product,https://s3.amazonaws.com/media.marshallstreetdiscgolf.com/inbounds/0000195.webp,jackalope,mint-discs,control-driver,understable,#FFFFFF,#F4933E,176,21.2,1.5,1.1,17.3,1.9,5.2,32.75,9.78,,,,21-10,"Jan 19, 2021",A_name_brand,high,Jackalope,Mint Discs,"Jan 19, 2021",21-10,,21.2,1.5,1.1,17.3,1.9,5.2,176.0,,9.78,32.75,,Mint Discs,no
471,Jade,Latitude 64,Fairway Driver,17,9,6,-2,1,Understable,https://www.marshallstreetdiscgolf.com/?s=jade&post_type=product,https://s3.amazonaws.com/media.marshallstreetdiscgolf.com/inbounds/1102014.webp,jade,latitude-64,control-driver,understable,#FFFFFF,#F40909,174.3,21,1.8,1.1,17.3,1.9,5.2,30,8.85,,,,13-80,"Dec 20, 2013",A_name_brand,high,Jade,Latitude 64,"Dec 20, 2013",13-80,,21.0,1.8,1.1,17.3,1.9,5.2,174.3,,8.85,30.00,,Latitude 64,no
472,Jarn,Kastaplast,Approach Discs,20,4.5,3,0,3,Very Overstable,https://www.marshallstreetdiscgolf.com/?s=jarn&post_type=product,https://s3.amazonaws.com/media.marshallstreetdiscgolf.com/inbounds/0000159.webp,jarn,kastaplast,approach-discs,very-overstable,#000000,#21F1B9,,,,,,,,,,,,,,,A_name_brand,high,Järn,Kastaplast,"Dec 13, 2021",21-136,,21.3,1.8,1.4,18.8,1.3,6.6,176.8,,9.77,51.50,,Kastaplast,no
473,Jay,Innova,Midrange,18,5,4,0,1,Stable,https://www.marshallstreetdiscgolf.com/?s=Jay&post_type=product,https://s3.amazonaws.com/media.marshallstreetdiscgolf.com/inbounds/0000270.webp,jay,innova,midrange,stable,#2A290E,#F3EB09,,,,,,,,,,,,,,,A_name_brand,high,Jay,Innova Champion Discs,"Sep 5, 2022",22-147,,21.7,1.7,1.2,19.0,1.4,5.5,180.1,,10.00,45.75,,Innova Champion Discs,no
474,Jet,Streamline,Control Driver,16,11,5,-3,2,Understable,https://www.marshallstreetdiscgolf.com/?s=Jet&post_type=product,https://s3.amazonaws.com/media.marshallstreetdiscgolf.com/inbounds/0000198.webp,jet,streamline,hybrid-driver,understable,#012219,#ACFFBA,,,,,,,,,,,,,,,A_name_brand,high,Jet,Streamline Discs,"Feb 22, 2021",21-19,,21.2,1.5,1.1,16.8,2.2,5.2,176.0,,11.70,26.25,,Streamline Discs,no
475,Jiao,Yikun,Fairway Driver,17,6,5,-2,1.5,Understable,https://www.marshallstreetdiscgolf.com/?s=jiao&post_type=product,https://s3.amazonaws.com/media.marshallstreetdiscgolf.com/inbounds/1083795.webp,jiao,yikun,control-driver,understable,#006A6E,#FF6F8C,,,,,,,,,,,,,,,unmatched,none,,,,,,,,,,,,,,,,,,
476,Jokeri,Prodiscus,Putter,19,3,3,1,2,Overstable,https://www.marshallstreetdiscgolf.com/product/basic-jokeri,https://s3.amazonaws.com/media.marshallstreetdiscgolf.com/inbounds/3194605.webp,jokeri,prodiscus,putter,overstable,#32E65C,#5435A9,176.8,21.3,1.8,1.5,19,1.1,7,54,6.92,,,,10-34,"Oct 27, 2010",A_name_brand,high,Jokeri,Prodiscus,"Oct 27, 2010",10-34,,21.3,1.8,1.5,19.0,1.1,7.0,176.8,,6.92,54.00,,Prodiscus,no
477,JokeriX,Prodiscus,Putter,19,3,3,1,2,Overstable,https://www.marshallstreetdiscgolf.com/?s=JokeriX&post_type=product,https://s3.amazonaws.com/media.marshallstreetdiscgolf.com/inbounds/0000394.webp,jokerix,prodiscus,putter,overstable,#32E65C,#5435A9,,,,,,,,,,,,,,,A_name_brand,high,JokeriX (beaded),Prodiscus,"May 9, 2022",22-75,,21.3,1.8,1.5,19.0,1.1,7.0,176.8,,7.39,54.00,,Prodiscus,no
478,Journey,Gateway,Distance Driver,15,11.5,6,-2,1,Understable,https://www.marshallstreetdiscgolf.com/?cat_ids%5B%5D=232&post_type=product&s=journey&variation_toggle=1,https://s3.amazonaws.com/media.marshallstreetdiscgolf.com/inbounds/3394605.webp,journey,gateway,distance-driver,understable,#FFFFFF,#A66A17,,,,,,,,,,,,,,,unmatched,none,,,,,,,,,,,,,,,,,,
479,Joy,Discraft,Midrange,18,4,5,-1,1,Stable,,,joy,discraft,midrange,stable,#FF3737,#000000,,,,,,,,,,,,,,,A_name_brand,high,Joy  (PP-1025-M),Discraft,"Oct 13, 2025",25-156,,21.3,1.9,1.3,18.8,1.2,6.1,176.8,,8.65,53.50,,Discraft,no
480,Judge,Dynamic Discs,Putter,19,2,4,0,1,Stable,https://www.marshallstreetdiscgolf.com/?s=judge&post_type=product,https://s3.amazonaws.com/media.marshallstreetdiscgolf.com/inbounds/1130003.webp,judge,dynamic-discs,putter,stable,#FFFFFF,#0082F4,176,21.2,2,1.5,18.9,1.1,7.1,58.25,4.2,,,,12-58,"Dec 7, 2012",A_name_brand,high,Judge,Dynamic Discs,"Dec 7, 2012",12-58,,21.2,2.0,1.5,18.9,1.1,7.1,176.0,,4.20,58.25,,Dynamic Discs,no
481,Juggernaut,Innova,Distance Driver,15,12,4,1,4,Very Overstable,https://www.marshallstreetdiscgolf.com/?s=Juggernaut&post_type=product,https://s3.amazonaws.com/media.marshallstreetdiscgolf.com/inbounds/0000315.webp,juggernaut,innova,distance-driver,very-overstable,#2A290E,#F3EB09,,,,,,,,,,,,,,,A_name_brand,high,Juggernaut,Innova Champion Discs,"Feb 13, 2023",23-45,,21.1,1.7,1.2,16.4,2.3,5.7,175.1,,11.02,26.50,,Innova Champion Discs,no
482,Jun,Yikun,Control Driver,16,11,5,-1,2,Understable,https://www.marshallstreetdiscgolf.com/?s=jun&post_type=product,https://s3.amazonaws.com/media.marshallstreetdiscgolf.com/inbounds/1111827.webp,jun,yikun,hybrid-driver,understable,#006A6E,#FF6F8C,,,,,,,,,,,,,,,B_name_unique,medium,Jun (鵕鸟),Yikun Discs,"May 13, 2014",14-47,,21.1,2.0,1.2,16.8,2.1,5.7,175.1,,11.91,29.75,,Yikun Discs,yes
483,Jury,Dynamic Discs,Putter,19,2,4,0,2,Overstable,https://www.marshallstreetdiscgolf.com/?s=jury&post_type=product,https://s3.amazonaws.com/media.marshallstreetdiscgolf.com/inbounds/0000438.webp,jury,dynamic-discs,putter,overstable,#FFFFFF,#0082F4,176,21.2,2,1.4,19,1.1,6.6,58.25,8.64,,,,24-17,"Feb 8, 2024",A_name_brand,high,Jury,Dynamic Discs,"Feb 8, 2024",24-17,,21.2,2.0,1.4,19.0,1.1,6.6,176.0,,8.64,58.25,,Dynamic Discs,no
484,Justice,Dynamic Discs,Midrange,18,5,1,0.5,4,Very Overstable,https://www.marshallstreetdiscgolf.com/?s=justice&post_type=product,https://s3.amazonaws.com/media.marshallstreetdiscgolf.com/inbounds/1111828.webp,justice,dynamic-discs,midrange,very-overstable,#FFFFFF,#0082F4,176.8,21.3,1.7,1.3,18.3,1.5,6.1,39.5,8.96,,,,15-33,"Mar 27, 2015",A_name_brand,high,Justice,Dynamic Discs,"Mar 27, 2015",15-33,,21.3,1.7,1.3,18.3,1.5,6.1,176.8,,8.96,39.50,,Dynamic Discs,no
485,KC Pro Aviar,Innova,Putter,19,2,3,0,2,Overstable,https://www.marshallstreetdiscgolf.com/?s=kc+pro+aviar&post_type=product,https://s3.amazonaws.com/media.marshallstreetdiscgolf.com/inbounds/2634977.webp,kc-pro-aviar,innova,putter,overstable,#2A290E,#F3EB09,,,,,,,,,,,,,,,unmatched,none,,,,,,,,,,,,,,,,,,
486,KGB,Other,Midrange,18,5,5,-1,1,Stable,https://www.marshallstreetdiscgolf.com/product/kgb-2,https://s3.amazonaws.com/media.marshallstreetdiscgolf.com/inbounds/9240894.webp,kgb,other,midrange,stable,#000000,#E5FFAA,,,,,,,,,,,,,,,B_name_unique,medium,KGB,Fly High Discs,"Feb 6, 2015",15-08,,21.8,1.9,1.1,19.0,1.4,5.0,180.9,,10.55,38.50,,Fly High Discs,yes
487,Kahu,RPM,Distance Driver,15,13,5,-1,2,Stable,https://www.marshallstreetdiscgolf.com/?s=kahu&post_type=product,https://s3.amazonaws.com/media.marshallstreetdiscgolf.com/inbounds/3252025.webp,kahu,rpm,distance-driver,stable,#1FBE25,#434343,,,,,,,,,,,,,,,B_name_unique,medium,Kahu (DGD2),RPM Discs/Disc Golf Aotearoa,"Jan 28, 2015",15-21,,21.0,1.5,1.1,16.2,2.4,5.2,174.3,,10.87,31.50,,RPM Discs/Disc Golf Aotearoa,yes
488,Kahu OS,RPM,Distance Driver,15,13,4,0,4,Very Overstable,https://www.marshallstreetdiscgolf.com/?s=kahu+os&post_type=product,https://s3.amazonaws.com/media.marshallstreetdiscgolf.com/inbounds/0000000.webp,kahu-os,rpm,distance-driver,very-overstable,#1FBE25,#434343,,,,,,,,,,,,,,,unmatched,none,,,,,,,,,,,,,,,,,,
489,Kahu XG,RPM,Distance Driver,15,13,5,-2.5,2,Stable,https://www.marshallstreetdiscgolf.com/?s=kahu+xg&post_type=product,https://s3.amazonaws.com/media.marshallstreetdiscgolf.com/inbounds/3252025.webp,kahu-xg,rpm,distance-driver,stable,#1FBE25,#434343,,,,,,,,,,,,,,,unmatched,none,,,,,,,,,,,,,,,,,,
490,Kang,Yikun,Putter,19,3,5,-2,0,Very Understable,https://www.marshallstreetdiscgolf.com/?s=Kang&post_type=product,https://s3.amazonaws.com/media.marshallstreetdiscgolf.com/inbounds/0000229.webp,kang,yikun,putter,very-understable,#006A6E,#FF6F8C,,,,,,,,,,,,,,,unmatched,none,,,,,,,,,,,,,,,,,,
491,Katana,Innova,Distance Driver,15,13,5,-3,3,Understable,https://www.marshallstreetdiscgolf.com/?s=katana&post_type=product,https://s3.amazonaws.com/media.marshallstreetdiscgolf.com/inbounds/8338610.webp,katana,innova,distance-driver,understable,#2A290E,#F3EB09,,,,,,,,,,,,,,,A_name_brand,high,Katana,Innova Champion Discs,"Oct 18, 2009",09-23,,21.2,1.8,1.2,16.3,2.5,5.7,176.0,,10.32,26.25,,Innova Champion Discs,no
492,Kaxe (Old - OOP),Kastaplast,Midrange,18,6,4,0,3,Overstable,https://www.marshallstreetdiscgolf.com/?s=Kaxe&post_type=product,https://s3.amazonaws.com/media.marshallstreetdiscgolf.com/inbounds/8338611.webp,kaxe-old-oop,kastaplast,midrange,overstable,#000000,#21F1B9,,,,,,,,,,,,,,,A_name_brand,high,Kaxe (retooled),Kastaplast,"May 8, 2023",23-137,,21.1,1.7,1.3,17.8,1.6,6.2,175.1,,8.18,35.00,,Kastaplast,no
493,Kaxe (Retooled),Kastaplast,Midrange,18,6,5,0,2,Overstable,https://www.marshallstreetdiscgolf.com/?s=Kaxe+retooled&post_type=product,https://s3.amazonaws.com/media.marshallstreetdiscgolf.com/inbounds/0000381.webp,kaxe-retooled,kastaplast,midrange,overstable,#000000,#21F1B9,,,,,,,,,,,,,,,A_name_brand,high,Kaxe (retooled),Kastaplast,"May 8, 2023",23-137,,21.1,1.7,1.3,17.8,1.6,6.2,175.1,,8.18,35.00,,Kastaplast,no
494,Kaxe Z (OOP),Kastaplast,Midrange,18,6,5,0,2,Overstable,https://www.marshallstreetdiscgolf.com/?s=Kaxe+Z&post_type=product,https://s3.amazonaws.com/media.marshallstreetdiscgolf.com/inbounds/8338612.webp,kaxe-z-oop,kastaplast,midrange,overstable,#000000,#21F1B9,,,,,,,,,,,,,,,A_name_brand,high,Kaxe Z,Kastaplast,"Oct 15, 2014",14-79,,21.1,1.9,1.3,18.0,1.5,6.2,175.1,,8.50,34.00,,Kastaplast,no
495,Kea,RPM,Midrange,18,4,3,0,3,Very Overstable,https://www.marshallstreetdiscgolf.com/?s=kea&post_type=product,https://s3.amazonaws.com/media.marshallstreetdiscgolf.com/inbounds/9240899.webp,kea,rpm,midrange,very-overstable,#1FBE25,#434343,,,,,,,,,,,,,,,C_name_ambiguous,needs_review,,,,,,,,,,,,,,,,,,
496,Keystone,Latitude 64,Putter,19,2,5,-1,1,Stable,https://www.marshallstreetdiscgolf.com/?s=keystone&post_type=product,https://s3.amazonaws.com/media.marshallstreetdiscgolf.com/inbounds/1010303.webp,keystone,latitude-64,putter,stable,#FFFFFF,#F40909,175.1,21.1,1.9,1.5,19,1,7.1,75,7.94,,,,19-01,"Jan 22, 2019",A_name_brand,high,Keystone,Latitude 64,"Jan 22, 2019",19-01,,21.1,1.9,1.5,19.0,1.0,7.1,175.1,,7.94,75.00,,Latitude 64,no
497,Khan,Innova,Putter,19,3,2,0,2,Overstable,https://www.marshallstreetdiscgolf.com/?s=Khan&post_type=product,https://s3.amazonaws.com/media.marshallstreetdiscgolf.com/inbounds/0000347.webp,khan,innova,putter,overstable,#2A290E,#F3EB09,,,,,,,,,,,,,,,B_name_unique,medium,Khan,Innova Factory Store,"Jun 26, 2023",23-170,,21.3,1.9,1.5,19.2,1.0,7.0,176.8,,7.61,62.75,,Innova Factory Store,yes
498,Khonsu,Infinite Discs,Midrange,18,5,5,-3,0,Very Understable,https://www.marshallstreetdiscgolf.com/?s=Khonsu&post_type=product,https://s3.amazonaws.com/media.marshallstreetdiscgolf.com/inbounds/0000414.webp,khonsu,infinite-discs,midrange,very-understable,#FFFFFF,#62054C,180.9,21.8,1.7,1.2,18.9,1.4,5.5,38,10.11,,,,24-18,"Feb 8, 2024",A_name_brand,high,Khonsu,Infinite Discs,"Feb 8, 2024",24-18,,21.8,1.7,1.2,18.9,1.4,5.5,180.9,,10.11,38.00,,Infinite Discs,no
499,King,Westside Discs,Distance Driver,15,14,5,-1.5,3,Understable,https://www.marshallstreetdiscgolf.com/?s=King&post_type=product,https://s3.amazonaws.com/media.marshallstreetdiscgolf.com/inbounds/9240895.webp,king,westside-discs,distance-driver,understable,#FFFFFF,#014E13,,,,,,,,,,,,,,,B_name_unique,medium,King (Pohjolan Isäntä1),Westside Golf Discs,"Nov 16, 2010",10-36,,21.1,1.9,1.1,16.5,2.3,5.2,175.1,,10.55,29.25,,Westside Golf Discs,yes
500,Kiwi,RPM,Control Driver,16,10,4,0,4,Overstable,https://www.marshallstreetdiscgolf.com/?s=kiwi&post_type=product,https://s3.amazonaws.com/media.marshallstreetdiscgolf.com/inbounds/0000080.webp,kiwi,rpm,hybrid-driver,overstable,#1FBE25,#434343,,,,,,,,,,,,,,,C_name_ambiguous,needs_review,,,,,,,,,,,,,,,,,,
501,Knife,Viking,Putter,19,2,3,0,2,Stable,https://www.marshallstreetdiscgolf.com/?s=knife&post_type=product,https://s3.amazonaws.com/media.marshallstreetdiscgolf.com/inbounds/9881008.webp,knife,viking,putter,stable,#000000,#04F40C,,,,,,,,,,,,,,,B_name_unique,medium,Knife,Viking Discs (IP-Agency Finland Oy),"Dec 29, 2016",16-88,,21.1,1.9,1.3,19.1,1.0,8.5,175.1,,10.32,58.75,,Viking Discs (IP-Agency Finland Oy),yes
502,Knight,Latitude 64,Distance Driver,15,14,4,-1.5,3,Understable,https://www.marshallstreetdiscgolf.com/?s=knight&post_type=product,https://s3.amazonaws.com/media.marshallstreetdiscgolf.com/inbounds/9818008.webp,knight,latitude-64,distance-driver,understable,#FFFFFF,#F40909,175.1,21.1,1.6,1.1,16.2,2.5,5.2,28.25,10.89,,,,16-14,"Feb 25, 2016",A_name_brand,high,Knight,Latitude 64,"Feb 25, 2016",16-14,,21.1,1.6,1.1,16.2,2.5,5.2,175.1,,10.89,28.25,,Latitude 64,no
503,Koa,Above Ground Level,Putter,19,2,3,0,1,Stable,https://www.marshallstreetdiscgolf.com/?s=koa&post_type=product,https://s3.amazonaws.com/media.marshallstreetdiscgolf.com/inbounds/0000534.webp,koa,above-ground-level,putter,stable,#CFFF30,#000000,176,21.2,2,1.4,19.1,1,6.6,70,3.86,,,,25-68,"Apr 28, 2025",A_name_brand,high,Koa,Above Ground Level,"Apr 28, 2025",25-68,,21.2,2.0,1.4,19.1,1.0,6.6,176.0,,3.86,70.00,,Above Ground Level,no
504,Koi,Elevation Disc Golf,Putter,19,3,4,-2,0,Understable,https://www.marshallstreetdiscgolf.com/?s=Koi&post_type=product,https://s3.amazonaws.com/media.marshallstreetdiscgolf.com/inbounds/0000296.webp,koi,elevation-disc-golf,putter,understable,#FFFFFF,#6A431D,175.1,21.1,1.8,1.4,18.8,1.1,6.6,62.25,0.56,,,,21-49,"Apr 19, 2021",A_name_brand,high,Koi,Elevation Disc Golf,"Apr 19, 2021",21-49,,21.1,1.8,1.4,18.8,1.1,6.6,175.1,,0.56,62.25,,Elevation Disc Golf,no
505,Kon Tiki,Infinite Discs,Midrange,18,4,5,-3,0,Understable,https://www.marshallstreetdiscgolf.com/?s=Kon+Tiki&post_type=product,https://s3.amazonaws.com/media.marshallstreetdiscgolf.com/inbounds/0000137.webp,kon-tiki,infinite-discs,midrange,understable,#FFFFFF,#62054C,176,21.2,1.7,1.2,19,1.1,5.7,52.5,4.32,,,,21-50,"Apr 19, 2021",A_name_brand,high,Kon Tiki,Infinite Discs,"Apr 19, 2021",21-50,,21.2,1.7,1.2,19.0,1.1,5.7,176.0,,4.32,52.50,,Infinite Discs,no
506,Kotare,RPM,Distance Driver,15,12,5,0,3,Overstable,https://www.marshallstreetdiscgolf.com/?s=kotare&post_type=product,https://s3.amazonaws.com/media.marshallstreetdiscgolf.com/inbounds/0000005.webp,kotare,rpm,distance-driver,overstable,#1FBE25,#434343,,,,,,,,,,,,,,,C_name_ambiguous,needs_review,,,,,,,,,,,,,,,,,,
507,Kotuku,RPM,Midrange,18,5,5,0,2,Overstable,https://www.marshallstreetdiscgolf.com/?s=Kotuku&post_type=product,https://s3.amazonaws.com/media.marshallstreetdiscgolf.com/inbounds/0000048.webp,kotuku,rpm,midrange,overstable,#1FBE25,#434343,,,,,,,,,,,,,,,B_name_unique,medium,Kotuku (MR3),RPM Discs/Disc Golf Aotearoa,"Nov 16, 2020",20-84,,21.7,1.7,1.4,19.0,1.4,6.5,180.1,,11.02,48.75,,RPM Discs/Disc Golf Aotearoa,yes
508,Krait,Innova,Control Driver,16,11,5,-1,2,Stable,https://www.marshallstreetdiscgolf.com/?s=krait&post_type=product,https://s3.amazonaws.com/media.marshallstreetdiscgolf.com/inbounds/9818009.webp,krait,innova,hybrid-driver,stable,#2A290E,#F3EB09,,,,,,,,,,,,,,,A_name_brand,high,Krait,Innova Champion Discs,"May 2, 2012",12-20,,21.2,2.3,1.2,16.6,2.3,5.7,176.0,,12.13,30.25,,Innova Champion Discs,no
509,Kraken,Other,Fairway Driver,17,7,5,-2,1,Understable,https://www.marshallstreetdiscgolf.com/?s=kraken&post_type=product,https://s3.amazonaws.com/media.marshallstreetdiscgolf.com/inbounds/0000072.webp,kraken,other,control-driver,understable,#000000,#E5FFAA,,,,,,,,,,,,,,,C_name_ambiguous,needs_review,,,,,,,,,,,,,,,,,,
510,Kratos,Discraft,Putter,19,3,3,0,3,Overstable,https://www.marshallstreetdiscgolf.com/?s=Kratos&post_type=product,https://s3.amazonaws.com/media.marshallstreetdiscgolf.com/inbounds/0000412.webp,kratos,discraft,putter,overstable,#FF3737,#000000,175.1,21.1,2,1.4,18.9,1.1,6.6,59.75,11.14,,,,23-279,"Dec 26, 2023",A_name_brand,high,Kratos,Discraft,"Dec 26, 2023",23-279,,21.1,2.0,1.4,18.9,1.1,6.6,175.1,,11.14,59.75,,Discraft,no
511,Krut,Kastaplast,Distance Driver,15,12,4,0,4,Very Overstable,https://www.marshallstreetdiscgolf.com/?s=Krut&post_type=product,https://s3.amazonaws.com/media.marshallstreetdiscgolf.com/inbounds/0000339.webp,krut,kastaplast,distance-driver,very-overstable,#000000,#21F1B9,176,21.2,1.7,1.1,16.8,2.2,5.2,30.25,8.98,,,,23-76,"Mar 20, 2023",A_name_brand,high,Krut,Kastaplast,"Mar 20, 2023",23-76,,21.2,1.7,1.1,16.8,2.2,5.2,176.0,,8.98,30.25,,Kastaplast,no
512,Kui,Yikun,Midrange,18,5,5,0,2.5,Overstable,https://www.marshallstreetdiscgolf.com/?s=kui&post_type=product,https://s3.amazonaws.com/media.marshallstreetdiscgolf.com/inbounds/3647455.webp,kui,yikun,midrange,overstable,#006A6E,#FF6F8C,,,,,,,,,,,,,,,B_name_unique,medium,Kui (夔牛),Yikun Discs,"Sep 24, 2017",17-103,,21.2,2.1,1.3,17.9,1.6,6.1,176.0,,9.64,35.75,,Yikun Discs,yes
513,Lace,Vibram,Distance Driver,15,14,6,-1,1,Stable,https://www.marshallstreetdiscgolf.com/?s=Lace&post_type=product,https://s3.amazonaws.com/media.marshallstreetdiscgolf.com/inbounds/4217523.webp,lace,vibram,distance-driver,stable,#FFDC2D,#9A7D2C,,,,,,,,,,,,,,,B_name_unique,medium,Lace,Vibram Disc Golf,"Oct 30, 2012",12-47,,21.0,1.8,1.1,16.2,2.4,5.2,174.3,,8.05,28.50,,Vibram Disc Golf,yes
514,Land Mine,Doomsday Discs,Putter,19,2,2,0,2,Overstable,,,land-mine,doomsday-discs,putter,overstable,#B6FF8B,#144E48,182.6,22,1.8,1.5,19.6,1.2,6.8,92.75,4.66,,,,22-114,"Jun 27, 2022",A_name_brand,high,Land Mine,Doomsday Discs,"Jun 27, 2022",22-114,,22.0,1.8,1.5,19.6,1.2,6.8,182.6,,4.66,92.75,,Doomsday Discs,no
515,Lariat,Lone Star Discs,Fairway Driver,17,9,5,-1,1,Stable,https://www.marshallstreetdiscgolf.com/?s=Lariat&post_type=product,https://s3.amazonaws.com/media.marshallstreetdiscgolf.com/inbounds/0000204.webp,lariat,lone-star-discs,control-driver,stable,#FFA5EA,#6B834B,,,,,,,,,,,,,,,B_name_unique,medium,Lariat,Lone Star Disc,"Apr 25, 2022",22-68,,21.1,1.7,1.1,17.1,2.0,5.2,175.1,,6.93,30.50,,Lone Star Disc,yes
516,Lark,Stokely Discs,Fairway Driver,17,7,5,-1.5,1.5,Stable,https://www.marshallstreetdiscgolf.com/?s=lark&post_type=product,https://s3.amazonaws.com/media.marshallstreetdiscgolf.com/inbounds/0000511.webp,lark,stokely-discs,control-driver,stable,#FBE311,#37B2DF,175.1,21.1,1.6,1.1,17.5,1.8,5.2,38.5,7.61,,,,24-206,"Oct 14, 2024",A_name_brand,high,Lark,Stokely Discs,"Oct 14, 2024",24-206,,21.1,1.6,1.1,17.5,1.8,5.2,175.1,,7.61,38.50,,Stokely Discs,no
517,Laseri,Prodiscus,Control Driver,16,10,4,-1,1,Stable,https://www.marshallstreetdiscgolf.com/?s=laseri&post_type=product,https://s3.amazonaws.com/media.marshallstreetdiscgolf.com/inbounds/8502320.webp,laseri,prodiscus,hybrid-driver,stable,#32E65C,#5435A9,175.1,21.1,1.6,1.1,17.2,1.9,5.2,32.25,6.24,,,,13-20,"Mar 4, 2013",A_name_brand,high,Laseri,Prodiscus,"Mar 4, 2013",13-20,,21.1,1.6,1.1,17.2,1.9,5.2,175.1,,6.24,32.25,,Prodiscus,no
518,Lasso,Mint Discs,Putter,19,3,3,0,2,Overstable,https://www.marshallstreetdiscgolf.com/?s=Lasso&post_type=product,https://s3.amazonaws.com/media.marshallstreetdiscgolf.com/inbounds/0000389.webp,lasso,mint-discs,putter,overstable,#FFFFFF,#F4933E,176,21.2,1.9,1.2,17.8,1.7,5.7,34,10.8,,,,23-124,"Apr 27, 2023",A_name_brand,high,Lasso,Mint Discs,"Apr 27, 2023",23-124,,21.2,1.9,1.2,17.8,1.7,5.7,176.0,,10.80,34.00,,Mint Discs,no
519,Launch,Vibram,Midrange,18,5,5,-1,2,Stable,https://www.marshallstreetdiscgolf.com/?s=launch&post_type=product,https://s3.amazonaws.com/media.marshallstreetdiscgolf.com/inbounds/2142826.webp,launch,vibram,midrange,stable,#FFDC2D,#9A7D2C,,,,,,,,,,,,,,,B_name_unique,medium,Launch,Vibram Disc Golf,"Apr 21, 2017",17-60,,21.4,2.1,1.3,18.8,1.3,6.1,177.6,,4.76,51.25,,Vibram Disc Golf,yes
520,Lawin,Other,Distance Driver,15,12,6,-3,2,Stable,https://www.marshallstreetdiscgolf.com/product/max-grip-lawin,https://s3.amazonaws.com/media.marshallstreetdiscgolf.com/inbounds/0000150.webp,lawin,other,distance-driver,stable,#000000,#E5FFAA,,,,,,,,,,,,,,,B_name_unique,medium,Lawin,Divergent Discs,"Jan 10, 2022",22-2,,21.0,2.1,1.2,16.4,2.3,5.7,174.3,,12.16,28.50,,Divergent Discs,yes
521,Legenda,Prodiscus,Distance Driver,15,13,4,-1,4,Overstable,https://www.marshallstreetdiscgolf.com/?s=legenda&post_type=product,https://s3.amazonaws.com/media.marshallstreetdiscgolf.com/inbounds/2992592.webp,legenda,prodiscus,distance-driver,overstable,#32E65C,#5435A9,174.3,21,1.5,1.1,16.3,2.4,5.2,26.75,5.44,,,,11-38,"Oct 25, 2011",A_name_brand,high,Legenda,Prodiscus,"Oct 25, 2011",11-38,,21.0,1.5,1.1,16.3,2.4,5.2,174.3,,5.44,26.75,,Prodiscus,no
522,Leopard,Innova,Fairway Driver,17,6,5,-2,1,Understable,https://www.marshallstreetdiscgolf.com/?s=leopard&post_type=product,https://s3.amazonaws.com/media.marshallstreetdiscgolf.com/inbounds/6718915.webp,leopard,innova,control-driver,understable,#2A290E,#F3EB09,,,,,,,,,,,,,,,A_name_brand,high,Leopard,Innova Champion Discs,"May 12, 1999",99-07,,21.2,1.6,1.1,18.0,1.6,5.2,176.0,,7.60,29.25,,Innova Champion Discs,no
523,Leopard3,Innova,Fairway Driver,17,7,5,-2,1,Understable,https://www.marshallstreetdiscgolf.com/?s=leopard3&post_type=product,https://s3.amazonaws.com/media.marshallstreetdiscgolf.com/inbounds/6718917.webp,leopard3,innova,control-driver,understable,#2A290E,#F3EB09,,,,,,,,,,,,,,,unmatched,none,,,,,,,,,,,,,,,,,,
524,Leviathan,Other,Midrange,18,5,4,-4,0,Understable,https://www.marshallstreetdiscgolf.com/?s=leviathan&post_type=product,https://s3.amazonaws.com/media.marshallstreetdiscgolf.com/inbounds/0000071.webp,leviathan,other,midrange,understable,#000000,#E5FFAA,,,,,,,,,,,,,,,B_name_unique,medium,Leviathan,Divergent Discs,"Jan 5, 2021",21-3,,21.3,1.9,1.1,18.6,1.4,5.2,176.8,,11.59,42.00,,Divergent Discs,yes
525,Lift,Streamline,Fairway Driver,17,9,5,-2,1.5,Stable,https://www.marshallstreetdiscgolf.com/?s=lift&post_type=product,https://s3.amazonaws.com/media.marshallstreetdiscgolf.com/inbounds/1010113.webp,lift,streamline,control-driver,stable,#012219,#ACFFBA,,,,,,,,,,,,,,,A_name_brand,high,Lift,Streamline Discs,"Apr 17, 2019",19-36,,21.2,1.7,1.2,17.2,2.0,5.7,176.0,,11.93,28.00,,Streamline Discs,no
526,Ling,Yikun,Putter,19,2,3,-3,1,Very Understable,https://www.marshallstreetdiscgolf.com/?s=ling&post_type=product,https://s3.amazonaws.com/media.marshallstreetdiscgolf.com/inbounds/0000228.webp,ling,yikun,putter,very-understable,#006A6E,#FF6F8C,,,,,,,,,,,,,,,unmatched,none,,,,,,,,,,,,,,,,,,
527,Link,Discmania,Putter,19,2,3,0,1,Stable,https://www.marshallstreetdiscgolf.com/?s=link&post_type=product,https://s3.amazonaws.com/media.marshallstreetdiscgolf.com/inbounds/1010105.webp,link,discmania,putter,stable,#FFA813,#9A0C0C,176,21.2,1.9,1.5,19.1,1,7,71,7.84,,,,19-46,"May 23, 2019",A_name_brand,high,Link,Discmania,"May 23, 2019",19-46,,21.2,1.9,1.5,19.1,1.0,7.0,176.0,,7.84,71.00,,Discmania,no
528,Lion,Innova,Midrange,18,5,4,0,2,Stable,https://www.marshallstreetdiscgolf.com/?cat_ids%5B%5D=15&post_type=product&s=lion&variation_toggle=1,https://s3.amazonaws.com/media.marshallstreetdiscgolf.com/inbounds/1010127.webp,lion,innova,midrange,stable,#2A290E,#F3EB09,,,,,,,,,,,,,,,A_name_brand,high,Lion,Innova Champion Discs,"Jan 31, 2019",19-03,,21.7,1.7,1.4,19.0,1.3,6.5,180.1,,11.57,54.75,,Innova Champion Discs,no
529,Lobster,Mint Discs,Midrange,18,5,5,-3,1,Understable,https://www.marshallstreetdiscgolf.com/?s=lobster&post_type=product,https://s3.amazonaws.com/media.marshallstreetdiscgolf.com/inbounds/0000233.webp,lobster,mint-discs,midrange,understable,#FFFFFF,#F4933E,178.5,21.5,1.8,1.3,18.6,1.4,6,47.5,7.16,,,,22-63,"Apr 25, 2022",A_name_brand,high,Lobster,Mint Discs,"Apr 25, 2022",22-63,,21.5,1.8,1.3,18.6,1.4,6.0,178.5,,7.16,47.50,,Mint Discs,no
530,Locust,Above Ground Level,Fairway Driver,17,9,4,-1,3,Overstable,https://www.marshallstreetdiscgolf.com/?s=Locust&post_type=product,https://s3.amazonaws.com/media.marshallstreetdiscgolf.com/inbounds/0000120.webp,locust,above-ground-level,control-driver,overstable,#CFFF30,#000000,176,21.2,1.6,1.1,17.2,2,5.2,29.75,10.8,,,,20-55,"Jun 23, 2020",A_name_brand,high,Locust,Above Ground Level,"Jun 23, 2020",20-55,,21.2,1.6,1.1,17.2,2.0,5.2,176.0,,10.80,29.75,,Above Ground Level,no
531,Logic,Discmania,Putter,19,3,3,0,1,Stable,https://www.marshallstreetdiscgolf.com/?s=logic&post_type=product,https://s3.amazonaws.com/media.marshallstreetdiscgolf.com/inbounds/0000099.webp,logic,discmania,putter,stable,#FFA813,#9A0C0C,176,21.2,1.9,1.3,19,1.1,6.1,55,11.59,,,,21-32,"Mar 22, 2021",A_name_brand,high,Logic,Discmania,"Mar 22, 2021",21-32,,21.2,1.9,1.3,19.0,1.1,6.1,176.0,,11.59,55.00,,Discmania,no
532,Lone Wolf,Lone Star Discs,Midrange,18,5,5,-3,1,Understable,https://www.marshallstreetdiscgolf.com/?s=Lone+Wolf&post_type=product,https://s3.amazonaws.com/media.marshallstreetdiscgolf.com/inbounds/0000294.webp,lone-wolf,lone-star-discs,midrange,understable,#FFA5EA,#6B834B,,,,,,,,,,,,,,,B_name_unique,medium,Lone Wolf,Lone Star Disc,"Sep 5, 2022",22-152,,21.6,1.5,1.1,18.9,1.4,5.1,179.3,,4.09,41.75,,Lone Star Disc,yes
533,Long,Yikun,Control Driver,16,10,5,-1,2,Overstable,https://www.marshallstreetdiscgolf.com/?s=Long&post_type=product,https://s3.amazonaws.com/media.marshallstreetdiscgolf.com/inbounds/0000225.webp,long,yikun,hybrid-driver,overstable,#006A6E,#FF6F8C,,,,,,,,,,,,,,,unmatched,none,,,,,,,,,,,,,,,,,,
534,Longbowman,Westside Discs,Fairway Driver,17,9,4,0,3,Overstable,https://www.marshallstreetdiscgolf.com/?s=longbowman&post_type=product,https://s3.amazonaws.com/media.marshallstreetdiscgolf.com/inbounds/8258814.webp,longbowman,westside-discs,control-driver,overstable,#FFFFFF,#014E13,,,,,,,,,,,,,,,B_name_unique,medium,Longbowman (Jousimies1),Westside Golf Discs,"Feb 25, 2016",16-19,,21.3,1.6,1.1,17.7,1.8,5.2,176.8,,10.77,36.00,,Westside Golf Discs,yes
535,Longhorn,Mint Discs,Control Driver,16,11,4,-1,2.5,Overstable,https://www.marshallstreetdiscgolf.com/?s=Longhorn&post_type=product,https://s3.amazonaws.com/media.marshallstreetdiscgolf.com/inbounds/0000039.webp,longhorn,mint-discs,hybrid-driver,overstable,#FFFFFF,#F4933E,176.8,21.3,1.5,1.2,17,2.1,5.6,31,9.89,,,,20-68,"Aug 12, 2020",A_name_brand,high,Longhorn,Mint Discs,"Aug 12, 2020",20-68,,21.3,1.5,1.2,17.0,2.1,5.6,176.8,,9.89,31.00,,Mint Discs,no
536,Lots,Kastaplast,Fairway Driver,17,9,5,-1,2,Stable,https://www.marshallstreetdiscgolf.com/product/k1-lots,https://s3.amazonaws.com/media.marshallstreetdiscgolf.com/inbounds/0000003.webp,lots,kastaplast,control-driver,stable,#000000,#21F1B9,175.1,21.1,1.5,1.1,17.3,1.9,5.2,29.5,10.23,,,,20-01,"Jan 16, 2020",A_name_brand,high,Lots,Kastaplast,"Jan 16, 2020",20-01,,21.1,1.5,1.1,17.3,1.9,5.2,175.1,,10.23,29.50,,Kastaplast,no
537,Lotus,Clash Discs,Fairway Driver,17,8,5,-1,2,Stable,https://www.marshallstreetdiscgolf.com/?s=Lotus&post_type=product,https://s3.amazonaws.com/media.marshallstreetdiscgolf.com/inbounds/0000353.webp,lotus,clash-discs,control-driver,stable,#FF93E9,#2516FF,177.6,21.4,1.6,1.3,17.6,1.9,6.1,32.5,9.09,,,,23-88,"Mar 23, 2023",A_name_brand,high,Lotus (Tone variant),Clash Discs,"May 6, 2024",24-93,,21.4,1.9,1.2,17.6,1.9,5.6,177.6,,10.11,32.50,,Clash Discs,no
538,Love,Jester Disc Golf,Putter,19,2,3,0,1,Stable,https://www.marshallstreetdiscgolf.com/?cat_ids%5B%5D=104136&post_type=product&s=love&variation_toggle=1,https://s3.amazonaws.com/media.marshallstreetdiscgolf.com/inbounds/0000429.webp,love,jester-disc-golf,putter,stable,#FFF172,#0E887C,176,21.2,2,1.5,19,1.1,7.1,59,7.16,,,,23-7,"Jan 9, 2023",A_name_brand,high,Love,Jester Disc Golf,"Jan 9, 2023",23-7,,21.2,2.0,1.5,19.0,1.1,7.1,176.0,,7.16,59.00,,Jester Disc Golf,no
539,Lu,Yikun,Distance Driver,15,14,5,-1,3,Overstable,https://www.marshallstreetdiscgolf.com/?s=lu&post_type=product,https://s3.amazonaws.com/media.marshallstreetdiscgolf.com/inbounds/8458813.webp,lu,yikun,distance-driver,overstable,#006A6E,#FF6F8C,,,,,,,,,,,,,,,B_name_unique,medium,"Lu (Luan, 鸾鸟)",Yikun Discs,"Sep 24, 2017",17-104,,21.2,1.4,1.1,16.4,2.4,5.2,176.0,,7.94,31.25,,Yikun Discs,yes
540,Lucky,Crosslap,Midrange,18,5,5,-2,1,Understable,https://www.marshallstreetdiscgolf.com/?s=Lucky&post_type=product,https://s3.amazonaws.com/media.marshallstreetdiscgolf.com/inbounds/8258813.webp,lucky,crosslap,midrange,understable,#FF190C,#88BE47,,,,,,,,,,,,,,,B_name_unique,medium,Lucky,Crosslap Disc Golf Parks,"Apr 22, 2012",12-18,,21.7,1.7,1.3,19.1,1.3,6.0,180.1,,5.33,43.50,,Crosslap Disc Golf Parks,yes
541,Luna,Discraft,Putter,19,3,3,0,3,Stable,https://www.marshallstreetdiscgolf.com/?s=luna&post_type=product,https://s3.amazonaws.com/media.marshallstreetdiscgolf.com/inbounds/1010339.webp,luna,discraft,putter,stable,#FF3737,#000000,175.1,21.1,2,1.4,18.9,1.1,6.6,68.5,12.13,,,,18-96,"Dec 28, 2018",A_name_brand,high,Luna,Discraft,"Dec 28, 2018",18-96,,21.1,2.0,1.4,18.9,1.1,6.6,175.1,,12.13,68.50,,Discraft,no
542,Lynx,Innova,Fairway Driver,17,7,6,-2,1,Understable,,,lynx,innova,control-driver,understable,#2A290E,#F3EB09,,,,,,,,,,,,,,,A_name_brand,high,Lynx,Innova Champion Discs,"Jun 21, 1990",90-02,,24.1,2.5,1.6,21.5,1.3,6.6,200.0,,12.25,45.75,,Innova Champion Discs,no
543,M Model S,Prodigy,Midrange,18,6,4,0,3,Stable,https://www.marshallstreetdiscgolf.com/?s=M+Model+S&post_type=product,https://s3.amazonaws.com/media.marshallstreetdiscgolf.com/inbounds/0000022.webp,m-model-s,prodigy,midrange,stable,#000000,#10A259,,,,,,,,,,,,,,,A_name_brand,high,M Model S,Prodigy Disc,"Mar 5, 2020",20-28,,21.7,2.0,1.5,19.1,1.3,6.9,180.1,,10.91,47.25,,Prodigy Disc,no
544,M Model US,Prodigy,Midrange,18,4,5,-1,1,Understable,https://www.marshallstreetdiscgolf.com/,https://s3.amazonaws.com/media.marshallstreetdiscgolf.com/inbounds/0000047.webp,m-model-us,prodigy,midrange,understable,#000000,#10A259,,,,,,,,,,,,,,,A_name_brand,high,M Model US,Prodigy Disc,"Jul 1, 2020",20-61,,21.8,1.9,1.5,19.1,1.3,6.9,180.9,,8.86,53.00,,Prodigy Disc,no
545,M1,Prodigy,Midrange,18,5,4,0,3,Overstable,https://www.marshallstreetdiscgolf.com/?s=prodigy+m1&post_type=product,https://s3.amazonaws.com/media.marshallstreetdiscgolf.com/inbounds/1928201.webp,m1,prodigy,midrange,overstable,#000000,#10A259,,,,,,,,,,,,,,,A_name_brand,high,M1,Prodigy Disc,"Mar 5, 2013",13-11,,21.7,2.0,1.3,18.9,1.4,6.0,180.1,,8.39,39.25,,Prodigy Disc,no
546,M2,Prodigy,Midrange,18,5,4,0,2,Overstable,https://www.marshallstreetdiscgolf.com/?s=prodigy+m2&post_type=product,https://s3.amazonaws.com/media.marshallstreetdiscgolf.com/inbounds/1821647.webp,m2,prodigy,midrange,overstable,#000000,#10A259,,,,,,,,,,,,,,,A_name_brand,high,M2 (originally M3),Prodigy Disc,"Mar 5, 2013",13-13,,21.7,2.0,1.3,18.9,1.4,6.0,180.1,,8.28,41.00,,Prodigy Disc,no
547,M3,Prodigy,Midrange,18,5,4,0,1,Stable,https://www.marshallstreetdiscgolf.com/?s=%22M3%22&post_type=product,https://s3.amazonaws.com/media.marshallstreetdiscgolf.com/inbounds/1028291.webp,m3,prodigy,midrange,stable,#000000,#10A259,,,,,,,,,,,,,,,A_name_brand,high,M3 (originally M2),Prodigy Disc,"Mar 5, 2013",13-12,,21.7,1.9,1.3,18.9,1.4,6.0,180.1,,8.39,43.25,,Prodigy Disc,no
548,M4,Prodigy,Midrange,18,5,5,-1,1,Understable,https://www.marshallstreetdiscgolf.com/?s=prodigy+m4&post_type=product,https://s3.amazonaws.com/media.marshallstreetdiscgolf.com/inbounds/1841647.webp,m4,prodigy,midrange,understable,#000000,#10A259,,,,,,,,,,,,,,,A_name_brand,high,M4,Prodigy Disc,"Mar 5, 2013",13-14,,21.7,2.0,1.3,18.9,1.4,6.0,180.1,,8.85,52.00,,Prodigy Disc,no
549,M5,Prodigy,Midrange,18,5,5,-3,1,Understable,,,m5,prodigy,midrange,understable,#000000,#10A259,,,,,,,,,,,,,,,A_name_brand,high,M5,Prodigy Disc,"Jan 6, 2014",14-02,,21.7,2.2,1.3,19.0,1.3,6.0,180.1,,8.85,46.50,,Prodigy Disc,no
550,MD,Discmania,Midrange,18,4,5,0,0,Understable,https://www.marshallstreetdiscgolf.com/?s=md&post_type=product,https://s3.amazonaws.com/media.marshallstreetdiscgolf.com/inbounds/6677127.webp,md,discmania,midrange,understable,#FFA813,#9A0C0C,,,,,,,,,,,,,,,A_name_brand,high,MD (Midrange Driver),Discmania,"Apr 29, 2015",15-48,,21.8,2.1,1.4,19.0,1.4,6.4,180.9,,8.96,48.25,,Discmania,no
551,MD1,Discmania,Midrange,18,5,6,0,0,Stable,https://www.marshallstreetdiscgolf.com/?s=MD1&post_type=product,https://s3.amazonaws.com/media.marshallstreetdiscgolf.com/inbounds/0000269.webp,md1,discmania,midrange,stable,#FFA813,#9A0C0C,,,,,,,,,,,,,,,A_name_brand,high,MD1 (Midrange Driver),Discmania,"Nov 14, 2006",06-47,,21.7,2.2,1.3,19.2,1.3,6.0,180.1,,8.50,40.50,,Discmania,no
552,MD2 (OOP),Discmania,Midrange,18,4,5,0,2,Stable,https://www.marshallstreetdiscgolf.com/?s=md2&post_type=product,https://s3.amazonaws.com/media.marshallstreetdiscgolf.com/inbounds/1830181.webp,md2-oop,discmania,midrange,stable,#FFA813,#9A0C0C,,,,,,,,,,,,,,,A_name_brand,high,"MD2 (Fiend, Midrange Driver)",Discmania,"Apr 4, 2010",10-05,,21.7,2.0,1.4,19.0,1.4,6.5,180.1,,6.92,43.75,,Discmania,no
553,MD3,Discmania,Midrange,18,5,5,0,1,Stable,https://www.marshallstreetdiscgolf.com/?s=MD3&post_type=product,https://s3.amazonaws.com/media.marshallstreetdiscgolf.com/inbounds/0000135.webp,md3,discmania,midrange,stable,#FFA813,#9A0C0C,,,,,,,,,,,,,,,A_name_brand,high,MD3 (Midrange Driver),Discmania,"Mar 29, 2013",13-27,,21.8,1.9,1.3,19.0,1.4,6.0,180.9,,9.19,44.50,,Discmania,no
554,MD3X,Discmania,Midrange,18,5,5,0,2,Stable,,,md3x,discmania,midrange,stable,#FFA813,#9A0C0C,,,,,,,,,,,,,,,A_name_brand,high,MD3x,Discmania,"Apr 28, 2025",25-70,,21.7,1.8,1.3,19.0,1.3,6.0,180.1,,12.16,33.75,,Discmania,no
555,MD4,Discmania,Midrange,18,5,4,0,3,Overstable,https://www.marshallstreetdiscgolf.com/?s=md4&post_type=product,https://s3.amazonaws.com/media.marshallstreetdiscgolf.com/inbounds/0000447.webp,md4,discmania,midrange,overstable,#FFA813,#9A0C0C,,,,,,,,,,,,,,,A_name_brand,high,MD4 (new),Discmania,"Mar 11, 2024",24-45,,21.7,1.9,1.3,19.0,1.3,6.0,180.1,,10.68,51.25,,Discmania,no
556,MD5,Discmania,Midrange,18,5,3,0,4,Very Overstable,https://www.marshallstreetdiscgolf.com/?s=MD5&post_type=product,https://s3.amazonaws.com/media.marshallstreetdiscgolf.com/inbounds/0000343.webp,md5,discmania,midrange,very-overstable,#FFA813,#9A0C0C,,,,,,,,,,,,,,,A_name_brand,high,MD5 (Midrange Driver),Discmania,"Mar 29, 2018",18-35,,21.1,1.9,1.3,18.3,1.4,6.2,175.1,,11.91,62.25,,Discmania,no
557,MR-5 Skylark,Disctroyer,Midrange,18,5,4,0,2,Stable,https://www.marshallstreetdiscgolf.com/?s=Skylark&post_type=product,https://s3.amazonaws.com/media.marshallstreetdiscgolf.com/inbounds/0000176.webp,mr-5-skylark,disctroyer,midrange,stable,#4D144D,#A45656,,,,,,,,,,,,,,,unmatched,none,,,,,,,,,,,,,,,,,,
558,MX-1,Prodigy,Midrange,18,5,3,0,4,Very Overstable,https://www.marshallstreetdiscgolf.com/?s=MX-1&post_type=product,https://s3.amazonaws.com/media.marshallstreetdiscgolf.com/inbounds/5494901.webp,mx-1,prodigy,midrange,very-overstable,#000000,#10A259,,,,,,,,,,,,,,,A_name_brand,high,MX-1,Prodigy Disc,"Apr 4, 2022",22-48,,21.3,2.0,1.3,18.3,1.5,6.1,176.8,,11.14,41.75,,Prodigy Disc,no
559,MX-2,Prodigy,Midrange,18,5,4,0,3,Very Overstable,https://www.marshallstreetdiscgolf.com/?s=MX-2&post_type=product,https://s3.amazonaws.com/media.marshallstreetdiscgolf.com/inbounds/0000435.webp,mx-2,prodigy,midrange,very-overstable,#000000,#10A259,,,,,,,,,,,,,,,A_name_brand,high,MX-2 (renamed from Prodigy Club Midrange),Prodigy Disc,"Jun 26, 2023",23-173,,21.2,1.7,1.4,18.5,1.4,6.6,176.0,,9.55,60.75,,Prodigy Disc,no
560,MX-3,Prodigy,Midrange,18,5,4,0,1,Stable,https://www.marshallstreetdiscgolf.com/?s=MX-3&post_type=product,https://s3.amazonaws.com/media.marshallstreetdiscgolf.com/inbounds/1010108.webp,mx-3,prodigy,midrange,stable,#000000,#10A259,,,,,,,,,,,,,,,A_name_brand,high,MX-3,Prodigy Disc,"May 7, 2019",19-42,,21.7,1.9,1.3,18.9,1.4,6.0,180.1,,6.48,32.75,,Prodigy Disc,no
561,Mace,Latitude 64,Midrange,18,5,5,0,2,Overstable,https://www.marshallstreetdiscgolf.com/?s=mace&post_type=product,https://s3.amazonaws.com/media.marshallstreetdiscgolf.com/inbounds/5628377.webp,mace,latitude-64,midrange,overstable,#FFFFFF,#F40909,180.9,21.8,2.1,1.3,19.2,1.3,6,38.75,8.39,,,,13-21,"Mar 4, 2013",A_name_brand,high,Mace,Latitude 64,"Mar 4, 2013",13-21,,21.8,2.1,1.3,19.2,1.3,6.0,180.9,,8.39,38.75,,Latitude 64,no
562,Machete,Discraft,Control Driver,16,11,4,0,4,Overstable,https://www.marshallstreetdiscgolf.com/?s=machete&post_type=product,https://s3.amazonaws.com/media.marshallstreetdiscgolf.com/inbounds/0529006.webp,machete,discraft,hybrid-driver,overstable,#FF3737,#000000,175.1,21.1,1.6,1.1,16.8,2.1,5.2,30.5,12.13,,,,17-30,"Mar 15, 2017",A_name_brand,high,Machete,Discraft,"Mar 15, 2017",17-30,,21.1,1.6,1.1,16.8,2.1,5.2,175.1,,12.13,30.50,,Discraft,no
563,Mad Cat,Lone Star Discs,Fairway Driver,17,9,5,0,2,Stable,https://www.marshallstreetdiscgolf.com/?s=Mad+CAt&post_type=product,https://s3.amazonaws.com/media.marshallstreetdiscgolf.com/inbounds/0000282.webp,mad-cat,lone-star-discs,control-driver,stable,#FFA5EA,#6B834B,,,,,,,,,,,,,,,B_name_unique,medium,Mad Cat,Lone Star Disc,"Dec 14, 2020",20-92,,21.2,1.8,1.2,17.4,1.9,5.7,176.0,,5.23,30.00,,Lone Star Disc,yes
564,Madrone,Above Ground Level,Putter,19,3,3,0,1,Stable,https://www.marshallstreetdiscgolf.com/?s=Madrone&post_type=product,https://s3.amazonaws.com/media.marshallstreetdiscgolf.com/inbounds/0000124.webp,madrone,above-ground-level,putter,stable,#CFFF30,#000000,174.3,21,2.2,1.7,19,1,8.1,83.5,8.16,,,,18-81,"Nov 23, 2018",A_name_brand,high,Madrone,Above Ground Level,"Nov 23, 2018",18-81,,21.0,2.2,1.7,19.0,1.0,8.1,174.3,,8.16,83.50,,Above Ground Level,no
565,Maestro,Discmania,Midrange,18,4,3,0,2,Stable,https://www.marshallstreetdiscgolf.com/?s=maestro&post_type=product,https://s3.amazonaws.com/media.marshallstreetdiscgolf.com/inbounds/0000035.webp,maestro,discmania,midrange,stable,#FFA813,#9A0C0C,,,,,,,,,,,,,,,A_name_brand,high,Maestro (originally Spring Ox),Discmania,"Apr 3, 2019",19-33,,21.3,1.7,1.3,19.2,1.0,6.1,176.8,,9.43,55.25,,Discmania,no
566,Magic,Gateway,Putter,19,2,3,-1,0,Understable,https://www.marshallstreetdiscgolf.com/?s=magic&post_type=product,https://s3.amazonaws.com/media.marshallstreetdiscgolf.com/inbounds/8656430.webp,magic,gateway,putter,understable,#FFFFFF,#A66A17,,,,,,,,,,,,,,,A_name_brand,high,Magic,Gateway Disc Sports,"Jan 4, 2008",08-01,,21.0,2.1,1.5,19.0,1.0,7.1,174.3,,4.54,54.00,,Gateway Disc Sports,no
567,Magician,Discmania,Fairway Driver,17,6,4,0,2,Stable,https://www.marshallstreetdiscgolf.com/?s=Magician&post_type=product,https://s3.amazonaws.com/media.marshallstreetdiscgolf.com/inbounds/0000032.webp,magician,discmania,control-driver,stable,#FFA813,#9A0C0C,,,,,,,,,,,,,,,A_name_brand,high,Magician (originally Fox Spirit),Discmania,"Apr 3, 2019",19-30,,21.2,1.8,1.3,17.9,1.6,6.1,176.0,,11.59,39.75,,Discmania,no
568,Magnet,Discraft,Putter,19,2,3,-1,1,Stable,https://www.marshallstreetdiscgolf.com/?s=magnet&post_type=product,https://s3.amazonaws.com/media.marshallstreetdiscgolf.com/inbounds/9389862.webp,magnet,discraft,putter,stable,#FF3737,#000000,176,21.2,2,1.4,19.6,0.8,6.6,47.75,8.85,,,,93-06,"Jul 14, 1993",A_name_brand,high,Magnet,Discraft,"Jul 14, 1993",93-06,,21.2,2.0,1.4,19.6,0.8,6.6,176.0,,8.85,47.75,,Discraft,no
569,Magnolia,Above Ground Level,Midrange,18,5,5,0,2,Overstable,https://www.marshallstreetdiscgolf.com/?s=Magnolia&post_type=product,https://s3.amazonaws.com/media.marshallstreetdiscgolf.com/inbounds/0000121.webp,magnolia,above-ground-level,midrange,overstable,#CFFF30,#000000,180.9,21.8,2,1.2,19,1.4,5.5,45.5,10.23,,,,19-16,"Feb 13, 2019",A_name_brand,high,Magnolia,Above Ground Level,"Feb 13, 2019",19-16,,21.8,2.0,1.2,19.0,1.4,5.5,180.9,,10.23,45.50,,Above Ground Level,no
570,Maiden,Westside Discs,Putter,19,3,4,0,1,Stable,https://www.marshallstreetdiscgolf.com/?s=Maiden&post_type=product,https://s3.amazonaws.com/media.marshallstreetdiscgolf.com/inbounds/9398899.webp,maiden,westside-discs,putter,stable,#FFFFFF,#014E13,,,,,,,,,,,,,,,B_name_unique,medium,Maiden,Westside Golf Discs,"Feb 8, 2018",18-19,,21.2,1.8,1.3,19.2,1.0,6.1,176.0,,11.79,57.75,,Westside Golf Discs,yes
571,Majesty,Discmania,Distance Driver,15,13,5,-2,2,Stable,https://www.marshallstreetdiscgolf.com/?s=Majesty&post_type=product,https://s3.amazonaws.com/media.marshallstreetdiscgolf.com/inbounds/0000074.webp,majesty,discmania,distance-driver,stable,#FFA813,#9A0C0C,174.3,21,1.7,1.2,16.2,2.4,5.7,27.25,10.34,,,,20-90,"Nov 27, 2020",A_name_brand,high,Majesty,Discmania,"Nov 27, 2020",20-90,,21.0,1.7,1.2,16.2,2.4,5.7,174.3,,10.34,27.25,,Discmania,no
572,Mako,Innova,Midrange,18,4,5,0,0,Understable,https://www.marshallstreetdiscgolf.com/?s=mako&post_type=product,https://s3.amazonaws.com/media.marshallstreetdiscgolf.com/inbounds/3634535.webp,mako,innova,midrange,understable,#2A290E,#F3EB09,,,,,,,,,,,,,,,A_name_brand,high,Mako,Innova Champion Discs,"Sep 18, 2009",09-22,,21.7,2.1,1.4,19.3,1.2,6.5,180.1,,8.96,52.75,,Innova Champion Discs,no
573,Mako3,Innova,Midrange,18,5,5,0,0,Stable,https://www.marshallstreetdiscgolf.com/?s=mako3&post_type=product,https://s3.amazonaws.com/media.marshallstreetdiscgolf.com/inbounds/3334535.webp,mako3,innova,midrange,stable,#2A290E,#F3EB09,,,,,,,,,,,,,,,unmatched,none,,,,,,,,,,,,,,,,,,
574,Malita,Discraft,Midrange,18,5,5,-1,1,Stable,,,malita,discraft,midrange,stable,#FF3737,#000000,,,,,,,,,,,,,,,A_name_brand,high,Malita (PM-0725-M),Discraft,"Jul 21, 2025",25-118,,21.1,1.8,1.2,18.5,1.3,5.7,175.1,,9.20,47.50,,Discraft,no
575,Malm,Kastaplast,Control Driver,16,10,4,0,2.5,Overstable,https://www.marshallstreetdiscgolf.com/?s=malm&post_type=product,https://s3.amazonaws.com/media.marshallstreetdiscgolf.com/inbounds/0000501.webp,malm,kastaplast,hybrid-driver,overstable,#000000,#21F1B9,176,21.2,1.9,1.1,17.3,2,5.2,30.75,9.55,,,,24-231,"Dec 30, 2024",A_name_brand,high,Malm,Kastaplast,"Dec 30, 2024",24-231,,21.2,1.9,1.1,17.3,2.0,5.2,176.0,,9.55,30.75,,Kastaplast,no
576,Malta,Discraft,Midrange,18,5,4,1,3,Overstable,https://www.marshallstreetdiscgolf.com/?s=malta&post_type=product,https://s3.amazonaws.com/media.marshallstreetdiscgolf.com/inbounds/0000013.webp,malta,discraft,midrange,overstable,#FF3737,#000000,,,,,,,,,,,,,,,A_name_brand,high,Malta (Paul McBeth Proto Mid-Range),Discraft,"Sep 12, 2019",19-64,,21.3,1.7,1.3,18.6,1.3,6.1,176.8,,10.34,45.00,,Discraft,no
577,Mamba,Innova,Control Driver,16,11,6,-5,1,Very Understable,https://www.marshallstreetdiscgolf.com/?s=mamba&post_type=product,https://s3.amazonaws.com/media.marshallstreetdiscgolf.com/inbounds/9410395.webp,mamba,innova,hybrid-driver,very-understable,#2A290E,#F3EB09,,,,,,,,,,,,,,,A_name_brand,high,Mamba,Innova Champion Discs,"Jan 22, 2012",12-07,,21.1,1.7,1.1,16.9,2.1,5.2,175.1,,8.48,27.50,,Innova Champion Discs,no
578,Mammoth,Daredevil Discs,Distance Driver,15,9,4,-1,5,Overstable,https://www.marshallstreetdiscgolf.com/product/mammoth,https://s3.amazonaws.com/media.marshallstreetdiscgolf.com/inbounds/9410396.webp,mammoth,daredevil-discs,distance-driver,overstable,#FFFFFF,#515151,175.1,21.1,1.7,1.2,17.1,2,5.7,29.25,5.22,,,,14-85,"Oct 31, 2014",A_name_brand,high,Mammoth,Daredevil Discs,"Oct 31, 2014",14-85,,21.1,1.7,1.2,17.1,2.0,5.7,175.1,,5.22,29.25,,Daredevil Discs,no
579,Mana,Thought Space Athletics,Midrange,18,5,5,-2,1,Understable,https://www.marshallstreetdiscgolf.com/?s=%22Mana%22&post_type=product,https://s3.amazonaws.com/media.marshallstreetdiscgolf.com/inbounds/0000190.webp,mana,thought-space-athletics,midrange,understable,#000000,#FF770E,178.5,21.5,1.8,1.4,18.6,1.4,6.5,53.5,8.3,,,,22-32,"Mar 7, 2022",A_name_brand,high,Mana,Thought Space Athletics,"Mar 7, 2022",22-32,,21.5,1.8,1.4,18.6,1.4,6.5,178.5,,8.30,53.50,,Thought Space Athletics,no
580,Mango,Clash Discs,Midrange,18,5,4,0,4,Very Overstable,https://www.marshallstreetdiscgolf.com/?s=Mango&post_type=product,https://s3.amazonaws.com/media.marshallstreetdiscgolf.com/inbounds/0000210.webp,mango,clash-discs,midrange,very-overstable,#FF93E9,#2516FF,177.6,21.4,1.8,1.4,18.7,1.4,6.5,44.25,8.41,,,,21-128,"Nov 22, 2021",A_name_brand,high,Mango,Clash Discs,"Nov 22, 2021",21-128,,21.4,1.8,1.4,18.7,1.4,6.5,177.6,,8.41,44.25,,Clash Discs,no
581,Manta,Innova,Midrange,18,5,5,-2,1,Understable,https://www.marshallstreetdiscgolf.com/?s=manta&post_type=product,https://s3.amazonaws.com/media.marshallstreetdiscgolf.com/inbounds/1001109.webp,manta,innova,midrange,understable,#2A290E,#F3EB09,,,,,,,,,,,,,,,A_name_brand,high,Manta,Innova Champion Discs,"Jan 24, 2017",17-07,,21.8,1.9,1.2,19.0,1.4,5.5,180.9,,9.98,37.25,,Innova Champion Discs,no
582,Mantis,Discraft,Fairway Driver,17,8,4,-2,2,Understable,https://www.marshallstreetdiscgolf.com/?s=mantis&post_type=product,https://s3.amazonaws.com/media.marshallstreetdiscgolf.com/inbounds/1010109.webp,mantis,discraft,control-driver,understable,#FF3737,#000000,,,,,,,,,,,,,,,A_name_brand,high,Mantis (Ace Race 2013),Discraft,"Dec 1, 2013",13-74,,21.2,1.9,1.1,17.4,1.9,5.2,176.0,,10.66,28.00,,Discraft,no
583,Mantra,Thought Space Athletics,Fairway Driver,17,9,6,-2,1,Understable,https://www.marshallstreetdiscgolf.com/?s=mantra&post_type=product,https://s3.amazonaws.com/media.marshallstreetdiscgolf.com/inbounds/0000076.webp,mantra,thought-space-athletics,control-driver,understable,#000000,#FF770E,176,21.2,1.7,1.2,17.1,2,5.7,32,9.09,,,,19-69,"Oct 17, 2019",A_name_brand,high,Mantra,Thought Space Athletics,"Oct 17, 2019",19-69,,21.2,1.7,1.2,17.1,2.0,5.7,176.0,,9.09,32.00,,Thought Space Athletics,no
584,Manzanita,Above Ground Level,Putter,19,3,3,0,2,Stable,https://www.marshallstreetdiscgolf.com/?s=Manzanita&post_type=product,https://s3.amazonaws.com/media.marshallstreetdiscgolf.com/inbounds/0000123.webp,manzanita,above-ground-level,putter,stable,#CFFF30,#000000,174.3,21,2.1,1.6,18.7,1.1,7.6,67,9.41,,,,18-82,"Nov 23, 2018",A_name_brand,high,Manzanita,Above Ground Level,"Nov 23, 2018",18-82,,21.0,2.1,1.6,18.7,1.1,7.6,174.3,,9.41,67.00,,Above Ground Level,no
585,Maple,Above Ground Level,Approach Discs,20,4,2,0,2,Overstable,,,maple,above-ground-level,approach-discs,overstable,#CFFF30,#000000,,,,,,,,,,,,,,,A_name_brand,high,Maple,Above Ground Level,"Sep 22, 2025",25-143,,21.2,1.6,1.2,18.9,1.2,5.7,176.0,,10.80,59.00,,Above Ground Level,no
586,Marlin,Neptune Discs,Fairway Driver,17,7,5,-4,1,Very Understable,https://www.marshallstreetdiscgolf.com/?s=Marlin&post_type=product,https://s3.amazonaws.com/media.marshallstreetdiscgolf.com/inbounds/0000403.webp,marlin,neptune-discs,control-driver,very-understable,#1F73E1,#F1CE42,,,,,,,,,,,,,,,A_name_brand,high,Marlin,Neptune Discs ,"Apr 10, 2023",23-111,,21.0,1.8,1.2,17.6,1.8,5.7,174.3,,8.30,31.25,,Neptune Discs ,no
587,Mars Rover,Millennium,Midrange,18,5,6,-4,1,Very Understable,https://www.marshallstreetdiscgolf.com/?s=mars+rover&post_type=product,https://s3.amazonaws.com/media.marshallstreetdiscgolf.com/inbounds/0000488.webp,mars-rover,millennium,midrange,very-understable,#000000,#FF0974,,,,,,,,,,,,,,,B_name_unique,medium,Mars Rover (renamed from Rover),Millennium Golf Discs,"Sep 23, 2024",24-189,,21.8,1.5,1.1,18.8,1.5,5.0,180.9,,7.50,35.00,,Millennium Golf Discs,yes
588,Marshal,Dynamic Discs,Putter,19,3,4,0,1,Stable,https://www.marshallstreetdiscgolf.com/?s=MArshal&post_type=product,https://s3.amazonaws.com/media.marshallstreetdiscgolf.com/inbounds/8026096.webp,marshal,dynamic-discs,putter,stable,#FFFFFF,#0082F4,176,21.2,2,1.6,19.1,1.1,7.5,67,11.57,,,,16-23,"Mar 2, 2016",A_name_brand,high,Marshal,Dynamic Discs,"Mar 2, 2016",16-23,,21.2,2.0,1.6,19.1,1.1,7.5,176.0,,11.57,67.00,,Dynamic Discs,no
589,Marvel,Birdie,Putter,19,2,3,0,1,Stable,https://www.marshallstreetdiscgolf.com/?s=marvel&post_type=product,https://s3.amazonaws.com/media.marshallstreetdiscgolf.com/inbounds/0000129.webp,marvel,birdie,putter,stable,#1D096C,#FFB381,,,,,,,,,,,,,,,A_name_brand,high,Marvel ,Birdie,"Dec 30, 2021",21-162,,21.1,2.0,1.4,18.9,1.1,6.6,175.1,,11.02,65.75,,Birdie,no
590,Matrix,MVP,Midrange,18,5,4,-1,2,Stable,https://www.marshallstreetdiscgolf.com/?s=matrix&post_type=product,https://s3.amazonaws.com/media.marshallstreetdiscgolf.com/inbounds/8062097.webp,matrix,mvp,midrange,stable,#000000,#9BF2FF,,,,,,,,,,,,,,,A_name_brand,high,Matrix,MVP Disc Sports,"May 10, 2016",16-44,,21.5,1.6,1.4,18.7,1.4,6.5,178.5,,9.75,46.50,,MVP Disc Sports,no
591,Maul,Latitude 64,Fairway Driver,17,7,7,-2,1,Very Understable,https://www.marshallstreetdiscgolf.com/?s=Maul&post_type=product,https://s3.amazonaws.com/media.marshallstreetdiscgolf.com/inbounds/8026097.webp,maul,latitude-64,control-driver,very-understable,#FFFFFF,#F40909,177.6,21.4,2,1.1,17.7,1.8,5.1,33,7.48,,,,15-37,"Apr 10, 2015",A_name_brand,high,Maul,Latitude 64,"Apr 10, 2015",15-37,,21.4,2.0,1.1,17.7,1.8,5.1,177.6,,7.48,33.00,,Latitude 64,no
592,Maverick,Dynamic Discs,Fairway Driver,17,7,4,-1.5,2,Understable,https://www.marshallstreetdiscgolf.com/?s=maverick&post_type=product,https://s3.amazonaws.com/media.marshallstreetdiscgolf.com/inbounds/8996099.webp,maverick,dynamic-discs,control-driver,understable,#FFFFFF,#0082F4,176,21.2,1.8,1.1,17.8,1.7,5.2,35,9.53,,,,17-123,"Dec 4, 2017",A_name_brand,high,Maverick,Dynamic Discs,"Dec 4, 2017",17-123,,21.2,1.8,1.1,17.8,1.7,5.2,176.0,,9.53,35.00,,Dynamic Discs,no
593,Max (OOP),Innova,Control Driver,16,11,3,0,5,Very Overstable,https://www.marshallstreetdiscgolf.com/?s=Max&post_type=product,https://s3.amazonaws.com/media.marshallstreetdiscgolf.com/inbounds/8026099.webp,max-oop,innova,hybrid-driver,very-overstable,#2A290E,#F3EB09,,,,,,,,,,,,,,,A_name_brand,high,Max,Innova Champion Discs,"Sep 21, 2006",06-40,,21.2,1.9,1.2,16.8,2.2,5.7,176.0,,10.43,34.00,,Innova Champion Discs,no
594,Maya,Infinite Discs,Control Driver,16,11,5,-3,1,Understable,https://www.marshallstreetdiscgolf.com/?s=maya&post_type=product,https://s3.amazonaws.com/media.marshallstreetdiscgolf.com/inbounds/0000063.webp,maya,infinite-discs,hybrid-driver,understable,#FFFFFF,#62054C,175.1,21.1,1.6,1.1,16.9,2.1,5.2,31,9.32,,,,20-52,"Jun 23, 2020",A_name_brand,high,Maya,Infinite Discs,"Jun 23, 2020",20-52,,21.1,1.6,1.1,16.9,2.1,5.2,175.1,,9.32,31.00,,Infinite Discs,no
595,Mayhem,Axiom Discs,Distance Driver,15,13,5,-1.5,2,Understable,https://www.marshallstreetdiscgolf.com/?s=mayhem&post_type=product,https://s3.amazonaws.com/media.marshallstreetdiscgolf.com/inbounds/1658060.webp,mayhem,axiom-discs,distance-driver,understable,#000000,#FF9595,176,21.2,1.9,1.2,16.3,2.4,5.7,27.5,12.13,,,,17-48,"Apr 13, 2017",A_name_brand,high,Mayhem,Axiom Discs,"Apr 13, 2017",17-48,,21.2,1.9,1.2,16.3,2.4,5.7,176.0,,12.13,27.50,,Axiom Discs,no
596,Mentor,Discmania,Control Driver,16,11,5,-2,2,Stable,https://www.marshallstreetdiscgolf.com/?s=Mentor&post_type=product,https://s3.amazonaws.com/media.marshallstreetdiscgolf.com/inbounds/0000034.webp,mentor,discmania,hybrid-driver,stable,#FFA813,#9A0C0C,,,,,,,,,,,,,,,A_name_brand,high,Mentor (originally Sea Serpent),Discmania,"Apr 3, 2019",19-32,,21.2,1.8,1.2,17.9,2.1,5.7,176.0,,11.59,39.75,,Discmania,no
597,Mercy,Latitude 64,Putter,19,2,4,0,1,Stable,https://www.marshallstreetdiscgolf.com/?s=mercy&post_type=product,https://s3.amazonaws.com/media.marshallstreetdiscgolf.com/inbounds/4577289.webp,mercy,latitude-64,putter,stable,#FFFFFF,#F40909,176,21.2,2.1,1.5,19.1,1.1,7.1,61.5,7.94,,,,12-24,"May 20, 2012",A_name_brand,high,Mercy,Latitude 64,"May 20, 2012",12-24,,21.2,2.1,1.5,19.1,1.1,7.1,176.0,,7.94,61.50,,Latitude 64,no
598,Merlin,Daredevil Discs,Distance Driver,15,14,5,-1,4,Very Overstable,https://www.marshallstreetdiscgolf.com/product/merlin,https://s3.amazonaws.com/media.marshallstreetdiscgolf.com/inbounds/0529008.webp,merlin,daredevil-discs,distance-driver,very-overstable,#FFFFFF,#515151,174.3,21,1.7,1.1,16.4,2.3,5.2,26,7.03,,,,17-44,"Apr 3, 2017",A_name_brand,high,Merlin,Daredevil Discs,"Apr 3, 2017",17-44,,21.0,1.7,1.1,16.4,2.3,5.2,174.3,,7.03,26.00,,Daredevil Discs,no
599,Mermaid,Discmania,Fairway Driver,17,7,4,-1,2,Stable,https://www.marshallstreetdiscgolf.com/?s=Mermaid&post_type=product,https://s3.amazonaws.com/media.marshallstreetdiscgolf.com/inbounds/0000285.webp,mermaid,discmania,control-driver,stable,#FFA813,#9A0C0C,176.8,21.3,1.8,1.2,17.5,1.9,5.6,41.75,8.41,,,,22-178,"Oct 17, 2022",A_name_brand,high,Mermaid,Discmania,"Oct 17, 2022",22-178,,21.3,1.8,1.2,17.5,1.9,5.6,176.8,,8.41,41.75,,Discmania,no
600,Meteor,Discraft,Midrange,18,5,5,-3,1,Understable,https://www.marshallstreetdiscgolf.com/?s=meteor&post_type=product,https://s3.amazonaws.com/media.marshallstreetdiscgolf.com/inbounds/4699597.webp,meteor,discraft,midrange,understable,#FF3737,#000000,,,,,,,,,,,,,,,A_name_brand,high,Meteor (Ace Race 2006),Discraft,"Sep 21, 2006",06-42,,21.5,2.0,1.3,18.9,1.3,6.0,178.5,,6.46,49.25,,Discraft,no
601,Meteor Hammer,Yikun,Putter,19,2,3,0,0,Stable,https://www.marshallstreetdiscgolf.com/?s=meteor+hammer&post_type=product,https://s3.amazonaws.com/media.marshallstreetdiscgolf.com/inbounds/4444446.webp,meteor-hammer,yikun,putter,stable,#006A6E,#FF6F8C,,,,,,,,,,,,,,,B_name_unique,medium,Meteor Hammer (流星锤),Yikun Discs,"Jun 19, 2019",19-51,,21.2,2.0,1.5,19.2,1.0,7.1,176.0,,8.64,52.50,,Yikun Discs,yes
602,Method,Discmania,Midrange,18,5,5,0,3,Overstable,https://www.marshallstreetdiscgolf.com/?s=method&post_type=product,https://s3.amazonaws.com/media.marshallstreetdiscgolf.com/inbounds/1010112.webp,method,discmania,midrange,overstable,#FFA813,#9A0C0C,180.1,21.7,1.9,1.4,19,1.3,6.5,44,10.23,,,,19-39,"May 1, 2019",A_name_brand,high,Method,Discmania,"May 1, 2019",19-39,,21.7,1.9,1.4,19.0,1.3,6.5,180.1,,10.23,44.00,,Discmania,no
603,Mid-Disc3,Innova,Midrange,18,5,5,0,2,Overstable,https://www.marshallstreetdiscgolf.com/?s=mid+disc3&post_type=product,https://s3.amazonaws.com/media.marshallstreetdiscgolf.com/inbounds/0000247.webp,mid-disc3,innova,midrange,overstable,#2A290E,#F3EB09,,,,,,,,,,,,,,,B_name_unique,medium,MID-DISC3,Innova Factory Store,"Mar 7, 2022",22-35,,21.7,1.8,1.3,18.9,1.4,6.0,180.1,,9.77,43.75,,Innova Factory Store,yes
604,Midari,Prodiscus,Midrange,18,5,3,0,1,Stable,https://www.marshallstreetdiscgolf.com/?s=midari&post_type=product,https://s3.amazonaws.com/media.marshallstreetdiscgolf.com/inbounds/9037031.webp,midari,prodiscus,midrange,stable,#32E65C,#5435A9,179.3,21.6,1.8,1.5,18.8,1.4,6.9,37.5,4.88,,,,11-33,"Jul 15, 2011",A_name_brand,high,Midari,Prodiscus,"Jul 15, 2011",11-33,,21.6,1.8,1.5,18.8,1.4,6.9,179.3,,4.88,37.50,,Prodiscus,no
605,Middy,Lone Star Discs,Midrange,18,5,5,0,3,Overstable,https://www.marshallstreetdiscgolf.com/?s=Middy&post_type=product,https://s3.amazonaws.com/media.marshallstreetdiscgolf.com/inbounds/0000118.webp,middy,lone-star-discs,midrange,overstable,#FFA5EA,#6B834B,,,,,,,,,,,,,,,unmatched,none,,,,,,,,,,,,,,,,,,
606,Millet,Clash Discs,Distance Driver,15,7,6,-3,1,Very Understable,https://www.marshallstreetdiscgolf.com/?s=millet&post_type=product,https://s3.amazonaws.com/media.marshallstreetdiscgolf.com/inbounds/0000465.webp,millet,clash-discs,distance-driver,very-understable,#FF93E9,#2516FF,177.6,21.4,1.6,1.2,17.8,1.8,5.6,29,9.43,,,,24-63,"Apr 3, 2024",A_name_brand,high,Millet,Clash Discs,"Apr 3, 2024",24-63,,21.4,1.6,1.2,17.8,1.8,5.6,177.6,,9.43,29.00,,Clash Discs,no
607,Minotaur,Other,Fairway Driver,17,8,3,0,3,Very Overstable,https://www.marshallstreetdiscgolf.com/product/max-grip-minotaur,https://s3.amazonaws.com/media.marshallstreetdiscgolf.com/inbounds/0000151.webp,minotaur,other,control-driver,very-overstable,#000000,#E5FFAA,,,,,,,,,,,,,,,B_name_unique,medium,Minotaur,Divergent Discs,"Jan 31, 2022",22-19,,21.6,2.0,1.2,17.8,1.9,5.6,179.3,,4.77,32.75,,Divergent Discs,yes
608,Mint,Clash Discs,Approach Discs,20,4,3,0,3,Very Overstable,https://www.marshallstreetdiscgolf.com/?s=Mint&post_type=product,https://s3.amazonaws.com/media.marshallstreetdiscgolf.com/inbounds/0000208.webp,mint,clash-discs,approach-discs,very-overstable,#FF93E9,#2516FF,177.6,21.4,1.7,1.4,18.9,1.3,6.5,54,7.84,,,,21-129,"Nov 22, 2021",A_name_brand,high,Mint,Clash Discs,"Nov 22, 2021",21-129,,21.4,1.7,1.4,18.9,1.3,6.5,177.6,,7.84,54.00,,Clash Discs,no
609,Mirage,Innova,Putter,19,3,4,-3,0,Very Understable,https://www.marshallstreetdiscgolf.com/?s=Mirage&post_type=product,https://s3.amazonaws.com/media.marshallstreetdiscgolf.com/inbounds/1999999.webp,mirage,innova,putter,very-understable,#2A290E,#F3EB09,,,,,,,,,,,,,,,A_name_brand,high,Mirage,Innova Champion Discs,"Mar 2, 2016",16-24,,21.2,1.9,1.2,19.0,1.1,5.7,176.0,,6.35,50.25,,Innova Champion Discs,no
610,Missilen (OOP),Latitude 64,Distance Driver,15,14,3,0.5,4.5,Overstable,https://www.marshallstreetdiscgolf.com/?s=missilen&post_type=product,https://s3.amazonaws.com/media.marshallstreetdiscgolf.com/inbounds/8968852.webp,missilen-oop,latitude-64,distance-driver,overstable,#FFFFFF,#F40909,,,,,,,,,,,,,,,A_name_brand,high,Missilen,Latitude 64,"May 22, 2014",14-51,,21.4,1.7,1.1,16.4,2.5,5.1,177.6,,9.07,28.00,,Latitude 64,no
611,Moab,Millennium,Fairway Driver,17,6,4,1,5,Very Overstable,https://www.marshallstreetdiscgolf.com/?s=moab&post_type=product,https://s3.amazonaws.com/media.marshallstreetdiscgolf.com/inbounds/1754992.webp,moab,millennium,control-driver,very-overstable,#000000,#FF0974,,,,,,,,,,,,,,,B_name_unique,medium,Moab,Millennium Golf Discs,"Jul 16, 2015",15-61,,21.8,1.7,1.2,18.4,1.8,5.7,180.9,,7.94,38.25,,Millennium Golf Discs,yes
612,Mobius,EV-7,Putter,19,2,4,-1,0,Understable,https://www.marshallstreetdiscgolf.com/?s=mobius&post_type=product,https://s3.amazonaws.com/media.marshallstreetdiscgolf.com/inbounds/0000134.webp,mobius,ev-7,putter,understable,#FFFFFF,#111397,,,,,,,,,,,,,,,A_name_brand,high,Mobius ,EV-7,"Dec 27, 2021",21-158,,21.1,1.9,1.4,19.1,1.0,6.6,175.1,,8.75,77.25,,EV-7,no
613,Mockingbird,Lone Star Discs,Fairway Driver,17,7,5,-2,1,Understable,https://www.marshallstreetdiscgolf.com/?s=mockingbird&post_type=product,https://s3.amazonaws.com/media.marshallstreetdiscgolf.com/inbounds/0000112.webp,mockingbird,lone-star-discs,control-driver,understable,#FFA5EA,#6B834B,,,,,,,,,,,,,,,unmatched,none,,,,,,,,,,,,,,,,,,
614,Monarch,Innova,Control Driver,16,10,5,-4,1,Very Understable,https://www.marshallstreetdiscgolf.com/?s=monarch&post_type=product,https://s3.amazonaws.com/media.marshallstreetdiscgolf.com/inbounds/1754993.webp,monarch,innova,hybrid-driver,very-understable,#2A290E,#F3EB09,,,,,,,,,,,,,,,A_name_brand,high,Monarch,Innova Champion Discs,"Jun 2, 2008",08-20,,21.1,1.6,1.2,17.0,2.1,5.7,175.1,,10.21,30.75,,Innova Champion Discs,no
615,Money Putter,ABC Discs,Putter,19,2,3,0,2,Overstable,https://www.marshallstreetdiscgolf.com/?s=money+putter&post_type=product,https://s3.amazonaws.com/media.marshallstreetdiscgolf.com/inbounds/0370363.webp,money-putter,abc-discs,putter,overstable,#FFF94C,#FF7762,,,,,,,,,,,,,,,unmatched,none,,,,,,,,,,,,,,,,,,
616,Mongoose,Legacy,Fairway Driver,17,9,5,-3,1,Very Understable,https://www.marshallstreetdiscgolf.com/product/icon-mongoose,https://s3.amazonaws.com/media.marshallstreetdiscgolf.com/inbounds/0310413.webp,mongoose,legacy,control-driver,very-understable,#3831F0,#E43DD9,,,,,,,,,,,,,,,B_name_unique,medium,Mongoose,Legacy Discs,"Sep 25, 2013",13-62,,21.3,1.5,1.1,17.3,2.0,5.2,176.8,,7.82,30.50,,Legacy Discs,yes
617,Monstrosity,Doomsday Discs,Fairway Driver,17,7,5,-3,2,Understable,,,monstrosity,doomsday-discs,control-driver,understable,#B6FF8B,#144E48,176,21.2,1.6,1.1,16.6,2.3,5.2,27,12.16,,,,25-48,"Mar 24, 2025",A_name_brand,high,Monstrosity,Doomsday Discs,"Mar 24, 2025",25-48,,21.2,1.6,1.1,16.6,2.3,5.2,176.0,,12.16,27.00,,Doomsday Discs,no
618,Moose,Daredevil Discs,Midrange,18,4,5,0,2,Stable,https://www.marshallstreetdiscgolf.com/product/moose,https://s3.amazonaws.com/media.marshallstreetdiscgolf.com/inbounds/7768449.webp,moose,daredevil-discs,midrange,stable,#FFFFFF,#515151,180.9,21.8,2.1,1.3,19.3,1.3,6,41,4.31,,,,07-32,"Jun 12, 2007",A_name_brand,high,Moose,Daredevil Discs,"Jun 12, 2007",07-32,,21.8,2.1,1.3,19.3,1.3,6.0,180.9,,4.31,41.00,,Daredevil Discs,no
619,Morningstar,Gateway,Midrange,18,5,4,0,1,Stable,https://www.marshallstreetdiscgolf.com/?s=morningstar&post_type=product,https://s3.amazonaws.com/media.marshallstreetdiscgolf.com/inbounds/0130116.webp,morningstar,gateway,midrange,stable,#FFFFFF,#A66A17,,,,,,,,,,,,,,,B_name_unique,medium,Morningstar,Arsenal Discs,"Jul 13, 2017",17-87,,21.7,1.9,1.3,19.1,1.3,6.0,180.1,,7.71,43.75,,Arsenal Discs,yes
620,Mortar,Millennium,Midrange,18,5,2,0,3,Overstable,https://www.marshallstreetdiscgolf.com/?s=mortar&post_type=product,https://s3.amazonaws.com/media.marshallstreetdiscgolf.com/inbounds/0131016.webp,mortar,millennium,midrange,overstable,#000000,#FF0974,,,,,,,,,,,,,,,B_name_unique,medium,Mortar,Millennium Golf Discs,"Sep 3, 2013",13-55,,21.2,1.9,1.4,18.4,1.4,6.6,176.0,,5.78,56.75,,Millennium Golf Discs,yes
621,Motion,MVP,Control Driver,16,9,3.5,0,4,Very Overstable,https://www.marshallstreetdiscgolf.com/?s=motion&post_type=product,https://s3.amazonaws.com/media.marshallstreetdiscgolf.com/inbounds/0131017.webp,motion,mvp,hybrid-driver,very-overstable,#000000,#9BF2FF,,,,,,,,,,,,,,,A_name_brand,high,Motion,MVP Disc Sports,"Feb 22, 2014",14-13,,21.0,1.4,1.2,17.0,2.0,5.7,174.3,,12.02,30.25,,MVP Disc Sports,no
622,Motive,Dynamic Discs,Fairway Driver,17,8,6,-3,2,Understable,https://www.marshallstreetdiscgolf.com/?s=motive&post_type=product,https://s3.amazonaws.com/media.marshallstreetdiscgolf.com/inbounds/0000539.webp,motive,dynamic-discs,control-driver,understable,#FFFFFF,#0082F4,174.3,21,1.7,1.1,17.3,1.8,5.2,29,6.59,,,,25-74,"May 12, 2025",A_name_brand,high,Motive,Dynamic Discs,"May 12, 2025",25-74,,21.0,1.7,1.1,17.3,1.8,5.2,174.3,,6.59,29.00,,Dynamic Discs,no
623,Muse,Thought Space Athletics,Putter,19,3,3,0,2,Overstable,https://www.marshallstreetdiscgolf.com/?s=muse&post_type=product,https://s3.amazonaws.com/media.marshallstreetdiscgolf.com/inbounds/0000115.webp,muse,thought-space-athletics,putter,overstable,#000000,#FF770E,176,21.2,2,1.6,18.8,1.2,7.5,61.5,8.98,,,,21-106,"Sep 27, 2021",A_name_brand,high,Muse,Thought Space Athletics,"Sep 27, 2021",21-106,,21.2,2.0,1.6,18.8,1.2,7.5,176.0,,8.98,61.50,,Thought Space Athletics,no
624,Musket,Latitude 64,Control Driver,16,10,5,-0.5,2,Stable,https://www.marshallstreetdiscgolf.com/?s=musket&post_type=product,https://s3.amazonaws.com/media.marshallstreetdiscgolf.com/inbounds/5494999.webp,musket,latitude-64,hybrid-driver,stable,#FFFFFF,#F40909,176,21.2,1.8,1.1,17.1,2,5.2,28.5,10.55,,,,18-45,"May 9, 2018",A_name_brand,high,Musket,Latitude 64,"May 9, 2018",18-45,,21.2,1.8,1.1,17.1,2.0,5.2,176.0,,10.55,28.50,,Latitude 64,no
625,Mustang,Mint Discs,Midrange,18,5,5,0,2,Stable,https://www.marshallstreetdiscgolf.com/?s=Mustang&post_type=product,https://s3.amazonaws.com/media.marshallstreetdiscgolf.com/inbounds/0000030.webp,mustang,mint-discs,midrange,stable,#FFFFFF,#F4933E,178.5,21.5,1.6,1.3,18.6,1.4,6,44.5,8.41,,,,20-30,"Mar 26, 2020",A_name_brand,high,Mustang,Mint Discs,"Mar 26, 2020",20-30,,21.5,1.6,1.3,18.6,1.4,6.0,178.5,,8.41,44.50,,Mint Discs,no
626,Mutant,Discmania,Midrange,18,5,3,0,4,Very Overstable,https://www.marshallstreetdiscgolf.com/?s=mutant&post_type=product,https://s3.amazonaws.com/media.marshallstreetdiscgolf.com/inbounds/0000163.webp,mutant,discmania,midrange,very-overstable,#FFA813,#9A0C0C,180.1,21.7,1.8,1.2,19,1.3,5.5,40.75,11.82,,,,21-33,"Mar 22, 2021",A_name_brand,high,Mutant,Discmania,"Mar 22, 2021",21-33,,21.7,1.8,1.2,19.0,1.3,5.5,180.1,,11.82,40.75,,Discmania,no
627,Mystere,Innova,Control Driver,16,11,6,-2,2,Understable,https://www.marshallstreetdiscgolf.com/?s=mystere&post_type=product,https://s3.amazonaws.com/media.marshallstreetdiscgolf.com/inbounds/0591805.webp,mystere,innova,hybrid-driver,understable,#2A290E,#F3EB09,,,,,,,,,,,,,,,A_name_brand,high,Mystere,Innova Champion Discs,"Aug 25, 2015",15-65,,21.1,1.6,1.1,16.9,2.1,5.2,175.1,,7.26,31.50,,Innova Champion Discs,no
628,Mystic,Gateway,Midrange,18,5,5,-3,0,Understable,https://www.marshallstreetdiscgolf.com/?s=mystic&post_type=product,https://s3.amazonaws.com/media.marshallstreetdiscgolf.com/inbounds/0591806.webp,mystic,gateway,midrange,understable,#FFFFFF,#A66A17,,,,,,,,,,,,,,,A_name_brand,high,Mystic (retooled),Gateway Disc Sports,"May 14, 2013",13-32,,22.0,2.0,1.1,19.0,1.5,5.0,182.6,,11.34,49.75,,Gateway Disc Sports,no
629,Myth,Infinite Discs,Putter,19,2,3,0,2,Overstable,https://www.marshallstreetdiscgolf.com/?s=myth&post_type=product,https://s3.amazonaws.com/media.marshallstreetdiscgolf.com/inbounds/9549999.webp,myth,infinite-discs,putter,overstable,#FFFFFF,#62054C,176,21.2,2.1,1.5,19,1.1,7.1,68.75,9.07,,,,18-29,"Mar 29, 2018",A_name_brand,high,Myth,Infinite Discs,"Mar 29, 2018",18-29,,21.2,2.1,1.5,19.0,1.1,7.1,176.0,,9.07,68.75,,Infinite Discs,no
630,Narwhal,Other,Putter,19,3,3,-2,0,Very Understable,https://www.marshallstreetdiscgolf.com/?s=Narwhal&post_type=product,https://s3.amazonaws.com/media.marshallstreetdiscgolf.com/inbounds/0000070.webp,narwhal,other,putter,very-understable,#000000,#E5FFAA,,,,,,,,,,,,,,,B_name_unique,medium,Narwhal,Divergent Discs,"Jan 5, 2021",21-4,,21.0,2.3,1.2,18.5,1.2,5.7,174.3,,11.36,53.25,,Divergent Discs,yes
631,Nautilus,Neptune Discs,Midrange,18,5,5,0,2,Overstable,https://www.marshallstreetdiscgolf.com/?s=Nautilus&post_type=product,https://s3.amazonaws.com/media.marshallstreetdiscgolf.com/inbounds/0000404.webp,nautilus,neptune-discs,midrange,overstable,#1F73E1,#F1CE42,,,,,,,,,,,,,,,A_name_brand,high,Nautilus,Neptune Discs ,"Apr 10, 2023",23-112,,21.9,1.7,1.2,19.1,1.4,5.5,181.8,,7.16,35.00,,Neptune Discs ,no
632,Nebula,Discraft,Midrange,18,5,4,-0.5,2,Overstable,https://www.marshallstreetdiscgolf.com/?s=nebula&post_type=product,https://s3.amazonaws.com/media.marshallstreetdiscgolf.com/inbounds/9549965.webp,nebula,discraft,midrange,overstable,#FF3737,#000000,,,,,,,,,,,,,,,A_name_brand,high,Nebula (Ace Race 2008),Discraft,"Nov 26, 2008",08-36,,21.3,2.0,1.3,18.7,1.3,6.1,176.8,,7.03,44.50,,Discraft,no
633,Nemesis,Legacy,Control Driver,16,10,6,-4,2,Very Understable,https://www.marshallstreetdiscgolf.com/?s=nemesis&post_type=product,https://s3.amazonaws.com/media.marshallstreetdiscgolf.com/inbounds/9549966.webp,nemesis,legacy,hybrid-driver,very-understable,#3831F0,#E43DD9,,,,,,,,,,,,,,,B_name_unique,medium,Nemesis,Legacy Discs,"Feb 6, 2015",15-20,,21.3,1.5,1.1,17.3,2.0,5.2,176.8,,7.82,29.00,,Legacy Discs,yes
634,Neon,Løft Discs,Approach Discs,20,3,1,0,3,Very Overstable,https://www.marshallstreetdiscgolf.com/?s=neon&post_type=product,https://s3.amazonaws.com/media.marshallstreetdiscgolf.com/inbounds/0000473.webp,neon,løft-discs,approach-discs,very-overstable,#000000,#9B90FF,176,21.2,1.9,1.4,18.9,1.1,6.6,56.5,11.59,,,,23-228,"Oct 9, 2023",A_name_brand,high,Neon,Løft Discs,"Oct 9, 2023",23-228,,21.2,1.9,1.4,18.9,1.1,6.6,176.0,,11.59,56.50,,Løft Discs,no
635,Nice!,Other,Fairway Driver,17,8,7,-2,2,Very Understable,https://www.marshallstreetdiscgolf.com/?s=nice%21&post_type=product,https://s3.amazonaws.com/media.marshallstreetdiscgolf.com/inbounds/0000108.webp,nice,other,control-driver,very-understable,#000000,#E5FFAA,,,,,,,,,,,,,,,B_name_unique,medium,Nice!,Momentum Disc Golf AB,"Jul 5, 2021",21-76,,21.4,1.7,1.1,17.8,1.8,5.1,177.6,,11.59,29.00,,Momentum Disc Golf AB,yes
636,Nightjar,Disctroyer,Control Driver,16,10,5,-0.5,2.5,Overstable,https://www.marshallstreetdiscgolf.com/?s=Nightjar&post_type=product,https://s3.amazonaws.com/media.marshallstreetdiscgolf.com/inbounds/0000161.webp,nightjar,disctroyer,hybrid-driver,overstable,#4D144D,#A45656,,,,,,,,,,,,,,,B_name_unique,medium,Nightjar (Öösorr),Disctroyer OÜ,"Feb 28, 2022",22-29,,21.3,1.7,1.3,17.1,2.1,6.1,176.8,,10.34,26.25,,Disctroyer OÜ,yes
637,Nimbus,Elevation Disc Golf,Midrange,18,5,5,0,1.5,Stable,https://www.marshallstreetdiscgolf.com/?s=nimbus&post_type=product,https://s3.amazonaws.com/media.marshallstreetdiscgolf.com/inbounds/0000450.webp,nimbus,elevation-disc-golf,midrange,stable,#FFFFFF,#6A431D,179.3,21.6,1.5,1.2,18.8,1.4,5.6,37.75,1.36,,,,23-222,"Sep 11, 2023",A_name_brand,high,Nimbus,Elevation Disc Golf,"Sep 11, 2023",23-222,,21.6,1.5,1.2,18.8,1.4,5.6,179.3,,1.36,37.75,,Elevation Disc Golf,no
638,Nimitz,Lone Star Discs,Control Driver,16,11,5,-1,3,Overstable,https://www.marshallstreetdiscgolf.com/?s=Nimitz&post_type=product,https://s3.amazonaws.com/media.marshallstreetdiscgolf.com/inbounds/0000292.webp,nimitz,lone-star-discs,hybrid-driver,overstable,#FFA5EA,#6B834B,,,,,,,,,,,,,,,B_name_unique,medium,Nimitz,Lone Star Disc,"Nov 28, 2022",22-215,,21.2,1.7,1.1,16.9,2.2,5.2,176.0,,7.05,27.75,,Lone Star Disc,yes
639,Ninja,Gateway,Control Driver,16,10,6,-1,2,Stable,https://www.marshallstreetdiscgolf.com/?s=ninja&post_type=product,https://s3.amazonaws.com/media.marshallstreetdiscgolf.com/inbounds/1931997.webp,ninja,gateway,hybrid-driver,stable,#FFFFFF,#A66A17,,,,,,,,,,,,,,,A_name_brand,high,Ninja,Gateway Disc Sports,"Apr 21, 2017",17-58,,21.2,1.9,1.2,17.2,2.0,5.7,176.0,,8.73,31.75,,Gateway Disc Sports,no
640,Nitro,MVP,Distance Driver,15,13,4,-0.5,3,Overstable,https://www.marshallstreetdiscgolf.com/?s=nitro&post_type=product,https://s3.amazonaws.com/media.marshallstreetdiscgolf.com/inbounds/1931995.webp,nitro,mvp,distance-driver,overstable,#000000,#9BF2FF,,,,,,,,,,,,,,,A_name_brand,high,Nitro,MVP Disc Sports,"May 13, 2016",16-47,,21.2,1.9,1.2,16.3,2.4,5.7,176.0,,11.57,26.75,,MVP Disc Sports,no
641,Nomad,MVP,Putter,19,2,4,0,1,Stable,https://www.marshallstreetdiscgolf.com/?s=nomad&post_type=product,https://s3.amazonaws.com/media.marshallstreetdiscgolf.com/inbounds/0000101.webp,nomad,mvp,putter,stable,#000000,#9BF2FF,,,,,,,,,,,,,,,A_name_brand,high,Nomad,MVP Disc Sports,"Mar 22, 2021",21-36,,21.2,2.0,1.4,19.0,1.1,6.6,176.0,,8.86,51.00,,MVP Disc Sports,no
642,Nord,Kastaplast,Midrange,18,5,4,0,3,Overstable,https://www.marshallstreetdiscgolf.com/?s=Nord&post_type=product,https://s3.amazonaws.com/media.marshallstreetdiscgolf.com/inbounds/0000422.webp,nord,kastaplast,midrange,overstable,#000000,#21F1B9,180.1,21.7,2,1.3,19,1.3,6,47.5,7.73,,,,24-33,"Feb 19, 2024",A_name_brand,high,Nord,Kastaplast,"Feb 19, 2024",24-33,,21.7,2.0,1.3,19.0,1.3,6.0,180.1,,7.73,47.50,,Kastaplast,no
643,Northman,Westside Discs,Control Driver,16,10,5,-1,2,Understable,https://www.marshallstreetdiscgolf.com/?s=northman&post_type=product,https://s3.amazonaws.com/media.marshallstreetdiscgolf.com/inbounds/3614119.webp,northman,westside-discs,hybrid-driver,understable,#FFFFFF,#014E13,,,,,,,,,,,,,,,B_name_unique,medium,Northman (Pohjan Poika1),Westside Golf Discs,"Dec 3, 2009",09-29,,21.5,1.7,1.1,17.5,2.0,5.1,178.5,,9.64,28.25,,Westside Golf Discs,yes
644,Notch,Vibram,Fairway Driver,17,7,3,0,4.5,Very Overstable,https://www.marshallstreetdiscgolf.com/?s=notch&post_type=product,https://s3.amazonaws.com/media.marshallstreetdiscgolf.com/inbounds/0943101.webp,notch,vibram,control-driver,very-overstable,#FFDC2D,#9A7D2C,,,,,,,,,,,,,,,B_name_unique,medium,Notch,Vibram Disc Golf,"Apr 20, 2015",15-44,,21.0,2.0,1.2,17.2,1.9,5.7,174.3,,7.14,36.75,,Vibram Disc Golf,yes
645,Notion,Discmania,Putter,19,2,3,-1,0,Understable,https://www.marshallstreetdiscgolf.com/?s=notion&post_type=product,https://s3.amazonaws.com/media.marshallstreetdiscgolf.com/inbounds/0000449.webp,notion,discmania,putter,understable,#FFA813,#9A0C0C,176,21.2,2,1.3,19.2,1,6.1,54.75,6.82,,,,24-134,"Jun 30, 2024",A_name_brand,high,Notion,Discmania,"Jun 30, 2024",24-134,,21.2,2.0,1.3,19.2,1.0,6.1,176.0,,6.82,54.75,,Discmania,no
646,Nova,Innova,Putter,19,2,3,0,0,Stable,https://www.marshallstreetdiscgolf.com/?cat_ids%5B%5D=973&post_type=product&s=nova&variation_toggle=1,https://s3.amazonaws.com/media.marshallstreetdiscgolf.com/inbounds/0943102.webp,nova,innova,putter,stable,#2A290E,#F3EB09,,,,,,,,,,,,,,,A_name_brand,high,Nova,Innova Champion Discs,"Sep 3, 2013",13-56,,21.3,2.7,1.5,19.1,1.1,7.0,176.8,,4.65,59.00,,Innova Champion Discs,no
647,Nuance,Thought Space Athletics,Fairway Driver,17,7,5,-2,1,Understable,https://www.marshallstreetdiscgolf.com/?s=nuance&post_type=product,https://s3.amazonaws.com/media.marshallstreetdiscgolf.com/inbounds/0000471.webp,nuance,thought-space-athletics,control-driver,understable,#000000,#FF770E,176,21.2,1.8,1.1,17.8,1.7,5.2,33.5,9.32,,,,24-27,"Feb 15, 2024",A_name_brand,high,Nuance,Thought Space Athletics,"Feb 15, 2024",24-27,,21.2,1.8,1.1,17.8,1.7,5.2,176.0,,9.32,33.50,,Thought Space Athletics,no
648,Nuke,Discraft,Distance Driver,15,13,5,-1,3,Overstable,https://www.marshallstreetdiscgolf.com/?s=nuke&post_type=product,https://s3.amazonaws.com/media.marshallstreetdiscgolf.com/inbounds/2737082.webp,nuke,discraft,distance-driver,overstable,#FF3737,#000000,176,21.2,1.6,1.2,16.1,2.5,5.7,28.25,9.87,,,,09-27,"Oct 31, 2009",A_name_brand,high,Nuke,Discraft,"Oct 31, 2009",09-27,,21.2,1.6,1.2,16.1,2.5,5.7,176.0,,9.87,28.25,,Discraft,no
649,Nuke OS,Discraft,Distance Driver,15,13,4,0,4,Very Overstable,https://www.marshallstreetdiscgolf.com/?s=nuke+os&post_type=product,https://s3.amazonaws.com/media.marshallstreetdiscgolf.com/inbounds/2537405.webp,nuke-os,discraft,distance-driver,very-overstable,#FF3737,#000000,176,21.2,1.6,1.2,16.2,2.5,5.7,30.75,8.16,,,,11-23,"Jun 9, 2011",A_name_brand,high,Nuke OS,Discraft,"Jun 9, 2011",11-23,,21.2,1.6,1.2,16.2,2.5,5.7,176.0,,8.16,30.75,,Discraft,no
650,Nuke SS,Discraft,Distance Driver,15,13,5,-3,3,Understable,https://www.marshallstreetdiscgolf.com/?s=nuke+ss&post_type=product,https://s3.amazonaws.com/media.marshallstreetdiscgolf.com/inbounds/3138324.webp,nuke-ss,discraft,distance-driver,understable,#FF3737,#000000,176,21.2,1.5,1.1,16.2,2.5,5.2,28.75,9.98,,,,11-15,"Apr 7, 2011",A_name_brand,high,Nuke SS,Discraft,"Apr 7, 2011",11-15,,21.2,1.5,1.1,16.2,2.5,5.2,176.0,,9.98,28.75,,Discraft,no
651,O-Lace,Vibram,Distance Driver,15,13,5,-1,3,Stable,https://www.marshallstreetdiscgolf.com/?s=o-lace&post_type=product,https://s3.amazonaws.com/media.marshallstreetdiscgolf.com/inbounds/9090001.webp,o-lace,vibram,distance-driver,stable,#FFDC2D,#9A7D2C,,,,,,,,,,,,,,,B_name_unique,medium,O-Lace,Vibram Disc Golf,"Jun 25, 2013",13-43,,21.0,1.7,1.1,16.3,2.3,5.2,174.3,,6.58,26.00,,Vibram Disc Golf,yes
652,OG Binx,Elevation Disc Golf,Fairway Driver,17,8,5,-1,1,Understable,https://www.marshallstreetdiscgolf.com/?s=OG+Binx&post_type=product,https://s3.amazonaws.com/media.marshallstreetdiscgolf.com/inbounds/0000298.webp,og-binx,elevation-disc-golf,control-driver,understable,#FFFFFF,#6A431D,,,,,,,,,,,,,,,unmatched,none,,,,,,,,,,,,,,,,,,
653,Obex,Vibram,Midrange,18,5,4,0,3,Very Overstable,https://www.marshallstreetdiscgolf.com/?s=obex&post_type=product,https://s3.amazonaws.com/media.marshallstreetdiscgolf.com/inbounds/0666743.webp,obex,vibram,midrange,very-overstable,#FFDC2D,#9A7D2C,,,,,,,,,,,,,,,B_name_unique,medium,Obex,Vibram Disc Golf,"Jun 27, 2012",12-26,,21.5,2.1,1.2,18.9,1.3,5.6,178.5,,4.54,41.00,,Vibram Disc Golf,yes
654,Oblivion,Doomsday Discs,Distance Driver,15,12,4,-1,3,Overstable,,,oblivion,doomsday-discs,distance-driver,overstable,#B6FF8B,#144E48,176,21.2,1.4,1.1,16.7,2.2,5.2,26.25,11.25,,,,25-88,"Jun 9, 2025",A_name_brand,high,Oblivion,Doomsday Discs,"Jun 9, 2025",25-88,,21.2,1.4,1.1,16.7,2.2,5.2,176.0,,11.25,26.25,,Doomsday Discs,no
655,Octane,MVP,Distance Driver,15,13,5,-1,2,Understable,https://www.marshallstreetdiscgolf.com/?s=octane&post_type=product,https://s3.amazonaws.com/media.marshallstreetdiscgolf.com/inbounds/0666744.webp,octane,mvp,distance-driver,understable,#000000,#9BF2FF,,,,,,,,,,,,,,,A_name_brand,high,Octane,MVP Disc Sports,"May 13, 2016",16-48,,21.1,1.7,1.2,16.3,2.4,5.7,175.1,,11.87,27.25,,MVP Disc Sports,no
656,Odin,Viking,Distance Driver,15,12,5,-1,3,Overstable,https://www.marshallstreetdiscgolf.com/?s=Odin&post_type=product,https://s3.amazonaws.com/media.marshallstreetdiscgolf.com/inbounds/0000114.webp,odin,viking,distance-driver,overstable,#000000,#04F40C,,,,,,,,,,,,,,,B_name_unique,medium,Odin,Viking Discs (IP-Agency Finland Oy),"Sep 29, 2020",20-76,,21.3,1.4,1.1,16.6,2.3,5.2,176.8,,11.02,26.00,,Viking Discs (IP-Agency Finland Oy),yes
657,Odyssey,Gateway,Fairway Driver,17,8,5,-2,1,Understable,https://www.marshallstreetdiscgolf.com/?s=odyssey&post_type=product,https://s3.amazonaws.com/media.marshallstreetdiscgolf.com/inbounds/0000491.webp,odyssey,gateway,control-driver,understable,#FFFFFF,#A66A17,,,,,,,,,,,,,,,unmatched,none,,,,,,,,,,,,,,,,,,
658,Ogopogo,Daredevil Discs,Fairway Driver,17,9,4,-2,5,Overstable,https://www.marshallstreetdiscgolf.com/product/ogopogo,https://s3.amazonaws.com/media.marshallstreetdiscgolf.com/inbounds/1969811.webp,ogopogo,daredevil-discs,control-driver,overstable,#FFFFFF,#515151,175.1,21.1,1.5,1.2,17.1,2,5.7,36.75,2.27,,,,14-86,"Oct 31, 2014",A_name_brand,high,Ogopogo,Daredevil Discs,"Oct 31, 2014",14-86,,21.1,1.5,1.2,17.1,2.0,5.7,175.1,,2.27,36.75,,Daredevil Discs,no
659,Ohm,MVP,Putter,19,2,5,0,1,Stable,https://www.marshallstreetdiscgolf.com/?s=ohm&post_type=product,https://s3.amazonaws.com/media.marshallstreetdiscgolf.com/inbounds/0000008.webp,ohm,mvp,putter,stable,#000000,#9BF2FF,,,,,,,,,,,,,,,A_name_brand,high,Ohm,MVP Disc Sports,"Feb 20, 2020",20-16,,21.2,1.9,1.5,19.1,1.0,7.1,176.0,,8.41,58.00,,MVP Disc Sports,no
660,Omega,Millennium,Putter,19,2,3,0,0,Stable,https://www.marshallstreetdiscgolf.com/?s=omega&post_type=product,https://s3.amazonaws.com/media.marshallstreetdiscgolf.com/inbounds/0659634.webp,omega,millennium,putter,stable,#000000,#FF0974,,,,,,,,,,,,,,,B_name_unique,medium,Omega,Millennium Golf Discs,"Jul 27, 1995",95-09,,21.1,2.0,1.5,19.3,0.9,7.1,175.1,,1.36,55.75,,Millennium Golf Discs,yes
661,Omega 4,Millennium,Putter,19,2,3,0,1,Overstable,https://www.marshallstreetdiscgolf.com/?s=omega+4&post_type=product,https://s3.amazonaws.com/media.marshallstreetdiscgolf.com/inbounds/0000271.webp,omega-4,millennium,putter,overstable,#000000,#FF0974,,,,,,,,,,,,,,,unmatched,none,,,,,,,,,,,,,,,,,,
662,Omega Big Bead,Millennium,Putter,19,2,3,0,1,Stable,https://www.marshallstreetdiscgolf.com/?s=big+bead+omega&post_type=product,https://s3.amazonaws.com/media.marshallstreetdiscgolf.com/inbounds/6900159.webp,omega-big-bead,millennium,putter,stable,#000000,#FF0974,,,,,,,,,,,,,,,unmatched,none,,,,,,,,,,,,,,,,,,
663,Omen,Thought Space Athletics,Fairway Driver,17,9,4,0,4,Very Overstable,https://www.marshallstreetdiscgolf.com/?s=Omen&post_type=product,https://s3.amazonaws.com/media.marshallstreetdiscgolf.com/inbounds/0000191.webp,omen,thought-space-athletics,control-driver,very-overstable,#000000,#FF770E,176,21.2,1.7,1.2,17.2,2,5.7,28.25,10.34,,,,22-33,"Mar 7, 2022",A_name_brand,high,Omen,Thought Space Athletics,"Mar 7, 2022",22-33,,21.2,1.7,1.2,17.2,2.0,5.7,176.0,,10.34,28.25,,Thought Space Athletics,no
664,Onyx,Vibram,Fairway Driver,17,8,6,-3,1,Understable,https://www.marshallstreetdiscgolf.com/?s=Onyx&post_type=product,https://s3.amazonaws.com/media.marshallstreetdiscgolf.com/inbounds/6800158.webp,onyx,vibram,control-driver,understable,#FFDC2D,#9A7D2C,,,,,,,,,,,,,,,B_name_unique,medium,Onyx,Vibram Disc Golf,"Dec 2, 2015",15-77,,21.0,1.8,1.1,17.3,1.8,5.2,174.3,,5.33,30.75,,Vibram Disc Golf,yes
665,Openwater,Crosslap,Distance Driver,15,12,4,-1.5,2,Understable,https://www.marshallstreetdiscgolf.com/?s=Openwater&post_type=product,https://s3.amazonaws.com/media.marshallstreetdiscgolf.com/inbounds/0000112.webp,openwater,crosslap,distance-driver,understable,#FF190C,#88BE47,,,,,,,,,,,,,,,B_name_unique,medium,Openwater,Crosslap Disc Golf Parks,"Aug 2, 2021",21-88,,21.5,2.0,1.1,16.9,2.3,5.1,178.5,,7.16,32.00,,Crosslap Disc Golf Parks,yes
666,Oracle,Sacred Discs,Fairway Driver,17,7,5,-2,2,Stable,https://www.marshallstreetdiscgolf.com/?s=Oracle&post_type=product,https://s3.amazonaws.com/media.marshallstreetdiscgolf.com/inbounds/0000362.webp,oracle,sacred-discs,control-driver,stable,#0E1774,#B4CDFF,175.1,21.1,1.5,1.1,17.7,1.7,5.2,34.5,6.02,,,,23-162,"Jun 5, 2023",A_name_brand,high,Oracle,Sacred Discs,"Jun 5, 2023",23-162,,21.1,1.5,1.1,17.7,1.7,5.2,175.1,,6.02,34.50,,Sacred Discs,no
667,Orbital,MVP,Control Driver,16,11,5,-4.5,1,Understable,https://www.marshallstreetdiscgolf.com/?s=Orbital&post_type=product,https://s3.amazonaws.com/media.marshallstreetdiscgolf.com/inbounds/2594489.webp,orbital,mvp,hybrid-driver,understable,#000000,#9BF2FF,,,,,,,,,,,,,,,A_name_brand,high,Orbital,MVP Disc Sports,"Feb 6, 2015",15-01,,21.1,1.4,1.1,16.7,2.2,5.2,175.1,,10.77,28.50,,MVP Disc Sports,no
668,Orc,Innova,Control Driver,16,10,4,-1,3,Overstable,https://www.marshallstreetdiscgolf.com/?s=orc&post_type=product,https://s3.amazonaws.com/media.marshallstreetdiscgolf.com/inbounds/2594490.webp,orc,innova,hybrid-driver,overstable,#2A290E,#F3EB09,,,,,,,,,,,,,,,A_name_brand,high,ORC,Innova Champion Discs,"Jan 25, 2004",04-01,,21.2,1.9,1.2,17.2,2.0,5.7,176.0,,8.85,27.00,,Innova Champion Discs,no
669,Orca,Wild Discs,Distance Driver,15,12,5,-1.5,2,Stable,https://www.marshallstreetdiscgolf.com/product/whirlpool-orca-1st-run-4,https://s3.amazonaws.com/media.marshallstreetdiscgolf.com/inbounds/0000066.webp,orca,wild-discs,distance-driver,stable,#D267A0,#373C0D,176,21.2,1.4,1.1,16.6,2.3,5.2,28.5,11.59,,,,20-101,"Dec 26, 2020",A_name_brand,high,Orca,Wild Discs,"Dec 26, 2020",20-101,,21.2,1.4,1.1,16.6,2.3,5.2,176.0,,11.59,28.50,,Wild Discs,no
670,Origin,Discmania,Midrange,18,5,5,-1,1,Understable,https://www.marshallstreetdiscgolf.com/?s=Origin&post_type=product,https://s3.amazonaws.com/media.marshallstreetdiscgolf.com/inbounds/0000036.webp,origin,discmania,midrange,understable,#FFA813,#9A0C0C,177.6,21.4,1.6,1.2,18.8,1.3,5.6,46.5,11.59,,,,20-63,"Jul 14, 2020",A_name_brand,high,Origin,Discmania,"Jul 14, 2020",20-63,,21.4,1.6,1.2,18.8,1.3,5.6,177.6,,11.59,46.50,,Discmania,no
671,Origo,Prodiscus,Putter,19,3,4,0,1,Stable,https://www.marshallstreetdiscgolf.com/?s=origo&post_type=product,https://s3.amazonaws.com/media.marshallstreetdiscgolf.com/inbounds/0000246.webp,origo,prodiscus,putter,stable,#32E65C,#5435A9,176,21.2,1.9,1.5,19.1,1.1,7.1,56.75,6.14,,,,22-131,"Aug 1, 2022",A_name_brand,high,Origo,Prodiscus,"Aug 1, 2022",22-131,,21.2,1.9,1.5,19.1,1.1,7.1,176.0,,6.14,56.75,,Prodiscus,no
672,Orion LF,Millennium,Fairway Driver,17,9,5,-1,2,Stable,https://www.marshallstreetdiscgolf.com/?s=orion+lf&post_type=product,https://s3.amazonaws.com/media.marshallstreetdiscgolf.com/inbounds/4329112.webp,orion-lf,millennium,control-driver,stable,#000000,#FF0974,,,,,,,,,,,,,,,B_name_unique,medium,Orion LF,Millennium Golf Discs,"Feb 10, 2006",06-03,,21.1,1.5,1.2,17.4,1.9,5.7,175.1,,10.32,27.25,,Millennium Golf Discs,yes
673,Orion LS,Millennium,Fairway Driver,17,9,4,-1,1,Understable,https://www.marshallstreetdiscgolf.com/?s=orion+ls&post_type=product,https://s3.amazonaws.com/media.marshallstreetdiscgolf.com/inbounds/9525844.webp,orion-ls,millennium,control-driver,understable,#000000,#FF0974,,,,,,,,,,,,,,,B_name_unique,medium,Orion LS,Millennium Golf Discs,"Mar 31, 2005",05-05,,21.1,1.4,1.2,17.3,1.9,5.7,175.1,,12.02,32.25,,Millennium Golf Discs,yes
674,Osprey,AquaFlight,Distance Driver,15,12,4,-1,2,Overstable,https://www.marshallstreetdiscgolf.com/product/aquaflight-osprey,https://s3.amazonaws.com/media.marshallstreetdiscgolf.com/inbounds/9525843.webp,osprey,aquaflight,distance-driver,overstable,#8B1D5B,#11FF98,,,,,,,,,,,,,,,C_name_ambiguous,needs_review,,,,,,,,,,,,,,,,,,
675,Outer Core,Trash Panda,Putter,19,2,4,0,1,Stable,,,outer-core,trash-panda,putter,stable,#FFFFFF,#000000,,,,,,,,,,,,,,,B_name_unique,medium,Outer Core,Trash Panda Disc Golf,"Nov 3, 2025",25-166,,21.2,2.1,1.5,18.9,1.1,7.1,176.0,,6.36,68.50,,Trash Panda Disc Golf,yes
676,Outlaw,Legacy,Distance Driver,15,12,5,-1,3,Overstable,https://www.marshallstreetdiscgolf.com/?s=outlaw&post_type=product,https://s3.amazonaws.com/media.marshallstreetdiscgolf.com/inbounds/9525845.webp,outlaw,legacy,distance-driver,overstable,#3831F0,#E43DD9,,,,,,,,,,,,,,,C_name_ambiguous,needs_review,,,,,,,,,,,,,,,,,,
677,Owl,Stokely Discs,Approach Discs,20,4,3,0,3,Very Overstable,https://www.marshallstreetdiscgolf.com/?s=owl&post_type=product,https://s3.amazonaws.com/media.marshallstreetdiscgolf.com/inbounds/0000462.webp,owl,stokely-discs,approach-discs,very-overstable,#FBE311,#37B2DF,175.1,21.1,2,1.4,18.7,1.2,6.6,57.25,8.86,,,,24-92,"Apr 29, 2024",A_name_brand,high,Owl,Stokely Discs,"Apr 29, 2024",24-92,,21.1,2.0,1.4,18.7,1.2,6.6,175.1,,8.86,57.25,,Stokely Discs,no
678,Ozone,Trash Panda,Fairway Driver,17,8,6,-3,1,Very Understable,https://www.marshallstreetdiscgolf.com/?s=ozone&post_type=product,https://s3.amazonaws.com/media.marshallstreetdiscgolf.com/inbounds/0000442.webp,ozone,trash-panda,control-driver,very-understable,#FFFFFF,#000000,,,,,,,,,,,,,,,B_name_unique,medium,Ozone,Trash Panda Disc Golf,"Jan 8, 2024",24-1,,21.2,1.9,1.1,17.4,1.9,5.2,176.0,,9.32,29.75,,Trash Panda Disc Golf,yes
679,P Model OS,Prodigy,Putter,19,3,4,0,3,Overstable,https://www.marshallstreetdiscgolf.com/?s=%22P+model+OS%22&post_type=product,https://s3.amazonaws.com/media.marshallstreetdiscgolf.com/inbounds/1010589.webp,p-model-os,prodigy,putter,overstable,#000000,#10A259,,,,,,,,,,,,,,,unmatched,none,,,,,,,,,,,,,,,,,,
680,P Model S,Prodigy,Putter,19,3,5,0,2,Stable,https://www.marshallstreetdiscgolf.com/?s=P+Model+S&post_type=product,https://s3.amazonaws.com/media.marshallstreetdiscgolf.com/inbounds/0000188.webp,p-model-s,prodigy,putter,stable,#000000,#10A259,,,,,,,,,,,,,,,unmatched,none,,,,,,,,,,,,,,,,,,
681,P Model US,Prodigy,Putter,19,3,5,-1,1,Understable,https://www.marshallstreetdiscgolf.com/?s=P+Model+US&post_type=product,https://s3.amazonaws.com/media.marshallstreetdiscgolf.com/inbounds/0000046.webp,p-model-us,prodigy,putter,understable,#000000,#10A259,,,,,,,,,,,,,,,A_name_brand,high,P Model US+,Prodigy Disc,"Nov 9, 2021",21-118,,21.3,2.0,1.4,19.1,1.1,6.6,176.8,,7.39,79.75,,Prodigy Disc,no
682,P1,Discmania,Putter,19,2,3,0,0,Stable,https://www.marshallstreetdiscgolf.com/?s=p1&post_type=product,https://s3.amazonaws.com/media.marshallstreetdiscgolf.com/inbounds/0000251.webp,p1,discmania,putter,stable,#FFA813,#9A0C0C,,,,,,,,,,,,,,,A_name_brand,high,"P1 (Maniac, Putt & Approach)",Discmania,"Mar 8, 2007",07-12,,21.2,2.0,1.5,19.3,0.9,7.1,176.0,,6.01,56.00,,Discmania,no
683,P1X,Discmania,Putter,19,2,3,0,0,Stable,https://www.marshallstreetdiscgolf.com/?s=p1x&post_type=product,https://s3.amazonaws.com/media.marshallstreetdiscgolf.com/inbounds/2227520.webp,p1x,discmania,putter,stable,#FFA813,#9A0C0C,,,,,,,,,,,,,,,A_name_brand,high,P1x (new),Discmania,"Sep 16, 2024",24-187,,21.2,2.0,1.4,19.0,1.1,6.6,176.0,,12.05,59.75,,Discmania,no
684,P2,Discmania,Putter,19,2,3,0,1,Overstable,https://www.marshallstreetdiscgolf.com/?s=p2&post_type=product,https://s3.amazonaws.com/media.marshallstreetdiscgolf.com/inbounds/0000271.webp,p2,discmania,putter,overstable,#FFA813,#9A0C0C,,,,,,,,,,,,,,,A_name_brand,high,"P2 (Psycho, Pro Putter)",Discmania,"Mar 8, 2007",07-13,,21.2,2.1,1.5,19.2,1.0,7.1,176.0,,7.03,58.25,,Discmania,no
685,P2X,Discmania,Putter,19,2,3,0,1,Overstable,https://www.marshallstreetdiscgolf.com/?s=p2x&post_type=product,https://s3.amazonaws.com/media.marshallstreetdiscgolf.com/inbounds/0000481.webp,p2x,discmania,putter,overstable,#FFA813,#9A0C0C,,,,,,,,,,,,,,,A_name_brand,high,P2x,Discmania,"Sep 9, 2024",24-179,,21.2,1.9,1.3,18.9,1.1,6.1,176.0,,7.95,69.75,,Discmania,no
686,P3 (OOP),Discmania,Putter,19,3,2,0,3,Overstable,https://www.marshallstreetdiscgolf.com/?s=p3&post_type=product,https://s3.amazonaws.com/media.marshallstreetdiscgolf.com/inbounds/9617057.webp,p3-oop,discmania,putter,overstable,#FFA813,#9A0C0C,,,,,,,,,,,,,,,A_name_brand,high,P3 (Putt & Approach),Discmania,"Feb 13, 2013",13-09,,21.2,2.0,1.2,19.2,1.0,5.7,176.0,,9.30,59.00,,Discmania,no
687,P3X,Discmania,Putter,19,3,2,0,3,Overstable,https://www.marshallstreetdiscgolf.com/?s=P3X&post_type=product,https://s3.amazonaws.com/media.marshallstreetdiscgolf.com/inbounds/0000421.webp,p3x,discmania,putter,overstable,#FFA813,#9A0C0C,,,,,,,,,,,,,,,A_name_brand,high,P3x (new),Discmania,"Nov 9, 2023",23-256,,21.3,1.9,1.5,19.0,1.1,7.0,176.8,,8.41,62.00,,Discmania,no
688,P4,Discmania,Approach Discs,20,4,2,0,3,Very Overstable,https://www.marshallstreetdiscgolf.com/?s=p4&post_type=product,https://s3.amazonaws.com/media.marshallstreetdiscgolf.com/inbounds/0000001.webp,p4,discmania,approach-discs,very-overstable,#FFA813,#9A0C0C,177.6,21.4,1.8,1.4,19,1.2,6.5,53,11.02,,,,25-49,"Mar 24, 2025",A_name_brand,high,P4,Discmania,"Mar 24, 2025",25-49,,21.4,1.8,1.4,19.0,1.2,6.5,177.6,,11.02,53.00,,Discmania,no
689,PA-3 Sparrow,Disctroyer,Putter,19,3,3,0,2,Overstable,https://www.marshallstreetdiscgolf.com/?s=Sparrow&post_type=product,https://s3.amazonaws.com/media.marshallstreetdiscgolf.com/inbounds/0000087.webp,pa-3-sparrow,disctroyer,putter,overstable,#4D144D,#A45656,,,,,,,,,,,,,,,unmatched,none,,,,,,,,,,,,,,,,,,
690,PA1,Prodigy,Putter,19,3,3,0,2.5,Overstable,https://www.marshallstreetdiscgolf.com/?s=pa1&post_type=product,https://s3.amazonaws.com/media.marshallstreetdiscgolf.com/inbounds/2111647.webp,pa1,prodigy,putter,overstable,#000000,#10A259,,,,,,,,,,,,,,,A_name_brand,high,PA1,Prodigy Disc,"Mar 5, 2013",13-17,,21.0,1.9,1.4,19.0,1.0,6.7,174.3,,6.01,57.50,,Prodigy Disc,no
691,PA2,Prodigy,Putter,19,3,3,0,2,Overstable,https://www.marshallstreetdiscgolf.com/?s=pa2&post_type=product,https://s3.amazonaws.com/media.marshallstreetdiscgolf.com/inbounds/2121647.webp,pa2,prodigy,putter,overstable,#000000,#10A259,,,,,,,,,,,,,,,A_name_brand,high,PA2,Prodigy Disc,"Mar 5, 2013",13-18,,21.1,1.9,1.4,19.1,1.0,6.6,175.1,,11.91,47.50,,Prodigy Disc,no
692,PA3,Prodigy,Putter,19,3,3,0,1,Stable,https://www.marshallstreetdiscgolf.com/?s=pa3&post_type=product,https://s3.amazonaws.com/media.marshallstreetdiscgolf.com/inbounds/2131647.webp,pa3,prodigy,putter,stable,#000000,#10A259,,,,,,,,,,,,,,,A_name_brand,high,PA3,Prodigy Disc,"Mar 25, 2014",14-30,,21.0,2.0,1.4,18.9,1.0,6.7,174.3,,9.41,66.00,,Prodigy Disc,no
693,PA4,Prodigy,Putter,19,3,3,-1,1,Understable,https://www.marshallstreetdiscgolf.com/?s=pa4&post_type=product,https://s3.amazonaws.com/media.marshallstreetdiscgolf.com/inbounds/2141647.webp,pa4,prodigy,putter,understable,#000000,#10A259,,,,,,,,,,,,,,,A_name_brand,high,PA4,Prodigy Disc,"Mar 5, 2013",13-19,,21.0,1.9,1.4,19.0,1.0,6.7,174.3,,6.46,69.25,,Prodigy Disc,no
694,PA5,Prodigy,Putter,19,3,4,-2,0.5,Understable,https://www.marshallstreetdiscgolf.com/?s=PA5&post_type=product,https://s3.amazonaws.com/media.marshallstreetdiscgolf.com/inbounds/0000256.webp,pa5,prodigy,putter,understable,#000000,#10A259,,,,,,,,,,,,,,,unmatched,none,,,,,,,,,,,,,,,,,,
695,PD,Discmania,Control Driver,16,10,4,0,3,Overstable,https://www.marshallstreetdiscgolf.com/?s=PD&post_type=product,https://s3.amazonaws.com/media.marshallstreetdiscgolf.com/inbounds/0000265.webp,pd,discmania,hybrid-driver,overstable,#FFA813,#9A0C0C,,,,,,,,,,,,,,,A_name_brand,high,PD (new),Discmania,"Nov 9, 2021",21-121,,21.2,1.5,1.2,17.3,1.9,5.7,176.0,,11.82,32.00,,Discmania,no
696,PD2,Discmania,Distance Driver,15,12,4,0,4,Very Overstable,https://www.marshallstreetdiscgolf.com/?s=PD2&post_type=product,https://s3.amazonaws.com/media.marshallstreetdiscgolf.com/inbounds/0000400.webp,pd2,discmania,distance-driver,very-overstable,#FFA813,#9A0C0C,,,,,,,,,,,,,,,A_name_brand,high,PD2 (new),Discmania,"Dec 31, 2023",23-280,,21.1,1.8,1.1,16.4,2.3,5.2,175.1,,9.66,28.25,,Discmania,no
697,PD3 (OOP),Discmania,Control Driver,16,11,3,0,5,Very Overstable,https://www.marshallstreetdiscgolf.com/product/glow-c-line-pd3-euro-open,https://s3.amazonaws.com/media.marshallstreetdiscgolf.com/inbounds/0000002.webp,pd3-oop,discmania,hybrid-driver,very-overstable,#FFA813,#9A0C0C,,,,,,,,,,,,,,,A_name_brand,high,PD3,Discmania,"Apr 9, 2020",20-31,,21.0,1.7,1.2,16.6,2.2,5.7,174.3,,11.59,37.00,,Discmania,no
698,PDx (OOP),Discmania,Control Driver,16,11,4,0,3,Overstable,https://www.marshallstreetdiscgolf.com/?s=pdx&post_type=product,https://s3.amazonaws.com/media.marshallstreetdiscgolf.com/inbounds/5356888.webp,pdx-oop,discmania,hybrid-driver,overstable,#FFA813,#9A0C0C,,,,,,,,,,,,,,,A_name_brand,high,PDx (Power Driver),Discmania,"Dec 9, 2015",15-81,,21.1,1.9,1.2,16.9,2.1,5.7,175.1,,11.23,30.50,,Discmania,no
699,PX-3,Prodigy,Putter,19,3,3,0,2,Overstable,https://www.marshallstreetdiscgolf.com/?s=px-3&post_type=product,https://s3.amazonaws.com/media.marshallstreetdiscgolf.com/inbounds/0000118.webp,px-3,prodigy,putter,overstable,#000000,#10A259,,,,,,,,,,,,,,,A_name_brand,high,PX-3,Prodigy Disc,"Oct 25, 2021",21-114,,21.0,1.9,1.4,19.0,1.0,6.7,174.3,,6.82,52.00,,Prodigy Disc,no
700,Pace,Finish Line,Putter,19,2,4,0,1.5,Overstable,https://www.marshallstreetdiscgolf.com/?s=pace&post_type=product,https://s3.amazonaws.com/media.marshallstreetdiscgolf.com/inbounds/0000335.webp,pace,finish-line,putter,overstable,#1914FF,#FFA5F4,,,,,,,,,,,,,,,B_name_unique,medium,Pace,Finish Line Discs,"Dec 12, 2022",22-225,,21.1,2.0,1.5,18.9,1.1,7.1,175.1,,10.68,60.25,,Finish Line Discs,yes
701,Panic,Axiom Discs,Distance Driver,15,13,4,-0.5,3,Overstable,https://www.marshallstreetdiscgolf.com/?s=panic&post_type=product,https://s3.amazonaws.com/media.marshallstreetdiscgolf.com/inbounds/0778090.webp,panic,axiom-discs,distance-driver,overstable,#000000,#FF9595,175.1,21.1,1.7,1.2,16.3,2.4,5.7,26.25,12.25,,,,17-45,"Apr 3, 2017",A_name_brand,high,Panic,Axiom Discs,"Apr 3, 2017",17-45,,21.1,1.7,1.2,16.3,2.4,5.7,175.1,,12.25,26.25,,Axiom Discs,no
702,Panther,Innova,Midrange,18,5,4,-2,1,Understable,https://www.marshallstreetdiscgolf.com/?s=panther&post_type=product,https://s3.amazonaws.com/media.marshallstreetdiscgolf.com/inbounds/0768090.webp,panther,innova,midrange,understable,#2A290E,#F3EB09,,,,,,,,,,,,,,,A_name_brand,high,Panther,Innova Champion Discs,"Jul 26, 1993",93-07,,21.2,1.9,1.2,18.6,1.3,5.7,176.0,,12.02,34.00,,Innova Champion Discs,no
703,Parachute,Streamline,Putter,19,1,7,0,0.5,Stable,https://www.marshallstreetdiscgolf.com/?s=parachute&post_type=product,https://s3.amazonaws.com/media.marshallstreetdiscgolf.com/inbounds/0000469.webp,parachute,streamline,putter,stable,#012219,#ACFFBA,,,,,,,,,,,,,,,A_name_brand,high,Parachute,Streamline Discs,"May 29, 2023",23-156,,21.2,2.0,1.6,19.5,0.8,7.5,176.0,,3.86,77.00,,Streamline Discs,no
704,Paradigm,Discmania,Distance Driver,15,12,6,-1.5,2,Stable,https://www.marshallstreetdiscgolf.com/?s=Paradigm&post_type=product,https://s3.amazonaws.com/media.marshallstreetdiscgolf.com/inbounds/0000306.webp,paradigm,discmania,distance-driver,stable,#FFA813,#9A0C0C,175.1,21.1,1.7,1.1,16.8,2.1,5.2,34,9.89,,,,22-72,"May 2, 2022",A_name_brand,high,Paradigm,Discmania,"May 2, 2022",22-72,,21.1,1.7,1.1,16.8,2.1,5.2,175.1,,9.89,34.00,,Discmania,no
705,Paradox,Axiom Discs,Midrange,18,5,4,-4,0,Very Understable,https://www.marshallstreetdiscgolf.com/?s=paradox&post_type=product,https://s3.amazonaws.com/media.marshallstreetdiscgolf.com/inbounds/0000138.webp,paradox,axiom-discs,midrange,very-understable,#000000,#FF9595,178.5,21.5,1.8,1.3,18.9,1.3,6,50.25,7.05,,,,21-71,"Jul 5, 2021",A_name_brand,high,Paradox,Axiom Discs,"Jul 5, 2021",21-71,,21.5,1.8,1.3,18.9,1.3,6.0,178.5,,7.05,50.25,,Axiom Discs,no
706,Passion,Discraft,Fairway Driver,17,8,5,-1,1,Understable,https://www.marshallstreetdiscgolf.com/?s=Passion&post_type=product,https://s3.amazonaws.com/media.marshallstreetdiscgolf.com/inbounds/0000416.webp,passion,discraft,control-driver,understable,#FF3737,#000000,179.3,21.6,1.6,1.2,18.3,1.7,5.6,32,6.7,,,,21-82,"Jul 19, 2021",A_name_brand,high,Passion,Discraft,"Jul 19, 2021",21-82,,21.6,1.6,1.2,18.3,1.7,5.6,179.3,,6.70,32.00,,Discraft,no
707,Pathfinder,Thought Space Athletics,Midrange,18,5,5,0,1,Stable,https://www.marshallstreetdiscgolf.com/?s=pathfinder&post_type=product,https://s3.amazonaws.com/media.marshallstreetdiscgolf.com/inbounds/0000042.webp,pathfinder,thought-space-athletics,midrange,stable,#000000,#FF770E,178.5,21.5,1.7,1.3,18.6,1.4,6,43,10,,,,20-51,"Jun 23, 2020",A_name_brand,high,Pathfinder,Thought Space Athletics,"Jun 23, 2020",20-51,,21.5,1.7,1.3,18.6,1.4,6.0,178.5,,10.00,43.00,,Thought Space Athletics,no
708,Patriot,Legacy,Fairway Driver,17,7,5,-2,1,Understable,https://www.marshallstreetdiscgolf.com/?s=patriot&post_type=product,https://s3.amazonaws.com/media.marshallstreetdiscgolf.com/inbounds/9876123.webp,patriot,legacy,control-driver,understable,#3831F0,#E43DD9,,,,,,,,,,,,,,,B_name_unique,medium,Patriot,Legacy Discs,"Nov 28, 2012",12-53,,21.2,1.8,1.1,17.6,1.8,5.2,176.0,,12.02,28.25,,Legacy Discs,yes
709,Patrol,Dynamic Discs,Midrange,18,5,5,-3,1,Understable,https://www.marshallstreetdiscgolf.com/product/lucid-patrol,https://s3.amazonaws.com/media.marshallstreetdiscgolf.com/inbounds/0000000.webp,patrol,dynamic-discs,midrange,understable,#FFFFFF,#0082F4,180.1,21.7,1.6,1.2,18.8,1.4,5.5,44,8.85,,,,17-124,"Dec 4, 2017",A_name_brand,high,Patrol,Dynamic Discs,"Dec 4, 2017",17-124,,21.7,1.6,1.2,18.8,1.4,5.5,180.1,,8.85,44.00,,Dynamic Discs,no
710,Peace Frog,AquaFlight,Putter,19,3,3,0,1,Stable,https://www.marshallstreetdiscgolf.com/product/aquaflight-peace-frog,https://s3.amazonaws.com/media.marshallstreetdiscgolf.com/inbounds/9341386.webp,peace-frog,aquaflight,putter,stable,#8B1D5B,#11FF98,,,,,,,,,,,,,,,B_name_unique,medium,Peace Frog,AquaFlight Discs,"Feb 6, 2015",15-25,,21.0,2.2,1.6,19.1,1.0,7.6,174.3,,5.67,63.75,,AquaFlight Discs,yes
711,Peace Train,Jester Disc Golf,Midrange,18,5,4,-2,1,Understable,https://www.marshallstreetdiscgolf.com/?s=peace+train&post_type=product,https://s3.amazonaws.com/media.marshallstreetdiscgolf.com/inbounds/0000430.webp,peace-train,jester-disc-golf,midrange,understable,#FFF172,#0E887C,178.5,21.5,1.7,1.3,18.6,1.4,6,41.75,8.07,,,,23-82,"Mar 23, 2023",A_name_brand,high,Peace Train,Jester Disc Golf,"Mar 23, 2023",23-82,,21.5,1.7,1.3,18.6,1.4,6.0,178.5,,8.07,41.75,,Jester Disc Golf,no
712,Peach,Clash Discs,Midrange,18,4,5,-2,1,Understable,https://www.marshallstreetdiscgolf.com/?s=Peach&post_type=product,https://s3.amazonaws.com/media.marshallstreetdiscgolf.com/inbounds/0000284.webp,peach,clash-discs,midrange,understable,#FF93E9,#2516FF,177.6,21.4,1.9,1.3,18.6,1.4,6.1,45,9.66,,,,22-166,"Sep 26, 2022",A_name_brand,high,Peach,Clash Discs,"Sep 26, 2022",22-166,,21.4,1.9,1.3,18.6,1.4,6.1,177.6,,9.66,45.00,,Clash Discs,no
713,Peak,Latitude 64,Putter,19,3,3,0,1,Stable,https://www.marshallstreetdiscgolf.com/?s=peak&post_type=product,https://s3.amazonaws.com/media.marshallstreetdiscgolf.com/inbounds/0000489.webp,peak,latitude-64,putter,stable,#FFFFFF,#F40909,176.8,21.3,1.9,1.3,19.1,1.1,6.1,59.25,8.41,,,,24-220,"Nov 18, 2024",A_name_brand,high,Peak,Latitude 64,"Nov 18, 2024",24-220,,21.3,1.9,1.3,19.1,1.1,6.1,176.8,,8.41,59.25,,Latitude 64,no
714,Pearl,Latitude 64,Midrange,18,4,6,-4,0,Very Understable,https://www.marshallstreetdiscgolf.com/?s=pearl&post_type=product,https://s3.amazonaws.com/media.marshallstreetdiscgolf.com/inbounds/9341387.webp,pearl,latitude-64,midrange,very-understable,#FFFFFF,#F40909,179.3,21.6,1.8,1.2,19.2,1.2,5.6,49.25,4.2,,,,12-32,"Jun 27, 2012",A_name_brand,high,Pearl,Latitude 64,"Jun 27, 2012",12-32,,21.6,1.8,1.2,19.2,1.2,5.6,179.3,,4.20,49.25,,Latitude 64,no
715,Pegasus,Innova,Fairway Driver,17,7,4,-1,3,Overstable,,,pegasus,innova,control-driver,overstable,#2A290E,#F3EB09,,,,,,,,,,,,,,,A_name_brand,high,Pegasus,Innova Champion Discs,"Mar 21, 1997",97-03,,21.1,1.7,1.1,17.7,1.7,5.2,175.1,,9.07,31.75,,Innova Champion Discs,no
716,Pekapeka,RPM,Fairway Driver,17,9,6,-3,1,Understable,https://www.marshallstreetdiscgolf.com/?s=pekapeka&post_type=product,https://s3.amazonaws.com/media.marshallstreetdiscgolf.com/inbounds/0000146.webp,pekapeka,rpm,control-driver,understable,#1FBE25,#434343,,,,,,,,,,,,,,,B_name_unique,medium,Pekapeka (DGFD2),RPM Discs/Disc Golf Aotearoa,"Jul 5, 2021",21-70,,21.2,1.5,1.1,17.2,2.0,5.2,176.0,,9.09,28.75,,RPM Discs/Disc Golf Aotearoa,yes
717,Pelican,AquaFlight,Fairway Driver,17,6,5,-3,1,Very Understable,https://www.marshallstreetdiscgolf.com/product/aquaflight-pelican,https://s3.amazonaws.com/media.marshallstreetdiscgolf.com/inbounds/9280089.webp,pelican,aquaflight,control-driver,very-understable,#8B1D5B,#11FF98,,,,,,,,,,,,,,,B_name_unique,medium,Pelican,AquaFlight Discs,"Jan 7, 2016",16-03,,21.1,2.0,1.2,17.7,1.7,5.7,175.1,,9.19,29.50,,AquaFlight Discs,yes
718,Penny Putter (Premium),Lone Star Discs,Putter,19,3,4,0,2,Overstable,https://www.marshallstreetdiscgolf.com/?s=penny+putter&post_type=product,https://s3.amazonaws.com/media.marshallstreetdiscgolf.com/inbounds/0000128.webp,penny-putter-premium,lone-star-discs,putter,overstable,#FFA5EA,#6B834B,,,,,,,,,,,,,,,B_name_unique,medium,Penny Putter ,Lone Star Disc,"Sep 29, 2020",20-78,,21.0,1.9,1.5,18.8,1.1,7.1,174.3,,6.70,61.50,,Lone Star Disc,yes
719,Penny Putter (Victor),Lone Star Discs,Putter,19,3,5,-1,1,Stable,https://www.marshallstreetdiscgolf.com/?s=penny+putter&post_type=product,https://s3.amazonaws.com/media.marshallstreetdiscgolf.com/inbounds/0000128.webp,penny-putter-victor,lone-star-discs,putter,stable,#FFA5EA,#6B834B,,,,,,,,,,,,,,,B_name_unique,medium,Penny Putter ,Lone Star Disc,"Sep 29, 2020",20-78,,21.0,1.9,1.5,18.8,1.1,7.1,174.3,,6.70,61.50,,Lone Star Disc,yes
720,Penrose,EV-7,Putter,19,2,4,0,2,Overstable,https://www.marshallstreetdiscgolf.com/?s=penrose&post_type=product,https://s3.amazonaws.com/media.marshallstreetdiscgolf.com/inbounds/0000075.webp,penrose,ev-7,putter,overstable,#FFFFFF,#111397,,,,,,,,,,,,,,,A_name_brand,high,Penrose ,EV-7,"Nov 21, 2020",20-89,,21.1,2.1,1.5,18.9,1.1,7.1,175.1,,6.37,60.25,,EV-7,no
721,Pepper,Clash Discs,Control Driver,16,11,5,0,4,Overstable,https://www.marshallstreetdiscgolf.com/?s=Pepper&post_type=product,https://s3.amazonaws.com/media.marshallstreetdiscgolf.com/inbounds/0000211.webp,pepper,clash-discs,hybrid-driver,overstable,#FF93E9,#2516FF,177.6,21.4,1.8,1.2,17.1,2.2,5.6,26.25,11.82,,,,22-13,"Jan 24, 2022",A_name_brand,high,Pepper,Clash Discs,"Jan 24, 2022",22-13,,21.4,1.8,1.2,17.1,2.2,5.6,177.6,,11.82,26.25,,Clash Discs,no
722,Peppermint,Clash Discs,Approach Discs,20,4,2,0,4,Very Overstable,https://www.marshallstreetdiscgolf.com/?s=Peppermint&post_type=product,https://s3.amazonaws.com/media.marshallstreetdiscgolf.com/inbounds/0000354.webp,peppermint,clash-discs,approach-discs,very-overstable,#FF93E9,#2516FF,176,21.2,1.7,1.4,18.5,1.4,6.6,44.25,9.55,,,,23-133,"May 1, 2023",A_name_brand,high,Peppermint,Clash Discs,"May 1, 2023",23-133,,21.2,1.7,1.4,18.5,1.4,6.6,176.0,,9.55,44.25,,Clash Discs,no
723,Peregrine,Stokely Discs,Distance Driver,15,12,6,-2,2,Stable,https://www.marshallstreetdiscgolf.com/product/thermo-peregrine-first-run,https://s3.amazonaws.com/media.marshallstreetdiscgolf.com/inbounds/0000541.webp,peregrine,stokely-discs,distance-driver,stable,#FBE311,#37B2DF,174.3,21,1.5,1.1,16.5,2.2,5.2,29,9.55,,,,24-224,"Dec 2, 2024",A_name_brand,high,Peregrine,Stokely Discs,"Dec 2, 2024",24-224,,21.0,1.5,1.1,16.5,2.2,5.2,174.3,,9.55,29.00,,Stokely Discs,no
724,Persona,Thought Space Athletics,Fairway Driver,17,8,5,-3,1,Understable,https://www.marshallstreetdiscgolf.com/?s=persona&post_type=product,https://s3.amazonaws.com/media.marshallstreetdiscgolf.com/inbounds/0000502.webp,persona,thought-space-athletics,control-driver,understable,#000000,#FF770E,177.6,21.4,1.7,1.1,18,1.7,5.1,34.25,7.73,,,,25-31,"Mar 3, 2025",A_name_brand,high,Persona,Thought Space Athletics,"Mar 3, 2025",25-31,,21.4,1.7,1.1,18.0,1.7,5.1,177.6,,7.73,34.25,,Thought Space Athletics,no
725,Pestilence,Doomsday Discs,Distance Driver,15,13,5,-4,1,Very Understable,,,pestilence,doomsday-discs,distance-driver,very-understable,#B6FF8B,#144E48,176,21.2,1.5,1.1,16.5,2.4,5.2,28,8.64,,,,22-226,"Dec 12, 2022",A_name_brand,high,Pestilence,Doomsday Discs,"Dec 12, 2022",22-226,,21.2,1.5,1.1,16.5,2.4,5.2,176.0,,8.64,28.00,,Doomsday Discs,no
726,Pharaoh,Infinite Discs,Distance Driver,15,13,6,-1,2,Stable,https://www.marshallstreetdiscgolf.com/product/i-blend-pharaoh,https://s3.amazonaws.com/media.marshallstreetdiscgolf.com/inbounds/9921999.webp,pharaoh,infinite-discs,distance-driver,stable,#FFFFFF,#62054C,175.1,21.1,1.4,1.1,16.4,2.3,5.2,28.5,11.11,,,,18-33,"Feb 2, 2018",A_name_brand,high,Pharaoh,Infinite Discs,"Feb 2, 2018",18-33,,21.1,1.4,1.1,16.4,2.3,5.2,175.1,,11.11,28.50,,Infinite Discs,no
727,Phase,MVP,Control Driver,16,11,3.5,0,4,Overstable,https://www.marshallstreetdiscgolf.com/?s=phase&post_type=product,https://s3.amazonaws.com/media.marshallstreetdiscgolf.com/inbounds/9921911.webp,phase,mvp,hybrid-driver,overstable,#000000,#9BF2FF,,,,,,,,,,,,,,,A_name_brand,high,Phase,MVP Disc Sports,"Feb 6, 2015",15-02,,21.1,1.4,1.1,16.7,2.2,5.2,175.1,,11.25,29.50,,MVP Disc Sports,no
728,Phenom,Legacy,Fairway Driver,17,8,5,-1,2,Stable,https://www.marshallstreetdiscgolf.com/?s=phenom&post_type=product,https://s3.amazonaws.com/media.marshallstreetdiscgolf.com/inbounds/0615743.webp,phenom,legacy,control-driver,stable,#3831F0,#E43DD9,,,,,,,,,,,,,,,B_name_unique,medium,Phenom,Legacy Discs,"May 28, 2015",15-53,,21.2,1.7,1.2,17.7,1.8,5.7,176.0,,8.16,33.25,,Legacy Discs,yes
729,Phi,EV-7,Putter,19,3,4,0,1,Stable,https://www.marshallstreetdiscgolf.com/?s=phi&post_type=product,https://s3.amazonaws.com/media.marshallstreetdiscgolf.com/inbounds/0000283.webp,phi,ev-7,putter,stable,#FFFFFF,#111397,174.3,21,2,1.5,18.9,1.1,7.1,71.5,6.59,,,,21-59,"May 17, 2021",A_name_brand,high,Phi,EV-7,"May 17, 2021",21-59,,21.0,2.0,1.5,18.9,1.1,7.1,174.3,,6.59,71.50,,EV-7,no
730,Phoenix,Mint Discs,Fairway Driver,17,9,3,0,4,Very Overstable,https://www.marshallstreetdiscgolf.com/?s=Phoenix&post_type=product,https://s3.amazonaws.com/media.marshallstreetdiscgolf.com/inbounds/0000278.webp,phoenix,mint-discs,control-driver,very-overstable,#FFFFFF,#F4933E,176,21.2,1.7,1.2,17.2,2,5.7,26.75,9.89,,,,22-64,"Apr 25, 2022",A_name_brand,high,Phoenix (old),Mint Discs,"Apr 5, 2021",21-45,,21.2,1.5,1.2,17.2,2.0,5.7,176.0,,10.23,30.25,,Mint Discs,no
731,Photon,MVP,Control Driver,16,11,5,-1,2.5,Overstable,https://www.marshallstreetdiscgolf.com/?s=photon&post_type=product,https://s3.amazonaws.com/media.marshallstreetdiscgolf.com/inbounds/0615744.webp,photon,mvp,hybrid-driver,overstable,#000000,#9BF2FF,,,,,,,,,,,,,,,A_name_brand,high,Photon,MVP Disc Sports,"Feb 6, 2015",15-03,,21.1,1.4,1.1,16.6,2.2,5.2,175.1,,11.57,26.75,,MVP Disc Sports,no
732,Pickle,Mint Discs,Putter,19,2,3.5,0,1.5,Overstable,,,pickle,mint-discs,putter,overstable,#FFFFFF,#F4933E,,,,,,,,,,,,,,,A_name_brand,high,Pickle,Mint Discs,"Aug 25, 2025",25-131,,21.0,1.9,1.4,19.0,1.0,6.7,174.3,,6.82,65.00,,Mint Discs,no
733,Pig,Innova,Approach Discs,20,4,1,0,3,Very Overstable,https://www.marshallstreetdiscgolf.com/?s=pig&post_type=product,https://s3.amazonaws.com/media.marshallstreetdiscgolf.com/inbounds/5445845.webp,pig,innova,approach-discs,very-overstable,#2A290E,#F3EB09,,,,,,,,,,,,,,,A_name_brand,high,Pig,Innova Champion Discs,"May 20, 2008",08-17,,21.2,2.1,1.4,18.4,1.4,6.6,176.0,,9.64,57.50,,Innova Champion Discs,no
734,Pilot,Streamline,Putter,19,2,5,-1,1,Stable,https://www.marshallstreetdiscgolf.com/?s=pilot&post_type=product,https://s3.amazonaws.com/media.marshallstreetdiscgolf.com/inbounds/5444845.webp,pilot,streamline,putter,stable,#012219,#ACFFBA,,,,,,,,,,,,,,,A_name_brand,high,Pilot,Streamline Discs,"Feb 22, 2017",17-16,,21.2,1.9,1.5,19.1,1.0,7.1,176.0,,11.11,64.00,,Streamline Discs,no
735,Pine,Westside Discs,Midrange,18,5,4,0,2,Overstable,https://www.marshallstreetdiscgolf.com/?s=pine&post_type=product,https://s3.amazonaws.com/media.marshallstreetdiscgolf.com/inbounds/0091212.webp,pine,westside-discs,midrange,overstable,#FFFFFF,#014E13,,,,,,,,,,,,,,,B_name_unique,medium,Pine (Hornan Honka1),Westside Golf Discs,"Mar 23, 2017",17-36,,21.7,1.9,1.3,18.7,1.5,6.0,180.1,,8.28,39.75,,Westside Golf Discs,yes
736,Pioneer,Latitude 64,Fairway Driver,17,9,3,0,4,Very Overstable,https://www.marshallstreetdiscgolf.com/product/opto-line-pioneer-1st-run,https://s3.amazonaws.com/media.marshallstreetdiscgolf.com/inbounds/1010998.webp,pioneer,latitude-64,control-driver,very-overstable,#FFFFFF,#F40909,176,21.2,1.5,1.2,17.3,1.9,5.7,27,11.57,,,,18-79,"Nov 23, 2018",A_name_brand,high,Pioneer,Latitude 64,"Nov 23, 2018",18-79,,21.2,1.5,1.2,17.3,1.9,5.7,176.0,,11.57,27.00,,Latitude 64,no
737,Pipeline,DGA,Fairway Driver,17,8,5,0,2,Stable,https://www.marshallstreetdiscgolf.com/product/p-line-pipeline,https://s3.amazonaws.com/media.marshallstreetdiscgolf.com/inbounds/9991212.webp,pipeline,dga,control-driver,stable,#2876FF,#272727,,,,,,,,,,,,,,,B_name_unique,medium,Pipeline,Disc Golf Association,"Jun 30, 2016",16-60,,21.4,1.5,1.1,17.8,1.8,5.1,177.6,,10.21,31.00,,Disc Golf Association,yes
738,Pirate,Latitude 64,Midrange,18,5,6,-2,0,Understable,https://www.marshallstreetdiscgolf.com/?s=Pirate&post_type=product,https://s3.amazonaws.com/media.marshallstreetdiscgolf.com/inbounds/0000105.webp,pirate,latitude-64,midrange,understable,#FFFFFF,#F40909,,,,,,,,,,,,,,,unmatched,none,,,,,,,,,,,,,,,,,,
739,Pitch,Axiom Discs,Putter,19,1,7,-0.5,0,Stable,https://www.marshallstreetdiscgolf.com/?s=pitch&post_type=product,https://s3.amazonaws.com/media.marshallstreetdiscgolf.com/inbounds/0000418.webp,pitch,axiom-discs,putter,stable,#000000,#FF9595,176,21.2,2,1.6,19.5,0.8,7.5,79.75,4.2,,,,23-139,"May 15, 2023",A_name_brand,high,Pitch,Axiom Discs,"May 15, 2023",23-139,,21.2,2.0,1.6,19.5,0.8,7.5,176.0,,4.20,79.75,,Axiom Discs,no
740,Pivot,Prodigy,Putter,19,3,4,0,0.5,Stable,https://www.marshallstreetdiscgolf.com/?s=pivot&post_type=product,https://s3.amazonaws.com/media.marshallstreetdiscgolf.com/inbounds/0000505.webp,pivot,prodigy,putter,stable,#000000,#10A259,,,,,,,,,,,,,,,A_name_brand,high,Pivot,Prodigy Disc,"Mar 17, 2025",25-37,,21.1,2.1,1.3,19.0,1.1,6.2,175.1,,8.98,61.25,,Prodigy Disc,no
741,Piwakawaka,RPM,Midrange,18,4,5,0,0,Understable,https://www.marshallstreetdiscgolf.com/?s=piwakawaka&post_type=product,https://s3.amazonaws.com/media.marshallstreetdiscgolf.com/inbounds/0165749.webp,piwakawaka,rpm,midrange,understable,#1FBE25,#434343,,,,,,,,,,,,,,,B_name_unique,medium,"Piwakawaka (MR1, originally Arcturus)",RPM Discs/Disc Golf Aotearoa,"Jun 22, 2007",07-37,,21.8,2.0,1.2,19.2,1.3,5.5,180.9,,3.86,38.25,,RPM Discs/Disc Golf Aotearoa,yes
742,Pixel,Axiom Discs,Putter,19,2,4,0,0.5,Stable,https://www.marshallstreetdiscgolf.com/?s=pixel&post_type=product,https://s3.amazonaws.com/media.marshallstreetdiscgolf.com/inbounds/0000399.webp,pixel,axiom-discs,putter,stable,#000000,#FF9595,176,21.2,2.1,1.5,19.1,1,7.1,61,7.73,,,,23-218,"Sep 5, 2023",A_name_brand,high,Pixel,Axiom Discs,"Sep 5, 2023",23-218,,21.2,2.1,1.5,19.1,1.0,7.1,176.0,,7.73,61.00,,Axiom Discs,no
743,Plague,Doomsday Discs,Distance Driver,15,12,5,-1,2.5,Stable,,,plague,doomsday-discs,distance-driver,stable,#B6FF8B,#144E48,175.1,21.1,1.8,1.1,16.7,2.2,5.2,26.75,8.98,,,,22-67,"Apr 25, 2022",A_name_brand,high,Plague,Doomsday Discs,"Apr 25, 2022",22-67,,21.1,1.8,1.1,16.7,2.2,5.2,175.1,,8.98,26.75,,Doomsday Discs,no
744,Pneuma,Thought Space Athletics,Putter,19,2,3,0,0,Stable,https://www.marshallstreetdiscgolf.com/?s=pneuma&post_type=product,https://s3.amazonaws.com/media.marshallstreetdiscgolf.com/inbounds/0000385.webp,pneuma,thought-space-athletics,putter,stable,#000000,#FF770E,174.3,21,1.9,1.4,19,1,6.7,57,2.73,,,,23-177,"Jun 30, 2023",A_name_brand,high,Pneuma,Thought Space Athletics,"Jun 30, 2023",23-177,,21.0,1.9,1.4,19.0,1.0,6.7,174.3,,2.73,57.00,,Thought Space Athletics,no
745,Polar Bear,Daredevil Discs,Putter,19,2,3,0,1,Stable,https://www.marshallstreetdiscgolf.com/?s=polar+bear&post_type=product,https://s3.amazonaws.com/media.marshallstreetdiscgolf.com/inbounds/7766446.webp,polar-bear,daredevil-discs,putter,stable,#FFFFFF,#515151,176,21.2,2,1.5,19.3,1,7.1,62.5,4.2,,,,07-30,"Jun 12, 2007",A_name_brand,high,Polar Bear,Daredevil Discs,"Jun 12, 2007",07-30,,21.2,2.0,1.5,19.3,1.0,7.1,176.0,,4.20,62.50,,Daredevil Discs,no
746,Polaris LF (OOP),Millennium,Fairway Driver,17,9,5,-2,2,Stable,https://www.marshallstreetdiscgolf.com/?s=polaris+lf&post_type=product,https://s3.amazonaws.com/media.marshallstreetdiscgolf.com/inbounds/7747873.webp,polaris-lf-oop,millennium,control-driver,stable,#000000,#FF0974,,,,,,,,,,,,,,,B_name_unique,medium,Polaris LF,Millennium Golf Discs,"Oct 12, 1996",96-06,,21.1,1.9,1.1,17.9,1.6,5.2,175.1,,10.55,28.50,,Millennium Golf Discs,yes
747,Polaris LS,Millennium,Fairway Driver,17,6,4,-1,1,Stable,https://www.marshallstreetdiscgolf.com/?s=polaris+ls&post_type=product,https://s3.amazonaws.com/media.marshallstreetdiscgolf.com/inbounds/3226668.webp,polaris-ls,millennium,control-driver,stable,#000000,#FF0974,,,,,,,,,,,,,,,B_name_unique,medium,Polaris LS,Millennium Golf Discs,"Oct 12, 1996",96-07,,21.1,1.9,1.1,17.9,1.6,5.2,175.1,,10.66,35.00,,Millennium Golf Discs,yes
748,Polecat,Innova,Putter,19,1,3,0,0,Stable,https://www.marshallstreetdiscgolf.com/?s=polecat&post_type=product,https://s3.amazonaws.com/media.marshallstreetdiscgolf.com/inbounds/0435624.webp,polecat,innova,putter,stable,#2A290E,#F3EB09,,,,,,,,,,,,,,,unmatched,none,,,,,,,,,,,,,,,,,,
749,Ponderosa,Above Ground Level,Putter,19,3,4,-2,0,Very Understable,https://www.marshallstreetdiscgolf.com/?s=Ponderosa&post_type=product,https://s3.amazonaws.com/media.marshallstreetdiscgolf.com/inbounds/0000125.webp,ponderosa,above-ground-level,putter,very-understable,#CFFF30,#000000,175.1,21.1,2.1,1.5,19,1,7.1,69.75,4.66,,,,20-35,"Apr 30, 2020",A_name_brand,high,Ponderosa,Above Ground Level,"Apr 30, 2020",20-35,,21.1,2.1,1.5,19.0,1.0,7.1,175.1,,4.66,69.75,,Above Ground Level,no
750,Popcorn,Clash Discs,Putter,19,3,3,0,1,Stable,https://www.marshallstreetdiscgolf.com/?s=Popcorn&post_type=product,https://s3.amazonaws.com/media.marshallstreetdiscgolf.com/inbounds/0000207.webp,popcorn,clash-discs,putter,stable,#FF93E9,#2516FF,177.6,21.4,1.9,1.6,19.2,1.1,7.5,69.5,6.48,,,,21-133,"Dec 6, 2021",A_name_brand,high,Popcorn,Clash Discs,"Dec 6, 2021",21-133,,21.4,1.9,1.6,19.2,1.1,7.5,177.6,,6.48,69.50,,Clash Discs,no
751,Power Disc (Phantom Sword),Innova,Control Driver,16,10,4,0,3,Overstable,https://www.marshallstreetdiscgolf.com/product/champion-phantom-sword-pd,https://s3.amazonaws.com/media.marshallstreetdiscgolf.com/inbounds/0000248.webp,power-disc-phantom-sword,innova,hybrid-driver,overstable,#2A290E,#F3EB09,,,,,,,,,,,,,,,B_name_unique,medium,Power Disc,Innova Factory Store,"Dec 27, 2021",21-160,,21.2,1.5,1.2,17.3,1.9,5.7,176.0,,7.73,26.50,,Innova Factory Store,yes
752,Power Disc2,Innova,Distance Driver,15,12,4,0,4,Very Overstable,https://www.marshallstreetdiscgolf.com/?s=power+disc+2&post_type=product,https://s3.amazonaws.com/media.marshallstreetdiscgolf.com/inbounds/0000248.webp,power-disc2,innova,distance-driver,very-overstable,#2A290E,#F3EB09,,,,,,,,,,,,,,,B_name_unique,medium,Power Disc2,Innova Factory Store,"Apr 18, 2022",22-59,,21.1,1.6,1.2,16.4,2.3,5.7,175.1,,8.86,27.00,,Innova Factory Store,yes
753,Praxis,Thought Space Athletics,Putter,19,3,3,0,1,Stable,https://www.marshallstreetdiscgolf.com/?s=Praxis&post_type=product,https://s3.amazonaws.com/media.marshallstreetdiscgolf.com/inbounds/0000139.webp,praxis,thought-space-athletics,putter,stable,#000000,#FF770E,176,21.2,1.8,1.4,18.8,1.2,6.6,60,9.43,,,,21-27,"Mar 10, 2021",A_name_brand,high,Praxis,Thought Space Athletics,"Mar 10, 2021",21-27,,21.2,1.8,1.4,18.8,1.2,6.6,176.0,,9.43,60.00,,Thought Space Athletics,no
754,Precision,Stokely Discs,Midrange,18,4.5,4,-1,1,Stable,https://www.marshallstreetdiscgolf.com/?s=precision&post_type=product,https://s3.amazonaws.com/media.marshallstreetdiscgolf.com/inbounds/0459659.webp,precision,stokely-discs,midrange,stable,#FBE311,#37B2DF,,,,,,,,,,,,,,,B_name_unique,medium,Precision,CHING Disc Golf,"Jul 14, 2025",25-109,,21.3,2.4,1.5,18.7,1.3,7.0,176.8,,8.75,51.00,,CHING Disc Golf,yes
755,Predator,Discraft,Fairway Driver,17,9,4,1,4,Overstable,https://www.marshallstreetdiscgolf.com/?s=predator&post_type=product,https://s3.amazonaws.com/media.marshallstreetdiscgolf.com/inbounds/6206017.webp,predator,discraft,control-driver,overstable,#FF3737,#000000,176,21.2,1.9,1.1,17.4,1.9,5.2,28.5,7.48,,,,02-06,"May 29, 2002",A_name_brand,high,Predator,Discraft,"May 29, 2002",02-06,,21.2,1.9,1.1,17.4,1.9,5.2,176.0,,7.48,28.50,,Discraft,no
756,Prince,Westside Discs,Distance Driver,15,13,5,0,3,Overstable,https://www.marshallstreetdiscgolf.com/?s=Prince&post_type=product,https://s3.amazonaws.com/media.marshallstreetdiscgolf.com/inbounds/0000426.webp,prince,westside-discs,distance-driver,overstable,#FFFFFF,#014E13,,,,,,,,,,,,,,,B_name_unique,medium,Prince,Westside Golf Discs,"Feb 5, 2024",24-14,,21.1,1.8,1.1,16.6,2.3,5.2,175.1,,11.14,29.75,,Westside Golf Discs,yes
757,Procyon,Trash Panda,Distance Driver,15,11.5,5,-1,2,Overstable,,,procyon,trash-panda,distance-driver,overstable,#FFFFFF,#000000,,,,,,,,,,,,,,,B_name_unique,medium,Procyon,Trash Panda Disc Golf,"Jul 21, 2025",25-117,,21.1,1.6,1.2,16.6,2.2,5.7,175.1,,11.59,28.00,,Trash Panda Disc Golf,yes
758,Profit,Mint Discs,Putter,19,2,3,0,2,Overstable,https://www.marshallstreetdiscgolf.com/?s=profit&post_type=product,https://s3.amazonaws.com/media.marshallstreetdiscgolf.com/inbounds/1010102.webp,profit,mint-discs,putter,overstable,#FFFFFF,#F4933E,175.1,21.1,1.9,1.6,18.9,1.1,7.6,65.75,9.66,,,,19-44,"May 23, 2019",A_name_brand,high,Profit,Mint Discs,"May 23, 2019",19-44,,21.1,1.9,1.6,18.9,1.1,7.6,175.1,,9.66,65.75,,Mint Discs,no
759,Prophecy,Gateway,Midrange,18,5,5,0,2,Overstable,https://www.marshallstreetdiscgolf.com/?s=prophecy&post_type=product,https://s3.amazonaws.com/media.marshallstreetdiscgolf.com/inbounds/1187299.webp,prophecy,gateway,midrange,overstable,#FFFFFF,#A66A17,,,,,,,,,,,,,,,A_name_brand,high,Prophecy,Gateway Disc Sports,"Jan 19, 2018",18-01,,21.9,1.7,1.2,19.0,1.5,5.5,181.8,,6.12,38.50,,Gateway Disc Sports,no
760,Prowler,Legacy,Putter,19,2,2,0,2,Overstable,https://www.marshallstreetdiscgolf.com/?s=prowler&post_type=product,https://s3.amazonaws.com/media.marshallstreetdiscgolf.com/inbounds/1187245.webp,prowler,legacy,putter,overstable,#3831F0,#E43DD9,,,,,,,,,,,,,,,B_name_unique,medium,Prowler,Legacy Discs,"Feb 25, 2015",15-28,,21.2,2.2,1.4,19.4,0.9,6.6,176.0,,6.01,61.50,,Legacy Discs,yes
761,Proxy,Axiom Discs,Putter,19,3,3,-1,0.5,Understable,https://www.marshallstreetdiscgolf.com/?s=Proxy&post_type=product,https://s3.amazonaws.com/media.marshallstreetdiscgolf.com/inbounds/1187247.webp,proxy,axiom-discs,putter,understable,#000000,#FF9595,174.3,21,1.8,1.5,18.8,1.1,7.1,63.5,6.58,,,,14-74,"Sep 24, 2014",A_name_brand,high,Proxy,Axiom Discs,"Sep 24, 2014",14-74,,21.0,1.8,1.5,18.8,1.1,7.1,174.3,,6.58,63.50,,Axiom Discs,no
762,Psychic,Elevation Disc Golf,Distance Driver,15,12,5,-1,2,Overstable,https://www.marshallstreetdiscgolf.com/?s=Psychic&post_type=product,https://s3.amazonaws.com/media.marshallstreetdiscgolf.com/inbounds/0000411.webp,psychic,elevation-disc-golf,distance-driver,overstable,#FFFFFF,#6A431D,175.1,21.1,1.3,1.1,16.6,2.2,5.2,31,2.5,,,,23-262,"Nov 20, 2023",A_name_brand,high,Psychic,Elevation Disc Golf,"Nov 20, 2023",23-262,,21.1,1.3,1.1,16.6,2.2,5.2,175.1,,2.50,31.00,,Elevation Disc Golf,no
763,Psyop,Doomsday Discs,Fairway Driver,17,9,4,-2,3,Understable,,,psyop,doomsday-discs,control-driver,understable,#B6FF8B,#144E48,175.1,21.1,1.6,1.1,17.4,1.9,5.2,30,10.23,,,,25-16,"Jan 23, 2025",A_name_brand,high,Psyop,Doomsday Discs,"Jan 23, 2025",25-16,,21.1,1.6,1.1,17.4,1.9,5.2,175.1,,10.23,30.00,,Doomsday Discs,no
764,Pterodactyl,Dino Discs,Control Driver,16,10,5,-3,1,Understable,https://www.marshallstreetdiscgolf.com/?s=pterodactyl&post_type=product,https://s3.amazonaws.com/media.marshallstreetdiscgolf.com/inbounds/0000528.webp,pterodactyl,dino-discs,hybrid-driver,understable,#740A0A,#FF6FCF,,,,,,,,,,,,,,,unmatched,none,,,,,,,,,,,,,,,,,,
765,Pulse,Discraft,Control Driver,16,11,4,0,3,Overstable,https://www.marshallstreetdiscgolf.com/?s=Pulse&post_type=product,https://s3.amazonaws.com/media.marshallstreetdiscgolf.com/inbounds/9166489.webp,pulse,discraft,hybrid-driver,overstable,#FF3737,#000000,176,21.2,1.7,1.3,17.1,2.1,6.1,29.75,10.21,,,,06-29,"Jun 29, 2006",A_name_brand,high,Pulse,Discraft,"Jun 29, 2006",06-29,,21.2,1.7,1.3,17.1,2.1,6.1,176.0,,10.21,29.75,,Discraft,no
766,Punisher,Discraft,Distance Driver,15,12,5,0,3,Overstable,https://www.marshallstreetdiscgolf.com/?s=punisher&post_type=product,https://s3.amazonaws.com/media.marshallstreetdiscgolf.com/inbounds/2014211.webp,punisher,discraft,distance-driver,overstable,#FF3737,#000000,175.1,21.1,1.5,1.1,16.7,2.2,5.2,28.25,11.68,,,,17-69,"Apr 21, 2017",A_name_brand,high,Punisher,Discraft,"Apr 21, 2017",17-69,,21.1,1.5,1.1,16.7,2.2,5.2,175.1,,11.68,28.25,,Discraft,no
767,Pure,Latitude 64,Putter,19,3,3,-1,1,Stable,https://www.marshallstreetdiscgolf.com/?cat_ids%5B%5D=982&post_type=product&s=pure&variation_toggle=1,https://s3.amazonaws.com/media.marshallstreetdiscgolf.com/inbounds/1692215.webp,pure,latitude-64,putter,stable,#FFFFFF,#F40909,176,21.2,1.8,1.4,19.2,1,6.6,48.25,6.69,,,,09-13,"Apr 13, 2009",A_name_brand,high,Pure,Latitude 64,"Apr 13, 2009",09-13,,21.2,1.8,1.4,19.2,1.0,6.6,176.0,,6.69,48.25,,Latitude 64,no
768,Pure OG,Other,Midrange,18,6,4,-1,2,Stable,https://www.marshallstreetdiscgolf.com/product/x-out-pure-og,https://s3.amazonaws.com/media.marshallstreetdiscgolf.com/inbounds/1692216.webp,pure-og,other,midrange,stable,#000000,#E5FFAA,,,,,,,,,,,,,,,unmatched,none,,,,,,,,,,,,,,,,,,
769,Pursuit,Legacy,Midrange,18,5,3,0,3,Very Overstable,https://www.marshallstreetdiscgolf.com/?s=Pursuit&post_type=product,https://s3.amazonaws.com/media.marshallstreetdiscgolf.com/inbounds/4627750.webp,pursuit,legacy,midrange,very-overstable,#3831F0,#E43DD9,,,,,,,,,,,,,,,B_name_unique,medium,Pursuit,Legacy Discs,"Jun 21, 2018",18-55,,21.3,1.6,1.3,18.3,1.5,6.1,176.8,,9.19,44.00,,Legacy Discs,yes
770,Putt'r,Discraft,Putter,19,2,2,-1,1,Understable,https://www.marshallstreetdiscgolf.com/?cat_ids%5B%5D=371&post_type=product&s=putt&variation_toggle=1,https://s3.amazonaws.com/media.marshallstreetdiscgolf.com/inbounds/4621350.webp,puttr,discraft,putter,understable,#FF3737,#000000,174.3,21,2.4,1.6,19.2,0.9,7.6,78.75,8.28,Vintage Class,140.7,,02-03,"Mar 16, 2002",A_name_brand,high,Putt'r,Discraft,"Mar 16, 2002",02-03,Vintage Class,21.0,2.4,1.6,19.2,0.9,7.6,174.3,140.7,8.28,78.75,,Discraft,no
771,Pyro,Axiom Discs,Midrange,18,5,4,0,2.5,Overstable,https://www.marshallstreetdiscgolf.com/?s=pyro&post_type=product,https://s3.amazonaws.com/media.marshallstreetdiscgolf.com/inbounds/1010222.webp,pyro,axiom-discs,midrange,overstable,#000000,#FF9595,178.5,21.5,1.6,1.3,18.4,1.6,6,42.25,12.05,,,,19-14,"Feb 13, 2019",A_name_brand,high,Pyro,Axiom Discs,"Feb 13, 2019",19-14,,21.5,1.6,1.3,18.4,1.6,6.0,178.5,,12.05,42.25,,Axiom Discs,no
772,Python,Innova,Fairway Driver,17,7,3,-1,2,Stable,https://www.marshallstreetdiscgolf.com/product/x-out-dx-python,https://s3.amazonaws.com/media.marshallstreetdiscgolf.com/inbounds/3788383.webp,python,innova,control-driver,stable,#2A290E,#F3EB09,,,,,,,,,,,,,,,A_name_brand,high,Python,Innova Champion Discs,"Feb 21, 1994",94-04,,21.7,1.7,1.1,17.9,1.9,5.1,180.1,,8.05,31.25,,Innova Champion Discs,no
773,Qi,Yikun,Distance Driver,15,13,6,-2,2,Understable,https://www.marshallstreetdiscgolf.com/?s=Qi&post_type=product,https://s3.amazonaws.com/media.marshallstreetdiscgolf.com/inbounds/0000097.webp,qi,yikun,distance-driver,understable,#006A6E,#FF6F8C,,,,,,,,,,,,,,,B_name_unique,medium,"Qi (穷奇, Qiong Qi)",Yikun Discs,"Oct 3, 2020",20-77,,21.2,1.6,1.1,16.5,2.3,5.2,176.0,,7.95,28.50,,Yikun Discs,yes
774,Quake,DGA,Midrange,18,5,3,0,3,Overstable,https://www.marshallstreetdiscgolf.com/product/p-line-quake-1st-run,https://s3.amazonaws.com/media.marshallstreetdiscgolf.com/inbounds/0529004.webp,quake,dga,midrange,overstable,#2876FF,#272727,,,,,,,,,,,,,,,B_name_unique,medium,Quake,Disc Golf Association,"Mar 8, 2017",17-23,,21.6,1.7,1.2,18.6,1.5,5.6,179.3,,12.25,40.00,,Disc Golf Association,yes
775,Quasar,Millennium,Distance Driver,15,13,5,0,3,Overstable,https://www.marshallstreetdiscgolf.com/?s=quasar&post_type=product,https://s3.amazonaws.com/media.marshallstreetdiscgolf.com/inbounds/0580791.webp,quasar,millennium,distance-driver,overstable,#000000,#FF0974,,,,,,,,,,,,,,,B_name_unique,medium,Quasar,Millennium Golf Discs,"Jul 14, 2011",11-31,,21.2,1.6,1.2,16.2,2.5,5.7,176.0,,12.13,27.25,,Millennium Golf Discs,yes
776,Queen,Westside Discs,Distance Driver,15,14,5,-3,2,Understable,https://www.marshallstreetdiscgolf.com/?s=queen&post_type=product,https://s3.amazonaws.com/media.marshallstreetdiscgolf.com/inbounds/7166865.webp,queen,westside-discs,distance-driver,understable,#FFFFFF,#014E13,,,,,,,,,,,,,,,B_name_unique,medium,Queen (Pohjolan Emäntä1),Westside Golf Discs,"Sep 14, 2016",16-66,,21.2,1.5,1.1,16.6,2.3,5.2,176.0,,9.19,29.50,,Westside Golf Discs,yes
777,RA,Infinite Discs,Midrange,18,5,4,0,2.5,Overstable,https://www.marshallstreetdiscgolf.com/?speed=5&speed_end=5&fade=2.5&fade_end=2.5&cat_ids%5B%5D=60841&post_type=product&s=ra&variation_toggle=1,https://s3.amazonaws.com/media.marshallstreetdiscgolf.com/inbounds/0000057.webp,ra,infinite-discs,midrange,overstable,#FFFFFF,#62054C,,,,,,,,,,,,,,,A_name_brand,high,Ra,Infinite Discs,"Nov 2, 2018",18-73,,21.7,1.8,1.4,18.8,1.4,6.5,180.1,,7.71,50.25,,Infinite Discs,no
778,RESPECTi,Prodiscus,Fairway Driver,17,7,2,1,2,Very Overstable,https://www.marshallstreetdiscgolf.com/?s=respecti&post_type=product,https://s3.amazonaws.com/media.marshallstreetdiscgolf.com/inbounds/9382566.webp,respecti,prodiscus,control-driver,very-overstable,#32E65C,#5435A9,,,,,,,,,,,,,,,A_name_brand,high,Respecti,Prodiscus,"Mar 9, 2011",11-10,,21.0,1.8,1.3,17.2,1.9,6.2,174.3,,7.03,33.25,,Prodiscus,no
779,Racer,Innova,Distance Driver,15,12,6,-1,2,Stable,https://www.marshallstreetdiscgolf.com/?s=Racer&post_type=product,https://s3.amazonaws.com/media.marshallstreetdiscgolf.com/inbounds/0000424.webp,racer,innova,distance-driver,stable,#2A290E,#F3EB09,,,,,,,,,,,,,,,A_name_brand,high,Racer,Innova Champion Discs,"Dec 26, 2023",23-277,,21.1,1.6,1.2,16.4,2.3,5.7,175.1,,12.16,28.75,,Innova Champion Discs,no
780,Radar,Storm,Putter,19,2,5,0,0.5,Stable,https://www.marshallstreetdiscgolf.com/?s=radar&post_type=product,https://s3.amazonaws.com/media.marshallstreetdiscgolf.com/inbounds/0000182.webp,radar,storm,putter,stable,#FFF417,#7010B9,,,,,,,,,,,,,,,B_name_unique,medium,Radar,Storm Disc Golf,"Sep 5, 2019",19-62,,21.1,2.0,1.5,19.1,1.0,7.1,175.1,,8.41,55.50,,Storm Disc Golf,yes
781,Ragnarok,Viking,Control Driver,16,11,5,-1,2,Stable,https://www.marshallstreetdiscgolf.com/?s=Ragnarok&post_type=product,https://s3.amazonaws.com/media.marshallstreetdiscgolf.com/inbounds/0000098.webp,ragnarok,viking,hybrid-driver,stable,#000000,#04F40C,,,,,,,,,,,,,,,B_name_unique,medium,Ragnarok,Viking Discs (IP-Agency Finland Oy),"Mar 8, 2017",17-26,,21.2,2.1,1.1,16.9,2.1,5.2,176.0,,9.53,27.75,,Viking Discs (IP-Agency Finland Oy),yes
782,Raider,Dynamic Discs,Distance Driver,15,13,5,-0.5,3,Overstable,https://www.marshallstreetdiscgolf.com/?s=RAIDER&post_type=product,https://s3.amazonaws.com/media.marshallstreetdiscgolf.com/inbounds/1010201.webp,raider,dynamic-discs,distance-driver,overstable,#FFFFFF,#0082F4,176,21.2,1.5,1.1,16.3,2.3,5.2,29.25,11.14,,,,19-18,"Feb 27, 2019",A_name_brand,high,Raider,Dynamic Discs,"Feb 27, 2019",19-18,,21.2,1.5,1.1,16.3,2.3,5.2,176.0,,11.14,29.25,,Dynamic Discs,no
783,Rainmaker,Discmania,Putter,19,2,3,0,0.5,Stable,https://www.marshallstreetdiscgolf.com/?s=rainmaker&post_type=product,https://s3.amazonaws.com/media.marshallstreetdiscgolf.com/inbounds/0000235.webp,rainmaker,discmania,putter,stable,#FFA813,#9A0C0C,176,21.2,2,1.5,19,1.1,7.1,66.25,11.25,,,,21-163,"Dec 30, 2021",A_name_brand,high,Rainmaker,Discmania,"Dec 30, 2021",21-163,,21.2,2.0,1.5,19.0,1.1,7.1,176.0,,11.25,66.25,,Discmania,no
784,Raketen (OOP),Latitude 64,Distance Driver,15,15,4,-2,3,Stable,https://www.marshallstreetdiscgolf.com/?s=raketen&post_type=product,https://s3.amazonaws.com/media.marshallstreetdiscgolf.com/inbounds/1386805.webp,raketen-oop,latitude-64,distance-driver,stable,#FFFFFF,#F40909,,,,,,,,,,,,,,,A_name_brand,high,Raketen,Latitude 64,"Jun 10, 2015",15-57,,21.1,1.7,1.1,16.3,2.4,5.2,175.1,,10.21,26.50,,Latitude 64,no
785,Rally,Finish Line,Fairway Driver,17,8,5,-1,1,Understable,https://www.marshallstreetdiscgolf.com/?s=Rally&post_type=product,https://s3.amazonaws.com/media.marshallstreetdiscgolf.com/inbounds/0000371.webp,rally,finish-line,control-driver,understable,#1914FF,#FFA5F4,,,,,,,,,,,,,,,B_name_unique,medium,Rally,Finish Line Discs,"Jun 30, 2023",23-179,,21.0,1.8,1.2,17.3,1.9,5.7,174.3,,12.16,36.50,,Finish Line Discs,yes
786,Ram,Innova,Fairway Driver,17,6,4,1,4,Very Overstable,https://www.marshallstreetdiscgolf.com/product/dx-ram,https://s3.amazonaws.com/media.marshallstreetdiscgolf.com/inbounds/1386806.webp,ram,innova,control-driver,very-overstable,#2A290E,#F3EB09,,,,,,,,,,,,,,,A_name_brand,high,Ram,Innova Champion Discs,"Apr 1, 1994",94-05,,21.7,1.9,1.3,18.1,1.8,6.0,180.1,,7.82,27.50,,Innova Champion Discs,no
787,Rampage,Legacy,Distance Driver,15,14,5,-1,4,Overstable,https://www.marshallstreetdiscgolf.com/?s=rampage&post_type=product,https://s3.amazonaws.com/media.marshallstreetdiscgolf.com/inbounds/5866731.webp,rampage,legacy,distance-driver,overstable,#3831F0,#E43DD9,,,,,,,,,,,,,,,B_name_unique,medium,Rampage,Legacy Discs,"Jul 14, 2011",11-32,,21.1,1.8,1.2,16.1,2.5,5.7,175.1,,10.55,26.00,,Legacy Discs,yes
788,Range,Streamline,Putter,19,2,1,-0.5,0.5,Overstable,https://www.marshallstreetdiscgolf.com/?cat_ids%5B%5D=20674&post_type=product&s=range&variation_toggle=1,https://s3.amazonaws.com/media.marshallstreetdiscgolf.com/inbounds/0000487.webp,range,streamline,putter,overstable,#012219,#ACFFBA,,,,,,,,,,,,,,,A_name_brand,high,Range,Streamline Discs,"Aug 19, 2024",24-172,,21.2,1.8,1.3,19.2,1.0,6.1,176.0,,7.16,71.50,,Streamline Discs,no
789,Raptor,Discraft,Fairway Driver,17,9,4,0,3,Very Overstable,https://www.marshallstreetdiscgolf.com/?s=raptor&post_type=product,https://s3.amazonaws.com/media.marshallstreetdiscgolf.com/inbounds/1010396.webp,raptor,discraft,control-driver,very-overstable,#FF3737,#000000,176.8,21.3,1.9,1.1,17.4,1.9,5.2,27.25,12.13,,,,18-92,"Dec 28, 2018",A_name_brand,high,Raptor,Discraft,"Dec 28, 2018",18-92,,21.3,1.9,1.1,17.4,1.9,5.2,176.8,,12.13,27.25,,Discraft,no
790,Rask,Kastaplast,Distance Driver,15,14,3,0,4,Very Overstable,https://www.marshallstreetdiscgolf.com/?s=Rask&post_type=product,https://s3.amazonaws.com/media.marshallstreetdiscgolf.com/inbounds/4114035.webp,rask,kastaplast,distance-driver,very-overstable,#000000,#21F1B9,,,,,,,,,,,,,,,A_name_brand,high,Rask (old),Kastaplast,"Jul 18, 2013",13-50,,21.1,1.6,1.1,16.7,2.2,5.2,175.1,,7.71,26.50,,Kastaplast,no
791,Rat,Innova,Approach Discs,20,4,2,0,2,Overstable,https://www.marshallstreetdiscgolf.com/?cat_ids%5B%5D=15&post_type=product&s=rat&variation_toggle=1,https://s3.amazonaws.com/media.marshallstreetdiscgolf.com/inbounds/3672499.webp,rat,innova,approach-discs,overstable,#2A290E,#F3EB09,,,,,,,,,,,,,,,A_name_brand,high,Rat (New),Innova Champion Discs,"Oct 31, 2022",22-188,,21.2,1.8,1.3,18.8,1.2,6.1,176.0,,11.14,66.75,,Innova Champion Discs,no
792,Rattler,Discraft,Putter,19,2,2,-2,1,Understable,https://www.marshallstreetdiscgolf.com/?s=rattler&post_type=product,https://s3.amazonaws.com/media.marshallstreetdiscgolf.com/inbounds/3672450.webp,rattler,discraft,putter,understable,#FF3737,#000000,,,,,,,,,,,,,,,unmatched,none,,,,,,,,,,,,,,,,,,
793,Raze,Infinite Discs,Putter,19,3,2,0,3,Overstable,https://www.marshallstreetdiscgolf.com/?s=%22Raze%22&post_type=product,https://s3.amazonaws.com/media.marshallstreetdiscgolf.com/inbounds/0000327.webp,raze,infinite-discs,putter,overstable,#FFFFFF,#62054C,176,21.2,1.9,1.5,19,1.1,7.1,66.25,11.48,,,,23-58,"Feb 23, 2023",A_name_brand,high,Raze,Infinite Discs,"Feb 23, 2023",23-58,,21.2,1.9,1.5,19.0,1.1,7.1,176.0,,11.48,66.25,,Infinite Discs,no
794,Razeri,Prodiscus,Distance Driver,15,12,4,0,4,Overstable,https://www.marshallstreetdiscgolf.com/?s=razeri&post_type=product,https://s3.amazonaws.com/media.marshallstreetdiscgolf.com/inbounds/0148615.webp,razeri,prodiscus,distance-driver,overstable,#32E65C,#5435A9,175.1,21.1,1.5,1.1,16.4,2.3,5.2,27.25,9.41,,,,15-27,"Feb 6, 2015",A_name_brand,high,Razeri,Prodiscus,"Feb 6, 2015",15-27,,21.1,1.5,1.1,16.4,2.3,5.2,175.1,,9.41,27.25,,Prodiscus,no
795,Reach,Birdie,Distance Driver,15,12,5,-1,3,Overstable,https://www.marshallstreetdiscgolf.com/?s=Reach&post_type=product,https://s3.amazonaws.com/media.marshallstreetdiscgolf.com/inbounds/0000420.webp,reach,birdie,distance-driver,overstable,#1D096C,#FFB381,,,,,,,,,,,,,,,A_name_brand,high,Reach ,Birdie,"Aug 28, 2023",23-217,,21.2,1.5,1.1,16.6,2.3,5.2,176.0,,12.16,26.75,,Birdie,no
796,Reactor,MVP,Midrange,18,5,5,-0.5,1.5,Overstable,https://www.marshallstreetdiscgolf.com/?s=reactor&post_type=product,https://s3.amazonaws.com/media.marshallstreetdiscgolf.com/inbounds/0000028.webp,reactor,mvp,midrange,overstable,#000000,#9BF2FF,,,,,,,,,,,,,,,A_name_brand,high,Reactor,MVP Disc Sports,"Mar 5, 2020",20-21,,21.4,1.7,1.3,18.5,1.4,6.1,177.6,,9.87,44.50,,MVP Disc Sports,no
797,Realm,Gateway,Distance Driver,15,12,5,-1,3,Overstable,https://www.marshallstreetdiscgolf.com/?s=Realm&post_type=product,https://s3.amazonaws.com/media.marshallstreetdiscgolf.com/inbounds/0000387.webp,realm,gateway,distance-driver,overstable,#FFFFFF,#A66A17,,,,,,,,,,,,,,,A_name_brand,high,Realm,Gateway Disc Sports,"Oct 26, 2023",23-239,,21.2,1.4,1.1,16.8,2.2,5.2,176.0,,9.77,26.75,,Gateway Disc Sports,no
798,Reaper,Discraft,Fairway Driver,17,8,3,0,4,Very Overstable,https://www.marshallstreetdiscgolf.com/?s=reaper&post_type=product,https://s3.amazonaws.com/media.marshallstreetdiscgolf.com/inbounds/0673978.webp,reaper,discraft,control-driver,very-overstable,#FF3737,#000000,177.6,21.4,1.5,1.2,17.8,1.8,5.6,29.5,9.32,,,,01-05,"Aug 20, 2001",A_name_brand,high,Reaper,Discraft,"Aug 20, 2001",01-05,,21.4,1.5,1.2,17.8,1.8,5.6,177.6,,9.32,29.50,,Discraft,no
799,Rebel,Legacy,Putter,19,2,3,0,3,Overstable,https://www.marshallstreetdiscgolf.com/?s=rebel&post_type=product,https://s3.amazonaws.com/media.marshallstreetdiscgolf.com/inbounds/0000305.webp,rebel,legacy,putter,overstable,#3831F0,#E43DD9,,,,,,,,,,,,,,,B_name_unique,medium,Rebel,Legacy Discs,"Jan 9, 2023",23-11,,21.0,2.1,1.5,18.9,1.1,7.1,174.3,,9.77,60.25,,Legacy Discs,yes
800,Recluse,Legacy,Midrange,18,5,3,0,4,Very Overstable,https://www.marshallstreetdiscgolf.com/?s=Recluse&post_type=product,https://s3.amazonaws.com/media.marshallstreetdiscgolf.com/inbounds/0000117.webp,recluse,legacy,midrange,very-overstable,#3831F0,#E43DD9,,,,,,,,,,,,,,,B_name_unique,medium,Recluse,Legacy Discs,"Jun 21, 2018",18-56,,21.3,1.6,1.3,18.3,1.5,6.1,176.8,,9.07,44.00,,Legacy Discs,yes
801,Recon,Legacy,Distance Driver,15,13,5,0,3,Very Overstable,https://www.marshallstreetdiscgolf.com/?s=%22Recon%22&post_type=product,https://s3.amazonaws.com/media.marshallstreetdiscgolf.com/inbounds/0000341.webp,recon,legacy,distance-driver,very-overstable,#3831F0,#E43DD9,,,,,,,,,,,,,,,B_name_unique,medium,Recon,Legacy Discs,"Jun 26, 2017",17-81,,21.2,1.7,1.1,16.4,2.4,5.2,176.0,,8.05,28.75,,Legacy Discs,yes
802,Redwood,Above Ground Level,Distance Driver,15,12,5,-1,2,Stable,https://www.marshallstreetdiscgolf.com/?s=Redwood&post_type=product,https://s3.amazonaws.com/media.marshallstreetdiscgolf.com/inbounds/0000173.webp,redwood,above-ground-level,distance-driver,stable,#CFFF30,#000000,175.1,21.1,1.8,1.2,16.5,2.3,5.7,26.5,12.05,,,,22-30,"Feb 28, 2022",A_name_brand,high,Redwood,Above Ground Level,"Feb 28, 2022",22-30,,21.1,1.8,1.2,16.5,2.3,5.7,175.1,,12.05,26.50,,Above Ground Level,no
803,Reef,DGA,Putter,19,2,2,-1,1,Stable,https://www.marshallstreetdiscgolf.com/?s=reef&post_type=product,https://s3.amazonaws.com/media.marshallstreetdiscgolf.com/inbounds/2857241.webp,reef,dga,putter,stable,#2876FF,#272727,,,,,,,,,,,,,,,B_name_unique,medium,Reef (Atlantis),Disc Golf Association,"Dec 10, 2007",07-49,,21.2,2.1,1.4,19.4,0.9,6.6,176.0,,7.03,49.25,,Disc Golf Association,yes
804,Reko,Kastaplast,Putter,19,3,3,0,1,Stable,https://www.marshallstreetdiscgolf.com/?s=Reko&post_type=product,https://s3.amazonaws.com/media.marshallstreetdiscgolf.com/inbounds/3067917.webp,reko,kastaplast,putter,stable,#000000,#21F1B9,176,21.2,1.8,1.4,19.1,1,6.6,61.25,10.43,,,,15-87,"Dec 15, 2015",A_name_brand,high,Reko,Kastaplast,"Dec 15, 2015",15-87,,21.2,1.8,1.4,19.1,1.0,6.6,176.0,,10.43,61.25,,Kastaplast,no
805,Reko X,Kastaplast,Putter,19,3,3,0,2,Overstable,https://www.marshallstreetdiscgolf.com/?s=reko+x&post_type=product,https://s3.amazonaws.com/media.marshallstreetdiscgolf.com/inbounds/0000197.webp,reko-x,kastaplast,putter,overstable,#000000,#21F1B9,177.6,21.4,1.9,1.4,19.2,1.1,6.5,49.5,7.73,,,,22-9,"Jan 17, 2022",A_name_brand,high,Reko X,Kastaplast,"Jan 17, 2022",22-9,,21.4,1.9,1.4,19.2,1.1,6.5,177.6,,7.73,49.50,,Kastaplast,no
806,Relativity,MVP,Distance Driver,15,14.5,5.5,-3,1.5,Understable,https://www.marshallstreetdiscgolf.com/?s=relativity&post_type=product,https://s3.amazonaws.com/media.marshallstreetdiscgolf.com/inbounds/3607915.webp,relativity,mvp,distance-driver,understable,#000000,#9BF2FF,,,,,,,,,,,,,,,A_name_brand,high,Relativity,MVP Disc Sports,"Apr 13, 2017",17-52,,21.1,1.9,1.2,16.0,2.5,5.7,175.1,,11.77,27.25,,MVP Disc Sports,no
807,Relay,MVP,Fairway Driver,17,6,5,-2,1,Understable,https://www.marshallstreetdiscgolf.com/?s=relay&post_type=product,https://s3.amazonaws.com/media.marshallstreetdiscgolf.com/inbounds/3067915.webp,relay,mvp,control-driver,understable,#000000,#9BF2FF,,,,,,,,,,,,,,,A_name_brand,high,Relay,MVP Disc Sports,"May 28, 2015",15-54,,21.1,1.5,1.2,17.7,1.7,5.7,175.1,,8.16,35.75,,MVP Disc Sports,no
808,Renegade,Dynamic Discs,Control Driver,16,11,5,-1.5,2.5,Understable,https://www.marshallstreetdiscgolf.com/?s=renegade&post_type=product,https://s3.amazonaws.com/media.marshallstreetdiscgolf.com/inbounds/9197603.webp,renegade,dynamic-discs,hybrid-driver,understable,#FFFFFF,#0082F4,176,21.2,1.7,1.1,17,2.1,5.2,28,8.96,,,,13-28,"Apr 4, 2013",A_name_brand,high,Renegade,Dynamic Discs,"Apr 4, 2013",13-28,,21.2,1.7,1.1,17.0,2.1,5.2,176.0,,8.96,28.00,,Dynamic Discs,no
809,Requiem,Thought Space Athletics,Distance Driver,15,12,5,-1,2,Stable,,,requiem,thought-space-athletics,distance-driver,stable,#000000,#FF770E,,,,,,,,,,,,,,,A_name_brand,high,Requiem,Thought Space Athletics,"Aug 25, 2025",25-130,,21.1,1.7,1.1,16.8,2.1,5.2,175.1,,9.32,27.00,,Thought Space Athletics,no
810,Resistor,MVP,Fairway Driver,17,6.5,4,0,3.5,Overstable,https://www.marshallstreetdiscgolf.com/?s=resistor&post_type=product,https://s3.amazonaws.com/media.marshallstreetdiscgolf.com/inbounds/0310113.webp,resistor,mvp,control-driver,overstable,#000000,#9BF2FF,,,,,,,,,,,,,,,A_name_brand,high,Resistor,MVP Disc Sports,"Sep 23, 2013",13-59,,21.1,1.5,1.2,17.5,1.7,5.7,175.1,,10.21,31.75,,MVP Disc Sports,no
811,Reverb,Prodigy,Distance Driver,15,13,5,0,3.5,Overstable,https://www.marshallstreetdiscgolf.com/?s=reverb&post_type=product,https://s3.amazonaws.com/media.marshallstreetdiscgolf.com/inbounds/0000141.webp,reverb,prodigy,distance-driver,overstable,#000000,#10A259,,,,,,,,,,,,,,,unmatched,none,,,,,,,,,,,,,,,,,,
812,Rhyno,Innova,Approach Discs,20,2,1,0,3,Very Overstable,https://www.marshallstreetdiscgolf.com/?s=rhyno&post_type=product,https://s3.amazonaws.com/media.marshallstreetdiscgolf.com/inbounds/0655349.webp,rhyno,innova,approach-discs,very-overstable,#2A290E,#F3EB09,,,,,,,,,,,,,,,A_name_brand,high,Rhyno,Innova Champion Discs,"Nov 9, 1998",98-12,,21.2,1.9,1.3,19.2,1.0,6.1,176.0,,6.24,56.75,,Innova Champion Discs,no
813,Rhythm,Axiom Discs,Fairway Driver,17,7,5,-2,1,Understable,https://www.marshallstreetdiscgolf.com/?s=rhythm&post_type=product,https://s3.amazonaws.com/media.marshallstreetdiscgolf.com/inbounds/0000286.webp,rhythm,axiom-discs,control-driver,understable,#000000,#FF9595,176,21.2,1.5,1.2,17.6,1.8,5.7,30.25,11.93,,,,21-21,"Feb 22, 2021",A_name_brand,high,Rhythm,Axiom Discs,"Feb 22, 2021",21-21,,21.2,1.5,1.2,17.6,1.8,5.7,176.0,,11.93,30.25,,Axiom Discs,no
814,Ridge,Vibram,Putter,19,2,3,0,1,Stable,https://www.marshallstreetdiscgolf.com/?s=ridge&post_type=product,https://s3.amazonaws.com/media.marshallstreetdiscgolf.com/inbounds/4248334.webp,ridge,vibram,putter,stable,#FFDC2D,#9A7D2C,,,,,,,,,,,,,,,B_name_unique,medium,Ridge,Vibram Disc Golf,"Dec 3, 2009",09-28,,21.1,2.0,1.6,19.3,0.9,7.6,175.1,,8.05,61.25,,Vibram Disc Golf,yes
815,Rift,DGA,Midrange,18,5,4,-1,1.5,Stable,https://www.marshallstreetdiscgolf.com/?s=rift&post_type=product,https://s3.amazonaws.com/media.marshallstreetdiscgolf.com/inbounds/1864199.webp,rift,dga,midrange,stable,#2876FF,#272727,,,,,,,,,,,,,,,C_name_ambiguous,needs_review,,,,,,,,,,,,,,,,,,
816,Ringer,Discraft,Approach Discs,20,4,4,0,2,Overstable,https://www.marshallstreetdiscgolf.com/?cat_ids%5B%5D=371&post_type=product&s=ringer&variation_toggle=1,https://s3.amazonaws.com/media.marshallstreetdiscgolf.com/inbounds/1864147.webp,ringer,discraft,approach-discs,overstable,#FF3737,#000000,174.3,21,1.8,1.2,19.2,0.9,5.7,67.75,6.12,,,,09-16,"Jun 17, 2009",A_name_brand,high,Ringer,Discraft,"Jun 17, 2009",09-16,,21.0,1.8,1.2,19.2,0.9,5.7,174.3,,6.12,67.75,,Discraft,no
817,Ringer GT,Discraft,Approach Discs,20,4,4,0,3,Overstable,https://www.marshallstreetdiscgolf.com/?cat_ids%5B%5D=371&post_type=product&s=ringer&variation_toggle=1,https://s3.amazonaws.com/media.marshallstreetdiscgolf.com/inbounds/1864177.webp,ringer-gt,discraft,approach-discs,overstable,#FF3737,#000000,175.1,21.1,1.7,1.1,19,1,5.2,63.25,4.65,,,,17-70,"Apr 21, 2017",A_name_brand,high,Ringer GT,Discraft,"Apr 21, 2017",17-70,,21.1,1.7,1.1,19.0,1.0,5.2,175.1,,4.65,63.25,,Discraft,no
818,Rio Grande,Lone Star Discs,Fairway Driver,17,7,5,-2,1,Understable,https://www.marshallstreetdiscgolf.com/?s=rio+grande&post_type=product,https://s3.amazonaws.com/media.marshallstreetdiscgolf.com/inbounds/0000479.webp,rio-grande,lone-star-discs,control-driver,understable,#FFA5EA,#6B834B,,,,,,,,,,,,,,,B_name_unique,medium,Rio Grande,Lone Star Disc,"Aug 26, 2024",24-174,,21.1,1.9,1.2,17.7,1.7,5.7,175.1,,8.86,29.75,,Lone Star Disc,yes
819,Riptide,DGA,Fairway Driver,17,9,4,0,3,Overstable,https://www.marshallstreetdiscgolf.com/?s=riptide&post_type=product,https://s3.amazonaws.com/media.marshallstreetdiscgolf.com/inbounds/8365242.webp,riptide,dga,control-driver,overstable,#2876FF,#272727,,,,,,,,,,,,,,,B_name_unique,medium,Riptide,Discraft,"Jul 10, 2003",03-11,,21.4,1.7,1.2,17.4,2.0,5.6,177.6,,9.75,27.50,,Discraft,yes
820,Rise,Birdie,Midrange,18,5,4,0,2,Overstable,https://www.marshallstreetdiscgolf.com/?s=rise&post_type=product,https://s3.amazonaws.com/media.marshallstreetdiscgolf.com/inbounds/0000458.webp,rise,birdie,midrange,overstable,#1D096C,#FFB381,179.3,21.6,1.6,1.2,18.7,1.4,5.6,47,7.5,,,,24-130,"Jun 17, 2024",A_name_brand,high,Rise,Birdie,"Jun 17, 2024",24-130,,21.6,1.6,1.2,18.7,1.4,5.6,179.3,,7.50,47.00,,Birdie,no
821,Rival,Legacy,Fairway Driver,17,7,5,0,2,Stable,https://www.marshallstreetdiscgolf.com/?s=rival&post_type=product,https://s3.amazonaws.com/media.marshallstreetdiscgolf.com/inbounds/0281200.webp,rival,legacy,control-driver,stable,#3831F0,#E43DD9,,,,,,,,,,,,,,,B_name_unique,medium,Rival,Legacy Discs,"Nov 2, 2012",11-54,,21.3,2.0,1.2,17.8,1.8,5.6,176.8,,11.11,29.25,,Legacy Discs,yes
822,Rive,Latitude 64,Distance Driver,15,13,5,0,3.5,Overstable,https://www.marshallstreetdiscgolf.com/?s=rive&post_type=product,https://s3.amazonaws.com/media.marshallstreetdiscgolf.com/inbounds/0000081.webp,rive,latitude-64,distance-driver,overstable,#FFFFFF,#F40909,,,,,,,,,,,,,,,A_name_brand,high,Rive (Royal Prototype),Latitude 64,"Nov 21, 2020",20-88,,21.1,1.8,1.2,16.5,2.3,5.7,175.1,,12.16,30.00,,Latitude 64,no
823,River,Latitude 64,Fairway Driver,17,7,7,-1,1,Understable,https://www.marshallstreetdiscgolf.com/?s=RIVER&post_type=product,https://s3.amazonaws.com/media.marshallstreetdiscgolf.com/inbounds/6524752.webp,river,latitude-64,control-driver,understable,#FFFFFF,#F40909,178.5,21.5,1.9,1.2,17.8,1.8,5.6,30.5,9.07,,,,10-16,"Jun 2, 2010",A_name_brand,high,River,Latitude 64,"Jun 2, 2010",10-16,,21.5,1.9,1.2,17.8,1.8,5.6,178.5,,9.07,30.50,,Latitude 64,no
824,River Pro (OOP),Latitude 64,Fairway Driver,17,6,5,0,2,Stable,https://www.marshallstreetdiscgolf.com/?s=river+pro&post_type=product,https://s3.amazonaws.com/media.marshallstreetdiscgolf.com/inbounds/0529013.webp,river-pro-oop,latitude-64,control-driver,stable,#FFFFFF,#F40909,,,,,,,,,,,,,,,A_name_brand,high,River Pro,Latitude 64,"Apr 13, 2017",17-47,,21.4,1.8,1.3,17.8,1.8,6.1,177.6,,10.87,34.00,,Latitude 64,no
825,Roach,Discraft,Putter,19,2,4,0,1,Stable,https://www.marshallstreetdiscgolf.com/?s=roach&post_type=product,https://s3.amazonaws.com/media.marshallstreetdiscgolf.com/inbounds/9720863.webp,roach,discraft,putter,stable,#FF3737,#000000,,,,,,,,,,,,,,,A_name_brand,high,Roach (Ace Race 2015),Discraft,"Nov 30, 2015",15-79,,21.1,2.0,1.5,18.9,1.1,7.1,175.1,,9.07,58.75,,Discraft,no
826,Roadrunner,Innova,Fairway Driver,17,9,5,-4,1,Very Understable,https://www.marshallstreetdiscgolf.com/?s=roadrunner&post_type=product,https://s3.amazonaws.com/media.marshallstreetdiscgolf.com/inbounds/9720864.webp,roadrunner,innova,control-driver,very-understable,#2A290E,#F3EB09,,,,,,,,,,,,,,,A_name_brand,high,Roadrunner,Innova Champion Discs,"Aug 27, 2005",05-16,,21.1,1.4,1.2,17.5,1.8,5.7,175.1,,8.39,29.00,,Innova Champion Discs,no
827,Roc,Innova,Midrange,18,4,4,0,3,Overstable,https://www.marshallstreetdiscgolf.com/?s=roc&post_type=product,https://s3.amazonaws.com/media.marshallstreetdiscgolf.com/inbounds/6505160.webp,roc,innova,midrange,overstable,#2A290E,#F3EB09,,,,,,,,,,,,,,,A_name_brand,high,Roc,Innova Champion Discs,"Jan 1, 1987",87-05,,21.7,2.0,1.3,19.3,1.2,6.0,180.1,,8.51,43.00,,Innova Champion Discs,no
828,Roc X3,Innova,Midrange,18,5,4,0,3.5,Overstable,https://www.marshallstreetdiscgolf.com/?s=roc+x3&post_type=product,https://s3.amazonaws.com/media.marshallstreetdiscgolf.com/inbounds/0529012.webp,roc-x3,innova,midrange,overstable,#2A290E,#F3EB09,,,,,,,,,,,,,,,unmatched,none,,,,,,,,,,,,,,,,,,
829,Roc3,Innova,Midrange,18,5,4,0,3,Overstable,https://www.marshallstreetdiscgolf.com/?s=roc3&post_type=product,https://s3.amazonaws.com/media.marshallstreetdiscgolf.com/inbounds/6305160.webp,roc3,innova,midrange,overstable,#2A290E,#F3EB09,,,,,,,,,,,,,,,unmatched,none,,,,,,,,,,,,,,,,,,
830,Rockstar,Discmania,Fairway Driver,17,8,5,-2,1,Understable,https://www.marshallstreetdiscgolf.com/?s=rockstar&post_type=product,https://s3.amazonaws.com/media.marshallstreetdiscgolf.com/inbounds/0000091.webp,rockstar,discmania,control-driver,understable,#FFA813,#9A0C0C,176.8,21.3,1.7,1.2,17.6,1.9,5.6,35.5,10.8,,,,21-25,"Feb 22, 2021",A_name_brand,high,Rockstar,Discmania,"Feb 22, 2021",21-25,,21.3,1.7,1.2,17.6,1.9,5.6,176.8,,10.80,35.50,,Discmania,no
831,Rogue,DGA,Control Driver,16,11,4,-1,1,Stable,https://www.marshallstreetdiscgolf.com/?s=rogue&post_type=product,https://s3.amazonaws.com/media.marshallstreetdiscgolf.com/inbounds/9765616.webp,rogue,dga,hybrid-driver,stable,#2876FF,#272727,,,,,,,,,,,,,,,B_name_unique,medium,Rogue,Discraft,"Oct 29, 2006",06-45,,21.1,1.7,1.2,16.8,2.2,5.7,175.1,,12.02,28.25,,Discraft,yes
832,Rollo,Innova,Midrange,18,5,6,-4,1,Very Understable,https://www.marshallstreetdiscgolf.com/?s=rollo&post_type=product,https://s3.amazonaws.com/media.marshallstreetdiscgolf.com/inbounds/0000377.webp,rollo,innova,midrange,very-understable,#2A290E,#F3EB09,,,,,,,,,,,,,,,A_name_brand,high,Rollo,Innova Champion Discs,"Apr 24, 2023",23-123,,21.8,1.6,1.1,18.8,1.5,5.0,180.9,,7.50,32.75,,Innova Champion Discs,no
833,Roman,Infinite Discs,Control Driver,16,10,4,0,3,Overstable,https://www.marshallstreetdiscgolf.com/?s=Roman&post_type=product,https://s3.amazonaws.com/media.marshallstreetdiscgolf.com/inbounds/0000338.webp,roman,infinite-discs,hybrid-driver,overstable,#FFFFFF,#62054C,176,21.2,1.5,1.2,17.3,1.9,5.7,27.25,9.2,,,,23-80,"Mar 20, 2023",A_name_brand,high,Roman,Infinite Discs,"Mar 20, 2023",23-80,,21.2,1.5,1.2,17.3,1.9,5.7,176.0,,9.20,27.25,,Infinite Discs,no
834,Rong,Yikun,Distance Driver,15,13,5,-3,1,Understable,https://www.marshallstreetdiscgolf.com/?s=Rong&post_type=product,https://s3.amazonaws.com/media.marshallstreetdiscgolf.com/inbounds/0000227.webp,rong,yikun,distance-driver,understable,#006A6E,#FF6F8C,,,,,,,,,,,,,,,unmatched,none,,,,,,,,,,,,,,,,,,
835,Rot,Doomsday Discs,Putter,19,2,4,0,1,Stable,,,rot,doomsday-discs,putter,stable,#B6FF8B,#144E48,175.1,21.1,1.9,1.4,19.1,1,6.6,64.75,8.3,,,,23-235,"Oct 23, 2023",A_name_brand,high,Rot,Doomsday Discs,"Oct 23, 2023",23-235,,21.1,1.9,1.4,19.1,1.0,6.6,175.1,,8.30,64.75,,Doomsday Discs,no
836,Ruby,Latitude 64,Putter,19,3,5,-3,1,Very Understable,https://www.marshallstreetdiscgolf.com/?s=Ruby&post_type=product,https://s3.amazonaws.com/media.marshallstreetdiscgolf.com/inbounds/6480723.webp,ruby,latitude-64,putter,very-understable,#FFFFFF,#F40909,178.5,21.5,1.9,1.4,19.5,1,6.5,69,3.86,,,,12-34,"Jul 2, 2012",A_name_brand,high,Ruby,Latitude 64,"Jul 2, 2012",12-34,,21.5,1.9,1.4,19.5,1.0,6.5,178.5,,3.86,69.00,,Latitude 64,no
837,Ruin,Infinite Discs,Putter,19,3,3,0,3,Overstable,https://www.marshallstreetdiscgolf.com/product/c-blend-ruin-drew-gibson-3,https://s3.amazonaws.com/media.marshallstreetdiscgolf.com/inbounds/0000056.webp,ruin,infinite-discs,putter,overstable,#FFFFFF,#62054C,180.9,21.8,1.8,1.4,19.1,1.3,6.4,49.25,7.73,,,,19-71,"Oct 24, 2019",A_name_brand,high,Ruin,Infinite Discs,"Oct 24, 2019",19-71,,21.8,1.8,1.4,19.1,1.3,6.4,180.9,,7.73,49.25,,Infinite Discs,no
838,Rune,Viking,Putter,19,2,4,0,0,Stable,https://www.marshallstreetdiscgolf.com/?s=rune&post_type=product,https://s3.amazonaws.com/media.marshallstreetdiscgolf.com/inbounds/6487723.webp,rune,viking,putter,stable,#000000,#04F40C,,,,,,,,,,,,,,,B_name_unique,medium,Rune,Viking Discs (IP-Agency Finland Oy),"Jan 17, 2017",17-02,,21.2,2.1,1.6,19.0,1.1,7.5,176.0,,9.07,55.50,,Viking Discs (IP-Agency Finland Oy),yes
839,Runway,Streamline,Midrange,18,5,4,0,3.5,Very Overstable,https://www.marshallstreetdiscgolf.com/?s=runway&post_type=product,https://s3.amazonaws.com/media.marshallstreetdiscgolf.com/inbounds/6777799.webp,runway,streamline,midrange,very-overstable,#012219,#ACFFBA,,,,,,,,,,,,,,,A_name_brand,high,Runway,Streamline Discs,"Aug 2, 2018",18-61,,21.5,1.7,1.4,18.6,1.4,6.5,178.5,,9.87,47.25,,Streamline Discs,no
840,Ruru,RPM,Putter,19,3,3,0,1,Stable,https://www.marshallstreetdiscgolf.com/?s=Ruru&post_type=product,https://s3.amazonaws.com/media.marshallstreetdiscgolf.com/inbounds/6487799.webp,ruru,rpm,putter,stable,#1FBE25,#434343,,,,,,,,,,,,,,,B_name_unique,medium,Ruru (PA2),RPM Discs/Disc Golf Aotearoa,"Dec 29, 2016",16-85,,21.0,2.3,1.6,18.9,1.0,7.6,174.3,,8.28,72.75,,RPM Discs/Disc Golf Aotearoa,yes
841,Sabertooth,Daredevil Discs,Fairway Driver,17,9,4,0,5,Overstable,https://www.marshallstreetdiscgolf.com/product/sabertooth,https://s3.amazonaws.com/media.marshallstreetdiscgolf.com/inbounds/1448947.webp,sabertooth,daredevil-discs,control-driver,overstable,#FFFFFF,#515151,174.3,21,1.8,1.2,17,2,5.7,29,7.94,,,,14-87,"Oct 31, 2014",A_name_brand,high,Sabertooth,Daredevil Discs,"Oct 31, 2014",14-87,,21.0,1.8,1.2,17.0,2.0,5.7,174.3,,7.94,29.00,,Daredevil Discs,no
842,Sabot,Millennium,Control Driver,16,11,4,0,5,Very Overstable,https://www.marshallstreetdiscgolf.com/product/frontline-sabot-brad-williams,https://s3.amazonaws.com/media.marshallstreetdiscgolf.com/inbounds/0000202.webp,sabot,millennium,hybrid-driver,very-overstable,#000000,#FF0974,,,,,,,,,,,,,,,B_name_unique,medium,Sabot,Millennium Golf Discs,"Mar 23, 2017",17-32,,21.1,1.7,1.2,16.7,2.2,5.7,175.1,,10.89,36.50,,Millennium Golf Discs,yes
843,Sabre,Gateway,Fairway Driver,17,7,5,-1,1,Understable,https://www.marshallstreetdiscgolf.com/?s=sabre&post_type=product,https://s3.amazonaws.com/media.marshallstreetdiscgolf.com/inbounds/1448948.webp,sabre,gateway,control-driver,understable,#FFFFFF,#A66A17,,,,,,,,,,,,,,,A_name_brand,high,Sabre,Gateway Disc Sports,"Oct 20, 1999",99-09,,21.2,1.8,1.2,17.8,1.7,5.7,176.0,,10.77,27.00,,Gateway Disc Sports,no
844,Sage,Clash Discs,Distance Driver,15,12,6,-1,3,Stable,https://www.marshallstreetdiscgolf.com/?s=sage&post_type=product,https://s3.amazonaws.com/media.marshallstreetdiscgolf.com/inbounds/0000464.webp,sage,clash-discs,distance-driver,stable,#FF93E9,#2516FF,176.8,21.3,1.7,1.2,16.7,2.3,5.6,32.25,10.8,,,,23-154,"May 29, 2023",A_name_brand,high,Sage,Clash Discs,"May 29, 2023",23-154,,21.3,1.7,1.2,16.7,2.3,5.6,176.8,,10.80,32.25,,Clash Discs,no
845,Sail,DGA,Control Driver,16,11,5,-5,1,Very Understable,https://www.marshallstreetdiscgolf.com/?s=sail&post_type=product,https://s3.amazonaws.com/media.marshallstreetdiscgolf.com/inbounds/5165205.webp,sail,dga,hybrid-driver,very-understable,#2876FF,#272727,,,,,,,,,,,,,,,B_name_unique,medium,Sail,Disc Golf Association,"Feb 25, 2016",16-16,,21.0,1.9,1.1,17.2,1.9,5.2,174.3,,9.75,29.75,,Disc Golf Association,yes
846,Saint,Latitude 64,Fairway Driver,17,9,7,-1,2,Stable,https://www.marshallstreetdiscgolf.com/?s=saint&post_type=product,https://s3.amazonaws.com/media.marshallstreetdiscgolf.com/inbounds/5165206.webp,saint,latitude-64,control-driver,stable,#FFFFFF,#F40909,176,21.2,1.9,1.2,17.4,1.9,5.7,29.25,8.85,,,,12-25,"May 20, 2012",A_name_brand,high,Saint,Latitude 64,"May 20, 2012",12-25,,21.2,1.9,1.2,17.4,1.9,5.7,176.0,,8.85,29.25,,Latitude 64,no
847,Saint Pro,Latitude 64,Fairway Driver,17,8,5,-0.5,2,Overstable,https://www.marshallstreetdiscgolf.com/?s=saint+pro&post_type=product,https://s3.amazonaws.com/media.marshallstreetdiscgolf.com/inbounds/5165207.webp,saint-pro,latitude-64,control-driver,overstable,#FFFFFF,#F40909,176,21.2,2,1.2,17.5,1.8,5.7,33,8.16,,,,13-65,"Oct 17, 2013",A_name_brand,high,Saint Pro,Latitude 64,"Oct 17, 2013",13-65,,21.2,2.0,1.2,17.5,1.8,5.7,176.0,,8.16,33.00,,Latitude 64,no
848,Salamander,Mint Discs,Fairway Driver,17,6,6,-2,1,Understable,https://www.marshallstreetdiscgolf.com/?s=salamander&post_type=product,https://s3.amazonaws.com/media.marshallstreetdiscgolf.com/inbounds/0000486.webp,salamander,mint-discs,control-driver,understable,#FFFFFF,#F4933E,176,21.2,1.8,1.4,17.8,1.7,6.6,52.5,10.23,,,,23-125,"Apr 27, 2023",A_name_brand,high,Salamander,Mint Discs,"Apr 27, 2023",23-125,,21.2,1.8,1.4,17.8,1.7,6.6,176.0,,10.23,52.50,,Mint Discs,no
849,Salt,Clash Discs,Distance Driver,15,12,5,-1,3,Stable,https://www.marshallstreetdiscgolf.com/?s=Salt&post_type=product,https://s3.amazonaws.com/media.marshallstreetdiscgolf.com/inbounds/0000238.webp,salt,clash-discs,distance-driver,stable,#FF93E9,#2516FF,174.3,21,1.7,1.1,16.4,2.3,5.2,27,10.68,,,,22-125,"Jul 11, 2022",A_name_brand,high,Salt (Tone variant),Clash Discs,"Mar 4, 2024",24-43,,21.1,1.7,1.1,16.5,2.3,5.2,175.1,,12.05,27.00,,Clash Discs,no
850,Sampo,Westside Discs,Control Driver,16,10,4,-1,2,Overstable,https://www.marshallstreetdiscgolf.com/?s=sampo&post_type=product,https://s3.amazonaws.com/media.marshallstreetdiscgolf.com/inbounds/8126900.webp,sampo,westside-discs,hybrid-driver,overstable,#FFFFFF,#014E13,,,,,,,,,,,,,,,B_name_unique,medium,Sampo,Westside Golf Discs,"May 20, 2015",15-51,,21.2,1.9,1.2,17.0,2.1,5.7,176.0,,7.14,34.75,,Westside Golf Discs,yes
851,Samurai,Gateway,Distance Driver,15,12,5,-1.5,2,Stable,https://www.marshallstreetdiscgolf.com/?cat_ids%5B%5D=232&post_type=product&s=samurai&variation_toggle=1,https://s3.amazonaws.com/media.marshallstreetdiscgolf.com/inbounds/8126901.webp,samurai,gateway,distance-driver,stable,#FFFFFF,#A66A17,,,,,,,,,,,,,,,A_name_brand,high,Samurai,Gateway Disc Sports,"Apr 22, 2012",12-19,,21.1,1.8,1.2,16.5,2.3,5.7,175.1,,11.57,29.25,,Gateway Disc Sports,no
852,Sapphire,Latitude 64,Distance Driver,15,10,6,-2,1.5,Stable,https://www.marshallstreetdiscgolf.com/product/gold-line-sapphire-mushroom,https://s3.amazonaws.com/media.marshallstreetdiscgolf.com/inbounds/0000025.webp,sapphire,latitude-64,distance-driver,stable,#FFFFFF,#F40909,174.3,21,1.7,1.2,17,2,5.7,29.5,11.02,,,,19-72,"Nov 12, 2019",A_name_brand,high,Sapphire,Latitude 64,"Nov 12, 2019",19-72,,21.0,1.7,1.2,17.0,2.0,5.7,174.3,,11.02,29.50,,Latitude 64,no
853,Sasquatch,Daredevil Discs,Distance Driver,15,13,5,-5,1,Very Understable,https://www.marshallstreetdiscgolf.com/product/sasquatch,https://s3.amazonaws.com/media.marshallstreetdiscgolf.com/inbounds/0125002.webp,sasquatch,daredevil-discs,distance-driver,very-understable,#FFFFFF,#515151,174.3,21,1.7,1.1,16,2.5,5.2,26.5,11.23,,,,12-08,"Jan 29, 2012",A_name_brand,high,Sasquatch,Daredevil Discs,"Jan 29, 2012",12-08,,21.0,1.7,1.1,16.0,2.5,5.2,174.3,,11.23,26.50,,Daredevil Discs,no
854,Savant,Innova,Fairway Driver,17,9,5,-1,2,Stable,https://www.marshallstreetdiscgolf.com/?s=savant&post_type=product,https://s3.amazonaws.com/media.marshallstreetdiscgolf.com/inbounds/3133882.webp,savant,innova,control-driver,stable,#2A290E,#F3EB09,,,,,,,,,,,,,,,A_name_brand,high,Savant,Innova Champion Discs,"Sep 5, 2014",14-71,,21.1,1.6,1.1,17.2,1.9,5.2,175.1,,6.24,36.50,,Innova Champion Discs,no
855,Savior,Latitude 64,Approach Discs,20,4,4,0,3,Very Overstable,https://www.marshallstreetdiscgolf.com/?s=Savior&post_type=product,https://s3.amazonaws.com/media.marshallstreetdiscgolf.com/inbounds/0000314.webp,savior,latitude-64,approach-discs,very-overstable,#FFFFFF,#F40909,177.6,21.4,1.7,1.2,19.1,1.2,5.6,46.75,9.32,,,,22-224,"Dec 12, 2022",A_name_brand,high,Savior,Latitude 64,"Dec 12, 2022",22-224,,21.4,1.7,1.2,19.1,1.2,5.6,177.6,,9.32,46.75,,Latitude 64,no
856,Scale,Gateway,Putter,19,2,1,0,3,Overstable,https://www.marshallstreetdiscgolf.com/?s=scale&post_type=product,https://s3.amazonaws.com/media.marshallstreetdiscgolf.com/inbounds/2195881.webp,scale,gateway,putter,overstable,#FFFFFF,#A66A17,,,,,,,,,,,,,,,B_name_unique,medium,Scale,Reptilian Disc Golf,"Dec 18, 2014",14-92,,21.0,2.2,1.5,19.0,1.0,7.1,174.3,,10.43,68.00,,Reptilian Disc Golf,yes
857,Scarab,Infinite Discs,Putter,19,2,4,0,1,Stable,https://www.marshallstreetdiscgolf.com/?s=scarab&post_type=product,https://s3.amazonaws.com/media.marshallstreetdiscgolf.com/inbounds/0000064.webp,scarab,infinite-discs,putter,stable,#FFFFFF,#62054C,176,21.2,2.1,1.5,19.2,1,7.1,62.5,11.02,,,,19-28,"Apr 3, 2019",A_name_brand,high,Scarab,Infinite Discs,"Apr 3, 2019",19-28,,21.2,2.1,1.5,19.2,1.0,7.1,176.0,,11.02,62.50,,Infinite Discs,no
858,Scepter,Infinite Discs,Fairway Driver,17,9,4,0,4,Very Overstable,https://www.marshallstreetdiscgolf.com/product/g-blend-scepter,https://s3.amazonaws.com/media.marshallstreetdiscgolf.com/inbounds/0000065.webp,scepter,infinite-discs,control-driver,very-overstable,#FFFFFF,#62054C,176,21.2,1.4,1.1,17.3,1.9,5.2,28.25,10.45,,,,19-29,"Apr 3, 2019",A_name_brand,high,Scepter,Infinite Discs,"Apr 3, 2019",19-29,,21.2,1.4,1.1,17.3,1.9,5.2,176.0,,10.45,28.25,,Infinite Discs,no
859,Scorch,Discraft,Control Driver,16,11,6,-2,2,Understable,https://www.marshallstreetdiscgolf.com/?s=Scorch&post_type=product,https://s3.amazonaws.com/media.marshallstreetdiscgolf.com/inbounds/0000359.webp,scorch,discraft,hybrid-driver,understable,#FF3737,#000000,,,,,,,,,,,,,,,A_name_brand,high,Scorch  ,Discraft,"Apr 19, 2021",21-51,,21.1,1.8,1.1,16.8,2.2,5.2,175.1,,12.05,28.75,,Discraft,no
860,Scorpius,Millennium,Distance Driver,15,12,5,-1,3,Stable,https://www.marshallstreetdiscgolf.com/?s=scorpius&post_type=product,https://s3.amazonaws.com/media.marshallstreetdiscgolf.com/inbounds/3328593.webp,scorpius,millennium,distance-driver,stable,#000000,#FF0974,,,,,,,,,,,,,,,B_name_unique,medium,Scorpius,Millennium Golf Discs,"May 20, 2012",12-23,,21.1,1.7,1.2,16.3,2.4,5.7,175.1,,9.41,26.25,,Millennium Golf Discs,yes
861,Screech,Elevation Disc Golf,Approach Discs,20,4,2,0,4,Very Overstable,https://www.marshallstreetdiscgolf.com/?s=screech&post_type=product,https://s3.amazonaws.com/media.marshallstreetdiscgolf.com/inbounds/0000482.webp,screech,elevation-disc-golf,approach-discs,very-overstable,#FFFFFF,#6A431D,175.1,21.1,1.6,1.3,18.7,1.2,6.2,60.25,2.05,,,,24-178,"Sep 9, 2024",A_name_brand,high,Screech,Elevation Disc Golf,"Sep 9, 2024",24-178,,21.1,1.6,1.3,18.7,1.2,6.2,175.1,,2.05,60.25,,Elevation Disc Golf,no
862,Sea Otter,Wild Discs,Putter,19,2,3,0,2,Overstable,https://www.marshallstreetdiscgolf.com/?s=sea+otter&post_type=product,https://s3.amazonaws.com/media.marshallstreetdiscgolf.com/inbounds/0000166.webp,sea-otter,wild-discs,putter,overstable,#D267A0,#373C0D,176,21.2,1.8,1.5,19.1,1,7.1,57.75,9.77,,,,21-147,"Dec 13, 2021",A_name_brand,high,Sea Otter,Wild Discs,"Dec 13, 2021",21-147,,21.2,1.8,1.5,19.1,1.0,7.1,176.0,,9.77,57.75,,Wild Discs,no
863,Sector,Finish Line,Midrange,18,5,4,0,1,Stable,https://www.marshallstreetdiscgolf.com/?s=sector&post_type=product,https://s3.amazonaws.com/media.marshallstreetdiscgolf.com/inbounds/0000484.webp,sector,finish-line,midrange,stable,#1914FF,#FFA5F4,,,,,,,,,,,,,,,B_name_unique,medium,Sector,Finish Line Discs,"Aug 19, 2024",24-167,,21.8,1.9,1.5,19.1,1.3,6.9,180.9,,9.55,45.50,,Finish Line Discs,yes
864,Seer,Westside Discs,Fairway Driver,17,7,5,-2,1,Understable,https://www.marshallstreetdiscgolf.com/?s=Seer&post_type=product,https://s3.amazonaws.com/media.marshallstreetdiscgolf.com/inbounds/1283468.webp,seer,westside-discs,control-driver,understable,#FFFFFF,#014E13,,,,,,,,,,,,,,,B_name_unique,medium,Seer (Ennustaja1),Westside Golf Discs,"Feb 6, 2015",15-12,,21.2,1.8,1.1,17.7,1.8,5.2,176.0,,7.60,42.50,,Westside Golf Discs,yes
865,Seguin,Lone Star Discs,Distance Driver,15,13,5,0,3,Overstable,https://www.marshallstreetdiscgolf.com/?s=Seguin&post_type=product,https://s3.amazonaws.com/media.marshallstreetdiscgolf.com/inbounds/0000321.webp,seguin,lone-star-discs,distance-driver,overstable,#FFA5EA,#6B834B,,,,,,,,,,,,,,,B_name_unique,medium,Seguin,Lone Star Disc,"Dec 26, 2022",22-231,,21.1,1.6,1.1,16.6,2.3,5.2,175.1,,7.84,28.00,,Lone Star Disc,yes
866,Sensei,Discmania,Putter,19,3,3,0,1,Stable,https://www.marshallstreetdiscgolf.com/?s=sensei&post_type=product,https://s3.amazonaws.com/media.marshallstreetdiscgolf.com/inbounds/0000031.webp,sensei,discmania,putter,stable,#FFA813,#9A0C0C,,,,,,,,,,,,,,,A_name_brand,high,"Sensei (Discmania Active, originally Guardian Lion)",Discmania,"Dec 5, 2019",19-78,,21.3,2.3,1.4,19.2,1.0,6.6,176.8,,10.68,71.00,,Discmania,no
867,Sentinel,Millennium,Midrange,18,5,4,0,4,Very Overstable,https://www.marshallstreetdiscgolf.com/?s=sentinel&post_type=product,https://s3.amazonaws.com/media.marshallstreetdiscgolf.com/inbounds/2345890.webp,sentinel,millennium,midrange,very-overstable,#000000,#FF0974,,,,,,,,,,,,,,,unmatched,none,,,,,,,,,,,,,,,,,,
868,Sequoia,Above Ground Level,Distance Driver,15,12,5,-1,3,Overstable,https://www.marshallstreetdiscgolf.com/?s=sequoia&post_type=product,https://s3.amazonaws.com/media.marshallstreetdiscgolf.com/inbounds/0000533.webp,sequoia,above-ground-level,distance-driver,overstable,#CFFF30,#000000,176,21.2,1.6,1.1,16.4,2.4,5.2,27.25,9.09,,,,25-69,"Apr 28, 2025",A_name_brand,high,Sequoia,Above Ground Level,"Apr 28, 2025",25-69,,21.2,1.6,1.1,16.4,2.4,5.2,176.0,,9.09,27.25,,Above Ground Level,no
869,Sergeant,Dynamic Discs,Control Driver,16,11,4,0,2.5,Overstable,https://www.marshallstreetdiscgolf.com/?s=sergeant&post_type=product,https://s3.amazonaws.com/media.marshallstreetdiscgolf.com/inbounds/0000004.webp,sergeant,dynamic-discs,hybrid-driver,overstable,#FFFFFF,#0082F4,175.1,21.1,1.7,1.2,16.9,2.1,5.7,28.5,12.16,,,,19-80,"Dec 5, 2019",A_name_brand,high,Sergeant (retest),Dynamic Discs,"May 28, 2020",20-39,,21.2,1.5,1.2,17.0,2.1,5.7,176.0,,11.70,28.50,,Dynamic Discs,no
870,Serpent,Gateway,Putter,19,2,2,0,0,Stable,https://www.marshallstreetdiscgolf.com/?s=serpant&post_type=product,https://s3.amazonaws.com/media.marshallstreetdiscgolf.com/inbounds/7873139.webp,serpent,gateway,putter,stable,#FFFFFF,#A66A17,,,,,,,,,,,,,,,B_name_unique,medium,Serpent,Reptilian Disc Golf,"Feb 6, 2015",15-16,,21.0,2.2,1.5,19.1,1.0,7.1,174.3,,4.88,86.75,,Reptilian Disc Golf,yes
871,Servo,MVP,Fairway Driver,17,6.5,5,-1,2,Stable,https://www.marshallstreetdiscgolf.com/?s=servo&post_type=product,https://s3.amazonaws.com/media.marshallstreetdiscgolf.com/inbounds/7873140.webp,servo,mvp,control-driver,stable,#000000,#9BF2FF,,,,,,,,,,,,,,,A_name_brand,high,Servo,MVP Disc Sports,"Dec 1, 2013",13-73,,21.1,1.4,1.2,17.5,1.8,5.7,175.1,,11.45,32.00,,MVP Disc Sports,no
872,Shadowfax,Prodigy,Fairway Driver,17,9,5,-1,2.5,Stable,https://www.marshallstreetdiscgolf.com/?s=shadowfax&post_type=product,https://s3.amazonaws.com/media.marshallstreetdiscgolf.com/inbounds/0000234.webp,shadowfax,prodigy,control-driver,stable,#000000,#10A259,,,,,,,,,,,,,,,A_name_brand,high,Shadowfax,Prodigy Disc,"May 2, 2022",22-70,,21.1,1.8,1.1,17.2,2.0,5.2,175.1,,9.32,33.00,,Prodigy Disc,no
873,Shadowplay,Crosslap,Putter,19,3,3,-2,0.5,Understable,https://www.marshallstreetdiscgolf.com/?s=Shadowplay&post_type=product,https://s3.amazonaws.com/media.marshallstreetdiscgolf.com/inbounds/0000111.webp,shadowplay,crosslap,putter,understable,#FF190C,#88BE47,,,,,,,,,,,,,,,B_name_unique,medium,Shadowplay,Crosslap Disc Golf Parks,"Feb 22, 2021",21-17,,21.1,2.0,1.4,18.9,1.1,6.6,175.1,,4.66,53.00,,Crosslap Disc Golf Parks,yes
874,Shaman,Gateway,Putter,19,3,3,-1,1,Understable,https://www.marshallstreetdiscgolf.com/?s=Shaman&post_type=product,https://s3.amazonaws.com/media.marshallstreetdiscgolf.com/inbounds/3445756.webp,shaman,gateway,putter,understable,#FFFFFF,#A66A17,,,,,,,,,,,,,,,A_name_brand,high,Shaman,Gateway Disc Sports,"Jun 9, 2014",14-53,,21.2,1.8,1.3,19.2,1.0,6.1,176.0,,8.39,65.75,,Gateway Disc Sports,no
875,Shark,Innova,Midrange,18,4,4,0,2,Stable,https://www.marshallstreetdiscgolf.com/?s=shark&post_type=product,https://s3.amazonaws.com/media.marshallstreetdiscgolf.com/inbounds/3445755.webp,shark,innova,midrange,stable,#2A290E,#F3EB09,,,,,,,,,,,,,,,A_name_brand,high,Shark,Innova Champion Discs,"Jan 1, 1989",89-06,,21.7,2.1,1.3,19.3,1.2,6.0,180.1,,11.32,39.50,,Innova Champion Discs,no
876,Shark3,Innova,Midrange,18,5,4,0,2,Stable,https://www.marshallstreetdiscgolf.com/?s=Shark3&post_type=product,https://s3.amazonaws.com/media.marshallstreetdiscgolf.com/inbounds/3345755.webp,shark3,innova,midrange,stable,#2A290E,#F3EB09,,,,,,,,,,,,,,,unmatched,none,,,,,,,,,,,,,,,,,,
877,Sheriff,Dynamic Discs,Distance Driver,15,13,5,-1,2,Stable,https://www.marshallstreetdiscgolf.com/?s=sheriff&post_type=product,https://s3.amazonaws.com/media.marshallstreetdiscgolf.com/inbounds/4312230.webp,sheriff,dynamic-discs,distance-driver,stable,#FFFFFF,#0082F4,175.1,21.1,1.6,1.1,16.3,2.4,5.2,30.25,11.79,,,,16-84,"Dec 29, 2016",A_name_brand,high,Sheriff,Dynamic Discs,"Dec 29, 2016",16-84,,21.1,1.6,1.1,16.3,2.4,5.2,175.1,,11.79,30.25,,Dynamic Discs,no
878,Shield,Westside Discs,Putter,19,3,3,0,1,Stable,https://www.marshallstreetdiscgolf.com/?s=shield&post_type=product,https://s3.amazonaws.com/media.marshallstreetdiscgolf.com/inbounds/4321231.webp,shield,westside-discs,putter,stable,#FFFFFF,#014E13,,,,,,,,,,,,,,,B_name_unique,medium,Shield (Kilpi1),Westside Golf Discs,"Mar 24, 2014",14-26,,21.1,2.5,1.4,19.0,1.0,6.6,175.1,,5.33,67.00,,Westside Golf Discs,yes
879,Shift,Streamline,Control Driver,16,9,5,-3,1,Understable,https://www.marshallstreetdiscgolf.com/?s=shift&post_type=product,https://s3.amazonaws.com/media.marshallstreetdiscgolf.com/inbounds/0000470.webp,shift,streamline,hybrid-driver,understable,#012219,#ACFFBA,,,,,,,,,,,,,,,A_name_brand,high,Shift,Streamline Discs,"Jun 19, 2023",23-166,,21.2,1.5,1.1,17.1,2.1,5.2,176.0,,7.61,32.75,,Streamline Discs,no
880,Shockwave,DGA,Midrange,18,4,2,0,3,Very Overstable,https://www.marshallstreetdiscgolf.com/product-category/manufacturers/dga,https://s3.amazonaws.com/media.marshallstreetdiscgolf.com/inbounds/8083168.webp,shockwave,dga,midrange,very-overstable,#2876FF,#272727,,,,,,,,,,,,,,,B_name_unique,medium,Shockwave,Disc Golf Association,"Oct 29, 2007",07-47,,21.5,2.2,1.3,18.9,1.3,6.0,178.5,,7.60,47.75,,Disc Golf Association,yes
881,Shogun,Discmania,Putter,19,2,4,0,2,Overstable,https://www.marshallstreetdiscgolf.com/?s=shogun&post_type=product,https://s3.amazonaws.com/media.marshallstreetdiscgolf.com/inbounds/0000089.webp,shogun,discmania,putter,overstable,#FFA813,#9A0C0C,176,21.2,2.4,1.5,19.2,1,7.1,74,7.84,,,,21-26,"Feb 22, 2021",A_name_brand,high,Shogun,Discmania,"Feb 22, 2021",21-26,,21.2,2.4,1.5,19.2,1.0,7.1,176.0,,7.84,74.00,,Discmania,no
882,Shryke,Innova,Distance Driver,15,13,6,-2,2,Stable,https://www.marshallstreetdiscgolf.com/?s=shryke&post_type=product,https://s3.amazonaws.com/media.marshallstreetdiscgolf.com/inbounds/8018368.webp,shryke,innova,distance-driver,stable,#2A290E,#F3EB09,,,,,,,,,,,,,,,A_name_brand,high,Shryke,Innova Champion Discs,"Nov 14, 2016",16-71,,21.1,1.7,1.2,16.4,2.3,5.7,175.1,,10.32,26.00,,Innova Champion Discs,no
883,Shu,Yikun,Midrange,18,4,5,-2,1,Understable,https://www.marshallstreetdiscgolf.com/?s=Shu&post_type=product,https://s3.amazonaws.com/media.marshallstreetdiscgolf.com/inbounds/0000095.webp,shu,yikun,midrange,understable,#006A6E,#FF6F8C,,,,,,,,,,,,,,,B_name_unique,medium,"Shu (耳鼠, Er Shu)",Yikun Discs,"Sep 8, 2020",20-71,,21.8,1.8,1.1,19.1,1.3,5.0,180.9,,6.59,36.75,,Yikun Discs,yes
884,Sidewinder,Innova,Fairway Driver,17,9,5,-3,1,Understable,https://www.marshallstreetdiscgolf.com/?s=sidewinder&post_type=product,https://s3.amazonaws.com/media.marshallstreetdiscgolf.com/inbounds/8480489.webp,sidewinder,innova,control-driver,understable,#2A290E,#F3EB09,,,,,,,,,,,,,,,A_name_brand,high,Sidewinder,Innova Champion Discs,"Nov 24, 2004",04-13,,21.1,1.4,1.2,17.5,1.8,5.7,175.1,,10.43,28.00,,Innova Champion Discs,no
885,Signal,MVP,Fairway Driver,17,6,5,-3,1,Very Understable,https://www.marshallstreetdiscgolf.com/?s=signal&post_type=product,https://s3.amazonaws.com/media.marshallstreetdiscgolf.com/inbounds/3635192.webp,signal,mvp,control-driver,very-understable,#000000,#9BF2FF,,,,,,,,,,,,,,,A_name_brand,high,Signal,MVP Disc Sports,"Feb 2, 2016",16-08,,21.1,1.5,1.2,17.7,1.7,5.7,175.1,,11.11,35.50,,MVP Disc Sports,no
886,Silicon,Løft Discs,Midrange,18,5,4,0,3,Overstable,https://www.marshallstreetdiscgolf.com/?s=Silicon&post_type=product,https://s3.amazonaws.com/media.marshallstreetdiscgolf.com/inbounds/0000236.webp,silicon,løft-discs,midrange,overstable,#000000,#9B90FF,179.3,21.6,1.8,1.4,18.9,1.3,6.5,45,10,,,,22-90,"May 16, 2022",A_name_brand,high,Silicon,Løft Discs,"May 16, 2022",22-90,,21.6,1.8,1.4,18.9,1.3,6.5,179.3,,10.00,45.00,,Løft Discs,no
887,Sinus,Latitude 64,Putter,19,2,2,0,2,Overstable,https://www.marshallstreetdiscgolf.com/?s=sinus&post_type=product,https://s3.amazonaws.com/media.marshallstreetdiscgolf.com/inbounds/3365192.webp,sinus,latitude-64,putter,overstable,#FFFFFF,#F40909,,,,,,,,,,,,,,,A_name_brand,high,Sinus (New),Latitude 64,"Jun 3, 2024",24-115,,21.2,1.9,1.4,19.0,1.1,6.6,176.0,,7.39,54.25,,Latitude 64,no
888,Skeeter,Innova,Midrange,18,5,5,-1,1,Stable,https://www.marshallstreetdiscgolf.com/?s=skeeter&post_type=product,https://s3.amazonaws.com/media.marshallstreetdiscgolf.com/inbounds/2157137.webp,skeeter,innova,midrange,stable,#2A290E,#F3EB09,,,,,,,,,,,,,,,A_name_brand,high,Skeeter,Innova Champion Discs,"Jul 8, 2006",06-28,,21.2,1.9,1.3,18.7,1.3,6.1,176.0,,9.07,43.25,,Innova Champion Discs,no
889,Skyway,Climo Disc Golf,Distance Driver,15,11,5,-1,3,Overstable,https://www.marshallstreetdiscgolf.com/?s=skyway&post_type=product,https://s3.amazonaws.com/media.marshallstreetdiscgolf.com/inbounds/0000494.webp,skyway,climo-disc-golf,distance-driver,overstable,#FFFFFF,#071139,175.1,21.1,1.7,1.2,16.8,2.1,5.7,29.5,11.82,,,,25-10,"Jan 20, 2025",A_name_brand,high,Skyway,Climo Disc Golf,"Jan 20, 2025",25-10,,21.1,1.7,1.2,16.8,2.1,5.7,175.1,,11.82,29.50,,Climo Disc Golf,no
890,Slab,Infinite Discs,Distance Driver,15,12,3,0,4,Very Overstable,https://www.marshallstreetdiscgolf.com/?s=slab&post_type=product,https://s3.amazonaws.com/media.marshallstreetdiscgolf.com/inbounds/4677571.webp,slab,infinite-discs,distance-driver,very-overstable,#FFFFFF,#62054C,176,21.2,1.6,1.2,16.6,2.3,5.7,29,9.3,,,,18-52,"Jun 21, 2018",A_name_brand,high,Slab,Infinite Discs,"Jun 21, 2018",18-52,,21.2,1.6,1.2,16.6,2.3,5.7,176.0,,9.30,29.00,,Infinite Discs,no
891,Slaidi,Prodiscus,Distance Driver,15,11,3,0,3,Overstable,https://www.marshallstreetdiscgolf.com/?s=slaidi&post_type=product,https://s3.amazonaws.com/media.marshallstreetdiscgolf.com/inbounds/4655571.webp,slaidi,prodiscus,distance-driver,overstable,#32E65C,#5435A9,175.1,21.1,2,1.2,16.8,2.2,5.7,30.5,7.71,,,,12-35,"Sep 12, 2012",A_name_brand,high,Slaidi,Prodiscus,"Sep 12, 2012",12-35,,21.1,2.0,1.2,16.8,2.2,5.7,175.1,,7.71,30.50,,Prodiscus,no
892,Slammer,Dynamic Discs,Putter,19,3,2,0,3,Very Overstable,https://www.marshallstreetdiscgolf.com/?s=slammer&post_type=product,https://s3.amazonaws.com/media.marshallstreetdiscgolf.com/inbounds/9662111.webp,slammer,dynamic-discs,putter,very-overstable,#FFFFFF,#0082F4,176,21.2,1.8,1.4,19.2,1,6.6,53.5,8.39,,,,17-12,"Jan 28, 2017",A_name_brand,high,Slammer,Dynamic Discs,"Jan 28, 2017",17-12,,21.2,1.8,1.4,19.2,1.0,6.6,176.0,,8.39,53.50,,Dynamic Discs,no
893,Slayer,Gateway,Distance Driver,15,13,5,-1,2,Overstable,https://www.marshallstreetdiscgolf.com/?s=slayer&post_type=product,https://s3.amazonaws.com/media.marshallstreetdiscgolf.com/inbounds/9862111.webp,slayer,gateway,distance-driver,overstable,#FFFFFF,#A66A17,,,,,,,,,,,,,,,A_name_brand,high,Slayer,Gateway Disc Sports,"Jun 23, 2011",11-18,,21.0,1.7,1.2,16.4,2.3,5.7,174.3,,9.75,30.00,,Gateway Disc Sports,no
894,Sled,Discraft,Approach Discs,20,3,2,-1,2,Stable,,,sled,discraft,approach-discs,stable,#FF3737,#000000,,,,,,,,,,,,,,,A_name_brand,high,Sled (DIS-0126-P),Discraft,"Jan 19, 2026",26-6,,21.6,1.7,1.3,19.3,1.2,6.0,179.3,,7.39,59.00,,Discraft,no
895,Sling,Westside Discs,Midrange,18,5,5,0,1,Stable,https://www.marshallstreetdiscgolf.com/?s=sling&post_type=product,https://s3.amazonaws.com/media.marshallstreetdiscgolf.com/inbounds/3777619.webp,sling,westside-discs,midrange,stable,#FFFFFF,#014E13,,,,,,,,,,,,,,,B_name_unique,medium,Sling (Linko1),Westside Golf Discs,"Feb 25, 2016",16-20,,21.8,1.8,1.2,19.3,1.3,5.5,180.9,,8.39,41.00,,Westside Golf Discs,yes
896,Sockibomb Felon,Dynamic Discs,Fairway Driver,17,9,4,0.5,4,Very Overstable,https://www.marshallstreetdiscgolf.com/?s=sockibomb+felon&post_type=product,https://s3.amazonaws.com/media.marshallstreetdiscgolf.com/inbounds/0000313.webp,sockibomb-felon,dynamic-discs,control-driver,very-overstable,#FFFFFF,#0082F4,176,21.2,1.6,1.1,17.1,2,5.2,31.5,11.93,,,,23-18,"Jan 23, 2023",A_name_brand,high,Sockibomb Felon,Dynamic Discs,"Jan 23, 2023",23-18,,21.2,1.6,1.1,17.1,2.0,5.2,176.0,,11.93,31.50,,Dynamic Discs,no
897,Sockibomb Slammer,Dynamic Discs,Approach Discs,20,3,1,0.5,4,Very Overstable,https://www.marshallstreetdiscgolf.com/?s=Sockibomb+Slammer&post_type=product,https://s3.amazonaws.com/media.marshallstreetdiscgolf.com/inbounds/0000240.webp,sockibomb-slammer,dynamic-discs,approach-discs,very-overstable,#FFFFFF,#0082F4,175.1,21.1,1.9,1.5,18.8,1.2,7.1,59,9.89,,,,22-45,"Apr 4, 2022",A_name_brand,high,Sockibomb Slammer,Dynamic Discs,"Apr 4, 2022",22-45,,21.1,1.9,1.5,18.8,1.2,7.1,175.1,,9.89,59.00,,Dynamic Discs,no
898,Soda,Clash Discs,Fairway Driver,17,7,5,-2,2,Understable,https://www.marshallstreetdiscgolf.com/?s=Soda&post_type=product,https://s3.amazonaws.com/media.marshallstreetdiscgolf.com/inbounds/0000212.webp,soda,clash-discs,control-driver,understable,#FF93E9,#2516FF,177.6,21.4,2,1.2,17.8,1.8,5.6,31.5,12.05,,,,22-61,"Apr 25, 2022",A_name_brand,high,Soda (Tone variant),Clash Discs,"Apr 5, 2024",24-65,,21.4,1.9,1.2,17.8,1.8,5.6,177.6,,10.23,33.25,,Clash Discs,no
899,Sol,Discraft,Midrange,18,4,5,-3,0,Understable,https://www.marshallstreetdiscgolf.com/product/z-sol-1st-run,https://s3.amazonaws.com/media.marshallstreetdiscgolf.com/inbounds/0000010.webp,sol,discraft,midrange,understable,#FF3737,#000000,,,,,,,,,,,,,,,A_name_brand,high,SoL (Ace Race 2018),Discraft,"Nov 23, 2018",18-78,,21.1,1.7,1.3,18.9,1.1,6.2,175.1,,8.73,51.25,,Discraft,no
900,Solace,Vibram,Distance Driver,15,13,4,0,4,Very Overstable,https://www.marshallstreetdiscgolf.com/?s=solace&post_type=product,https://s3.amazonaws.com/media.marshallstreetdiscgolf.com/inbounds/2210014.webp,solace,vibram,distance-driver,very-overstable,#FFDC2D,#9A7D2C,,,,,,,,,,,,,,,B_name_unique,medium,Solace,Vibram Disc Golf,"Aug 5, 2014",14-62,,21.1,1.7,1.1,16.2,2.4,5.2,175.1,,9.30,27.00,,Vibram Disc Golf,yes
901,Solar Death Ray,Doomsday Discs,Fairway Driver,17,8,5,-1,1,Stable,https://www.marshallstreetdiscgolf.com/?s=solar+death+ray&post_type=product,https://s3.amazonaws.com/media.marshallstreetdiscgolf.com/inbounds/0000516.webp,solar-death-ray,doomsday-discs,control-driver,stable,#B6FF8B,#144E48,174.3,21,1.7,1.3,17.2,1.9,6.2,28.75,6.25,,,,23-275,"Dec 26, 2023",A_name_brand,high,Solar Death Ray,Doomsday Discs,"Dec 26, 2023",23-275,,21.0,1.7,1.3,17.2,1.9,6.2,174.3,,6.25,28.75,,Doomsday Discs,no
902,Sole,Vibram,Putter,19,2,3,0,2,Overstable,https://www.marshallstreetdiscgolf.com/?s=sole&post_type=product,https://s3.amazonaws.com/media.marshallstreetdiscgolf.com/inbounds/7247416.webp,sole,vibram,putter,overstable,#FFDC2D,#9A7D2C,,,,,,,,,,,,,,,B_name_unique,medium,Sole,Vibram Disc Golf,"Jun 24, 2011",11-29,,21.2,2.3,1.5,19.2,1.0,7.1,176.0,,5.10,58.75,,Vibram Disc Golf,yes
903,Solstice,Millennium,Midrange,18,5,4,0,3,Overstable,https://www.marshallstreetdiscgolf.com/?s=solstice&post_type=product,https://s3.amazonaws.com/media.marshallstreetdiscgolf.com/inbounds/0000168.webp,solstice,millennium,midrange,overstable,#000000,#FF0974,,,,,,,,,,,,,,,B_name_unique,medium,Solstice,Millennium Golf Discs,"Jan 31, 2022",22-20,,21.8,1.7,1.3,18.9,1.4,6.0,180.9,,8.75,55.75,,Millennium Golf Discs,yes
904,Sonar,DGA,Putter,19,3,4,0,2,Stable,https://www.marshallstreetdiscgolf.com/?s=sonar&post_type=product,https://s3.amazonaws.com/media.marshallstreetdiscgolf.com/inbounds/0000453.webp,sonar,dga,putter,stable,#2876FF,#272727,,,,,,,,,,,,,,,B_name_unique,medium,Sonar,Disc Golf Association,"Apr 1, 2024",24-54,,21.1,1.9,1.4,19.1,1.0,6.6,175.1,,12.05,62.25,,Disc Golf Association,yes
905,Sonic,Innova,Putter,19,1,2,-4,0,Very Understable,https://www.marshallstreetdiscgolf.com/?s=sonic&post_type=product,https://s3.amazonaws.com/media.marshallstreetdiscgolf.com/inbounds/6960216.webp,sonic,innova,putter,very-understable,#2A290E,#F3EB09,,,,,,,,,,,,,,,A_name_brand,high,Sonic,Innova Champion Discs,"Sep 19, 2007",07-43,Vintage Class,21.6,2.3,1.6,20.4,0.6,7.4,179.3,144.7,3.97,82.00,,Innova Champion Discs,no
906,Sorcerer,Westside Discs,Distance Driver,15,13,5,-0.5,3,Understable,https://www.marshallstreetdiscgolf.com/?s=sorcerer&post_type=product,https://s3.amazonaws.com/media.marshallstreetdiscgolf.com/inbounds/1110112.webp,sorcerer,westside-discs,distance-driver,understable,#FFFFFF,#014E13,,,,,,,,,,,,,,,B_name_unique,medium,Sorcerer (Tietäjä1),Westside Golf Discs,"Oct 28, 2013",13-69,,21.2,1.6,1.1,16.7,2.3,5.2,176.0,,9.64,32.25,,Westside Golf Discs,yes
907,Spark,Latitude 64,Fairway Driver,17,7,4,-0.5,3,Overstable,https://www.marshallstreetdiscgolf.com/?s=SPARK&post_type=product,https://s3.amazonaws.com/media.marshallstreetdiscgolf.com/inbounds/1247642.webp,spark,latitude-64,control-driver,overstable,#FFFFFF,#F40909,176,21.2,1.5,1.1,17.4,1.9,5.2,34,9.3,,,,15-49,"Apr 29, 2015",A_name_brand,high,Spark,Latitude 64,"Apr 29, 2015",15-49,,21.2,1.5,1.1,17.4,1.9,5.2,176.0,,9.30,34.00,,Latitude 64,no
908,Sparta,Prodiscus,Putter,19,3,3,0,0.5,Stable,https://www.marshallstreetdiscgolf.com/?s=Sparta&post_type=product,https://s3.amazonaws.com/media.marshallstreetdiscgolf.com/inbounds/1247643.webp,sparta,prodiscus,putter,stable,#32E65C,#5435A9,176.8,21.3,2,1.6,19.2,1,7.5,59.75,5.78,,,,14-82,"Oct 21, 2014",A_name_brand,high,Sparta,Prodiscus,"Oct 21, 2014",14-82,,21.3,2.0,1.6,19.2,1.0,7.5,176.8,,5.78,59.75,,Prodiscus,no
909,Spear,Gateway,Fairway Driver,17,9,6,-2,1,Stable,https://www.marshallstreetdiscgolf.com/?s=Spear&post_type=product,https://s3.amazonaws.com/media.marshallstreetdiscgolf.com/inbounds/0000069.webp,spear,gateway,control-driver,stable,#FFFFFF,#A66A17,,,,,,,,,,,,,,,A_name_brand,high,Spear,Gateway Disc Sports,"Feb 13, 2019",19-12,,21.2,1.4,1.1,17.3,2.0,5.2,176.0,,11.93,31.25,,Gateway Disc Sports,no
910,Speed Demon,Gateway,Distance Driver,15,12,5,-0.5,3,Overstable,https://www.marshallstreetdiscgolf.com/?s=speed+demon&post_type=product,https://s3.amazonaws.com/media.marshallstreetdiscgolf.com/inbounds/3967096.webp,speed-demon,gateway,distance-driver,overstable,#FFFFFF,#A66A17,,,,,,,,,,,,,,,A_name_brand,high,Speed Demon,Gateway Disc Sports,"Jan 11, 2003",03-01,,21.4,1.8,1.1,17.0,2.2,5.1,177.6,,10.89,27.00,,Gateway Disc Sports,no
911,Spell,Gateway,Distance Driver,15,12,5,0,3,Overstable,https://www.marshallstreetdiscgolf.com/?s=G-One&post_type=product,https://s3.amazonaws.com/media.marshallstreetdiscgolf.com/inbounds/0000345.webp,spell,gateway,distance-driver,overstable,#FFFFFF,#A66A17,,,,,,,,,,,,,,,A_name_brand,high,Spell,Gateway Disc Sports,"May 22, 2023",23-150,,21.1,1.7,1.1,16.6,2.2,5.2,175.1,,9.43,27.75,,Gateway Disc Sports,no
912,Sphinx,Infinite Discs,Fairway Driver,17,9,6,-3,1,Understable,https://www.marshallstreetdiscgolf.com/?s=sphinx&post_type=product,https://s3.amazonaws.com/media.marshallstreetdiscgolf.com/inbounds/3531799.webp,sphinx,infinite-discs,control-driver,understable,#FFFFFF,#62054C,175.1,21.1,1.6,1.1,17.3,1.9,5.2,30.75,11.79,,,,18-30,"Mar 29, 2018",A_name_brand,high,Sphinx,Infinite Discs,"Mar 29, 2018",18-30,,21.1,1.6,1.1,17.3,1.9,5.2,175.1,,11.79,30.75,,Infinite Discs,no
913,Spice,Clash Discs,Control Driver,16,10,4,0,4,Overstable,https://www.marshallstreetdiscgolf.com/?s=Spice&post_type=product,https://s3.amazonaws.com/media.marshallstreetdiscgolf.com/inbounds/0000318.webp,spice,clash-discs,hybrid-driver,overstable,#FF93E9,#2516FF,175.1,21.1,2,1.2,17.2,2,5.7,31.5,11.82,,,,22-198,"Nov 21, 2022",A_name_brand,high,Spice,Clash Discs,"Nov 21, 2022",22-198,,21.1,2.0,1.2,17.2,2.0,5.7,175.1,,11.82,31.50,,Clash Discs,no
914,Spin,MVP,Putter,19,2.5,4,-2,0,Very Understable,https://www.marshallstreetdiscgolf.com/?s=Spin&post_type=product,https://s3.amazonaws.com/media.marshallstreetdiscgolf.com/inbounds/1060408.webp,spin,mvp,putter,very-understable,#000000,#9BF2FF,,,,,,,,,,,,,,,A_name_brand,high,Spin,MVP Disc Sports,"Jan 20, 2016",16-06,,21.0,1.9,1.5,18.8,1.1,7.1,174.3,,7.37,60.75,,MVP Disc Sports,no
915,Spinosaurus,Dino Discs,Distance Driver,15,12,5,0,2,Overstable,https://www.marshallstreetdiscgolf.com/?s=Spinosaurus&post_type=product,https://s3.amazonaws.com/media.marshallstreetdiscgolf.com/inbounds/0000529.webp,spinosaurus,dino-discs,distance-driver,overstable,#740A0A,#FF6FCF,,,,,,,,,,,,,,,unmatched,none,,,,,,,,,,,,,,,,,,
916,Spirit,Gateway,Distance Driver,15,12,4,0,4,Very Overstable,https://www.marshallstreetdiscgolf.com/?cat_ids%5B%5D=232&post_type=product&s=spirit&variation_toggle=1,https://s3.amazonaws.com/media.marshallstreetdiscgolf.com/inbounds/1070408.webp,spirit,gateway,distance-driver,very-overstable,#FFFFFF,#A66A17,,,,,,,,,,,,,,,A_name_brand,high,Spirit,Gateway Disc Sports,"Jan 25, 2004",04-02,,21.2,1.8,1.1,17.0,2.1,5.2,176.0,,12.25,26.00,,Gateway Disc Sports,no
917,Splash,Neptune Discs,Putter,19,3,3,0,1,Stable,https://www.marshallstreetdiscgolf.com/?s=Splash&post_type=product,https://s3.amazonaws.com/media.marshallstreetdiscgolf.com/inbounds/0000405.webp,splash,neptune-discs,putter,stable,#1F73E1,#F1CE42,,,,,,,,,,,,,,,A_name_brand,high,Splash,Neptune Discs ,"Apr 10, 2023",23-113,,21.2,2.1,1.4,19.1,1.1,6.6,176.0,,6.59,64.25,,Neptune Discs ,no
918,Splice,Discmania,Fairway Driver,17,9,3,0,4,Very Overstable,https://www.marshallstreetdiscgolf.com/?s=Splice&post_type=product,https://s3.amazonaws.com/media.marshallstreetdiscgolf.com/inbounds/0000162.webp,splice,discmania,control-driver,very-overstable,#FFA813,#9A0C0C,176,21.2,1.5,1.1,17.3,1.9,5.2,32.5,11.36,,,,21-34,"Mar 22, 2021",A_name_brand,high,Splice,Discmania,"Mar 22, 2021",21-34,,21.2,1.5,1.1,17.3,1.9,5.2,176.0,,11.36,32.50,,Discmania,no
919,Spore,Discmania,Putter,19,1,7,0,1,Stable,https://www.marshallstreetdiscgolf.com/?s=spore&post_type=product,https://s3.amazonaws.com/media.marshallstreetdiscgolf.com/inbounds/0000415.webp,spore,discmania,putter,stable,#FFA813,#9A0C0C,176,21.2,2.3,1.6,19.4,0.9,7.5,70.5,5.11,,,,24-12,"Feb 5, 2024",A_name_brand,high,Spore,Discmania,"Feb 5, 2024",24-12,,21.2,2.3,1.6,19.4,0.9,7.5,176.0,,5.11,70.50,,Discmania,no
920,Spruce,Above Ground Level,Midrange,18,5,4,-1,2,Understable,https://www.marshallstreetdiscgolf.com/?s=spruce&post_type=product,https://s3.amazonaws.com/media.marshallstreetdiscgolf.com/inbounds/0000172.webp,spruce,above-ground-level,midrange,understable,#CFFF30,#000000,182.6,22,1.7,1.2,19.1,1.5,5.5,52.75,9.77,,,,22-17,"Jan 31, 2022",A_name_brand,high,Spruce,Above Ground Level,"Jan 31, 2022",22-17,,22.0,1.7,1.2,19.1,1.5,5.5,182.6,,9.77,52.75,,Above Ground Level,no
921,Spur,Lone Star Discs,Fairway Driver,17,9,4,0,3,Overstable,https://www.marshallstreetdiscgolf.com/?s=Spur&post_type=product,https://s3.amazonaws.com/media.marshallstreetdiscgolf.com/inbounds/0000427.webp,spur,lone-star-discs,control-driver,overstable,#FFA5EA,#6B834B,,,,,,,,,,,,,,,B_name_unique,medium,Spur,Lone Star Disc,"Nov 13, 2023",23-258,,21.2,1.5,1.1,17.2,2.0,5.2,176.0,,9.32,31.25,,Lone Star Disc,yes
922,Squall,DGA,Midrange,18,6,4,-1,1,Understable,https://www.marshallstreetdiscgolf.com/?s=squall&post_type=product,https://s3.amazonaws.com/media.marshallstreetdiscgolf.com/inbounds/0011016.webp,squall,dga,midrange,understable,#2876FF,#272727,,,,,,,,,,,,,,,B_name_unique,medium,Squall,Discraft,"Jul 10, 2003",03-12,,21.5,1.8,1.3,18.6,1.3,6.0,178.5,,9.07,34.50,,Discraft,yes
923,Squid,Neptune Discs,Distance Driver,15,11,5,-1,2,Stable,https://www.marshallstreetdiscgolf.com/?s=squid&post_type=product,https://s3.amazonaws.com/media.marshallstreetdiscgolf.com/inbounds/0000451.webp,squid,neptune-discs,distance-driver,stable,#1F73E1,#F1CE42,,,,,,,,,,,,,,,A_name_brand,high,Squid,Neptune Discs ,"Jul 18, 2022",22-127,,21.2,2.0,1.1,17.5,1.9,5.2,176.0,,8.75,27.75,,Neptune Discs ,no
924,Stabilizer,Streamline,Putter,19,3,3.5,0,3,Overstable,https://www.marshallstreetdiscgolf.com/?s=stabilizer&post_type=product,https://s3.amazonaws.com/media.marshallstreetdiscgolf.com/inbounds/1010111.webp,stabilizer,streamline,putter,overstable,#012219,#ACFFBA,,,,,,,,,,,,,,,A_name_brand,high,Stabilizer,Streamline Discs,"May 7, 2019",19-43,,21.2,1.8,1.4,18.8,1.1,6.6,176.0,,8.75,56.25,,Streamline Discs,no
925,Stag,Westside Discs,Fairway Driver,17,8,6,-1,2,Overstable,https://www.marshallstreetdiscgolf.com/?s=stag&post_type=product,https://s3.amazonaws.com/media.marshallstreetdiscgolf.com/inbounds/3217900.webp,stag,westside-discs,control-driver,overstable,#FFFFFF,#014E13,,,,,,,,,,,,,,,B_name_unique,medium,Stag (Hiiden Hirvi1),Westside Golf Discs,"Oct 30, 2012",12-40,,21.2,1.8,1.2,17.4,1.9,5.7,176.0,,9.30,29.25,,Westside Golf Discs,yes
926,Stal,Kastaplast,Fairway Driver,17,9,4,0,3,Overstable,https://www.marshallstreetdiscgolf.com/?s=stal&post_type=product,https://s3.amazonaws.com/media.marshallstreetdiscgolf.com/inbounds/3217999.webp,stal,kastaplast,control-driver,overstable,#000000,#21F1B9,,,,,,,,,,,,,,,A_name_brand,high,Stål,Kastaplast,"Dec 11, 2017",17-126,,21.1,1.8,1.1,17.3,1.9,5.2,175.1,,11.00,30.50,,Kastaplast,no
927,Stalker,Discraft,Fairway Driver,17,7,5,-1,2,Overstable,https://www.marshallstreetdiscgolf.com/?s=stalker&post_type=product,https://s3.amazonaws.com/media.marshallstreetdiscgolf.com/inbounds/8269708.webp,stalker,discraft,control-driver,overstable,#FF3737,#000000,179.3,21.6,1.6,1.2,18.4,1.6,5.6,32.5,8.51,,,,09-17,"Jun 17, 2009",A_name_brand,high,Stalker,Discraft,"Jun 17, 2009",09-17,,21.6,1.6,1.2,18.4,1.6,5.6,179.3,,8.51,32.50,,Discraft,no
928,Starfire,Innova,Control Driver,16,10,4,0,3,Overstable,https://www.marshallstreetdiscgolf.com/?s=starfire&post_type=product,https://s3.amazonaws.com/media.marshallstreetdiscgolf.com/inbounds/9896321.webp,starfire,innova,hybrid-driver,overstable,#2A290E,#F3EB09,,,,,,,,,,,,,,,A_name_brand,high,Starfire,Innova Champion Discs,"May 8, 2003",03-09,,21.2,1.4,1.1,17.2,2.0,5.2,176.0,,7.71,29.00,,Innova Champion Discs,no
929,Starfire L,Innova,Control Driver,16,10,5,-1,2,Stable,https://www.marshallstreetdiscgolf.com/product/pro-starfire,https://s3.amazonaws.com/media.marshallstreetdiscgolf.com/inbounds/5841029.webp,starfire-l,innova,hybrid-driver,stable,#2A290E,#F3EB09,,,,,,,,,,,,,,,A_name_brand,high,Starfire L (SL),Innova Champion Discs,"Jun 21, 2007",07-35,,21.1,1.7,1.1,17.1,2.0,5.2,175.1,,9.41,29.00,,Innova Champion Discs,no
930,Stari,Prodiscus,Midrange,18,4,4,-2,0,Understable,https://www.marshallstreetdiscgolf.com/?s=stari&post_type=product,https://s3.amazonaws.com/media.marshallstreetdiscgolf.com/inbounds/0841029.webp,stari,prodiscus,midrange,understable,#32E65C,#5435A9,,,,,,,,,,,,,,,A_name_brand,high,STARi,Prodiscus,"Sep 23, 2016",16-68,,21.6,1.9,1.4,18.9,1.3,6.5,179.3,,7.03,45.00,,Prodiscus,no
931,Starship,Sacred Discs,Distance Driver,15,13,6,-1,2,Stable,https://www.marshallstreetdiscgolf.com/?s=Starship&post_type=product,https://s3.amazonaws.com/media.marshallstreetdiscgolf.com/inbounds/0000361.webp,starship,sacred-discs,distance-driver,stable,#0E1774,#B4CDFF,174.3,21,1.7,1.1,16.4,2.3,5.2,27.25,7.73,,,,23-185,"Jul 17, 2023",A_name_brand,high,Starship,Sacred Discs,"Jul 17, 2023",23-185,,21.0,1.7,1.1,16.4,2.3,5.2,174.3,,7.73,27.25,,Sacred Discs,no
932,Steady,DGA,Putter,19,2,3,0,2,Overstable,https://www.marshallstreetdiscgolf.com/?s=stone+steady&post_type=product,https://s3.amazonaws.com/media.marshallstreetdiscgolf.com/inbounds/0322776.webp,steady,dga,putter,overstable,#2876FF,#272727,,,,,,,,,,,,,,,B_name_unique,medium,Steady,Disc Golf Association,"Feb 6, 2015",15-18,,21.2,2.0,1.4,19.3,1.0,6.6,176.0,,6.92,56.00,,Disc Golf Association,yes
933,Steady BL,DGA,Putter,19,2,3,0,2,Overstable,https://www.marshallstreetdiscgolf.com/?s=stone+steady&post_type=product,https://s3.amazonaws.com/media.marshallstreetdiscgolf.com/inbounds/0322776.webp,steady-bl,dga,putter,overstable,#2876FF,#272727,,,,,,,,,,,,,,,unmatched,none,,,,,,,,,,,,,,,,,,
934,Stego,Other,Approach Discs,20,4,0,1,4,Very Overstable,https://www.marshallstreetdiscgolf.com/?s=Stego&post_type=product,https://s3.amazonaws.com/media.marshallstreetdiscgolf.com/inbounds/0322775.webp,stego,other,approach-discs,very-overstable,#000000,#E5FFAA,,,,,,,,,,,,,,,B_name_unique,medium,Stego,Reptilian Disc Golf,"Apr 6, 2016",16-29,,21.3,1.8,1.2,19.3,1.0,5.6,176.8,,9.19,74.00,,Reptilian Disc Golf,yes
935,Stegosaurus,Dino Discs,Approach Discs,20,4,5,-4,2,Very Understable,https://www.marshallstreetdiscgolf.com/?s=stegosaurus&post_type=product,https://s3.amazonaws.com/media.marshallstreetdiscgolf.com/inbounds/0000525.webp,stegosaurus,dino-discs,approach-discs,very-understable,#740A0A,#FF6FCF,,,,,,,,,,,,,,,unmatched,none,,,,,,,,,,,,,,,,,,
936,Stig,Kastaplast,Midrange,18,6,5,-2,1,Understable,https://www.marshallstreetdiscgolf.com/?s=Stig&post_type=product,https://s3.amazonaws.com/media.marshallstreetdiscgolf.com/inbounds/0000328.webp,stig,kastaplast,midrange,understable,#000000,#21F1B9,175.1,21.1,1.9,1.2,18,1.6,5.7,39,7.5,,,,23-62,"Feb 27, 2023",A_name_brand,high,Stig,Kastaplast,"Feb 27, 2023",23-62,,21.1,1.9,1.2,18.0,1.6,5.7,175.1,,7.50,39.00,,Kastaplast,no
937,Stiletto,Latitude 64,Distance Driver,15,13,3,0.5,5,Very Overstable,https://www.marshallstreetdiscgolf.com/?s=stiletto&post_type=product,https://s3.amazonaws.com/media.marshallstreetdiscgolf.com/inbounds/0322777.webp,stiletto,latitude-64,distance-driver,very-overstable,#FFFFFF,#F40909,176.8,21.3,1.7,1.1,16.4,2.4,5.2,26.75,9.98,,,,13-33,"May 30, 2013",A_name_brand,high,Stiletto,Latitude 64,"May 30, 2013",13-33,,21.3,1.7,1.1,16.4,2.4,5.2,176.8,,9.98,26.75,,Latitude 64,no
938,Sting,Discraft,Fairway Driver,17,7,5,-2,1,Understable,https://www.marshallstreetdiscgolf.com/?s=Sting&post_type=product,https://s3.amazonaws.com/media.marshallstreetdiscgolf.com/inbounds/4391599.webp,sting,discraft,control-driver,understable,#FF3737,#000000,,,,,,,,,,,,,,,A_name_brand,high,Sting (Ace Race 2017),Discraft,"Nov 7, 2017",17-119,,21.4,1.8,1.2,18.2,1.6,5.6,177.6,,10.66,36.25,,Discraft,no
939,Stingray,Innova,Midrange,18,4,5,-3,1,Very Understable,https://www.marshallstreetdiscgolf.com/?s=stingray&post_type=product,https://s3.amazonaws.com/media.marshallstreetdiscgolf.com/inbounds/3900954.webp,stingray,innova,midrange,very-understable,#2A290E,#F3EB09,,,,,,,,,,,,,,,A_name_brand,high,Stingray,Innova Champion Discs,"Jan 1, 1987",87-08,,21.7,1.8,1.1,19.3,1.2,5.1,180.1,,9.10,38.25,,Innova Champion Discs,no
940,Stratus,Discraft,Midrange,18,5,4,-4,1,Very Understable,https://www.marshallstreetdiscgolf.com/?s=stratus&post_type=product,https://s3.amazonaws.com/media.marshallstreetdiscgolf.com/inbounds/1111307.webp,stratus,discraft,midrange,very-understable,#FF3737,#000000,177.6,21.4,1.8,1.2,19,1.2,5.6,36.25,6.58,,,,97-04,"Apr 12, 1997",A_name_brand,high,Stratus,Discraft,"Apr 12, 1997",97-04,,21.4,1.8,1.2,19.0,1.2,5.6,177.6,,6.58,36.25,,Discraft,no
941,Streak,Climo Disc Golf,Fairway Driver,17,7,5,0,1,Stable,,,streak,climo-disc-golf,control-driver,stable,#FFFFFF,#071139,179.3,21.6,1.9,1.2,18.2,1.7,5.6,37,9.2,,,,25-95,"Jun 23, 2025",A_name_brand,high,Streak,Climo Disc Golf,"Jun 23, 2025",25-95,,21.6,1.9,1.2,18.2,1.7,5.6,179.3,,9.20,37.00,,Climo Disc Golf,no
942,Strike,Other,Fairway Driver,17,7,5,0,2,Stable,https://www.marshallstreetdiscgolf.com/?s=Strike&post_type=product,https://s3.amazonaws.com/media.marshallstreetdiscgolf.com/inbounds/0000274.webp,strike,other,control-driver,stable,#000000,#E5FFAA,,,,,,,,,,,,,,,B_name_unique,medium,Strike,Birdie,"Sep 5, 2022",22-155,,21.3,1.8,1.2,17.7,1.8,5.6,176.8,,8.98,30.50,,Birdie,yes
943,Striker,Latitude 64,Fairway Driver,17,8,5,0,2,Stable,https://www.marshallstreetdiscgolf.com/?s=striker&post_type=product,https://s3.amazonaws.com/media.marshallstreetdiscgolf.com/inbounds/4391592.webp,striker,latitude-64,control-driver,stable,#FFFFFF,#F40909,177.6,21.4,1.6,1.2,17.6,1.9,5.6,29,11.68,,,,08-32,"Nov 12, 2008",A_name_brand,high,Striker,Latitude 64,"Nov 12, 2008",08-32,,21.4,1.6,1.2,17.6,1.9,5.6,177.6,,11.68,29.00,,Latitude 64,no
944,Strive,Latitude 64,Distance Driver,15,13,5,-1,3,Overstable,https://www.marshallstreetdiscgolf.com/?s=Strive&post_type=product,https://s3.amazonaws.com/media.marshallstreetdiscgolf.com/inbounds/0000417.webp,strive,latitude-64,distance-driver,overstable,#FFFFFF,#F40909,175.1,21.1,1.8,1.1,16.6,2.2,5.2,32,11.93,,,,23-268,"Dec 11, 2023",A_name_brand,high,Strive,Latitude 64,"Dec 11, 2023",23-268,,21.1,1.8,1.1,16.6,2.2,5.2,175.1,,11.93,32.00,,Latitude 64,no
945,Stryder,Prodigy,Midrange,18,6,4,0,3,Overstable,https://www.marshallstreetdiscgolf.com/?s=Stryder&post_type=product,https://s3.amazonaws.com/media.marshallstreetdiscgolf.com/inbounds/0000244.webp,stryder,prodigy,midrange,overstable,#000000,#10A259,,,,,,,,,,,,,,,A_name_brand,high,Stryder,Prodigy Disc,"Jul 25, 2022",22-130,,21.8,2.0,1.5,19.2,1.3,6.9,180.9,,7.61,48.75,,Prodigy Disc,no
946,Stud,Innova,Putter,19,3,3,0,2,Stable,https://www.marshallstreetdiscgolf.com/?s=Stud&post_type=product,https://s3.amazonaws.com/media.marshallstreetdiscgolf.com/inbounds/4391594.webp,stud,innova,putter,stable,#2A290E,#F3EB09,,,,,,,,,,,,,,,A_name_brand,high,Stud,Innova Champion Discs,"Jan 20, 2016",16-07,,21.2,1.9,1.3,18.9,1.1,6.1,176.0,,11.11,69.50,,Innova Champion Discs,no
947,Sultan,Infinite Discs,Distance Driver,15,12,5,-2,2,Stable,,,sultan,infinite-discs,distance-driver,stable,#FFFFFF,#62054C,176,21.2,1.5,1.2,16.4,2.4,5.7,27,10.34,,,,25-20,"Jan 27, 2025",A_name_brand,high,Sultan,Infinite Discs,"Jan 27, 2025",25-20,,21.2,1.5,1.2,16.4,2.4,5.7,176.0,,10.34,27.00,,Infinite Discs,no
948,Summit,Vibram,Putter,19,2,3,-1,0,Understable,https://www.marshallstreetdiscgolf.com/?s=summit&post_type=product,https://s3.amazonaws.com/media.marshallstreetdiscgolf.com/inbounds/2353867.webp,summit,vibram,putter,understable,#FFDC2D,#9A7D2C,,,,,,,,,,,,,,,B_name_unique,medium,Summit,Vibram Disc Golf,"Jan 28, 2009",09-04,,21.1,1.9,1.2,19.2,0.9,5.7,175.1,,0.56,61.25,,Vibram Disc Golf,yes
949,Sumo,Legacy,Approach Discs,20,4,2,0,4,Very Overstable,https://www.marshallstreetdiscgolf.com/?s=Sumo&post_type=product,https://s3.amazonaws.com/media.marshallstreetdiscgolf.com/inbounds/0000388.webp,sumo,legacy,approach-discs,very-overstable,#3831F0,#E43DD9,,,,,,,,,,,,,,,B_name_unique,medium,Sumo,Legacy Discs,"Aug 14, 2023",23-207,,21.3,1.7,1.3,18.7,1.3,6.1,176.8,,7.84,50.25,,Legacy Discs,yes
950,Supra,Finish Line,Midrange,18,5,5,0,1,Stable,https://www.marshallstreetdiscgolf.com/?s=Supra&post_type=product,https://s3.amazonaws.com/media.marshallstreetdiscgolf.com/inbounds/0000291.webp,supra,finish-line,midrange,stable,#1914FF,#FFA5F4,,,,,,,,,,,,,,,B_name_unique,medium,Supra,Finish Line Discs,"Sep 26, 2022",22-167,,21.6,1.7,1.2,18.9,1.4,5.6,179.3,,6.93,45.00,,Finish Line Discs,yes
951,Supreme EMac Truth,Dynamic Discs,Midrange,18,5,5,0,3,Overstable,https://www.marshallstreetdiscgolf.com/?s=Supreme+Emac+Truth&post_type=product,https://s3.amazonaws.com/media.marshallstreetdiscgolf.com/inbounds/0000380.webp,supreme-emac-truth,dynamic-discs,midrange,overstable,#FFFFFF,#0082F4,,,,,,,,,,,,,,,A_name_brand,high,Supreme EMAC Truth,Dynamic Discs,"Jun 12, 2023",23-163,,21.7,1.8,1.2,18.8,1.5,5.5,180.1,,8.41,42.25,,Dynamic Discs,no
952,Supreme Trespass,Dynamic Discs,Distance Driver,15,12,5,-0.5,3,Stable,https://www.marshallstreetdiscgolf.com/?s=trespass&post_type=product,https://s3.amazonaws.com/media.marshallstreetdiscgolf.com/inbounds/0000368.webp,supreme-trespass,dynamic-discs,distance-driver,stable,#FFFFFF,#0082F4,175.1,21.1,1.7,1.1,16.6,2.2,5.2,30,11.93,,,,22-229,"Dec 19, 2022",A_name_brand,high,Supreme Trespass,Dynamic Discs,"Dec 19, 2022",22-229,,21.1,1.7,1.1,16.6,2.2,5.2,175.1,,11.93,30.00,,Dynamic Discs,no
953,Surf,DGA,Putter,19,3,4,-1,1,Understable,https://www.marshallstreetdiscgolf.com/?cat_ids%5B%5D=229&post_type=product&s=surf&variation_toggle=1,https://s3.amazonaws.com/media.marshallstreetdiscgolf.com/inbounds/0000452.webp,surf,dga,putter,understable,#2876FF,#272727,,,,,,,,,,,,,,,B_name_unique,medium,Surf,Disc Golf Association,"Apr 1, 2024",24-55,,21.1,1.9,1.5,19.1,1.0,7.1,175.1,,11.70,55.25,,Disc Golf Association,yes
954,Surge,Discraft,Control Driver,16,11,5,-1,3,Stable,https://www.marshallstreetdiscgolf.com/?s=surge&post_type=product,https://s3.amazonaws.com/media.marshallstreetdiscgolf.com/inbounds/8842756.webp,surge,discraft,hybrid-driver,stable,#FF3737,#000000,175.1,21.1,1.6,1.2,17.1,2,5.7,30.25,10.55,,,,06-02,"Feb 8, 2006",A_name_brand,high,Surge,Discraft,"Feb 8, 2006",06-02,,21.1,1.6,1.2,17.1,2.0,5.7,175.1,,10.55,30.25,,Discraft,no
955,Surge SS,Discraft,Control Driver,16,11,5,-2,2,Stable,https://www.marshallstreetdiscgolf.com/?s=surge+ss&post_type=product,https://s3.amazonaws.com/media.marshallstreetdiscgolf.com/inbounds/9155859.webp,surge-ss,discraft,hybrid-driver,stable,#FF3737,#000000,,,,,,,,,,,,,,,unmatched,none,,,,,,,,,,,,,,,,,,
956,Suspect,Dynamic Discs,Approach Discs,20,4,3,0,3,Very Overstable,https://www.marshallstreetdiscgolf.com/?s=suspect&post_type=product,https://s3.amazonaws.com/media.marshallstreetdiscgolf.com/inbounds/3171320.webp,suspect,dynamic-discs,approach-discs,very-overstable,#FFFFFF,#0082F4,176.8,21.3,1.6,1.2,18.9,1.2,5.6,47.5,7.6,,,,13-26,"Mar 10, 2013",A_name_brand,high,Suspect,Dynamic Discs,"Mar 10, 2013",13-26,,21.3,1.6,1.2,18.9,1.2,5.6,176.8,,7.60,47.50,,Dynamic Discs,no
957,Svea,Kastaplast,Midrange,18,5,6,-1,0,Understable,https://www.marshallstreetdiscgolf.com/?s=Svea&post_type=product,https://s3.amazonaws.com/media.marshallstreetdiscgolf.com/inbounds/0000041.webp,svea,kastaplast,midrange,understable,#000000,#21F1B9,181.8,21.9,2.1,1.3,19.3,1.3,5.9,41.5,6.14,,,,20-40,"Jun 10, 2020",A_name_brand,high,Svea,Kastaplast,"Jun 10, 2020",20-40,,21.9,2.1,1.3,19.3,1.3,5.9,181.8,,6.14,41.50,,Kastaplast,no
958,Swan 1 Reborn,Westside Discs,Putter,19,3,3,-2.5,0,Understable,https://www.marshallstreetdiscgolf.com/?s=Swan+2&post_type=product,https://s3.amazonaws.com/media.marshallstreetdiscgolf.com/inbounds/3034274.webp,swan-1-reborn,westside-discs,putter,understable,#FFFFFF,#014E13,,,,,,,,,,,,,,,unmatched,none,,,,,,,,,,,,,,,,,,
959,Swan 2,Westside Discs,Putter,19,3,3,-1,0,Understable,https://www.marshallstreetdiscgolf.com/?s=Swan2&post_type=product,https://s3.amazonaws.com/media.marshallstreetdiscgolf.com/inbounds/5732093.webp,swan-2,westside-discs,putter,understable,#FFFFFF,#014E13,,,,,,,,,,,,,,,unmatched,none,,,,,,,,,,,,,,,,,,
960,Swarm,Discraft,Midrange,18,5,3,0,4,Very Overstable,https://www.marshallstreetdiscgolf.com/?s=Swarm&post_type=product,https://s3.amazonaws.com/media.marshallstreetdiscgolf.com/inbounds/0000433.webp,swarm,discraft,midrange,very-overstable,#FF3737,#000000,180.1,21.7,1.6,1.2,19,1.3,5.5,44,7.61,,,,24-86,"Apr 22, 2024",A_name_brand,high,Swarm,Discraft,"Apr 22, 2024",24-86,,21.7,1.6,1.2,19.0,1.3,5.5,180.1,,7.61,44.00,,Discraft,no
961,Swift,AquaFlight,Fairway Driver,17,7,5,-2,1,Understable,https://www.marshallstreetdiscgolf.com/product/aquaflight-swift,https://s3.amazonaws.com/media.marshallstreetdiscgolf.com/inbounds/8567408.webp,swift,aquaflight,control-driver,understable,#8B1D5B,#11FF98,,,,,,,,,,,,,,,B_name_unique,medium,Swift,AquaFlight Discs,"Feb 6, 2015",15-26,,21.0,1.6,1.1,17.1,1.9,5.2,174.3,,12.02,30.00,,AquaFlight Discs,yes
962,Swift Fox,Daredevil Discs,Fairway Driver,17,7,5,-3,1,Very Understable,https://www.marshallstreetdiscgolf.com/product/swift-fox,https://s3.amazonaws.com/media.marshallstreetdiscgolf.com/inbounds/8567409.webp,swift-fox,daredevil-discs,control-driver,very-understable,#FFFFFF,#515151,175.1,21.1,1.7,1.2,17.6,1.8,5.7,27,7.14,,,,07-04,"Jan 19, 2007",A_name_brand,high,Swift Fox,Daredevil Discs,"Jan 19, 2007",07-04,,21.1,1.7,1.2,17.6,1.8,5.7,175.1,,7.14,27.00,,Daredevil Discs,no
963,Sword,Westside Discs,Distance Driver,15,12,5,-0.5,2,Stable,https://www.marshallstreetdiscgolf.com/?s=sword&post_type=product,https://s3.amazonaws.com/media.marshallstreetdiscgolf.com/inbounds/6718262.webp,sword,westside-discs,distance-driver,stable,#FFFFFF,#014E13,,,,,,,,,,,,,,,B_name_unique,medium,Sword (Kalevan Miekka1),Westside Golf Discs,"May 6, 2011",11-19,,21.2,1.8,1.2,16.8,2.2,5.7,176.0,,9.41,28.75,,Westside Golf Discs,yes
964,Sycamore,Above Ground Level,Fairway Driver,17,7,5,0,1,Stable,https://www.marshallstreetdiscgolf.com/?s=Sycamore&post_type=product,https://s3.amazonaws.com/media.marshallstreetdiscgolf.com/inbounds/0000126.webp,sycamore,above-ground-level,control-driver,stable,#CFFF30,#000000,176,21.2,2.2,1.3,17.8,1.7,6.1,32.25,10.8,,,,19-56,"Jul 10, 2019",A_name_brand,high,Sycamore,Above Ground Level,"Jul 10, 2019",19-56,,21.2,2.2,1.3,17.8,1.7,6.1,176.0,,10.80,32.25,,Above Ground Level,no
965,Synapse,Thought Space Athletics,Distance Driver,15,12,5,-1.5,3,Overstable,https://www.marshallstreetdiscgolf.com/?s=Synapse&post_type=product,https://s3.amazonaws.com/media.marshallstreetdiscgolf.com/inbounds/0000147.webp,synapse,thought-space-athletics,distance-driver,overstable,#000000,#FF770E,176,21.2,1.6,1.2,16.6,2.3,5.7,26.25,10,,,,22-4,"Jan 10, 2022",A_name_brand,high,Synapse,Thought Space Athletics,"Jan 10, 2022",22-4,,21.2,1.6,1.2,16.6,2.3,5.7,176.0,,10.00,26.25,,Thought Space Athletics,no
966,TD,Discmania,Control Driver,16,10,5,-2,1,Understable,https://www.marshallstreetdiscgolf.com/?s=TD&post_type=product,https://s3.amazonaws.com/media.marshallstreetdiscgolf.com/inbounds/0000401.webp,td,discmania,hybrid-driver,understable,#FFA813,#9A0C0C,,,,,,,,,,,,,,,A_name_brand,high,TD (new),Discmania,"Nov 9, 2023",23-254,,21.1,1.8,1.1,17.3,1.9,5.2,175.1,,10.45,35.50,,Discmania,no
967,TDx (OOP),Discmania,Fairway Driver,17,9,5,-3,1,Understable,https://www.marshallstreetdiscgolf.com/?s=tdx&post_type=product,https://s3.amazonaws.com/media.marshallstreetdiscgolf.com/inbounds/2211476.webp,tdx-oop,discmania,control-driver,understable,#FFA813,#9A0C0C,,,,,,,,,,,,,,,A_name_brand,high,TDx (Turn Driver),Discmania,"Apr 21, 2017",17-56,,21.1,1.5,1.2,17.2,2.0,5.7,175.1,,11.45,30.50,,Discmania,no
968,TL,Innova,Fairway Driver,17,7,5,-1,1,Stable,https://www.marshallstreetdiscgolf.com/?speed=7&speed_end=7&cat_ids%5B%5D=15&post_type=product&s=tl&variation_toggle=1,https://s3.amazonaws.com/media.marshallstreetdiscgolf.com/inbounds/5085651.webp,tl,innova,control-driver,stable,#2A290E,#F3EB09,,,,,,,,,,,,,,,unmatched,none,,,,,,,,,,,,,,,,,,
969,TL3,Innova,Fairway Driver,17,8,4,-1,1,Stable,https://www.marshallstreetdiscgolf.com/?s=tl3&post_type=product,https://s3.amazonaws.com/media.marshallstreetdiscgolf.com/inbounds/3335095.webp,tl3,innova,control-driver,stable,#2A290E,#F3EB09,,,,,,,,,,,,,,,unmatched,none,,,,,,,,,,,,,,,,,,
970,Taco,Mint Discs,Midrange,18,5,5,0,2,Overstable,https://www.marshallstreetdiscgolf.com/?s=taco&post_type=product,https://s3.amazonaws.com/media.marshallstreetdiscgolf.com/inbounds/0000413.webp,taco,mint-discs,midrange,overstable,#FFFFFF,#F4933E,177.6,21.4,1.9,1.4,18.5,1.4,6.5,43,11.93,,,,23-126,"Apr 27, 2023",A_name_brand,high,Taco,Mint Discs,"Apr 27, 2023",23-126,,21.4,1.9,1.4,18.5,1.4,6.5,177.6,,11.93,43.00,,Mint Discs,no
971,Tactic,Discmania,Putter,19,4,2,0,3,Very Overstable,https://www.marshallstreetdiscgolf.com/?s=tactic&post_type=product,https://s3.amazonaws.com/media.marshallstreetdiscgolf.com/inbounds/0000001.webp,tactic,discmania,putter,very-overstable,#FFA813,#9A0C0C,177.6,21.4,1.8,1.4,19.1,1.1,6.5,53,10.8,,,,20-02,"Jan 16, 2020",A_name_brand,high,Tactic,Discmania,"Jan 16, 2020",20-02,,21.4,1.8,1.4,19.1,1.1,6.5,177.6,,10.80,53.00,,Discmania,no
972,Tailor,Discmania,Midrange,18,4,4,0,1,Stable,https://www.marshallstreetdiscgolf.com/?s=Tailor&post_type=product,https://s3.amazonaws.com/media.marshallstreetdiscgolf.com/inbounds/0000355.webp,tailor,discmania,midrange,stable,#FFA813,#9A0C0C,180.1,21.7,1.8,1.3,19.1,1.3,6,45.25,8.86,,,,22-212,"Nov 28, 2022",A_name_brand,high,Tailor,Discmania,"Nov 28, 2022",22-212,,21.7,1.8,1.3,19.1,1.3,6.0,180.1,,8.86,45.25,,Discmania,no
973,Takapu,RPM,Putter,19,2,3,0,2,Overstable,https://www.marshallstreetdiscgolf.com/?s=takapu&post_type=product,https://s3.amazonaws.com/media.marshallstreetdiscgolf.com/inbounds/0000199.webp,takapu,rpm,putter,overstable,#1FBE25,#434343,,,,,,,,,,,,,,,B_name_unique,medium,Takapu (PA3),RPM Discs/Disc Golf Aotearoa,"May 9, 2022",22-74,,21.2,2.1,1.5,18.9,1.1,7.1,176.0,,10.80,66.75,,RPM Discs/Disc Golf Aotearoa,yes
974,Talisman,Prodiscus,Control Driver,16,9,4,0,2,Overstable,https://www.marshallstreetdiscgolf.com/?s=talisman&post_type=product,https://s3.amazonaws.com/media.marshallstreetdiscgolf.com/inbounds/0000408.webp,talisman,prodiscus,hybrid-driver,overstable,#32E65C,#5435A9,175.1,21.1,1.7,1.2,17.3,1.9,5.7,37.75,8.07,,,,22-164,"Sep 19, 2022",A_name_brand,high,Talisman,Prodiscus,"Sep 19, 2022",22-164,,21.1,1.7,1.2,17.3,1.9,5.7,175.1,,8.07,37.75,,Prodiscus,no
975,Talon,Discraft,Fairway Driver,17,8,3,1,3,Overstable,https://www.marshallstreetdiscgolf.com/?s=Talon&post_type=product,https://s3.amazonaws.com/media.marshallstreetdiscgolf.com/inbounds/1123778.webp,talon,discraft,control-driver,overstable,#FF3737,#000000,174.3,21,1.5,1.1,17.5,1.8,5.2,28.25,9.32,,,,02-12,"Sep 19, 2002",A_name_brand,high,Talon,Discraft,"Sep 19, 2002",02-12,,21.0,1.5,1.1,17.5,1.8,5.2,174.3,,9.32,28.25,,Discraft,no
976,Tank,Millennium,Approach Discs,20,2,1,0,2,Overstable,https://www.marshallstreetdiscgolf.com/?s=tank&post_type=product,https://s3.amazonaws.com/media.marshallstreetdiscgolf.com/inbounds/4703844.webp,tank,millennium,approach-discs,overstable,#000000,#FF0974,,,,,,,,,,,,,,,B_name_unique,medium,Tank,CHING Sports,"Nov 13, 1998",98-13,,21.2,2.0,1.3,19.4,0.9,6.1,176.0,,5.11,59.75,,CHING Sports,yes
977,Tantrum,Axiom Discs,Distance Driver,15,14.5,5,-1.5,3,Overstable,https://www.marshallstreetdiscgolf.com/?s=tantrum&post_type=product,https://s3.amazonaws.com/media.marshallstreetdiscgolf.com/inbounds/4703999.webp,tantrum,axiom-discs,distance-driver,overstable,#000000,#FF9595,175.1,21.1,1.9,1.2,16,2.5,5.7,26.75,12.13,,,,18-25,"Mar 15, 2018",A_name_brand,high,Tantrum,Axiom Discs,"Mar 15, 2018",18-25,,21.1,1.9,1.2,16.0,2.5,5.7,175.1,,12.13,26.75,,Axiom Discs,no
978,Tara iti,RPM,Control Driver,16,10,5,0,2,Overstable,https://www.marshallstreetdiscgolf.com/?s=Tara+iti&post_type=product,https://s3.amazonaws.com/media.marshallstreetdiscgolf.com/inbounds/0000331.webp,tara-iti,rpm,hybrid-driver,overstable,#1FBE25,#434343,,,,,,,,,,,,,,,B_name_unique,medium,"Tara Iti (Fairy Tern, DGFD3)",RPM Discs/Disc Golf Aotearoa,"Mar 23, 2023",23-81,,21.2,1.5,1.2,17.0,2.1,5.7,176.0,,9.32,30.00,,RPM Discs/Disc Golf Aotearoa,yes
979,Tasmanian Devil V2,Wild Discs,Fairway Driver,17,9,4,0,4,Very Overstable,https://www.marshallstreetdiscgolf.com/?s=Tasmanian+Devil&post_type=product,https://s3.amazonaws.com/media.marshallstreetdiscgolf.com/inbounds/0000304.webp,tasmanian-devil-v2,wild-discs,control-driver,very-overstable,#D267A0,#373C0D,176,21.2,1.8,1.1,17.2,2,5.2,30.75,8.64,,,,23-2,"Jan 9, 2023",A_name_brand,high,Tasmanian Devil V2,Wild Discs,"Jan 9, 2023",23-2,,21.2,1.8,1.1,17.2,2.0,5.2,176.0,,8.64,30.75,,Wild Discs,no
980,TeeRex,Innova,Control Driver,16,11,4,0,4,Overstable,https://www.marshallstreetdiscgolf.com/?s=teerex&post_type=product,https://s3.amazonaws.com/media.marshallstreetdiscgolf.com/inbounds/9445760.webp,teerex,innova,hybrid-driver,overstable,#2A290E,#F3EB09,,,,,,,,,,,,,,,unmatched,none,,,,,,,,,,,,,,,,,,
981,Teebird,Innova,Fairway Driver,17,7,5,0,2,Stable,https://www.marshallstreetdiscgolf.com/?s=teebird&post_type=product,https://s3.amazonaws.com/media.marshallstreetdiscgolf.com/inbounds/5536882.webp,teebird,innova,control-driver,stable,#2A290E,#F3EB09,,,,,,,,,,,,,,,A_name_brand,high,TeeBird,Innova Champion Discs,"May 3, 1999",99-06,,21.2,1.5,1.1,17.8,1.7,5.2,176.0,,7.83,29.25,,Innova Champion Discs,no
982,Teebird3,Innova,Fairway Driver,17,8,4,0,2,Stable,https://www.marshallstreetdiscgolf.com/?s=teebird3&post_type=product,https://s3.amazonaws.com/media.marshallstreetdiscgolf.com/inbounds/8519770.webp,teebird3,innova,control-driver,stable,#2A290E,#F3EB09,,,,,,,,,,,,,,,unmatched,none,,,,,,,,,,,,,,,,,,
983,Teedevil,Innova,Distance Driver,15,12,5,-1,2,Stable,https://www.marshallstreetdiscgolf.com/?s=teedevil&post_type=product,https://s3.amazonaws.com/media.marshallstreetdiscgolf.com/inbounds/2986113.webp,teedevil,innova,distance-driver,stable,#2A290E,#F3EB09,,,,,,,,,,,,,,,A_name_brand,high,TeeDevil,Innova Champion Discs,"Aug 14, 2011",11-37,,21.2,1.6,1.2,16.4,2.4,5.7,176.0,,11.79,28.50,,Innova Champion Discs,no
984,Teleport,MVP,Distance Driver,15,14.5,5,-1.5,2.5,Stable,https://www.marshallstreetdiscgolf.com/?s=teleport&post_type=product,https://s3.amazonaws.com/media.marshallstreetdiscgolf.com/inbounds/0529015.webp,teleport,mvp,distance-driver,stable,#000000,#9BF2FF,,,,,,,,,,,,,,,A_name_brand,high,Teleport,MVP Disc Sports,"Apr 13, 2017",17-53,,21.1,1.9,1.2,16.0,2.5,5.7,175.1,,11.11,27.75,,MVP Disc Sports,no
985,Telos,EV-7,Putter,19,2,4,0,1.5,Overstable,https://www.marshallstreetdiscgolf.com/?s=telos&post_type=product,https://s3.amazonaws.com/media.marshallstreetdiscgolf.com/inbounds/0000218.webp,telos,ev-7,putter,overstable,#FFFFFF,#111397,,,,,,,,,,,,,,,A_name_brand,high,Telos ,EV-7,"May 23, 2022",22-91,,21.0,1.9,1.5,18.9,1.0,7.1,174.3,,10.80,67.00,,EV-7,no
986,Tempest,DGA,Distance Driver,15,13,5,-3,2,Understable,https://www.marshallstreetdiscgolf.com/?s=Tempest&post_type=product,https://s3.amazonaws.com/media.marshallstreetdiscgolf.com/inbounds/6878711.webp,tempest,dga,distance-driver,understable,#2876FF,#272727,,,,,,,,,,,,,,,C_name_ambiguous,needs_review,,,,,,,,,,,,,,,,,,
987,Temple,Thought Space Athletics,Approach Discs,20,4,3,0,3,Very Overstable,https://www.marshallstreetdiscgolf.com/?s=Temple&post_type=product,https://s3.amazonaws.com/media.marshallstreetdiscgolf.com/inbounds/0000220.webp,temple,thought-space-athletics,approach-discs,very-overstable,#000000,#FF770E,176.8,21.3,1.7,1.4,18.9,1.2,6.6,53,6.02,,,,22-101,"Jun 6, 2022",A_name_brand,high,Temple,Thought Space Athletics,"Jun 6, 2022",22-101,,21.3,1.7,1.4,18.9,1.2,6.6,176.8,,6.02,53.00,,Thought Space Athletics,no
988,Tempo,Axiom Discs,Approach Discs,20,4,4,0,2.5,Very Overstable,https://www.marshallstreetdiscgolf.com/?s=Tempo&post_type=product,https://s3.amazonaws.com/media.marshallstreetdiscgolf.com/inbounds/0000423.webp,tempo,axiom-discs,approach-discs,very-overstable,#000000,#FF9595,176,21.2,1.6,1.4,18.7,1.2,6.6,55.5,7.16,,,,23-23,"Jan 30, 2023",A_name_brand,high,Tempo,Axiom Discs,"Jan 30, 2023",23-23,,21.2,1.6,1.4,18.7,1.2,6.6,176.0,,7.16,55.50,,Axiom Discs,no
989,Tenacity,Axiom Discs,Distance Driver,15,13,5,-2.5,2,Stable,https://www.marshallstreetdiscgolf.com/?s=tenacity&post_type=product,https://s3.amazonaws.com/media.marshallstreetdiscgolf.com/inbounds/5643381.webp,tenacity,axiom-discs,distance-driver,stable,#000000,#FF9595,175.1,21.1,1.9,1.2,16.3,2.4,5.7,26.75,11.57,,,,17-49,"Apr 13, 2017",A_name_brand,high,Tenacity,Axiom Discs,"Apr 13, 2017",17-49,,21.1,1.9,1.2,16.3,2.4,5.7,175.1,,11.57,26.75,,Axiom Discs,no
990,Tern,Innova,Distance Driver,15,12,6,-3,2,Understable,https://www.marshallstreetdiscgolf.com/?s=tern&post_type=product,https://s3.amazonaws.com/media.marshallstreetdiscgolf.com/inbounds/4127027.webp,tern,innova,distance-driver,understable,#2A290E,#F3EB09,,,,,,,,,,,,,,,A_name_brand,high,Tern,Innova Champion Discs,"Dec 3, 2012",12-55,,21.1,1.7,1.1,16.6,2.3,5.2,175.1,,11.91,28.50,,Innova Champion Discs,no
991,Terra,MVP,Fairway Driver,17,8,5,0,3,Very Overstable,https://www.marshallstreetdiscgolf.com/?s=Terra&post_type=product,https://s3.amazonaws.com/media.marshallstreetdiscgolf.com/inbounds/0000136.webp,terra,mvp,control-driver,very-overstable,#000000,#9BF2FF,,,,,,,,,,,,,,,A_name_brand,high,Terra,MVP Disc Sports,"Feb 14, 2022",22-23,,21.2,1.8,1.2,17.4,1.9,5.7,176.0,,10.80,32.75,,MVP Disc Sports,no
992,Tesla,MVP,Fairway Driver,17,9,5,-1,2,Stable,https://www.marshallstreetdiscgolf.com/?s=tesla&post_type=product,https://s3.amazonaws.com/media.marshallstreetdiscgolf.com/inbounds/4127028.webp,tesla,mvp,control-driver,stable,#000000,#9BF2FF,,,,,,,,,,,,,,,A_name_brand,high,Tesla,MVP Disc Sports,"Feb 22, 2014",14-14,,21.0,1.4,1.2,17.0,2.0,5.7,174.3,,11.68,26.50,,MVP Disc Sports,no
993,Tex,Lone Star Discs,Fairway Driver,17,6,5,-3,1,Very Understable,https://www.marshallstreetdiscgolf.com/?s=tex&post_type=product,https://s3.amazonaws.com/media.marshallstreetdiscgolf.com/inbounds/0000445.webp,tex,lone-star-discs,control-driver,very-understable,#FFA5EA,#6B834B,,,,,,,,,,,,,,,unmatched,none,,,,,,,,,,,,,,,,,,
994,Texas Ranger,Lone Star Discs,Midrange,18,5,5,-1,1,Stable,https://www.marshallstreetdiscgolf.com/?s=Texas+Ranger&post_type=product,https://s3.amazonaws.com/media.marshallstreetdiscgolf.com/inbounds/0000194.webp,texas-ranger,lone-star-discs,midrange,stable,#FFA5EA,#6B834B,,,,,,,,,,,,,,,unmatched,none,,,,,,,,,,,,,,,,,,
995,The Crater,Storm,Putter,19,3,2,0,3,Overstable,https://www.marshallstreetdiscgolf.com/product/the-crater-category-1-medium,https://s3.amazonaws.com/media.marshallstreetdiscgolf.com/inbounds/0000181.webp,the-crater,storm,putter,overstable,#FFF417,#7010B9,,,,,,,,,,,,,,,B_name_unique,medium,The Crater,Storm Disc Golf,"Oct 1, 2018",18-69,,21.1,1.8,1.3,19.0,1.1,6.2,175.1,,7.71,79.25,,Storm Disc Golf,yes
996,The Dome,Lone Star Discs,Fairway Driver,17,8,6,-3,1,Understable,https://www.marshallstreetdiscgolf.com/?s=The+Dome&post_type=product,https://s3.amazonaws.com/media.marshallstreetdiscgolf.com/inbounds/0000222.webp,the-dome,lone-star-discs,control-driver,understable,#FFA5EA,#6B834B,,,,,,,,,,,,,,,B_name_unique,medium,The Dome,Lone Star Disc,"Jun 6, 2022",22-100,,21.1,1.8,1.1,17.2,1.9,5.2,175.1,,6.70,36.00,,Lone Star Disc,yes
997,The Eye,Storm,Midrange,18,6,5,-1,1,Stable,https://www.marshallstreetdiscgolf.com/?s=The+Eye&post_type=product,https://s3.amazonaws.com/media.marshallstreetdiscgolf.com/inbounds/0000179.webp,the-eye,storm,midrange,stable,#FFF417,#7010B9,,,,,,,,,,,,,,,B_name_unique,medium,The Eye,Storm Disc Golf,"Oct 1, 2018",18-70,,21.9,1.8,1.2,19.0,1.4,5.5,181.8,,8.96,46.75,,Storm Disc Golf,yes
998,Thief,Dynamic Discs,Fairway Driver,17,8,5,-1.5,2,Understable,https://www.marshallstreetdiscgolf.com/?s=thief&post_type=product,https://s3.amazonaws.com/media.marshallstreetdiscgolf.com/inbounds/3107249.webp,thief,dynamic-discs,control-driver,understable,#FFFFFF,#0082F4,176,21.2,1.8,1.1,17.3,1.9,5.2,34.25,9.19,,,,14-21,"Mar 22, 2014",A_name_brand,high,Thief,Dynamic Discs,"Mar 22, 2014",14-21,,21.2,1.8,1.1,17.3,1.9,5.2,176.0,,9.19,34.25,,Dynamic Discs,no
999,Thor,Viking,Distance Driver,15,14,5,0,2,Stable,https://www.marshallstreetdiscgolf.com/?s=thor&post_type=product,https://s3.amazonaws.com/media.marshallstreetdiscgolf.com/inbounds/3102747.webp,thor,viking,distance-driver,stable,#000000,#04F40C,,,,,,,,,,,,,,,B_name_unique,medium,Thor,Guru,"Feb 4, 2016",16-12,,21.7,2.1,1.3,19.1,1.3,6.0,180.1,,9.53,40.25,,Guru,yes
1000,Thrasher,Discraft,Distance Driver,15,12,5,-3,2,Understable,https://www.marshallstreetdiscgolf.com/?s=thrasher&post_type=product,https://s3.amazonaws.com/media.marshallstreetdiscgolf.com/inbounds/3007247.webp,thrasher,discraft,distance-driver,understable,#FF3737,#000000,175.1,21.1,1.7,1.1,16.8,2.1,5.2,26.75,8.85,,,,16-62,"Aug 13, 2016",A_name_brand,high,Thrasher,Discraft,"Aug 13, 2016",16-62,,21.1,1.7,1.1,16.8,2.1,5.2,175.1,,8.85,26.75,,Discraft,no
1001,Thread,Hooligan Discs,Fairway Driver,17,9,5,-1,1,Stable,https://www.marshallstreetdiscgolf.com/?s=Thread&post_type=product,https://s3.amazonaws.com/media.marshallstreetdiscgolf.com/inbounds/0000290.webp,thread,hooligan-discs,control-driver,stable,#01216C,#DAFDFF,175.1,21.1,1.5,1.1,17.1,2,5.2,31.5,6.25,,,,22-128,"Jul 18, 2022",A_name_brand,high,Thread,Hooligan Discs,"Jul 18, 2022",22-128,,21.1,1.5,1.1,17.1,2.0,5.2,175.1,,6.25,31.50,,Hooligan Discs,no
1002,Thrill,Axiom Discs,Distance Driver,15,11,4,0,3.5,Overstable,https://www.marshallstreetdiscgolf.com/?s=thrill&post_type=product,https://s3.amazonaws.com/media.marshallstreetdiscgolf.com/inbounds/0007247.webp,thrill,axiom-discs,distance-driver,overstable,#000000,#FF9595,175.1,21.1,1.5,1.1,16.7,2.2,5.2,26,9.53,,,,16-37,"Apr 21, 2016",A_name_brand,high,Thrill,Axiom Discs,"Apr 21, 2016",16-37,,21.1,1.5,1.1,16.7,2.2,5.2,175.1,,9.53,26.00,,Axiom Discs,no
1003,Thunderbird,Innova,Fairway Driver,17,9,5,0,2,Stable,https://www.marshallstreetdiscgolf.com/?s=thunderbird&post_type=product,https://s3.amazonaws.com/media.marshallstreetdiscgolf.com/inbounds/3107247.webp,thunderbird,innova,control-driver,stable,#2A290E,#F3EB09,,,,,,,,,,,,,,,A_name_brand,high,Thunderbird,Innova Champion Discs,"Aug 5, 2014",14-63,,21.2,1.6,1.1,17.3,1.9,5.2,176.0,,6.46,31.00,,Innova Champion Discs,no
1004,Tide,Westside Discs,Distance Driver,15,12,6,-0.5,3,Overstable,https://www.marshallstreetdiscgolf.com/?s=tide&post_type=product,https://s3.amazonaws.com/media.marshallstreetdiscgolf.com/inbounds/0000504.webp,tide,westside-discs,distance-driver,overstable,#FFFFFF,#014E13,,,,,,,,,,,,,,,B_name_unique,medium,Tide,Westside Golf Discs,"Mar 17, 2025",25-39,,21.1,1.8,1.2,16.7,2.2,5.7,175.1,,11.25,32.25,,Westside Golf Discs,yes
1005,Timberwolf,Daredevil Discs,Fairway Driver,17,8,5,-1,1,Stable,https://www.marshallstreetdiscgolf.com/product/timberwolf,https://s3.amazonaws.com/media.marshallstreetdiscgolf.com/inbounds/3107248.webp,timberwolf,daredevil-discs,control-driver,stable,#FFFFFF,#515151,175.1,21.1,1.6,1.2,17.5,1.8,5.7,27,5.78,,,,07-05,"Jan 19, 2007",A_name_brand,high,Timberwolf,Daredevil Discs,"Jan 19, 2007",07-05,,21.1,1.6,1.2,17.5,1.8,5.7,175.1,,5.78,27.00,,Daredevil Discs,no
1006,Time-Lapse,Axiom Discs,Distance Driver,15,12,5,-1,3,Overstable,https://www.marshallstreetdiscgolf.com/?s=Time+Lapse&post_type=product,https://s3.amazonaws.com/media.marshallstreetdiscgolf.com/inbounds/0000376.webp,time-lapse,axiom-discs,distance-driver,overstable,#000000,#FF9595,176,21.2,1.7,1.2,16.5,2.3,5.7,26.25,11.59,,,,23-212,"Aug 21, 2023",A_name_brand,high,Time-Lapse (retooled),Axiom Discs,"Jul 14, 2025",25-110,,21.2,1.7,1.2,16.6,2.3,5.7,176.0,,11.23,26.25,,Axiom Discs,no
1007,Time-Lapse (Retooled),Axiom Discs,Distance Driver,15,12,5,-1,2,Stable,https://www.marshallstreetdiscgolf.com/?s=time-lapse&post_type=product,https://s3.amazonaws.com/media.marshallstreetdiscgolf.com/inbounds/0000538.webp,time-lapse-retooled,axiom-discs,distance-driver,stable,#000000,#FF9595,,,,,,,,,,,,,,,A_name_brand,high,Time-Lapse (retooled),Axiom Discs,"Jul 14, 2025",25-110,,21.2,1.7,1.2,16.6,2.3,5.7,176.0,,11.23,26.25,,Axiom Discs,no
1008,Titan,Prodiscus,Fairway Driver,17,9,3,0,2,Overstable,https://www.marshallstreetdiscgolf.com/?s=titan&post_type=product,https://s3.amazonaws.com/media.marshallstreetdiscgolf.com/inbounds/3235093.webp,titan,prodiscus,control-driver,overstable,#32E65C,#5435A9,176,21.2,1.6,1.2,17.3,1.9,5.7,32.75,9.53,,,,14-88,"Nov 13, 2014",A_name_brand,high,Titan,Prodiscus,"Nov 13, 2014",14-88,,21.2,1.6,1.2,17.3,1.9,5.7,176.0,,9.53,32.75,,Prodiscus,no
1009,Titanium,Løft Discs,Fairway Driver,17,7,5,-2,1,Understable,https://www.marshallstreetdiscgolf.com/?s=alpha-solid+titanium&post_type=product,https://s3.amazonaws.com/media.marshallstreetdiscgolf.com/inbounds/0000474.webp,titanium,løft-discs,control-driver,understable,#000000,#9B90FF,176.8,21.3,2,1.1,17.8,1.7,5.2,36,8.52,,,,23-229,"Oct 9, 2023",A_name_brand,high,Titanium,Løft Discs,"Oct 9, 2023",23-229,,21.3,2.0,1.1,17.8,1.7,5.2,176.8,,8.52,36.00,,Løft Discs,no
1010,Tiyanak,Other,Fairway Driver,17,8,5,-5,1,Understable,https://www.marshallstreetdiscgolf.com/?s=tiyanak&post_type=product,https://s3.amazonaws.com/media.marshallstreetdiscgolf.com/inbounds/0000152.webp,tiyanak,other,control-driver,understable,#000000,#E5FFAA,,,,,,,,,,,,,,,B_name_unique,medium,Tiyanak,Divergent Discs,"Jan 10, 2022",22-3,,21.2,2.0,1.2,17.3,2.0,5.7,176.0,,12.16,33.75,,Divergent Discs,yes
1011,Tomahawk,Yikun,Midrange,18,5,6,0,0,Understable,https://www.marshallstreetdiscgolf.com/product/tortoise-line-tomahawk,https://s3.amazonaws.com/media.marshallstreetdiscgolf.com/inbounds/L1010101.webp,tomahawk,yikun,midrange,understable,#006A6E,#FF6F8C,,,,,,,,,,,,,,,B_name_unique,medium,Tomahawk (八卦钺),Yikun Discs,"Jun 19, 2019",19-52,,21.6,1.9,1.3,19.0,1.3,6.0,179.3,,9.55,34.75,,Yikun Discs,yes
1012,Tomb,Infinite Discs,Putter,19,3,4,0,1,Stable,https://www.marshallstreetdiscgolf.com/?s=Tomb&post_type=product,https://s3.amazonaws.com/media.marshallstreetdiscgolf.com/inbounds/3235099.webp,tomb,infinite-discs,putter,stable,#FFFFFF,#62054C,176.8,21.3,1.6,1.3,19.1,1.1,6.1,65.5,7.6,,,,18-31,"Mar 29, 2018",A_name_brand,high,Tomb,Infinite Discs,"Mar 29, 2018",18-31,,21.3,1.6,1.3,19.1,1.1,6.1,176.8,,7.60,65.50,,Infinite Discs,no
1013,Tombstone,Lone Star Discs,Distance Driver,15,13,4,0,4,Very Overstable,https://www.marshallstreetdiscgolf.com/?s=tombstone&post_type=product,https://s3.amazonaws.com/media.marshallstreetdiscgolf.com/inbounds/0000259.webp,tombstone,lone-star-discs,distance-driver,very-overstable,#FFA5EA,#6B834B,,,,,,,,,,,,,,,B_name_unique,medium,Tombstone,Lone Star Disc,"Jul 25, 2022",22-129,,21.1,1.3,1.1,16.5,2.3,5.2,175.1,,9.89,28.75,,Lone Star Disc,yes
1014,Toro,Innova,Approach Discs,20,4,2,1,3,Very Overstable,https://www.marshallstreetdiscgolf.com/?s=Toro&post_type=product,https://s3.amazonaws.com/media.marshallstreetdiscgolf.com/inbounds/0000203.webp,toro,innova,approach-discs,very-overstable,#2A290E,#F3EB09,,,,,,,,,,,,,,,A_name_brand,high,Toro,Innova Champion Discs,"Apr 5, 2021",21-43,,21.2,1.7,1.4,18.6,1.3,6.6,176.0,,7.84,68.25,,Innova Champion Discs,no
1015,Torque,Finish Line,Fairway Driver,17,8,4,0,2.5,Overstable,https://www.marshallstreetdiscgolf.com/?s=Torque&post_type=product,https://s3.amazonaws.com/media.marshallstreetdiscgolf.com/inbounds/0000370.webp,torque,finish-line,control-driver,overstable,#1914FF,#FFA5F4,,,,,,,,,,,,,,,C_name_ambiguous,needs_review,,,,,,,,,,,,,,,,,,
1016,Torrent,DGA,Distance Driver,15,14,5,-1,2,Overstable,https://www.marshallstreetdiscgolf.com/?s=torrent&post_type=product,https://s3.amazonaws.com/media.marshallstreetdiscgolf.com/inbounds/3235095.webp,torrent,dga,distance-driver,overstable,#2876FF,#272727,,,,,,,,,,,,,,,B_name_unique,medium,Torrent,Disc Golf Association,"Mar 25, 2014",14-29,,21.0,1.5,1.2,16.1,2.4,5.7,174.3,,9.75,27.25,,Disc Golf Association,yes
1017,Trace,Streamline,Control Driver,16,11,5,-1,2,Stable,https://www.marshallstreetdiscgolf.com/?s=trace&post_type=product,https://s3.amazonaws.com/media.marshallstreetdiscgolf.com/inbounds/3045756.webp,trace,streamline,hybrid-driver,stable,#012219,#ACFFBA,,,,,,,,,,,,,,,A_name_brand,high,Trace,Streamline Discs,"Mar 8, 2017",17-19,,21.2,1.7,1.2,16.8,2.2,5.7,176.0,,9.98,31.25,,Streamline Discs,no
1018,Trail,MVP,Control Driver,16,10,5,-1,1,Stable,https://www.marshallstreetdiscgolf.com/?s=trail&post_type=product,https://s3.amazonaws.com/media.marshallstreetdiscgolf.com/inbounds/0000456.webp,trail,mvp,hybrid-driver,stable,#000000,#9BF2FF,,,,,,,,,,,,,,,A_name_brand,high,Trail,MVP Disc Sports,"Sep 5, 2023",23-220,,21.2,1.6,1.1,17.0,2.1,5.2,176.0,,8.18,26.50,,MVP Disc Sports,no
1019,Trance,Axiom Discs,Fairway Driver,17,8,5,-2,1,Understable,https://www.marshallstreetdiscgolf.com/?s=trance&post_type=product,https://s3.amazonaws.com/media.marshallstreetdiscgolf.com/inbounds/0000316.webp,trance,axiom-discs,control-driver,understable,#000000,#FF9595,174.3,21,1.8,1.2,17.1,1.9,5.7,41.25,9.32,,,,22-96,"Jun 6, 2022",A_name_brand,high,Trance,Axiom Discs,"Jun 6, 2022",22-96,,21.0,1.8,1.2,17.1,1.9,5.7,174.3,,9.32,41.25,,Axiom Discs,no
1020,Treason,Dynamic Discs,Control Driver,16,10,5,-3,1,Understable,,,treason,dynamic-discs,hybrid-driver,understable,#FFFFFF,#0082F4,175.1,21.1,1.8,1.1,17,2.1,5.2,30.5,8.3,,,,25-38,"Mar 17, 2025",A_name_brand,high,Treason,Dynamic Discs,"Mar 17, 2025",25-38,,21.1,1.8,1.1,17.0,2.1,5.2,175.1,,8.30,30.50,,Dynamic Discs,no
1021,Tremor,DGA,Midrange,18,6,5,-4,1,Very Understable,https://www.marshallstreetdiscgolf.com/?s=tremor&post_type=product,https://s3.amazonaws.com/media.marshallstreetdiscgolf.com/inbounds/1130000.webp,tremor,dga,midrange,very-understable,#2876FF,#272727,,,,,,,,,,,,,,,C_name_ambiguous,needs_review,,,,,,,,,,,,,,,,,,
1022,Trespass,Dynamic Discs,Distance Driver,15,12,5,-0.5,3,Stable,https://www.marshallstreetdiscgolf.com/?s=trespass&post_type=product,https://s3.amazonaws.com/media.marshallstreetdiscgolf.com/inbounds/1130001.webp,trespass,dynamic-discs,distance-driver,stable,#FFFFFF,#0082F4,175.1,21.1,1.9,1.1,16.7,2.1,5.2,26.25,10.32,,,,12-59,"Dec 7, 2012",A_name_brand,high,Trespass,Dynamic Discs,"Dec 7, 2012",12-59,,21.1,1.9,1.1,16.7,2.1,5.2,175.1,,10.32,26.25,,Dynamic Discs,no
1023,Triceratops,Dino Discs,Approach Discs,20,3,3,-3,1,Very Understable,https://www.marshallstreetdiscgolf.com/?s=triceratops&post_type=product,https://s3.amazonaws.com/media.marshallstreetdiscgolf.com/inbounds/0000531.webp,triceratops,dino-discs,approach-discs,very-understable,#740A0A,#FF6FCF,,,,,,,,,,,,,,,unmatched,none,,,,,,,,,,,,,,,,,,
1024,Trident,Latitude 64,Fairway Driver,17,6,4,-0.5,3,Overstable,https://www.marshallstreetdiscgolf.com/?s=trident&post_type=product,https://s3.amazonaws.com/media.marshallstreetdiscgolf.com/inbounds/0887728.webp,trident,latitude-64,control-driver,overstable,#FFFFFF,#F40909,177.6,21.4,1.4,1.1,17.6,1.9,5.1,36.75,11.11,,,,08-34,"Nov 25, 2008",A_name_brand,high,Trident,Latitude 64,"Nov 25, 2008",08-34,,21.4,1.4,1.1,17.6,1.9,5.1,177.6,,11.11,36.75,,Latitude 64,no
1025,Trinity,Lone Star Discs,Fairway Driver,17,7,5,0,2,Stable,https://www.marshallstreetdiscgolf.com/?s=trinity&post_type=product,https://s3.amazonaws.com/media.marshallstreetdiscgolf.com/inbounds/0000446.webp,trinity,lone-star-discs,control-driver,stable,#FFA5EA,#6B834B,,,,,,,,,,,,,,,B_name_unique,medium,Trinity,Lone Star Disc,"May 20, 2024",24-108,,21.1,1.8,1.2,17.4,1.8,5.7,175.1,,8.18,27.50,,Lone Star Disc,yes
1026,Trust,Latitude 64,Midrange,18,5,5,0,2,Overstable,https://www.marshallstreetdiscgolf.com/?s=Trust&post_type=product,https://s3.amazonaws.com/media.marshallstreetdiscgolf.com/inbounds/0000281.webp,trust,latitude-64,midrange,overstable,#FFFFFF,#F40909,,,,,,,,,,,,,,,A_name_brand,high,Trust (Royal Prototype),Latitude 64,"Dec 14, 2020",20-95,,21.7,1.9,1.3,19.1,1.3,6.0,180.1,,10.57,43.75,,Latitude 64,no
1027,Truth,Dynamic Discs,Midrange,18,5,5,-1,1,Stable,https://www.marshallstreetdiscgolf.com/?s=truth&post_type=product,https://s3.amazonaws.com/media.marshallstreetdiscgolf.com/inbounds/1130005.webp,truth,dynamic-discs,midrange,stable,#FFFFFF,#0082F4,180.1,21.7,1.7,1.2,18.7,1.5,5.5,41.5,8.05,,,,13-39,"Jun 18, 2013",A_name_brand,high,Truth,Dynamic Discs,"Jun 18, 2013",13-39,,21.7,1.7,1.2,18.7,1.5,5.5,180.1,,8.05,41.50,,Dynamic Discs,no
1028,"Truth, EMAC",Dynamic Discs,Midrange,18,5,5,0,2,Overstable,https://www.marshallstreetdiscgolf.com/?s=emac+truth&post_type=product,https://s3.amazonaws.com/media.marshallstreetdiscgolf.com/inbounds/0125008.webp,truth-emac,dynamic-discs,midrange,overstable,#FFFFFF,#0082F4,,,,,,,,,,,,,,,unmatched,none,,,,,,,,,,,,,,,,,,
1029,Tsunami,DGA,Fairway Driver,17,10,3,0,4,Overstable,https://www.marshallstreetdiscgolf.com/?s=tsunami&post_type=product,https://s3.amazonaws.com/media.marshallstreetdiscgolf.com/inbounds/0909327.webp,tsunami,dga,control-driver,overstable,#2876FF,#272727,,,,,,,,,,,,,,,C_name_ambiguous,needs_review,,,,,,,,,,,,,,,,,,
1030,Tuff,Kastaplast,Putter,19,3,4,0,2,Overstable,https://www.marshallstreetdiscgolf.com/?s=Tuff&post_type=product,https://s3.amazonaws.com/media.marshallstreetdiscgolf.com/inbounds/0000522.webp,tuff,kastaplast,putter,overstable,#000000,#21F1B9,176,21.2,2,1.5,18.9,1.1,7.1,62.75,9.43,,,,25-25,"Feb 10, 2025",A_name_brand,high,Tuff,Kastaplast,"Feb 10, 2025",25-25,,21.2,2.0,1.5,18.9,1.1,7.1,176.0,,9.43,62.75,,Kastaplast,no
1031,Tui,RPM,Putter,19,3,4,-1,0,Very Understable,https://www.marshallstreetdiscgolf.com/?s=Tui&post_type=product,https://s3.amazonaws.com/media.marshallstreetdiscgolf.com/inbounds/9458079.webp,tui,rpm,putter,very-understable,#1FBE25,#434343,,,,,,,,,,,,,,,B_name_unique,medium,Tui (PA1),RPM Discs/Disc Golf Aotearoa,"Aug 23, 2006",06-35,,21.1,1.8,1.4,19.3,0.9,6.6,175.1,,4.76,44.25,,RPM Discs/Disc Golf Aotearoa,yes
1032,Tumbleweed,Lone Star Discs,Control Driver,16,10,6,-4,1,Very Understable,https://www.marshallstreetdiscgolf.com/?s=Tumbleweed&post_type=product,https://s3.amazonaws.com/media.marshallstreetdiscgolf.com/inbounds/0000184.webp,tumbleweed,lone-star-discs,hybrid-driver,very-understable,#FFA5EA,#6B834B,,,,,,,,,,,,,,,B_name_unique,medium,Tumbleweed,Lone Star Disc,"Mar 21, 2022",22-36,,21.3,1.7,1.1,16.8,2.2,5.2,176.8,,9.09,28.50,,Lone Star Disc,yes
1033,Turbulence,Streamline,Fairway Driver,17,7,2,0,3.5,Very Overstable,https://www.marshallstreetdiscgolf.com/?s=turbulence&post_type=product,https://s3.amazonaws.com/media.marshallstreetdiscgolf.com/inbounds/0000535.webp,turbulence,streamline,control-driver,very-overstable,#012219,#ACFFBA,,,,,,,,,,,,,,,A_name_brand,high,Turbulence,Streamline Discs,"May 19, 2025",25-76,,21.2,1.5,1.1,17.5,1.9,5.2,176.0,,10.11,31.25,,Streamline Discs,no
1034,Tursas,Westside Discs,Midrange,18,5,5,-2,1,Understable,https://www.marshallstreetdiscgolf.com/?s=tursas&post_type=product,https://s3.amazonaws.com/media.marshallstreetdiscgolf.com/inbounds/4214217.webp,tursas,westside-discs,midrange,understable,#FFFFFF,#014E13,,,,,,,,,,,,,,,B_name_unique,medium,Tursas (Tursas1),Westside Golf Discs,"Oct 30, 2012",12-41,,21.7,1.7,1.3,18.9,1.4,6.0,180.1,,7.82,42.50,,Westside Golf Discs,yes
1035,Twin Swords,Yikun,Distance Driver,15,12,5,-1,2,Stable,https://www.marshallstreetdiscgolf.com/product/tortoise-line-twin-swords,https://s3.amazonaws.com/media.marshallstreetdiscgolf.com/inbounds/4214299.webp,twin-swords,yikun,distance-driver,stable,#006A6E,#FF6F8C,,,,,,,,,,,,,,,B_name_unique,medium,Twin Swords (双刃剑),Yikun Discs,"Jan 19, 2018",18-02,,21.2,1.9,1.2,16.4,2.4,5.7,176.0,,8.05,26.50,,Yikun Discs,yes
1036,Typhoon,DGA,Distance Driver,15,12,5,-2,2,Stable,https://www.marshallstreetdiscgolf.com/?s=typhoon&post_type=product,https://s3.amazonaws.com/media.marshallstreetdiscgolf.com/inbounds/4214218.webp,typhoon,dga,distance-driver,stable,#2876FF,#272727,,,,,,,,,,,,,,,C_name_ambiguous,needs_review,,,,,,,,,,,,,,,,,,
1037,Tyrannosaurus Rex,Dino Discs,Distance Driver,15,14,5,-3,2,Understable,https://www.marshallstreetdiscgolf.com/?s=tyrannosaurus+rex&post_type=product,https://s3.amazonaws.com/media.marshallstreetdiscgolf.com/inbounds/0000527.webp,tyrannosaurus-rex,dino-discs,distance-driver,understable,#740A0A,#FF6FCF,,,,,,,,,,,,,,,unmatched,none,,,,,,,,,,,,,,,,,,
1038,Tyrant,Other,Fairway Driver,17,7,3,0,2.5,Overstable,https://www.marshallstreetdiscgolf.com/product/armor-tyrant-no-stamp,https://s3.amazonaws.com/media.marshallstreetdiscgolf.com/inbounds/4214219.webp,tyrant,other,control-driver,overstable,#000000,#E5FFAA,,,,,,,,,,,,,,,B_name_unique,medium,Tyrant,Reptilian Disc Golf,"Jun 16, 2016",16-57,,21.2,1.4,1.1,17.6,1.8,5.2,176.0,,8.62,28.00,,Reptilian Disc Golf,yes
1039,UFO,Mint Discs,Putter,19,2,3,0,1,Stable,https://www.marshallstreetdiscgolf.com/?s=UFO&post_type=product,https://s3.amazonaws.com/media.marshallstreetdiscgolf.com/inbounds/0000372.webp,ufo,mint-discs,putter,stable,#FFFFFF,#F4933E,176,21.2,2.1,1.5,19,1.1,7.1,62.25,9.2,,,,23-127,"Apr 27, 2023",A_name_brand,high,UFO,Mint Discs,"Apr 27, 2023",23-127,,21.2,2.1,1.5,19.0,1.1,7.1,176.0,,9.20,62.25,,Mint Discs,no
1040,Ultra,Other,Midrange,18,5,3,0,3,Overstable,https://www.marshallstreetdiscgolf.com/?s=%22Ultra%22&post_type=product,https://s3.amazonaws.com/media.marshallstreetdiscgolf.com/inbounds/0000357.webp,ultra,other,midrange,overstable,#000000,#E5FFAA,,,,,,,,,,,,,,,B_name_unique,medium,Ultra,Birdie,"Jan 30, 2023",23-22,,21.4,1.6,1.2,18.4,1.5,5.6,176.8,,10.68,44.75,,Birdie,yes
1041,UnLace,Vibram,Distance Driver,15,14,6,-5,1,Very Understable,https://www.marshallstreetdiscgolf.com/?s=unlace&post_type=product,https://s3.amazonaws.com/media.marshallstreetdiscgolf.com/inbounds/9090002.webp,unlace,vibram,distance-driver,very-understable,#FFDC2D,#9A7D2C,,,,,,,,,,,,,,,B_name_unique,medium,unLace,Vibram Disc Golf,"Jun 25, 2013",13-44,,21.1,1.9,1.1,16.3,2.4,5.2,175.1,,6.21,28.75,,Vibram Disc Golf,yes
1042,Undertaker,Discraft,Fairway Driver,17,9,5,-1,2,Stable,https://www.marshallstreetdiscgolf.com/?s=undertaker&post_type=product,https://s3.amazonaws.com/media.marshallstreetdiscgolf.com/inbounds/2662446.webp,undertaker,discraft,control-driver,stable,#FF3737,#000000,175.1,21.1,1.8,1.1,17.5,1.9,5.2,30.75,10.43,,,,16-31,"Apr 6, 2016",A_name_brand,high,Undertaker,Discraft,"Apr 6, 2016",16-31,,21.1,1.8,1.1,17.5,1.9,5.2,175.1,,10.43,30.75,,Discraft,no
1043,Undertow,DGA,Control Driver,16,10,4,-1,1,Stable,https://www.marshallstreetdiscgolf.com/?s=undertow&post_type=product,https://s3.amazonaws.com/media.marshallstreetdiscgolf.com/inbounds/2662447.webp,undertow,dga,hybrid-driver,stable,#2876FF,#272727,,,,,,,,,,,,,,,C_name_ambiguous,needs_review,,,,,,,,,,,,,,,,,,
1044,Underworld,Westside Discs,Fairway Driver,17,7,6,-3,1,Very Understable,https://www.marshallstreetdiscgolf.com/?s=underworld&post_type=product,https://s3.amazonaws.com/media.marshallstreetdiscgolf.com/inbounds/1001002.webp,underworld,westside-discs,control-driver,very-understable,#FFFFFF,#014E13,,,,,,,,,,,,,,,B_name_unique,medium,Underworld (Manala1),Westside Golf Discs,"Oct 30, 2012",12-42,,21.3,1.8,1.2,17.4,1.9,5.6,176.8,,8.39,30.25,,Westside Golf Discs,yes
1045,Uplink,Axiom Discs,Midrange,18,5,5,-3,0.5,Very Understable,https://www.marshallstreetdiscgolf.com/?s=uplink&post_type=product,https://s3.amazonaws.com/media.marshallstreetdiscgolf.com/inbounds/0000148.webp,uplink,axiom-discs,midrange,very-understable,#000000,#FF9595,,,,,,,,,,,,,,,B_name_unique,medium,Uplink,MVP Disc Sports,"Jul 5, 2021",21-72,,21.5,1.8,1.4,18.8,1.3,6.5,178.5,,7.27,45.00,,MVP Disc Sports,yes
1046,VP,Vibram,Putter,19,2,3,0,2,Overstable,https://www.marshallstreetdiscgolf.com/?s=VP&post_type=product,https://s3.amazonaws.com/media.marshallstreetdiscgolf.com/inbounds/5951270.webp,vp,vibram,putter,overstable,#FFDC2D,#9A7D2C,,,,,,,,,,,,,,,unmatched,none,,,,,,,,,,,,,,,,,,
1047,VRoc,Innova,Midrange,18,4,4,0,1,Stable,https://www.marshallstreetdiscgolf.com/?s=vroc&post_type=product,https://s3.amazonaws.com/media.marshallstreetdiscgolf.com/inbounds/6833106.webp,vroc,innova,midrange,stable,#2A290E,#F3EB09,,,,,,,,,,,,,,,A_name_brand,high,VRoc,Innova Champion Discs,"Dec 30, 2014",14-99,,21.8,2.0,1.3,19.0,1.4,6.0,180.9,,9.30,43.00,,Innova Champion Discs,no
1048,Valkyrie,Innova,Fairway Driver,17,9,4,-2,2,Understable,https://www.marshallstreetdiscgolf.com/?s=valkyrie&post_type=product,https://s3.amazonaws.com/media.marshallstreetdiscgolf.com/inbounds/8775593.webp,valkyrie,innova,control-driver,understable,#2A290E,#F3EB09,,,,,,,,,,,,,,,A_name_brand,high,Valkyrie,Innova Champion Discs,"Aug 28, 2000",00-09,,21.1,1.4,1.2,17.3,1.9,5.7,175.1,,8.05,26.00,,Innova Champion Discs,no
1049,Valley,Vibram,Fairway Driver,17,7,5,-1,1,Understable,https://www.marshallstreetdiscgolf.com/?s=valley&post_type=product,https://s3.amazonaws.com/media.marshallstreetdiscgolf.com/inbounds/8775594.webp,valley,vibram,control-driver,understable,#FFDC2D,#9A7D2C,,,,,,,,,,,,,,,B_name_unique,medium,Valley,Vibram Disc Golf,"Apr 20, 2015",15-45,,21.0,1.9,1.1,17.4,1.8,5.2,174.3,,5.22,31.25,,Vibram Disc Golf,yes
1050,Valor,Legacy,Midrange,18,5,5,0,2,Overstable,https://www.marshallstreetdiscgolf.com/?s=Valor&post_type=product,https://s3.amazonaws.com/media.marshallstreetdiscgolf.com/inbounds/0000077.webp,valor,legacy,midrange,overstable,#3831F0,#E43DD9,,,,,,,,,,,,,,,B_name_unique,medium,Valor,Legacy Discs,"Jun 21, 2018",18-57,,21.7,2.1,1.3,19.3,1.2,6.0,180.1,,7.03,49.00,,Legacy Discs,yes
1051,Vamp,Vibram,Fairway Driver,17,7,5,-2,1,Understable,https://www.marshallstreetdiscgolf.com/?s=Vamp&post_type=product,https://s3.amazonaws.com/media.marshallstreetdiscgolf.com/inbounds/8775595.webp,vamp,vibram,control-driver,understable,#FFDC2D,#9A7D2C,,,,,,,,,,,,,,,B_name_unique,medium,Vamp,Vibram Disc Golf,"Dec 2, 2015",15-78,,21.0,1.9,1.2,17.2,1.9,5.7,174.3,,6.35,34.75,,Vibram Disc Golf,yes
1052,Vandal,Dynamic Discs,Fairway Driver,17,9,5,-1.5,2,Understable,https://www.marshallstreetdiscgolf.com/product/lucid-vandal-trilogy-challeng,https://s3.amazonaws.com/media.marshallstreetdiscgolf.com/inbounds/1010996.webp,vandal,dynamic-discs,control-driver,understable,#FFFFFF,#0082F4,176,21.2,1.7,1.1,17.4,1.9,5.2,36.25,8.39,,,,18-77,"Nov 4, 2018",A_name_brand,high,Vandal,Dynamic Discs,"Nov 4, 2018",18-77,,21.2,1.7,1.1,17.4,1.9,5.2,176.0,,8.39,36.25,,Dynamic Discs,no
1053,Vanguard,Discmania,Fairway Driver,17,9,5,0,2,Stable,https://www.marshallstreetdiscgolf.com/?s=Vanguard&post_type=product,https://s3.amazonaws.com/media.marshallstreetdiscgolf.com/inbounds/0000358.webp,vanguard,discmania,control-driver,stable,#FFA813,#9A0C0C,176,21.2,1.7,1.1,17.3,2,5.2,29.75,10.68,,,,23-159,"Jun 5, 2023",A_name_brand,high,Vanguard,Discmania,"Jun 5, 2023",23-159,,21.2,1.7,1.1,17.3,2.0,5.2,176.0,,10.68,29.75,,Discmania,no
1054,Vanilla,Clash Discs,Control Driver,16,11,6,-2,1,Understable,https://www.marshallstreetdiscgolf.com/?s=Vanilla&post_type=product,https://s3.amazonaws.com/media.marshallstreetdiscgolf.com/inbounds/0000351.webp,vanilla,clash-discs,hybrid-driver,understable,#FF93E9,#2516FF,177.6,21.4,1.6,1.1,17.1,2.1,5.1,26,9.66,,,,23-89,"Mar 23, 2023",A_name_brand,high,Vanilla,Clash Discs,"Mar 23, 2023",23-89,,21.4,1.6,1.1,17.1,2.1,5.1,177.6,,9.66,26.00,,Clash Discs,no
1055,Vanish,Axiom Discs,Control Driver,16,11,5,-3,2,Understable,https://www.marshallstreetdiscgolf.com/?s=vanish&post_type=product,https://s3.amazonaws.com/media.marshallstreetdiscgolf.com/inbounds/5112997.webp,vanish,axiom-discs,hybrid-driver,understable,#000000,#FF9595,175.1,21.1,1.5,1.1,16.6,2.2,5.2,27.75,8.98,,,,16-30,"Apr 6, 2016",A_name_brand,high,Vanish,Axiom Discs,"Apr 6, 2016",16-30,,21.1,1.5,1.1,16.6,2.2,5.2,175.1,,8.98,27.75,,Axiom Discs,no
1056,Vass,Kastaplast,Distance Driver,15,12,5,-1.5,2,Stable,https://www.marshallstreetdiscgolf.com/?s=Vass&post_type=product,https://s3.amazonaws.com/media.marshallstreetdiscgolf.com/inbounds/0000369.webp,vass,kastaplast,distance-driver,stable,#000000,#21F1B9,176.8,21.3,1.7,1.1,16.9,2.2,5.2,26.25,8.41,,,,23-135,"May 8, 2023",A_name_brand,high,Vass,Kastaplast,"May 8, 2023",23-135,,21.3,1.7,1.1,16.9,2.2,5.2,176.8,,8.41,26.25,,Kastaplast,no
1057,Vela,Millennium,Fairway Driver,17,7,4,-1.5,2,Stable,https://www.marshallstreetdiscgolf.com/?s=Vela&post_type=product,https://s3.amazonaws.com/media.marshallstreetdiscgolf.com/inbounds/0000340.webp,vela,millennium,control-driver,stable,#000000,#FF0974,,,,,,,,,,,,,,,B_name_unique,medium,Vela,Millennium Golf Discs,"Feb 2, 2023",23-24,,21.2,1.8,1.2,17.6,1.8,5.7,176.0,,8.07,43.75,,Millennium Golf Discs,yes
1058,Vengeance,Legacy,Distance Driver,15,10,6,0,2,Overstable,https://www.marshallstreetdiscgolf.com/?s=vengeance&post_type=product,https://s3.amazonaws.com/media.marshallstreetdiscgolf.com/inbounds/0000011.webp,vengeance,legacy,distance-driver,overstable,#3831F0,#E43DD9,,,,,,,,,,,,,,,B_name_unique,medium,Vengeance,Legacy Discs,"Jan 30, 2020",20-11,,21.2,1.7,1.2,17.2,2.0,5.7,176.0,,8.86,33.00,,Legacy Discs,yes
1059,Venom (Old Version - OOP),Discraft,Control Driver,16,10,4,0,4,Overstable,https://www.marshallstreetdiscgolf.com/?s=Venom&post_type=product,https://s3.amazonaws.com/media.marshallstreetdiscgolf.com/inbounds/7408747.webp,venom-old-version-oop,discraft,hybrid-driver,overstable,#FF3737,#000000,,,,,,,,,,,,,,,A_name_brand,high,Venom,Discraft,"Mar 22, 2005",05-04,,21.0,1.6,1.2,16.6,2.2,5.7,174.3,,9.98,30.25,,Discraft,no
1060,Venom (Retooled),Discraft,Distance Driver,15,13,5,0,3,Overstable,https://www.marshallstreetdiscgolf.com/?s=Venom&post_type=product,https://s3.amazonaws.com/media.marshallstreetdiscgolf.com/inbounds/0000312.webp,venom-retooled,discraft,distance-driver,overstable,#FF3737,#000000,,,,,,,,,,,,,,,A_name_brand,high,Venom,Discraft,"Mar 22, 2005",05-04,,21.0,1.6,1.2,16.6,2.2,5.7,174.3,,9.98,30.25,,Discraft,no
1061,Verdict,Dynamic Discs,Midrange,18,5,4,0,3.5,Overstable,https://www.marshallstreetdiscgolf.com/?s=verdict&post_type=product,https://s3.amazonaws.com/media.marshallstreetdiscgolf.com/inbounds/0603000.webp,verdict,dynamic-discs,midrange,overstable,#FFFFFF,#0082F4,180.1,21.7,1.7,1.2,18.7,1.5,5.5,43.25,7.71,,,,13-34,"May 30, 2013",A_name_brand,high,Verdict,Dynamic Discs,"May 30, 2013",13-34,,21.7,1.7,1.2,18.7,1.5,5.5,180.1,,7.71,43.25,,Dynamic Discs,no
1062,Vessel,Thought Space Athletics,Approach Discs,20,4,3,0,3,Overstable,https://www.marshallstreetdiscgolf.com/?s=vessel&post_type=product,https://s3.amazonaws.com/media.marshallstreetdiscgolf.com/inbounds/0000000.webp,vessel,thought-space-athletics,approach-discs,overstable,#000000,#FF770E,176.8,21.3,1.7,1.2,18.9,1.2,5.6,60.75,8.75,,,,25-75,"May 12, 2025",A_name_brand,high,Vessel,Thought Space Athletics,"May 12, 2025",25-75,,21.3,1.7,1.2,18.9,1.2,5.6,176.8,,8.75,60.75,,Thought Space Athletics,no
1063,Vibe,Hooligan Discs,Control Driver,16,11,5,-2,2,Understable,https://www.marshallstreetdiscgolf.com/?s=Vibe&post_type=product,https://s3.amazonaws.com/media.marshallstreetdiscgolf.com/inbounds/0000289.webp,vibe,hooligan-discs,hybrid-driver,understable,#01216C,#DAFDFF,175.1,21.1,1.9,1.1,16.8,2.2,5.2,28.5,12.05,,,,21-149,"Dec 20, 2021",A_name_brand,high,Vibe (new),Hooligan Discs,"Feb 15, 2024",24-29,,21.1,1.7,1.1,16.6,2.2,5.2,175.1,,12.16,28.50,,Hooligan Discs,no
1064,View,Yikun,Fairway Driver,17,7,6,-3.5,1,Very Understable,https://www.marshallstreetdiscgolf.com/?cat_ids%5B%5D=1037&post_type=product&s=view&variation_toggle=1,https://s3.amazonaws.com/media.marshallstreetdiscgolf.com/inbounds/0660827.webp,view,yikun,control-driver,very-understable,#006A6E,#FF6F8C,,,,,,,,,,,,,,,B_name_unique,medium,View (视),Yikun Discs,"Jan 16, 2013",13-76,,21.1,2.0,1.2,17.6,1.7,5.7,175.1,,9.98,32.75,,Yikun Discs,yes
1065,Vigil,Crosslap,Fairway Driver,17,8,6,-2,2,Understable,https://www.marshallstreetdiscgolf.com/?s=Vigil&post_type=product,https://s3.amazonaws.com/media.marshallstreetdiscgolf.com/inbounds/0000113.webp,vigil,crosslap,control-driver,understable,#FF190C,#88BE47,,,,,,,,,,,,,,,B_name_unique,medium,Vigil,Crosslap Disc Golf Parks,"Dec 5, 2019",19-76,,21.7,1.5,1.1,17.9,1.9,5.1,180.1,,7.39,32.50,,Crosslap Disc Golf Parks,yes
1066,Viking,Innova,Fairway Driver,17,9,4,-1,2,Understable,https://www.marshallstreetdiscgolf.com/?s=viking&post_type=product,https://s3.amazonaws.com/media.marshallstreetdiscgolf.com/inbounds/5697269.webp,viking,innova,control-driver,understable,#2A290E,#F3EB09,,,,,,,,,,,,,,,A_name_brand,high,Viking,Innova Champion Discs,"Jun 2, 2003",03-10,,21.2,1.4,1.1,17.4,1.9,5.2,176.0,,7.48,30.75,,Innova Champion Discs,no
1067,Viper,Innova,Fairway Driver,17,6,4,1,5,Very Overstable,https://www.marshallstreetdiscgolf.com/?s=viper&post_type=product,https://s3.amazonaws.com/media.marshallstreetdiscgolf.com/inbounds/0782502.webp,viper,innova,control-driver,very-overstable,#2A290E,#F3EB09,,,,,,,,,,,,,,,A_name_brand,high,Viper,Innova Champion Discs,"Dec 3, 1991",91-07,,21.7,2.0,1.3,18.5,1.6,6.0,180.1,,8.51,29.25,,Innova Champion Discs,no
1068,Virus,Axiom Discs,Fairway Driver,17,9,5,-3.5,1,Understable,https://www.marshallstreetdiscgolf.com/?s=virus&post_type=product,https://s3.amazonaws.com/media.marshallstreetdiscgolf.com/inbounds/4645289.webp,virus,axiom-discs,control-driver,understable,#000000,#FF9595,176,21.2,1.4,1.1,17,2,5.2,29.5,7.94,,,,14-96,"Dec 19, 2014",A_name_brand,high,Virus,Axiom Discs,"Dec 19, 2014",14-96,,21.2,1.4,1.1,17.0,2.0,5.2,176.0,,7.94,29.50,,Axiom Discs,no
1069,Volt,MVP,Fairway Driver,17,8,5,-0.5,2,Stable,https://www.marshallstreetdiscgolf.com/?s=volt&post_type=product,https://s3.amazonaws.com/media.marshallstreetdiscgolf.com/inbounds/8675309.webp,volt,mvp,control-driver,stable,#000000,#9BF2FF,,,,,,,,,,,,,,,A_name_brand,high,Volt,MVP Disc Sports,"Jul 2, 2012",12-33,,21.1,1.6,1.1,17.1,2.0,5.2,175.1,,10.09,28.25,,MVP Disc Sports,no
1070,Voodoo,Gateway,Putter,19,2,3,0,0,Stable,https://www.marshallstreetdiscgolf.com/?s=voodoo&post_type=product,https://s3.amazonaws.com/media.marshallstreetdiscgolf.com/inbounds/1224139.webp,voodoo,gateway,putter,stable,#FFFFFF,#A66A17,,,,,,,,,,,,,,,A_name_brand,high,Voodoo,Gateway Disc Sports,"Mar 31, 2009",09-10,,21.1,2.1,1.6,19.1,1.0,7.6,175.1,,3.52,62.00,,Gateway Disc Sports,no
1071,Vortex,DGA,Fairway Driver,17,7,6,-2,1,Understable,https://www.marshallstreetdiscgolf.com/?s=Vortex&post_type=product,https://s3.amazonaws.com/media.marshallstreetdiscgolf.com/inbounds/0000144.webp,vortex,dga,control-driver,understable,#2876FF,#272727,,,,,,,,,,,,,,,C_name_ambiguous,needs_review,,,,,,,,,,,,,,,,,,
1072,Votum,Thought Space Athletics,Fairway Driver,17,7,5,0,3,Overstable,https://www.marshallstreetdiscgolf.com/?s=Votum&post_type=product,https://s3.amazonaws.com/media.marshallstreetdiscgolf.com/inbounds/0000189.webp,votum,thought-space-athletics,control-driver,overstable,#000000,#FF770E,176,21.2,1.7,1.2,17.5,1.8,5.7,36.25,11.36,,,,21-28,"Mar 10, 2021",A_name_brand,high,Votum,Thought Space Athletics,"Mar 10, 2021",21-28,,21.2,1.7,1.2,17.5,1.8,5.7,176.0,,11.36,36.25,,Thought Space Athletics,no
1073,Vulcan,Innova,Distance Driver,15,13,5,-4,2,Very Understable,https://www.marshallstreetdiscgolf.com/?s=vulcan&post_type=product,https://s3.amazonaws.com/media.marshallstreetdiscgolf.com/inbounds/6833107.webp,vulcan,innova,distance-driver,very-understable,#2A290E,#F3EB09,,,,,,,,,,,,,,,A_name_brand,high,Vulcan,Innova Champion Discs,"Dec 9, 2010",10-39,,21.2,1.4,1.1,16.4,2.4,5.2,176.0,,11.00,27.25,,Innova Champion Discs,no
1074,Vulture,Discraft,Control Driver,16,10,5,0,2,Overstable,https://www.marshallstreetdiscgolf.com/?s=VULTURE&post_type=product,https://s3.amazonaws.com/media.marshallstreetdiscgolf.com/inbounds/6833199.webp,vulture,discraft,hybrid-driver,overstable,#FF3737,#000000,177.6,21.4,1.6,1.2,17.8,1.8,5.6,33.5,10.89,,,,18-97,"Feb 26, 2018",A_name_brand,high,Vulture,Discraft,"Feb 26, 2018",18-97,,21.4,1.6,1.2,17.8,1.8,5.6,177.6,,10.89,33.50,,Discraft,no
1075,Waco,Prodigy,Midrange,18,5,5,0,1,Understable,https://www.marshallstreetdiscgolf.com/?s=waco&post_type=product,https://s3.amazonaws.com/media.marshallstreetdiscgolf.com/inbounds/0000496.webp,waco,prodigy,midrange,understable,#000000,#10A259,,,,,,,,,,,,,,,A_name_brand,high,Waco,Prodigy Disc,"Feb 5, 2024",24-15,,21.7,1.7,1.4,19.1,1.3,6.5,180.1,,6.14,35.50,,Prodigy Disc,no
1076,Wahoo,Innova,Distance Driver,15,12,6,-2,2,Understable,https://www.marshallstreetdiscgolf.com/?s=wahoo&post_type=product,https://s3.amazonaws.com/media.marshallstreetdiscgolf.com/inbounds/5402367.webp,wahoo,innova,distance-driver,understable,#2A290E,#F3EB09,,,,,,,,,,,,,,,A_name_brand,high,Wahoo,Innova Champion Discs,"Nov 19, 2010",10-37,,21.0,2.0,1.2,16.1,2.4,5.7,174.3,,10.21,33.25,,Innova Champion Discs,no
1077,Walker,Lone Star Discs,Midrange,18,5,3,0,4,Very Overstable,https://www.marshallstreetdiscgolf.com/?s=Walker&post_type=product,https://s3.amazonaws.com/media.marshallstreetdiscgolf.com/inbounds/0000205.webp,walker,lone-star-discs,midrange,very-overstable,#FFA5EA,#6B834B,,,,,,,,,,,,,,,B_name_unique,medium,Walker,Lone Star Disc,"May 9, 2022",22-78,,21.4,1.7,1.2,18.6,1.4,5.6,177.6,,5.80,34.50,,Lone Star Disc,yes
1078,Wall Cloud,Storm,Midrange,18,5,5,0,3,Overstable,https://www.marshallstreetdiscgolf.com/?s=Wall+Cloud&post_type=product,https://s3.amazonaws.com/media.marshallstreetdiscgolf.com/inbounds/0000180.webp,wall-cloud,storm,midrange,overstable,#FFF417,#7010B9,,,,,,,,,,,,,,,B_name_unique,medium,Wall Cloud,Storm Disc Golf,"Jun 23, 2020",20-54,,21.9,2.1,1.3,18.8,1.5,5.9,181.8,,8.41,31.25,,Storm Disc Golf,yes
1079,Walrus,Daredevil Discs,Midrange,18,4,5,0,3,Overstable,https://www.marshallstreetdiscgolf.com/?s=walrus&post_type=product,https://s3.amazonaws.com/media.marshallstreetdiscgolf.com/inbounds/9019017.webp,walrus,daredevil-discs,midrange,overstable,#FFFFFF,#515151,180.9,21.8,1.9,1.2,19.3,1.3,5.5,48.75,1.81,,,,16-35,"Apr 21, 2016",A_name_brand,high,Walrus,Daredevil Discs,"Apr 21, 2016",16-35,,21.8,1.9,1.2,19.3,1.3,5.5,180.9,,1.81,48.75,,Daredevil Discs,no
1080,Wand,Gateway,Putter,19,1,7,0,1,Stable,,,wand,gateway,putter,stable,#FFFFFF,#A66A17,,,,,,,,,,,,,,,A_name_brand,high,Wand,Gateway Disc Sports,"Oct 13, 2025",25-160,,21.4,2.2,1.6,19.6,0.9,7.5,177.6,,9.09,83.75,,Gateway Disc Sports,no
1081,War Horse,Westside Discs,Distance Driver,15,13,4,0,4,Very Overstable,https://www.marshallstreetdiscgolf.com/?s=warhorse&post_type=product,https://s3.amazonaws.com/media.marshallstreetdiscgolf.com/inbounds/9019099.webp,war-horse,westside-discs,distance-driver,very-overstable,#FFFFFF,#014E13,,,,,,,,,,,,,,,B_name_unique,medium,War Horse,Westside Golf Discs,"Feb 8, 2018",18-20,,21.1,1.6,1.2,16.6,2.2,5.7,175.1,,12.02,28.00,,Westside Golf Discs,yes
1082,War Spear,Gateway,Putter,19,3,3,0,2,Overstable,https://www.marshallstreetdiscgolf.com/?s=War+Spear&post_type=product,https://s3.amazonaws.com/media.marshallstreetdiscgolf.com/inbounds/2079720.webp,war-spear,gateway,putter,overstable,#FFFFFF,#A66A17,,,,,,,,,,,,,,,unmatched,none,,,,,,,,,,,,,,,,,,
1083,Warant,Dynamic Discs,Midrange,18,5,5,-2,0,Understable,https://www.marshallstreetdiscgolf.com/product/lucid-warrant,https://s3.amazonaws.com/media.marshallstreetdiscgolf.com/inbounds/2504592.webp,warant,dynamic-discs,midrange,understable,#FFFFFF,#0082F4,,,,,,,,,,,,,,,unmatched,none,,,,,,,,,,,,,,,,,,
1084,Warbird,Lone Star Discs,Distance Driver,15,12,6,-1,3,Stable,https://www.marshallstreetdiscgolf.com/?s=Warbird&post_type=product,https://s3.amazonaws.com/media.marshallstreetdiscgolf.com/inbounds/0000155.webp,warbird,lone-star-discs,distance-driver,stable,#FFA5EA,#6B834B,,,,,,,,,,,,,,,B_name_unique,medium,Warbird,Lone Star Disc,"Feb 21, 2022",22-27,,21.1,1.9,1.2,16.5,2.3,5.7,175.1,,8.52,26.00,,Lone Star Disc,yes
1085,Warden,Dynamic Discs,Putter,19,2,4,0,0.5,Stable,https://www.marshallstreetdiscgolf.com/?s=warden&post_type=product,https://s3.amazonaws.com/media.marshallstreetdiscgolf.com/inbounds/9019019.webp,warden,dynamic-discs,putter,stable,#FFFFFF,#0082F4,176,21.2,2,1.5,19.1,1.1,7.1,66.25,4.65,,,,13-64,"Oct 14, 2013",A_name_brand,high,Warden,Dynamic Discs,"Oct 14, 2013",13-64,,21.2,2.0,1.5,19.1,1.1,7.1,176.0,,4.65,66.25,,Dynamic Discs,no
1086,Warlock,Gateway,Putter,19,2,3,0,1,Stable,https://www.marshallstreetdiscgolf.com/?s=warlock&post_type=product,https://s3.amazonaws.com/media.marshallstreetdiscgolf.com/inbounds/8652258.webp,warlock,gateway,putter,stable,#FFFFFF,#A66A17,,,,,,,,,,,,,,,A_name_brand,high,Warlock,Gateway Disc Sports,"Mar 8, 2007",07-16,,21.1,2.3,1.6,19.1,1.0,7.6,175.1,,6.46,56.25,,Gateway Disc Sports,no
1087,Warrior (Gateway),Gateway,Midrange,18,5,4,0,3,Overstable,https://www.marshallstreetdiscgolf.com/?s=warrior&post_type=product,https://s3.amazonaws.com/media.marshallstreetdiscgolf.com/inbounds/2504593.webp,warrior-gateway,gateway,midrange,overstable,#FFFFFF,#A66A17,,,,,,,,,,,,,,,A_name_brand,high,Warrior (old),Gateway Disc Sports,"Oct 20, 1999",99-12,,21.0,2.1,1.2,17.6,1.7,5.7,174.3,,11.79,33.50,,Gateway Disc Sports,no
1088,Warrior (Viking),Viking,Midrange,18,4,4,0,2,Stable,https://www.marshallstreetdiscgolf.com/?s=warrior&post_type=product,https://s3.amazonaws.com/media.marshallstreetdiscgolf.com/inbounds/3641119.webp,warrior-viking,viking,midrange,stable,#000000,#04F40C,,,,,,,,,,,,,,,C_name_ambiguous,needs_review,,,,,,,,,,,,,,,,,,
1089,Warship,Westside Discs,Midrange,18,5,6,0,1,Stable,https://www.marshallstreetdiscgolf.com/?s=warship&post_type=product,https://s3.amazonaws.com/media.marshallstreetdiscgolf.com/inbounds/3655161.webp,warship,westside-discs,midrange,stable,#FFFFFF,#014E13,,,,,,,,,,,,,,,B_name_unique,medium,Warship (Pursi1),Westside Golf Discs,"Dec 11, 2011",11-47,,21.7,2.1,1.3,18.9,1.4,6.0,180.1,,8.05,31.00,,Westside Golf Discs,yes
1090,Wasp,Discraft,Midrange,18,5,3,0,2,Overstable,https://www.marshallstreetdiscgolf.com/?s=wasp&post_type=product,https://s3.amazonaws.com/media.marshallstreetdiscgolf.com/inbounds/3449546.webp,wasp,discraft,midrange,overstable,#FF3737,#000000,179.3,21.6,1.8,1.3,19.2,1.2,6,37,8.39,,,,02-13,"Sep 29, 2002",A_name_brand,high,Wasp,Discraft,"Sep 29, 2002",02-13,,21.6,1.8,1.3,19.2,1.2,6.0,179.3,,8.39,37.00,,Discraft,no
1091,Watt,MVP,Putter,19,2,5,-0.5,0.5,Stable,https://www.marshallstreetdiscgolf.com/?s=watt&post_type=product,https://s3.amazonaws.com/media.marshallstreetdiscgolf.com/inbounds/0000344.webp,watt,mvp,putter,stable,#000000,#9BF2FF,,,,,,,,,,,,,,,A_name_brand,high,Watt,MVP Disc Sports,"Mar 21, 2022",21-40,,21.2,1.8,1.5,19.0,1.1,7.1,176.0,,5.91,67.50,,MVP Disc Sports,no
1092,Wave,MVP,Control Driver,16,11,5,-2,2,Understable,https://www.marshallstreetdiscgolf.com/?s=wave&post_type=product,https://s3.amazonaws.com/media.marshallstreetdiscgolf.com/inbounds/3449547.webp,wave,mvp,hybrid-driver,understable,#000000,#9BF2FF,,,,,,,,,,,,,,,A_name_brand,high,Wave,MVP Disc Sports,"Feb 6, 2015",15-04,,21.1,1.4,1.1,16.6,2.2,5.2,175.1,,11.00,29.25,,MVP Disc Sports,no
1093,Weapon,Birdie,Fairway Driver,17,8,5,0,2.5,Overstable,https://www.marshallstreetdiscgolf.com/?s=weapon&post_type=product,https://s3.amazonaws.com/media.marshallstreetdiscgolf.com/inbounds/0000480.webp,weapon,birdie,control-driver,overstable,#1D096C,#FFB381,175.1,21.1,1.4,1.1,17.5,1.9,5.2,43,9.89,,,,22-173,"Oct 10, 2022",A_name_brand,high,Weapon,Birdie,"Oct 10, 2022",22-173,,21.1,1.4,1.1,17.5,1.9,5.2,175.1,,9.89,43.00,,Birdie,no
1094,Wedge,Innova,Putter,19,3.5,3,-3,1,Very Understable,https://www.marshallstreetdiscgolf.com/?s=Wedge&post_type=product,https://s3.amazonaws.com/media.marshallstreetdiscgolf.com/inbounds/4077898.webp,wedge,innova,putter,very-understable,#2A290E,#F3EB09,,,,,,,,,,,,,,,A_name_brand,high,Wedge,Innova Champion Discs,"Dec 9, 2010",10-41,,21.2,1.7,1.2,19.2,1.0,5.7,176.0,,4.99,47.25,,Innova Champion Discs,no
1095,Wei,Yikun,Control Driver,16,10,5,-2.5,2,Understable,https://www.marshallstreetdiscgolf.com/?s=wei&post_type=product,https://s3.amazonaws.com/media.marshallstreetdiscgolf.com/inbounds/4077899.webp,wei,yikun,hybrid-driver,understable,#006A6E,#FF6F8C,,,,,,,,,,,,,,,B_name_unique,medium,Wei (精卫),Yikun Discs,"Aug 26, 2014",14-69,,21.1,1.7,1.1,17.1,2.0,5.2,175.1,,10.55,30.25,,Yikun Discs,yes
1096,Whale,Innova,Putter,19,2,3,0,1,Stable,https://www.marshallstreetdiscgolf.com/?s=whale&post_type=product,https://s3.amazonaws.com/media.marshallstreetdiscgolf.com/inbounds/0978689.webp,whale,innova,putter,stable,#2A290E,#F3EB09,,,,,,,,,,,,,,,A_name_brand,high,Whale,Innova Champion Discs,"Dec 7, 2014",14-90,,21.1,2.0,1.5,19.0,1.0,7.1,175.1,,8.50,75.25,,Innova Champion Discs,no
1097,Whippet,Innova,Fairway Driver,17,6,3,1,5,Very Overstable,https://www.marshallstreetdiscgolf.com/?s=whippet&post_type=product,https://s3.amazonaws.com/media.marshallstreetdiscgolf.com/inbounds/0978690.webp,whippet,innova,control-driver,very-overstable,#2A290E,#F3EB09,,,,,,,,,,,,,,,A_name_brand,high,Whippet,Innova Champion Discs,"Feb 7, 1992",92-02,,21.2,1.9,1.3,17.8,1.7,6.1,176.0,,12.25,26.00,,Innova Champion Discs,no
1098,Wild Honey,Clash Discs,Distance Driver,15,12,5,-2,2,Understable,https://www.marshallstreetdiscgolf.com/?s=Honey&post_type=product,https://s3.amazonaws.com/media.marshallstreetdiscgolf.com/inbounds/0000237.webp,wild-honey,clash-discs,distance-driver,understable,#FF93E9,#2516FF,174.3,21,1.8,1.1,16.4,2.3,5.2,27.5,11.14,,,,22-117,"Jul 1, 2022",A_name_brand,high,Wild Honey,Clash Discs,"Jul 1, 2022",22-117,,21.0,1.8,1.1,16.4,2.3,5.2,174.3,,11.14,27.50,,Clash Discs,no
1099,Wild Thing,Jester Disc Golf,Approach Discs,20,3,3,0,2.5,Overstable,https://www.marshallstreetdiscgolf.com/?s=wild+thing&post_type=product,https://s3.amazonaws.com/media.marshallstreetdiscgolf.com/inbounds/0000459.webp,wild-thing,jester-disc-golf,approach-discs,overstable,#FFF172,#0E887C,176,21.2,1.9,1.5,18.8,1.2,7.1,68.75,11.59,,,,24-112,"May 27, 2024",A_name_brand,high,Wild Thing,Jester Disc Golf,"May 27, 2024",24-112,,21.2,1.9,1.5,18.8,1.2,7.1,176.0,,11.59,68.75,,Jester Disc Golf,no
1100,Wildcat,Discraft,Distance Driver,15,11,5,-2,3,Understable,https://www.marshallstreetdiscgolf.com/product/photon-uv-wildcat,https://s3.amazonaws.com/media.marshallstreetdiscgolf.com/inbounds/9313639.webp,wildcat,discraft,distance-driver,understable,#FF3737,#000000,176.8,21.3,1.5,1.2,17.5,1.9,5.6,27.25,10.21,,,,02-08,"May 29, 2002",A_name_brand,high,Wildcat,Discraft,"May 29, 2002",02-08,,21.3,1.5,1.2,17.5,1.9,5.6,176.8,,10.21,27.25,,Discraft,no
1101,Wings,Yikun,Putter,19,3,3,0,2,Overstable,https://www.marshallstreetdiscgolf.com/?s=wings&post_type=product,https://s3.amazonaws.com/media.marshallstreetdiscgolf.com/inbounds/0330827.webp,wings,yikun,putter,overstable,#006A6E,#FF6F8C,,,,,,,,,,,,,,,B_name_unique,medium,Wings (翼),Yikun Discs,"Mar 9, 2014",14-19,,21.2,1.8,1.2,19.2,1.0,5.7,176.0,,7.48,56.75,,Yikun Discs,yes
1102,Witness,Dynamic Discs,Fairway Driver,17,8,6,-3,1,Understable,https://www.marshallstreetdiscgolf.com/?s=witness&post_type=product,https://s3.amazonaws.com/media.marshallstreetdiscgolf.com/inbounds/1802014.webp,witness,dynamic-discs,control-driver,understable,#FFFFFF,#0082F4,175.1,21.1,1.8,1.1,17.3,1.9,5.2,32.25,8.85,,,,14-10,"Feb 17, 2014",A_name_brand,high,Witness,Dynamic Discs,"Feb 17, 2014",14-10,,21.1,1.8,1.1,17.3,1.9,5.2,175.1,,8.85,32.25,,Dynamic Discs,no
1103,Wizard,Gateway,Putter,19,2,3,0,2,Overstable,https://www.marshallstreetdiscgolf.com/?s=wizard&post_type=product,https://s3.amazonaws.com/media.marshallstreetdiscgolf.com/inbounds/6140857.webp,wizard,gateway,putter,overstable,#FFFFFF,#A66A17,,,,,,,,,,,,,,,A_name_brand,high,Wizard,Gateway Disc Sports,"Jan 9, 2002",02-01,,21.0,2.1,1.8,19.0,1.0,8.6,174.3,,10.43,59.25,,Gateway Disc Sports,no
1104,Wolf,Innova,Midrange,18,4,3,-4,1,Very Understable,https://www.marshallstreetdiscgolf.com/?s=wolf&post_type=product,https://s3.amazonaws.com/media.marshallstreetdiscgolf.com/inbounds/0520179.webp,wolf,innova,midrange,very-understable,#2A290E,#F3EB09,,,,,,,,,,,,,,,A_name_brand,high,Wolf,Innova Champion Discs,"Feb 14, 1999",99-03,,21.8,1.6,1.1,19.4,1.2,5.5,180.9,,6.35,30.25,,Innova Champion Discs,no
1105,Wolverine,Daredevil Discs,Fairway Driver,17,9,5,-2,2,Overstable,https://www.marshallstreetdiscgolf.com/product/wolverine,https://s3.amazonaws.com/media.marshallstreetdiscgolf.com/inbounds/9234286.webp,wolverine,daredevil-discs,control-driver,overstable,#FFFFFF,#515151,176,21.2,1.8,1.2,17.5,1.8,5.7,27.5,10.32,,,,07-07,"Jan 19, 2007",A_name_brand,high,Wolverine,Daredevil Discs,"Jan 19, 2007",07-07,,21.2,1.8,1.2,17.5,1.8,5.7,176.0,,10.32,27.50,,Daredevil Discs,no
1106,Wombat3,Innova,Midrange,18,5,6,-1,0,Understable,https://www.marshallstreetdiscgolf.com/?s=wombat3&post_type=product,https://s3.amazonaws.com/media.marshallstreetdiscgolf.com/inbounds/2000352.webp,wombat3,innova,midrange,understable,#2A290E,#F3EB09,,,,,,,,,,,,,,,A_name_brand,high,Wombat3,Innova Champion Discs,"Mar 8, 2017",17-20,,21.8,2.0,1.4,18.9,1.4,6.4,180.9,,7.26,30.00,,Innova Champion Discs,no
1107,Woodchuck,Daredevil Discs,Putter,19,2,2,-1,0,Understable,https://www.marshallstreetdiscgolf.com/?s=woodchuck&post_type=product,https://s3.amazonaws.com/media.marshallstreetdiscgolf.com/inbounds/2700353.webp,woodchuck,daredevil-discs,putter,understable,#FFFFFF,#515151,176,21.2,2,1.5,19.3,0.9,7.1,64,1.81,,,,07-08,"Jan 19, 2007",A_name_brand,high,Woodchuck,Daredevil Discs,"Jan 19, 2007",07-08,,21.2,2.0,1.5,19.3,0.9,7.1,176.0,,1.81,64.00,,Daredevil Discs,no
1108,World,Westside Discs,Distance Driver,15,14,4,-0.5,3,Overstable,https://www.marshallstreetdiscgolf.com/?s=world&post_type=product,https://s3.amazonaws.com/media.marshallstreetdiscgolf.com/inbounds/1110111.webp,world,westside-discs,distance-driver,overstable,#FFFFFF,#014E13,,,,,,,,,,,,,,,B_name_unique,medium,World (Maailma1),Westside Golf Discs,"Oct 28, 2013",13-70,,21.2,1.6,1.2,16.3,2.4,5.7,176.0,,10.55,28.00,,Westside Golf Discs,yes
1109,Wraith,Innova,Control Driver,16,11,5,-1,3,Overstable,https://www.marshallstreetdiscgolf.com/?s=wraith&post_type=product,https://s3.amazonaws.com/media.marshallstreetdiscgolf.com/inbounds/8613388.webp,wraith,innova,hybrid-driver,overstable,#2A290E,#F3EB09,,,,,,,,,,,,,,,A_name_brand,high,Wraith,Innova Champion Discs,"Aug 15, 2005",05-15,,21.1,1.4,1.2,16.9,2.1,5.7,175.1,,8.85,26.75,,Innova Champion Discs,no
1110,Wrangler,Lone Star Discs,Fairway Driver,17,9,5,-1,2,Stable,https://www.marshallstreetdiscgolf.com/?s=Wrangler&post_type=product,https://s3.amazonaws.com/media.marshallstreetdiscgolf.com/inbounds/0000428.webp,wrangler,lone-star-discs,control-driver,stable,#FFA5EA,#6B834B,,,,,,,,,,,,,,,B_name_unique,medium,Wrangler,Lone Star Disc,"Nov 13, 2023",23-257,,21.2,1.7,1.2,17.2,2.0,5.7,176.0,,9.09,28.25,,Lone Star Disc,yes
1111,Wrath,Axiom Discs,Control Driver,16,9,4.5,-0.5,2,Overstable,https://www.marshallstreetdiscgolf.com/?s=wrath&post_type=product,https://s3.amazonaws.com/media.marshallstreetdiscgolf.com/inbounds/8613389.webp,wrath,axiom-discs,hybrid-driver,overstable,#000000,#FF9595,175.1,21.1,1.4,1.1,17,2,5.2,30.25,8.05,,,,14-97,"Dec 19, 2014",A_name_brand,high,Wrath,Axiom Discs,"Dec 19, 2014",14-97,,21.1,1.4,1.1,17.0,2.0,5.2,175.1,,8.05,30.25,,Axiom Discs,no
1112,Wren,Stokely Discs,Putter,19,3,3.5,-0.5,1,Stable,https://www.marshallstreetdiscgolf.com/?s=wren&post_type=product,https://s3.amazonaws.com/media.marshallstreetdiscgolf.com/inbounds/0000461.webp,wren,stokely-discs,putter,stable,#FBE311,#37B2DF,175.1,21.1,2,1.4,18.9,1.1,6.6,63.5,6.14,,,,24-31,"Feb 19, 2024",A_name_brand,high,Wren,Stokely Discs,"Feb 19, 2024",24-31,,21.1,2.0,1.4,18.9,1.1,6.6,175.1,,6.14,63.50,,Stokely Discs,no
1113,Wyrm,Divergent,Fairway Driver,17,9,2,0,5,Very Overstable,https://www.marshallstreetdiscgolf.com/?s=Wyrm&post_type=product,https://s3.amazonaws.com/media.marshallstreetdiscgolf.com/inbounds/0000402.webp,wyrm,divergent,control-driver,very-overstable,#151FFF,#D8FFD9,,,,,,,,,,,,,,,B_name_unique,medium,Wyrm,Divergent Discs,"Dec 11, 2023",23-271,,21.3,1.5,1.1,17.4,1.9,5.2,176.8,,2.39,31.25,,Divergent Discs,yes
1114,X2,Prodigy,Distance Driver,15,12,5,0,2,Stable,https://www.marshallstreetdiscgolf.com/?cat_ids%5B%5D=6&post_type=product&s=x2&variation_toggle=1,https://s3.amazonaws.com/media.marshallstreetdiscgolf.com/inbounds/2121380.webp,x2,prodigy,distance-driver,stable,#000000,#10A259,,,,,,,,,,,,,,,A_name_brand,high,X2,Prodigy Disc,"Apr 3, 2017",17-38,,21.1,1.8,1.1,16.6,2.2,5.2,175.1,,8.16,26.00,,Prodigy Disc,no
1115,X3,Prodigy,Distance Driver,15,12,6,-1,2,Stable,https://www.marshallstreetdiscgolf.com/?cat_ids%5B%5D=6&post_type=product&s=x3&variation_toggle=1,https://s3.amazonaws.com/media.marshallstreetdiscgolf.com/inbounds/2121381.webp,x3,prodigy,distance-driver,stable,#000000,#10A259,,,,,,,,,,,,,,,A_name_brand,high,X3,Prodigy Disc,"Jun 11, 2017",17-72,,21.1,1.7,1.1,16.6,2.2,5.2,175.1,,8.73,30.50,,Prodigy Disc,no
1116,X4,Prodigy,Distance Driver,15,12,6,-2,2,Understable,https://www.marshallstreetdiscgolf.com/?cat_ids%5B%5D=6&post_type=product&s=x4&variation_toggle=1,https://s3.amazonaws.com/media.marshallstreetdiscgolf.com/inbounds/2121382.webp,x4,prodigy,distance-driver,understable,#000000,#10A259,,,,,,,,,,,,,,,A_name_brand,high,X4,Prodigy Disc,"Apr 21, 2017",17-63,,21.2,1.7,1.1,16.6,2.3,5.2,176.0,,9.30,27.00,,Prodigy Disc,no
1117,X5,Prodigy,Distance Driver,15,12,6,-3,2,Understable,https://www.marshallstreetdiscgolf.com/?s=%22X5%22&post_type=product,https://s3.amazonaws.com/media.marshallstreetdiscgolf.com/inbounds/2121383.webp,x5,prodigy,distance-driver,understable,#000000,#10A259,,,,,,,,,,,,,,,A_name_brand,high,X5,Prodigy Disc,"Apr 3, 2017",17-39,,21.1,1.9,1.1,16.6,2.2,5.2,175.1,,7.94,28.25,,Prodigy Disc,no
1118,XCaliber,Innova,Distance Driver,15,12,5,0,4,Overstable,https://www.marshallstreetdiscgolf.com/?s=xcaliber&post_type=product,https://s3.amazonaws.com/media.marshallstreetdiscgolf.com/inbounds/4214852.webp,xcaliber,innova,distance-driver,overstable,#2A290E,#F3EB09,,,,,,,,,,,,,,,A_name_brand,high,XCaliber,Innova Champion Discs,"Mar 13, 2008",08-09,,21.1,1.6,1.2,16.4,2.3,5.7,175.1,,8.85,29.50,,Innova Champion Discs,no
1119,XD,Innova,Putter,19,3,4,-1,1,Understable,https://www.marshallstreetdiscgolf.com/?s=xd&post_type=product,https://s3.amazonaws.com/media.marshallstreetdiscgolf.com/inbounds/2075882.webp,xd,innova,putter,understable,#2A290E,#F3EB09,,,,,,,,,,,,,,,unmatched,none,,,,,,,,,,,,,,,,,,
1120,XL,Discraft,Fairway Driver,17,7,4,-2,1,Stable,https://www.marshallstreetdiscgolf.com/?s=xl&post_type=product,https://s3.amazonaws.com/media.marshallstreetdiscgolf.com/inbounds/0339437.webp,xl,discraft,control-driver,stable,#FF3737,#000000,175.1,21.1,2.1,1.2,17.7,1.7,5.7,32.25,8.52,,,,98-04,"Apr 3, 1998",A_name_brand,high,XL,Discraft,"Apr 3, 1998",98-04,,21.1,2.1,1.2,17.7,1.7,5.7,175.1,,8.52,32.25,,Discraft,no
1121,XS,Discraft,Fairway Driver,17,8,5,0,3,Overstable,https://www.marshallstreetdiscgolf.com/?cat_ids%5B%5D=114&post_type=product&s=xs&variation_toggle=1,https://s3.amazonaws.com/media.marshallstreetdiscgolf.com/inbounds/8893223.webp,xs,discraft,control-driver,overstable,#FF3737,#000000,175.1,21.1,1.8,1.2,17.6,1.8,5.7,27.5,8.51,,,,00-12,"Sep 4, 2000",A_name_brand,high,XS,Discraft,"Sep 4, 2000",00-12,,21.1,1.8,1.2,17.6,1.8,5.7,175.1,,8.51,27.50,,Discraft,no
1122,XXX,Latitude 64,Fairway Driver,17,7,3,0,4,Very Overstable,https://www.marshallstreetdiscgolf.com/?s=xxx&post_type=product,https://s3.amazonaws.com/media.marshallstreetdiscgolf.com/inbounds/7570434.webp,xxx,latitude-64,control-driver,very-overstable,#FFFFFF,#F40909,178.5,21.5,1.5,1.1,17.5,2,5.1,32.5,12.02,,,,08-33,"Nov 21, 2008",A_name_brand,high,XXX,Latitude 64,"Nov 21, 2008",08-33,,21.5,1.5,1.1,17.5,2.0,5.1,178.5,,12.02,32.50,,Latitude 64,no
1123,Xenon,Løft Discs,Fairway Driver,17,9,3,0,4,Very Overstable,https://www.marshallstreetdiscgolf.com/?s=Xenon&post_type=product,https://s3.amazonaws.com/media.marshallstreetdiscgolf.com/inbounds/0000317.webp,xenon,løft-discs,control-driver,very-overstable,#000000,#9B90FF,175.1,21.1,1.5,1.2,17.1,2,5.7,27,10.23,,,,22-197,"Nov 14, 2022",A_name_brand,high,Xenon,Løft Discs,"Nov 14, 2022",22-197,,21.1,1.5,1.2,17.1,2.0,5.7,175.1,,10.23,27.00,,Løft Discs,no
1124,Xero,Innova,Putter,19,2,3,0,0,Stable,https://www.marshallstreetdiscgolf.com/?s=xero&post_type=product,https://s3.amazonaws.com/media.marshallstreetdiscgolf.com/inbounds/0000201.webp,xero,innova,putter,stable,#2A290E,#F3EB09,,,,,,,,,,,,,,,A_name_brand,high,Xero,Innova Champion Discs,"Nov 22, 2021",21-126,,21.2,2.0,1.5,19.2,1.0,7.1,176.0,,8.98,68.75,,Innova Champion Discs,no
1125,Xing,Yikun,Putter,19,2,4,0,1,Stable,https://www.marshallstreetdiscgolf.com/?s=xing&post_type=product,https://s3.amazonaws.com/media.marshallstreetdiscgolf.com/inbounds/0000093.webp,xing,yikun,putter,stable,#006A6E,#FF6F8C,,,,,,,,,,,,,,,unmatched,none,,,,,,,,,,,,,,,,,,
1126,Xpress,Discraft,Fairway Driver,17,8,5,-3,1,Understable,https://www.marshallstreetdiscgolf.com/?s=xpress&post_type=product,https://s3.amazonaws.com/media.marshallstreetdiscgolf.com/inbounds/3860633.webp,xpress,discraft,control-driver,understable,#FF3737,#000000,175.1,21.1,1.8,1.2,17.6,1.7,5.7,28,9.64,,,,00-15,"Dec 5, 2000",A_name_brand,high,Xpress,Discraft,"Dec 5, 2000",00-15,,21.1,1.8,1.2,17.6,1.7,5.7,175.1,,9.64,28.00,,Discraft,no
1127,Xtreme,Discraft,Fairway Driver,17,6,3,1,4,Very Overstable,https://www.marshallstreetdiscgolf.com/?s=xtreme&post_type=product,https://s3.amazonaws.com/media.marshallstreetdiscgolf.com/inbounds/2040913.webp,xtreme,discraft,control-driver,very-overstable,#FF3737,#000000,174.3,21,1.9,1.2,17.7,1.7,5.7,29,8.16,,,,00-02,"Jan 1, 2000",A_name_brand,high,Xtreme,Discraft,"Jan 1, 2000",00-02,,21.0,1.9,1.2,17.7,1.7,5.7,174.3,,8.16,29.00,,Discraft,no
1128,Yan,Yikun,Midrange,18,3,6,0,0,Understable,https://www.marshallstreetdiscgolf.com/?s=Yan&post_type=product,https://s3.amazonaws.com/media.marshallstreetdiscgolf.com/inbounds/0000094.webp,yan,yikun,midrange,understable,#006A6E,#FF6F8C,,,,,,,,,,,,,,,unmatched,none,,,,,,,,,,,,,,,,,,
1129,Yang,EV-7,Putter,19,1,2,0,2,Overstable,https://www.marshallstreetdiscgolf.com/?s=yang&post_type=product,https://s3.amazonaws.com/media.marshallstreetdiscgolf.com/inbounds/0000094.webp,yang,ev-7,putter,overstable,#FFFFFF,#111397,176,21.2,2,1.4,19,1.1,6.6,56,9.66,,,,24-201,"Oct 7, 2024",A_name_brand,high,Yang,EV-7,"Oct 7, 2024",24-201,,21.2,2.0,1.4,19.0,1.1,6.6,176.0,,9.66,56.00,,EV-7,no
1130,Yao,Yikun,Midrange,18,4,4,0,2,Overstable,https://www.marshallstreetdiscgolf.com/?s=yao&post_type=product,https://s3.amazonaws.com/media.marshallstreetdiscgolf.com/inbounds/0440827.webp,yao,yikun,midrange,overstable,#006A6E,#FF6F8C,,,,,,,,,,,,,,,B_name_unique,medium,Yao (文鳐鱼),Yikun Discs,"Nov 1, 2013",13-72,,21.6,1.9,1.4,18.8,1.4,6.5,179.3,,12.02,39.75,,Yikun Discs,yes
1131,Yeet,Hooligan Discs,Disc Golf Sets,,12,5,-1,3,Overstable,https://www.marshallstreetdiscgolf.com/?s=Yeet&post_type=product,https://s3.amazonaws.com/media.marshallstreetdiscgolf.com/inbounds/0000288.webp,yeet,hooligan-discs,disc-golf-sets,overstable,#01216C,#DAFDFF,175.1,21.1,1.8,1.2,16.5,2.3,5.7,26.25,10.68,,,,22-44,"Mar 28, 2022",A_name_brand,high,Yeet (new),Hooligan Discs,"Oct 21, 2024",24-212,,21.1,1.9,1.2,16.7,2.2,5.7,175.1,,11.82,26.75,,Hooligan Discs,no
1132,Yellow Rose,Lone Star Discs,Putter,19,2,4,0,1,Stable,https://www.marshallstreetdiscgolf.com/?s=yellow+rose&post_type=product,https://s3.amazonaws.com/media.marshallstreetdiscgolf.com/inbounds/0000443.webp,yellow-rose,lone-star-discs,putter,stable,#FFA5EA,#6B834B,,,,,,,,,,,,,,,B_name_unique,medium,Yellow Rose,Lone Star Disc,"Apr 29, 2024",24-88,,21.1,2.0,1.6,19.0,1.1,7.6,175.1,,7.39,66.25,,Lone Star Disc,yes
1133,Yeti,Daredevil Discs,Distance Driver,15,13,6,-3,1,Understable,https://www.marshallstreetdiscgolf.com/?s=yeti&post_type=product,https://s3.amazonaws.com/media.marshallstreetdiscgolf.com/inbounds/0125003.webp,yeti,daredevil-discs,distance-driver,understable,#FFFFFF,#515151,175.1,21.1,1.6,1.1,16.1,2.5,5.2,26,8.05,,,,12-30,"Jun 5, 2012",A_name_brand,high,Yeti,Daredevil Discs,"Jun 5, 2012",12-30,,21.1,1.6,1.1,16.1,2.5,5.2,175.1,,8.05,26.00,,Daredevil Discs,no
1134,Yeti Pro Aviar,Innova,Putter,19,2,3,0,1,Overstable,https://www.marshallstreetdiscgolf.com/?s=yeti+pro&post_type=product,https://s3.amazonaws.com/media.marshallstreetdiscgolf.com/inbounds/8109356.webp,yeti-pro-aviar,innova,putter,overstable,#2A290E,#F3EB09,,,,,,,,,,,,,,,unmatched,none,,,,,,,,,,,,,,,,,,
1135,Yi,Yikun,Putter,19,3,3,0,0,Stable,https://www.marshallstreetdiscgolf.com/?s=Yi&post_type=product,https://s3.amazonaws.com/media.marshallstreetdiscgolf.com/inbounds/0000230.webp,yi,yikun,putter,stable,#006A6E,#FF6F8C,,,,,,,,,,,,,,,unmatched,none,,,,,,,,,,,,,,,,,,
1136,Yin,EV-7,Putter,19,1,4,0,1,Stable,https://www.marshallstreetdiscgolf.com/?s=yin&post_type=product,https://s3.amazonaws.com/media.marshallstreetdiscgolf.com/inbounds/0000497.webp,yin,ev-7,putter,stable,#FFFFFF,#111397,176,21.2,2,1.4,19,1.1,6.6,73.25,9.77,,,,24-202,"Oct 7, 2024",A_name_brand,high,Yin,EV-7,"Oct 7, 2024",24-202,,21.2,2.0,1.4,19.0,1.1,6.6,176.0,,9.77,73.25,,EV-7,no
1137,Zeal,Other,Putter,19,3,4,-2,0,Very Understable,https://www.marshallstreetdiscgolf.com/product/uplay-zeal-inspire-firm,https://s3.amazonaws.com/media.marshallstreetdiscgolf.com/inbounds/0000183.webp,zeal,other,putter,very-understable,#000000,#E5FFAA,,,,,,,,,,,,,,,B_name_unique,medium,Zeal,Universal Play Disc Golf,"Feb 14, 2022",22-25,,21.2,2.3,1.5,19.1,1.1,7.1,176.0,,4.32,65.00,,Universal Play Disc Golf,yes
1138,Zenith,MVP,Control Driver,16,11,5,-0.5,2,Stable,https://www.marshallstreetdiscgolf.com/?s=Zenith&post_type=product,https://s3.amazonaws.com/media.marshallstreetdiscgolf.com/inbounds/0000253.webp,zenith,mvp,hybrid-driver,stable,#000000,#9BF2FF,,,,,,,,,,,,,,,A_name_brand,high,Zenith,MVP Disc Sports,"Jul 1, 2022",22-118,,21.2,1.7,1.1,16.8,2.2,5.2,176.0,,8.98,27.00,,MVP Disc Sports,no
1139,Zephyr,Innova,Approach Discs,20,2,3,0,0,Stable,https://www.marshallstreetdiscgolf.com/?s=zephyr&post_type=product,https://s3.amazonaws.com/media.marshallstreetdiscgolf.com/inbounds/5394027.webp,zephyr,innova,approach-discs,stable,#2A290E,#F3EB09,,,,,,,,,,,,,,,A_name_brand,high,Zephyr,Innova Champion Discs,"Jul 6, 1992",92-03,Super Class & Vintage Class,24.1,2.7,1.7,22.7,0.7,7.1,200.0,161.5,10.00,83.00,,Innova Champion Discs,no
1140,Zeppelin,Discraft,Putter,19,3,5,-1,0,Understable,https://www.marshallstreetdiscgolf.com/?s=Zeppelin&post_type=product,https://s3.amazonaws.com/media.marshallstreetdiscgolf.com/inbounds/0201104.webp,zeppelin,discraft,putter,understable,#FF3737,#000000,,,,,,,,,,,,,,,A_name_brand,high,Zeppelin (Ace Race 2011),Discraft,"Nov 27, 2011",11-43,,22.1,2.0,1.5,20.3,0.9,6.8,183.4,,8.39,62.00,,Discraft,no
1141,Zeus,Discraft,Distance Driver,15,12,5,-1,3,Overstable,https://www.marshallstreetdiscgolf.com/?cat_ids%5B%5D=371&post_type=product&s=zeus&variation_toggle=1,https://s3.amazonaws.com/media.marshallstreetdiscgolf.com/inbounds/1010354.webp,zeus,discraft,distance-driver,overstable,#FF3737,#000000,,,,,,,,,,,,,,,A_name_brand,high,Zeus (renamed from Kong),Discraft,"Dec 28, 2018",18-95,,21.1,1.6,1.2,16.5,2.3,5.7,175.1,,11.79,28.50,,Discraft,no
1142,Zheng,Yikun,Midrange,18,5,5,0,2,Overstable,https://www.marshallstreetdiscgolf.com/?s=Zheng&post_type=product,https://s3.amazonaws.com/media.marshallstreetdiscgolf.com/inbounds/0000224.webp,zheng,yikun,midrange,overstable,#006A6E,#FF6F8C,,,,,,,,,,,,,,,unmatched,none,,,,,,,,,,,,,,,,,,
1143,Zodiac,Millennium,Control Driver,16,10,6,-1,2,Stable,https://www.marshallstreetdiscgolf.com/?s=zodiac&post_type=product,https://s3.amazonaws.com/media.marshallstreetdiscgolf.com/inbounds/0000520.webp,zodiac,millennium,hybrid-driver,stable,#000000,#FF0974,,,,,,,,,,,,,,,B_name_unique,medium,Zodiac (renamed from ES2),Millennium Golf Discs,"Sep 30, 2024",24-196,,21.2,1.5,1.1,17.0,2.1,5.2,176.0,,8.86,29.75,,Millennium Golf Discs,yes
1144,Zombee,Discraft,Fairway Driver,17,6,4,-1,1,Stable,https://www.marshallstreetdiscgolf.com/?s=zombee&post_type=product,https://s3.amazonaws.com/media.marshallstreetdiscgolf.com/inbounds/0420120.webp,zombee,discraft,control-driver,stable,#FF3737,#000000,,,,,,,,,,,,,,,A_name_brand,high,Zombee (Ace Race 2012),Discraft,"Nov 13, 2012",12-50,,21.6,2.1,1.2,18.4,1.6,5.6,179.3,,10.77,34.75,,Discraft,no
1145,Zone,Discraft,Midrange,18,4,3,0,3,Very Overstable,https://www.marshallstreetdiscgolf.com/?s=zone&post_type=product,https://s3.amazonaws.com/media.marshallstreetdiscgolf.com/inbounds/4859501.webp,zone,discraft,midrange,very-overstable,#FF3737,#000000,175.1,21.1,2,1.3,18.8,1.2,6.2,46,10.55,,,,08-18,"May 28, 2008",A_name_brand,high,Zone,Discraft,"May 28, 2008",08-18,,21.1,2.0,1.3,18.8,1.2,6.2,175.1,,10.55,46.00,,Discraft,no
1146,Zone GT (Banger Top),Discraft,Approach Discs,20,4,3,0,3,Very Overstable,https://www.marshallstreetdiscgolf.com/?s=Zone+GT&post_type=product,https://s3.amazonaws.com/media.marshallstreetdiscgolf.com/inbounds/0000419.webp,zone-gt-banger-top,discraft,approach-discs,very-overstable,#FF3737,#000000,176,21.2,1.7,1.3,18.8,1.2,6.1,57.75,7.5,,,,24-36,"Feb 19, 2024",A_name_brand,high,Zone GT (Ringer Top),Discraft,"Feb 22, 2024",24-39,,21.2,1.7,1.2,18.8,1.2,5.7,176.0,,7.39,62.75,,Discraft,no
1147,Zone OS,Discraft,Approach Discs,20,4,2,1,5,Very Overstable,https://www.marshallstreetdiscgolf.com/?s=Zone+OS&post_type=product,https://s3.amazonaws.com/media.marshallstreetdiscgolf.com/inbounds/0000323.webp,zone-os,discraft,approach-discs,very-overstable,#FF3737,#000000,176,21.2,1.8,1.4,18.9,1.2,6.6,64.25,12.05,,,,23-64,"Mar 6, 2023",A_name_brand,high,Zone OS,Discraft,"Mar 6, 2023",23-64,,21.2,1.8,1.4,18.9,1.2,6.6,176.0,,12.05,64.25,,Discraft,no
1148,Zone SS,Discraft,Approach Discs,20,4,4,-1,2,Understable,,,zone-ss,discraft,approach-discs,understable,#FF3737,#000000,,,,,,,,,,,,,,,A_name_brand,high,Zone SS (DIS-0725-P),Discraft,"Jul 21, 2025",25-119,,21.2,1.6,1.2,18.7,1.2,5.7,176.0,,8.75,55.50,,Discraft,no
