"Manufacturer / Distributor","Disc Model","Max Weight (gr)","Diameter (cm)","Height (cm)","Rim Depth (cm)","Inside Rim Diameter (cm)","Rim Thickness (cm)","Rim Depth / Diameter Ratio (%)","Rim Configuration","Flexibility (kg)","Class","Max Weight Vint (gr)","Last Year Production","Certification Number","Approved Date"
"Negative","Eternity","176.0","21.2","1.8","1.1","17.3","1.9","5.2","28.75","10.11","","","","26-58","Apr 13, 2026"
"Yeet Street Discs","Adonis","176.8","21.3","1.7","1.2","17.4","2.0","5.6","37.50","7.27","","","","26-56","Apr 13, 2026"
"Elevation Disc Golf","Uktena","176.8","21.3","1.4","1.1","17.1","2.1","5.2","28.25","4.89","","","","26-55","Apr 13, 2026"
"Doomsday Discs","Propaganda","176.0","21.2","1.7","1.1","17.3","2.0","5.2","28.75","11.93","","","","26-57","Apr 13, 2026"
"Elevation Disc Golf","Groundhog","175.1","21.1","1.7","1.3","19.3","0.9","6.2","74.00","2.50","","","","26-54","Apr 6, 2026"
"Kastaplast","Gadd","178.5","21.5","1.8","1.3","18.7","1.4","6.0","41.00","7.73","","","","26-53","Mar 30, 2026"
"Nice Discs","Mukava","175.1","21.1","1.6","1.4","18.6","1.2","6.6","41.50","6.48","","","","26-51","Mar 30, 2026"
"Dynamic Discs","Mutiny","180.9","21.8","1.9","1.2","18.9","1.4","5.5","42.25","9.20","","","","26-52","Mar 30, 2026"
"Discount Disc Golf","Same Same","180.1","21.7","2.0","1.3","18.9","1.4","6.0","47.75","7.39","","","","26-50","Mar 23, 2026"
"Above Ground Level","Juniper","180.1","21.7","1.7","1.3","18.9","1.4","6.0","39.50","8.98","","","","26-45","Mar 16, 2026"
"Negative","Void","176.0","21.2","1.8","1.2","17.3","2.0","5.7","33.50","11.59","","","","26-48","Mar 16, 2026"
"Climo Disc Golf","Coast ","178.5","21.5","1.9","1.3","18.6","1.5","6.0","46.50","11.36","","","","26-46","Mar 16, 2026"
"Climo Disc Golf","Cliff  (CDG-0326-P)","174.3","21.0","2.1","1.4","18.8","1.1","6.7","60.50","11.70","","","","26-49","Mar 16, 2026"
"Hooligan Discs","Rope (retooled)","180.9","21.8","1.8","1.2","19.0","1.4","5.5","52.75","10.57","","","","26-47","Mar 13, 2026"
"Discount Disc Golf","Dirty Dog","175.1","21.1","1.8","1.2","17.0","2.1","5.7","30.00","11.59","","","","26-40","Mar 9, 2026"
"Essential Discs","Breath","177.6","21.4","1.7","1.3","18.6","1.4","6.1","46.50","10.57","","","","26-43","Mar 9, 2026"
"Essential Discs","Conflict","176.0","21.2","1.8","1.5","19.0","1.1","7.1","67.50","9.89","","","","26-44","Mar 9, 2026"
"Disc Golf Association","Hurricane X","175.1","21.1","1.7","1.2","16.5","2.3","5.7","29.75","11.59","","","","26-41","Mar 9, 2026"
"Mint Discs","Rodeo","179.3","21.6","1.9","1.4","19.1","1.3","6.5","35.50","6.02","","","","26-42","Mar 9, 2026"
"Deuz Disc Golf","Sequence","180.1","21.7","1.5","1.2","18.5","1.6","5.5","42.00","6.59","","","","26-31","Mar 2, 2026"
"Appalachian Discs","Bluegrass","174.3","21.0","1.6","1.3","18.0","1.5","6.2","66.25","4.20","","","","26-32","Mar 2, 2026"
"RPM Discs/Disc Golf Aotearoa","Taniwha","178.5","21.5","1.7","1.2","17.9","1.8","5.6","31.00","10.57","","","","26-34","Mar 2, 2026"
"Hobby Discs","Jollyroger","180.9","21.8","1.8","1.2","19.1","1.4","5.5","33.25","9.55","","","","26-33","Mar 2, 2026"
"Latitude 64","Amber","174.3","21.0","1.7","1.1","16.9","2.1","5.2","31.00","7.95","","","","26-36","Mar 2, 2026"
"Westside Golf Discs","Giant Reborn","182.6","22.0","1.7","1.1","17.6","2.2","5.0","31.50","8.98","","","","26-37","Mar 2, 2026"
"Westside Golf Discs","Vellamo","180.9","21.8","2.0","1.3","18.9","1.5","6.0","37.50","8.41","","","","26-38","Mar 2, 2026"
"Discmania","Premier DD1","176.0","21.2","1.8","1.2","16.8","2.2","5.7","27.00","8.07","","","","26-35","Mar 2, 2026"
"MVP Disc Sports","Control","176.0","21.2","1.6","1.1","17.0","2.1","5.2","26.50","9.62","","","","26-39","Mar 2, 2026"
"Discmania","Premier Cloudbreaker","175.1","21.1","1.9","1.2","16.6","2.3","5.7","27.25","12.16","","","","26-26","Feb 23, 2026"
"Discmania","DD4","175.1","21.1","1.7","1.2","16.3","2.4","5.7","27.00","12.16","","","","26-25","Feb 23, 2026"
"Bernoulli","Hubble","174.3","21.0","1.9","1.1","16.4","2.3","5.2","26.00","12.16","","","","26-24","Feb 23, 2026"
"Discraft","Terminator (DIS-0226-D)","175.1","21.1","1.8","1.2","16.5","2.3","5.7","28.00","11.70","","","","26-28","Feb 23, 2026"
"Discraft","Ares (PM-0226-D) (renamed from Zeus 2.0)","175.1","21.1","1.8","1.1","16.5","2.3","5.2","29.75","9.32","","","","26-27","Feb 23, 2026"
"Dynamic Discs","Contender","175.1","21.1","1.8","1.1","17.2","2.0","5.2","29.25","9.89","","","","26-30","Feb 23, 2026"
"Dynamic Discs","Cavalry","175.1","21.1","1.7","1.1","17.1","2.0","5.2","29.00","8.98","","","","26-29","Feb 23, 2026"
"Yikun Discs","Freyja (弗蕾雅)","174.3","21.0","1.9","1.4","19.0","1.0","6.7","68.25","8.86","","","","26-23","Feb 16, 2026"
"Doomsday Discs","Overlord","176.0","21.2","1.5","1.1","16.6","2.3","5.2","29.00","8.41","","","","26-21","Feb 9, 2026"
"MVP Disc Sports","Stasis","176.0","21.2","1.8","1.4","19.1","1.0","6.6","70.50","9.77","","","","26-19","Feb 9, 2026"
"ProjBlk","Cloak","176.8","21.3","1.9","1.5","19.2","1.1","7.0","61.00","8.64","","","","26-20","Feb 9, 2026"
"Newb SimHouse Custom Discs","NSH18 Tetryon","180.1","21.7","1.6","1.1","18.2","1.8","5.1","29.25","5.80","","","","26-22","Feb 9, 2026"
"Discmania","Discmania Putter","176.0","21.2","1.9","1.4","19.1","1.1","6.6","61.50","11.14","","","","26-18","Feb 2, 2026"
"Discmania","Discmania Midrange","180.1","21.7","1.8","1.3","19.2","1.3","6.0","50.00","11.25","","","","26-17","Feb 2, 2026"
"Discmania","Discmania Fairway Driver","175.1","21.1","1.6","1.1","17.3","1.9","5.2","29.75","11.70","","","","26-16","Feb 2, 2026"
"Guru","Frost","175.1","21.1","1.9","1.2","19.1","1.0","5.7","62.50","8.18","","","","26-14","Jan 29, 2026"
"Guru","Fnugg","176.0","21.2","2.0","1.6","19.2","1.0","7.5","76.50","7.60","","","","26-13","Jan 29, 2026"
"Guru","Skare","177.6","21.4","1.5","1.2","17.6","1.9","5.6","32.75","8.86","","","","26-15","Jan 29, 2026"
"Flight Lab","Dot","176.0","21.2","2.0","1.5","19.2","1.0","7.1","55.50","7.05","","","","26-9","Jan 26, 2026"
"Flight Lab","Wayfinder","180.9","21.8","1.7","1.3","18.8","1.5","6.0","48.25","9.32","","","","26-10","Jan 26, 2026"
"Jester Disc Golf","Iris","176.0","21.2","2.0","1.5","19.2","1.0","7.1","69.75","6.82","","","","26-12","Jan 26, 2026"
"Jester Disc Golf","Cryptid","176.8","21.3","1.7","1.2","19.3","1.0","5.6","86.50","12.05","","","","26-11","Jan 26, 2026"
"Circus Discs","AD1","175.1","21.1","1.6","1.3","18.5","1.3","6.2","52.00","7.39","","","","26-8","Jan 26, 2026"
"Prodiscus","Legion","178.5","21.5","2.2","1.5","18.8","1.3","7.0","50.25","10.34","","","","26-5","Jan 19, 2026"
"Discraft","Sled (DIS-0126-P)","179.3","21.6","1.7","1.3","19.3","1.2","6.0","59.00","7.39","","","","26-6","Jan 19, 2026"
"Good Tree Disc Golf","Burl","178.5","21.5","1.5","1.2","18.7","1.4","5.6","38.50","9.77","","","","26-2","Jan 12, 2026"
"Good Tree Disc Golf","Burl+","178.5","21.5","1.5","1.2","18.7","1.4","5.6","35.75","10.57","","","","26-3","Jan 12, 2026"
"Good Tree Disc Golf","Burl-","178.5","21.5","1.5","1.2","18.7","1.4","5.6","42.00","8.86","","","","26-4","Jan 12, 2026"
"Kastaplast","Impa","176.8","21.3","1.7","1.1","16.9","2.2","5.2","26.25","7.27","","","","26-1","Jan 5, 2026"
"Qingdao Hippo Sport Products Co., Ltd.","Landing","175.1","21.1","1.9","1.5","19.0","1.1","7.1","73.50","11.59","","","","25-181","Dec 22, 2025"
"Prodigy Disc","H6","175.1","21.1","1.7","1.1","16.8","2.1","5.2","26.50","9.77","","","","25-176","Dec 1, 2025"
"Latitude 64","Mighty","176.0","21.2","1.7","1.1","17.6","1.8","5.2","31.25","11.82","","","","25-179","Dec 1, 2025"
"Latitude 64","Fire","179.3","21.6","1.7","1.3","18.7","1.5","6.0","45.25","12.05","","","","25-178","Dec 1, 2025"
"EV-7","Ouro Boros ","175.1","21.1","1.7","1.4","18.7","1.2","6.6","54.75","8.98","","","","25-177","Dec 1, 2025"
"Gram Discs","Milan","174.3","21.0","2.0","1.1","17.6","1.7","5.2","34.75","10.34","","","","25-175","Nov 24, 2025"
"Gram Discs","Berlin","174.3","21.0","2.0","1.1","16.8","2.1","5.2","31.50","10.59","","","","25-174","Nov 24, 2025"
"Meridian Discs","Trench ","176.0","21.2","1.7","1.3","18.6","1.3","6.1","50.50","8.07","","","","25-172","Nov 17, 2025"
"Meridian Discs","Vale","175.1","21.1","1.6","1.1","17.3","1.9","5.2","31.75","8.64","","","","25-173","Nov 17, 2025"
"Mint Discs","Pizza (renamed from Mystery Box (2025))","176.0","21.2","1.7","1.1","17.4","1.9","5.2","32.75","8.41","","","","25-171","Nov 17, 2025"
"Bernoulli","Bailey Roller","195.9","23.6","2.2","1.2","19.7","2.0","5.1","32.00","9.89","","","","25-167","Nov 10, 2025"
"Swiftflyte","Wayfinder","177.6","21.4","1.5","1.1","17.8","1.8","5.1","34.25","6.14","","","","25-170","Nov 10, 2025"
"Swiftflyte","Coastline","176.0","21.2","1.8","1.1","18.3","1.4","5.2","36.00","5.34","","","","25-168","Nov 10, 2025"
"Swiftflyte","Ground Control","175.1","21.1","1.8","1.5","18.6","1.2","7.1","57.50","7.95","","","","25-169","Nov 10, 2025"
"Gateway Disc Sports","Proto 99a","176.0","21.2","1.8","1.1","17.2","2.0","5.2","27.50","6.70","","","","25-165","Nov 3, 2025"
"Trash Panda Disc Golf","Outer Core","176.0","21.2","2.1","1.5","18.9","1.1","7.1","68.50","6.36","","","","25-166","Nov 3, 2025"
"Finish Line Discs","Input","176.8","21.3","1.8","1.5","19.2","1.0","7.0","71.50","8.30","","","","25-161","Oct 27, 2025"
"Finish Line Discs","Rev","176.8","21.3","1.9","1.4","19.2","1.1","6.6","64.25","8.64","","","","25-162","Oct 27, 2025"
"Lone Star Disc","The Rig","175.1","21.1","1.9","1.2","17.6","1.7","5.7","35.50","7.84","","","","25-163","Oct 27, 2025"
"Discraft","UltraLuna (PM-1025-P)","176.0","21.2","2.1","1.5","19.2","1.0","7.1","69.75","7.50","","","","25-164","Oct 27, 2025"
"Meridian Discs","Mojave ","175.1","21.1","1.9","1.5","19.0","1.1","7.1","67.25","9.89","","","","25-158","Oct 13, 2025"
"Discraft","Joy  (PP-1025-M)","176.8","21.3","1.9","1.3","18.8","1.2","6.1","53.50","8.65","","","","25-156","Oct 13, 2025"
"Discraft","Ace Race 2024  (DIS-1024-P)","174.3","21.0","1.5","1.5","19.0","1.0","7.1","75.25","9.77","","","","25-157","Oct 13, 2025"
"Gateway Disc Sports","Charm","176.8","21.3","1.8","1.3","19.4","1.0","6.1","73.25","7.27","","","","25-159","Oct 13, 2025"
"Gateway Disc Sports","Wand","177.6","21.4","2.2","1.6","19.6","0.9","7.5","83.75","9.09","","","","25-160","Oct 13, 2025"
"Discraft","Fossil (RW-1025-P)","174.3","21.0","1.9","1.4","18.5","1.3","6.7","65.50","12.05","","","","25-151","Oct 6, 2025"
"True Par Disc Golf","Tetelestai","174.3","21.0","2.0","1.5","19.0","1.0","7.1","83.50","6.25","","","","25-155","Oct 6, 2025"
"True Par Disc Golf","Golgotha","180.9","21.8","1.6","1.1","19.1","1.4","5.0","52.75","12.05","","","","25-153","Oct 6, 2025"
"True Par Disc Golf","Guardian Angel","179.3","21.6","1.8","1.1","17.1","2.3","5.1","30.00","11.82","","","","25-154","Oct 6, 2025"
"Discount Disc Golf","Player Two","175.1","21.1","1.8","1.4","18.9","1.1","6.6","60.75","8.64","","","","25-152","Oct 6, 2025"
"Doomsday Discs","Blight","175.1","21.1","2.0","1.5","18.9","1.1","7.1","72.50","9.77","","","","25-149","Sep 29, 2025"
"Discmania","FD2 (new)","176.0","21.2","1.8","1.1","17.6","1.8","5.2","33.75","10.11","","","","25-150","Sep 29, 2025"
"Above Ground Level","Maple","176.0","21.2","1.6","1.2","18.9","1.2","5.7","59.00","10.80","","","","25-143","Sep 22, 2025"
"Grassland Discs","Blue-Winged Teal","179.3","21.6","1.4","1.1","19.0","1.3","5.1","50.00","5.45","","","","25-145","Sep 22, 2025"
"Grassland Discs","Mallard","179.3","21.6","1.6","1.3","19.0","1.3","6.0","52.00","5.57","","","","25-146","Sep 22, 2025"
"Discraft","Hallux (RW-0925-D)","177.6","21.4","1.7","1.1","17.6","1.9","5.1","32.25","10.80","","","","25-147","Sep 22, 2025"
"Doomsday Discs","Dread","176.0","21.2","2.1","1.5","19.0","1.1","7.1","65.00","12.05","","","","25-148","Sep 22, 2025"
"Good Tree Disc Golf","Knot-","174.3","21.0","1.6","1.4","18.8","1.1","6.7","58.75","7.39","","","","25-140","Sep 15, 2025"
"Axiom Discs","Bokeh","176.0","21.2","1.7","1.1","17.6","1.8","5.2","30.25","9.77","","","","25-142","Sep 15, 2025"
"Axiom Discs","Aspect","175.1","21.1","1.5","1.1","17.0","2.0","5.2","28.75","8.30","","","","25-141","Sep 15, 2025"
"XCOM Discs","Cancer S (巨蟹座S)","176.8","21.3","1.7","1.3","19.1","1.1","6.1","61.00","8.07","","","","25-138","Sep 8, 2025"
"XCOM Discs","Pegasus X (天马座)","174.3","21.0","1.7","1.2","17.0","2.0","5.7","29.25","10.80","","","","25-139","Sep 8, 2025"
"三佥攵 (Sān Qiān Pū）","Somersault Cloud (筋斗云）","175.1","21.1","1.7","1.1","17.0","2.1","5.2","29.00","11.14","","","","25-137","Sep 1, 2025"
"Streamline Discs","Boost","176.0","21.2","1.5","1.1","17.0","2.1","5.2","28.75","11.70","","","","25-135","Sep 1, 2025"
"三佥攵 (Sān Qiān Pū）","Skyrocket (窜天猴)","175.1","21.1","1.6","1.1","17.3","1.9","5.2","26.75","10.57","","","","25-136","Sep 1, 2025"
"Mint Discs","Pickle","174.3","21.0","1.9","1.4","19.0","1.0","6.7","65.00","6.82","","","","25-131","Aug 25, 2025"
"Thought Space Athletics","Requiem","175.1","21.1","1.7","1.1","16.8","2.1","5.2","27.00","9.32","","","","25-130","Aug 25, 2025"
"Discount Disc Golf","Adrenaline Junkie","176.0","21.2","1.4","1.1","17.3","1.9","5.2","28.50","11.70","","","","25-132","Aug 25, 2025"
"Discmania","Premier FD","176.0","21.2","1.8","1.2","17.7","1.8","5.7","38.00","10.34","","","","25-128","Aug 18, 2025"
"Discmania","Premier DD3","175.1","21.1","1.8","1.2","16.6","2.3","5.7","29.75","10.80","","","","25-129","Aug 18, 2025"
"Disc Golf Association","Blast","176.8","21.3","1.7","1.2","18.9","1.2","5.6","59.25","9.89","","","","25-127","Aug 18, 2025"
"EV-7","Agera-1","174.3","21.0","1.9","1.2","18.8","1.1","5.7","53.00","7.27","","","","25-125","Aug 11, 2025"
"Forge Discs","Temper","179.3","21.6","1.5","1.1","18.1","1.8","5.1","30.50","6.70","","","","25-123","Jul 28, 2025"
"Good Tree Disc Golf","Knot","175.1","21.1","1.6","1.4","18.8","1.1","6.6","49.75","11.93","","","","25-122","Jul 28, 2025"
"Discmania","Founder","180.9","21.8","1.8","1.1","19.1","1.3","5.0","37.50","6.48","","","","25-124","Jul 28, 2025"
"Trash Panda Disc Golf","Procyon","175.1","21.1","1.6","1.2","16.6","2.2","5.7","28.00","11.59","","","","25-117","Jul 21, 2025"
"Discraft","Zone SS (DIS-0725-P)","176.0","21.2","1.6","1.2","18.7","1.2","5.7","55.50","8.75","","","","25-119","Jul 21, 2025"
"Discraft","Malita (PM-0725-M)","175.1","21.1","1.8","1.2","18.5","1.3","5.7","47.50","9.20","","","","25-118","Jul 21, 2025"
"Innova Champion Discs","Fox","180.9","21.8","1.5","1.1","18.8","1.5","5.0","48.00","8.30","","","","25-121","Jul 21, 2025"
"Innova Champion Discs","Arachnid","180.9","21.8","1.6","1.1","18.8","1.5","5.0","45.50","8.07","","","","25-120","Jul 21, 2025"
"CHING Disc Golf","JuJu","176.8","21.3","2.5","1.5","19.5","0.9","7.0","75.75","5.11","","","","25-108","Jul 14, 2025"
"CHING Disc Golf","Precision","176.8","21.3","2.4","1.5","18.7","1.3","7.0","51.00","8.75","","","","25-109","Jul 14, 2025"
"Gram Discs","Oslo","175.1","21.1","1.7","1.1","16.5","2.3","5.2","29.00","11.36","","","","25-112","Jul 14, 2025"
"Gram Discs","Vilnius","179.3","21.6","1.9","1.4","18.9","1.3","6.5","51.50","8.41","","","","25-116","Jul 14, 2025"
"Gram Discs","Prague","176.8","21.3","2.1","1.6","19.3","1.0","7.5","62.50","6.25","","","","25-113","Jul 14, 2025"
"Mint Discs","Idol","175.1","21.1","1.7","1.2","16.5","2.3","5.7","26.50","8.86","","","","25-111","Jul 14, 2025"
"Axiom Discs","Time-Lapse (retooled)","176.0","21.2","1.7","1.2","16.6","2.3","5.7","26.25","11.23","","","","25-110","Jul 14, 2025"
"Gram Discs","Riga","175.1","21.1","1.9","1.1","17.3","1.9","5.2","29.00","8.75","","","","25-115","Jul 14, 2025"
"Gram Discs","Reykjavik","175.1","21.1","1.9","1.2","17.3","1.9","5.7","27.50","11.93","","","","25-114","Jul 14, 2025"
"Gram Discs","Tallinn","176.0","21.2","1.9","1.5","19.2","1.0","7.1","60.75","7.39","","","","25-107","Jun 30, 2025"
"Gram Discs","Helsinki","179.3","21.6","1.8","1.5","19.0","1.3","6.9","51.75","7.27","","","","25-104","Jun 30, 2025"
"Gram Discs","Stockholm","175.1","21.1","1.8","1.2","17.3","1.9","5.7","32.25","11.14","","","","25-106","Jun 30, 2025"
"Gram Discs","Paris","175.1","21.1","1.7","1.1","16.9","2.1","5.2","28.75","10.11","","","","25-105","Jun 30, 2025"
"Supersonic Discs","Gravity","180.9","21.8","1.9","1.2","19.4","1.2","5.5","73.00","8.18","","","","25-98","Jun 27, 2025"
"Supersonic Discs","Stellar","180.9","21.8","1.6","1.2","17.1","2.4","5.5","35.00","12.05","","","","25-103","Jun 27, 2025"
"Supersonic Discs","Kodiak","180.9","21.8","1.7","1.4","18.4","1.7","6.4","51.75","11.36","","","","25-100","Jun 27, 2025"
"三佥攵 (Sān Qiān Pū）","Student Leader（班干部）","176.0","21.2","2.3","1.5","19.7","0.8","7.1","81.00","5.57","","","","25-97","Jun 27, 2025"
"Supersonic Discs","Lunaris","180.9","21.8","1.7","1.2","17.1","2.4","5.5","34.50","10.80","","","","25-101","Jun 27, 2025"
"Supersonic Discs","IFO","180.8","21.8","2.0","1.4","18.3","1.8","6.4","38.50","11.59","","","","25-99","Jun 27, 2025"
"Supersonic Discs","Parked","181.8","21.9","1.9","1.5","19.0","1.5","6.8","57.75","8.98","","","","25-102","Jun 27, 2025"
"Stokely Discs","Pigeon","176.8","21.3","1.9","1.1","18.6","1.3","5.2","43.25","4.20","","","","25-93","Jun 23, 2025"
"Kastaplast","Sten","175.1","21.1","1.8","1.3","19.4","0.9","6.2","83.75","7.27","","","","25-94","Jun 23, 2025"
"Wulfram","Devour","176.0","21.2","1.5","1.2","16.5","2.3","5.7","29.75","11.02","","","","25-96","Jun 23, 2025"
"Climo Disc Golf","Streak","179.3","21.6","1.9","1.2","18.2","1.7","5.6","37.00","9.20","","","","25-95","Jun 23, 2025"
"Doomsday Discs","Oblivion","176.0","21.2","1.4","1.1","16.7","2.2","5.2","26.25","11.25","","","","25-88","Jun 9, 2025"
"Flight Lab","Vapor","176.0","21.2","1.4","1.1","16.7","2.2","5.2","31.00","11.36","","","","25-89","Jun 9, 2025"
"Andromeda M31 Discs","Andromeda M31 Driver (renamed from Event Horizon)","179.3","21.6","1.4","1.1","17.9","1.8","5.1","34.75","4.80","","","","25-92","Jun 9, 2025"
"Newb SimHouse Custom Discs","NSH17 Pathway","176.8","21.3","1.6","1.1","17.9","1.7","5.2","31.00","5.91","","","","25-90","Jun 9, 2025"
"Infinite Discs","Artifact","176.0","21.2","2.1","1.5","19.2","1.0","7.1","72.50","6.70","","","","25-86","Jun 2, 2025"
"Disc 4 Fun","Whisper","180.1","21.7","1.7","1.2","19.4","1.1","5.5","46.25","5.80","","","","25-87","Jun 2, 2025"
"Momentum Discs AB","Steam","178.5","21.5","1.7","1.3","19.0","1.3","6.0","46.00","10.11","","","","25-85","Jun 2, 2025"
"Dolphin Papa","DolphinPapaDisc","194.2","23.4","2.9","1.8","22.0","0.7","7.7","91.50","4.77","","","","25-78","May 26, 2025"
"H13 Disc Golf","Wanderlust (retooled)","176.0","21.2","1.4","1.1","16.8","2.2","5.2","27.25","10.11","","","","25-79","May 26, 2025"
"Elevation Disc Golf","Capybara","180.9","21.8","1.6","1.3","19.2","1.3","6.0","50.25","2.05","","","","25-82","May 26, 2025"
"Yikun Discs","Erlang (杨戬, Yáng Jiǎn)","177.6","21.4","1.5","1.1","17.5","1.9","5.1","28.50","12.05","","","","25-80","May 26, 2025"
"Yikun Discs","Ancestor (子牙, Zǐ Yá)","176.8","21.3","1.8","1.1","16.6","2.3","5.2","27.75","12.16","","","","25-81","May 26, 2025"
"Pie Pan Discs","Grunt (retooled)","176.0","21.2","1.7","1.1","17.3","2.0","5.2","32.25","8.52","","","","25-77","May 19, 2025"
"Streamline Discs","Turbulence","176.0","21.2","1.5","1.1","17.5","1.9","5.2","31.25","10.11","","","","25-76","May 19, 2025"
"Dynamic Discs","Motive","174.3","21.0","1.7","1.1","17.3","1.8","5.2","29.00","6.59","","","","25-74","May 12, 2025"
"Thought Space Athletics","Vessel","176.8","21.3","1.7","1.2","18.9","1.2","5.6","60.75","8.75","","","","25-75","May 12, 2025"
"Above Ground Level","Sequoia","176.0","21.2","1.6","1.1","16.4","2.4","5.2","27.25","9.09","","","","25-69","Apr 28, 2025"
"Above Ground Level","Elm","176.0","21.2","1.5","1.1","17.3","1.9","5.2","31.25","11.14","","","","25-67","Apr 28, 2025"
"Above Ground Level","Koa","176.0","21.2","2.0","1.4","19.1","1.0","6.6","70.00","3.86","","","","25-68","Apr 28, 2025"
"XCOM Discs","Serpens（巨蛇座）","175.1","21.1","1.7","1.1","17.1","2.0","5.2","29.50","9.66","","","","25-71","Apr 28, 2025"
"Discmania","MD3x","180.1","21.7","1.8","1.3","19.0","1.3","6.0","33.75","12.16","","","","25-70","Apr 28, 2025"
"Independent Discs Sweden AB","Sense (Wibe variant)","174.3","21.0","1.8","1.3","18.8","1.1","6.2","58.75","12.05","","","","25-72","Apr 28, 2025"
"Dynamic Discs","Heist","175.1","21.1","1.7","1.1","16.7","2.2","5.2","28.75","9.89","","","","25-63","Apr 21, 2025"
"Gateway Disc Sports","Witch Doctor","176.0","21.2","1.9","1.5","18.8","1.2","7.1","67.75","5.45","","","","25-64","Apr 21, 2025"
"Delta Mold LLC","Yellow Disc","181.8","21.9","1.9","1.3","19.2","1.3","5.9","50.25","8.98","","","","25-65","Apr 21, 2025"
"Shaman Disc Golf","Fuego","175.1","21.1","2.3","1.4","18.9","1.1","6.6","65.00","5.11","","","","25-66","Apr 21, 2025"
"Tefat","M 4.1","176.8","21.3","1.6","1.1","16.5","2.4","5.2","26.50","10.34","","","","25-61","Apr 14, 2025"
"Negative","Reign","179.3","21.6","1.6","1.2","18.6","1.5","5.6","40.25","9.77","","","","25-62","Apr 14, 2025"
"Eurodisc","Beyond","176.8","21.3","1.5","1.1","16.7","2.3","5.2","29.75","11.36","","","","25-54","Apr 7, 2025"
"Eurodisc","Strategy","175.1","21.1","1.6","1.1","17.0","2.1","5.2","26.75","11.14","","","","25-55","Apr 7, 2025"
"Discmania","DD2 (2025)","175.1","21.1","1.7","1.1","16.6","2.2","5.2","27.75","9.20","","","","25-58","Apr 7, 2025"
"Discraft","Roost (renamed from RW-0325-P (Ricky Wysocki Proto Putter))","175.1","21.1","2.2","1.5","19.1","1.0","7.1","72.75","7.05","","","","25-57","Apr 7, 2025"
"Climo Disc Golf","Osprey","175.1","21.1","1.6","1.1","16.8","2.1","5.2","28.75","11.48","","","","25-56","Apr 7, 2025"
"Native Discs","EcoReboot Trickster (Chukfi)","175.1","21.1","2.2","1.4","19.1","1.0","6.6","72.50","8.41","","","","25-52","Mar 31, 2025"
"Native Discs","EcoChar Thunder (Heloha)","179.3","21.6","1.6","1.2","18.9","1.3","5.6","41.50","9.55","","","","25-50","Mar 31, 2025"
"Native Discs","EcoChar Tornado (Mahli Chito)","176.0","21.2","1.9","1.1","17.2","2.0","5.2","28.50","11.14","","","","25-51","Mar 31, 2025"
"Tefat","M 4.0","176.8","21.3","1.8","1.1","16.6","2.3","5.2","26.25","10.80","","","","25-53","Mar 31, 2025"
"Sci-Fly Discs","sPUTTnik","180.1","21.7","1.8","1.4","19.9","0.9","6.5","72.50","4.66","","","","25-47","Mar 24, 2025"
"Doomsday Discs","Monstrosity","176.0","21.2","1.6","1.1","16.6","2.3","5.2","27.00","12.16","","","","25-48","Mar 24, 2025"
"Discmania","P4","177.6","21.4","1.8","1.4","19.0","1.2","6.5","53.00","11.02","","","","25-49","Mar 24, 2025"
"Jester Disc Golf","Crazy Hawk (Ukko)","176.0","21.2","1.7","1.1","17.2","2.0","5.2","30.25","10.80","","","","25-46","Mar 20, 2025"
"Discape Disc Golf Inc.","Rootheon","175.1","21.1","2.0","1.3","19.4","0.9","6.2","74.00","10.23","","","","25-45","Mar 20, 2025"
"Discape Disc Golf Inc.","DarkMight","176.8","21.3","1.7","1.2","19.3","1.0","5.6","74.00","9.89","","","","25-43","Mar 20, 2025"
"Discape Disc Golf Inc.","Glacioris","176.8","21.3","2.1","1.5","19.1","1.1","7.0","66.50","10.57","","","","25-44","Mar 20, 2025"
"Discape Disc Golf Inc.","Bolderbane","175.1","21.1","1.9","1.4","18.8","1.1","6.6","61.25","9.66","","","","25-42","Mar 20, 2025"
"Dynamic Discs","Treason","175.1","21.1","1.8","1.1","17.0","2.1","5.2","30.50","8.30","","","","25-38","Mar 17, 2025"
"Prodigy Disc","Pivot","175.1","21.1","2.1","1.3","19.0","1.1","6.2","61.25","8.98","","","","25-37","Mar 17, 2025"
"Disc Monkey","DMD1","176.8","21.3","2.2","1.1","17.8","1.7","5.2","34.00","8.64","","","","25-40","Mar 17, 2025"
"Disc Monkey","DMM1","179.3","21.6","1.8","1.2","18.8","1.4","5.6","46.25","7.27","","","","25-41","Mar 17, 2025"
"Westside Golf Discs","Tide","175.1","21.1","1.8","1.2","16.7","2.2","5.7","32.25","11.25","","","","25-39","Mar 17, 2025"
"XCOM Discs","Scorpio X (天蝎座)","174.3","21.0","1.8","1.1","16.4","2.3","5.2","28.50","11.02","","","","25-35","Mar 10, 2025"
"Andromeda M31 Discs","Andromeda M31 Putter (renamed from Singularity)","175.1","21.1","1.6","1.2","19.3","0.9","5.7","63.75","5.11","","","","25-34","Mar 10, 2025"
"Trash Panda Disc Golf","Canyon (retooled)","176.8","21.3","1.6","1.3","19.0","1.1","6.1","53.00","4.55","","","","25-36","Mar 10, 2025"
"Thought Space Athletics","Persona","177.6","21.4","1.7","1.1","18.0","1.7","5.1","34.25","7.73","","","","25-31","Mar 3, 2025"
"Goliath Discs","Shepherd","175.1","21.1","1.5","1.2","16.7","2.2","5.7","30.50","10.34","","","","25-33","Mar 3, 2025"
"Flight Forge Discs","Ingot","180.9","21.8","1.5","1.1","18.6","1.6","5.0","36.75","3.98","","","","25-32","Mar 3, 2025"
"ProtoFlyte","Spindle","176.0","21.2","1.8","1.2","17.0","2.1","5.2","31.75","12.16","","","","25-28","Feb 24, 2025"
"Gateway Disc Sports","Ghoul","176.0","21.2","1.9","1.2","19.2","1.0","5.7","75.25","8.07","","","","25-29","Feb 24, 2025"
"Pie Pan Discs","Hype","176.0","21.2","1.5","1.1","17.0","2.1","5.2","28.50","8.07","","","","25-27","Feb 17, 2025"
"Kastaplast","Tuff","176.0","21.2","2.0","1.5","18.9","1.1","7.1","62.75","9.43","","","","25-25","Feb 10, 2025"
"Disc Monkey","DMP1","176.0","21.2","2.1","1.5","19.2","1.0","7.1","68.50","12.16","","","","25-26","Feb 10, 2025"
"Stokely Discs","Robin","175.1","21.1","1.6","1.1","17.8","1.7","5.2","33.50","8.07","","","","25-21","Feb 3, 2025"
"Axiom Discs","Simon Line Balance (Prototype_2)","177.6","21.4","1.7","1.3","18.4","1.5","6.1","41.50","10.14","","","","25-22","Feb 3, 2025"
"Axiom Discs","Simon Line Balance (Prototype_3)","177.6","21.4","1.7","1.3","18.3","1.5","6.1","43.75","11.25","","","","25-23","Feb 3, 2025"
"Streamline Discs","Boost (Prototype)","176.0","21.2","1.5","1.1","16.9","2.1","5.2","30.75","6.86","","","","25-24","Feb 3, 2025"
"Dynamic Discs","Supreme Raider","175.1","21.1","1.8","1.1","16.5","2.3","5.2","29.00","10.80","","","","25-19","Jan 27, 2025"
"Discraft","Cigarra (modified overstable Cicada)","176.8","21.3","1.6","1.1","17.9","1.7","5.2","34.75","11.14","","","","25-18","Jan 27, 2025"
"Infinite Discs","Sultan","176.0","21.2","1.5","1.2","16.4","2.4","5.7","27.00","10.34","","","","25-20","Jan 27, 2025"
"ColorYourGame","Modify","179.3","21.6","1.7","1.2","18.8","1.4","5.6","48.75","10.34","","","","25-14","Jan 23, 2025"
"ColorYourGame","Eraser","176.0","21.2","2.1","1.6","19.1","1.0","7.5","68.00","10.68","","","","25-13","Jan 23, 2025"
"ColorYourGame","Brushstroke","176.0","21.2","2.0","1.1","17.7","1.7","5.2","33.00","10.34","","","","25-12","Jan 23, 2025"
"Discmania","Glacier","180.1","21.7","1.8","1.3","18.9","1.4","6.0","37.25","11.25","","","","25-15","Jan 23, 2025"
"Doomsday Discs","Psyop","175.1","21.1","1.6","1.1","17.4","1.9","5.2","30.00","10.23","","","","25-16","Jan 23, 2025"
"Wingman Discs","Kalous","176.8","21.3","1.9","1.2","17.4","1.9","5.6","29.00","11.25","","","","25-7","Jan 20, 2025"
"Thought Space Athletics","Expanse","175.1","21.1","1.8","1.2","16.8","2.1","5.7","31.50","9.43","","","","25-11","Jan 20, 2025"
"Climo Disc Golf","Champ","174.3","21.0","2.0","1.5","18.8","1.1","7.1","62.75","11.59","","","","25-9","Jan 20, 2025"
"Climo Disc Golf","Belleair","180.1","21.7","1.9","1.2","18.9","1.4","5.5","42.75","8.64","","","","25-8","Jan 20, 2025"
"Climo Disc Golf","Skyway","175.1","21.1","1.7","1.2","16.8","2.1","5.7","29.50","11.82","","","","25-10","Jan 20, 2025"
"Kraken Discs","Wyvern","177.8","21.4","1.5","1.1","16.9","2.2","5.1","26.50","11.14","","","","25-6","Jan 13, 2025"
"Trash Panda Disc Golf","Canyon (Prototype)","175.1","21.1","1.6","1.3","18.7","1.2","6.2","54.00","5.91","","","","25-5","Jan 13, 2025"
"Mint Discs","Mystery Box (2024)","176.8","21.3","1.7","1.1","17.8","1.7","5.2","35.50","6.82","","","","25-4","Jan 6, 2025"
"Native Discs","EcoReboot Thunder (Heloha)","179.3","21.6","1.7","1.2","19.0","1.3","5.6","41.50","8.64","","","","25-2","Jan 6, 2025"
"Native Discs","EcoReboot Tornado (Mahli Chito)","176.0","21.2","1.5","1.2","17.2","2.0","5.7","28.50","11.02","","","","25-3","Jan 6, 2025"
"Native Discs","EcoChar Trickster (Chukfi)","175.1","21.1","2.1","1.4","19.1","1.0","6.6","72.50","8.07","","","","25-1","Jan 6, 2025"
"Kastaplast","Malm","176.0","21.2","1.9","1.1","17.3","2.0","5.2","30.75","9.55","","","","24-231","Dec 30, 2024"
"Lone Star Disc","Enterprise","175.1","21.1","1.7","1.1","16.5","2.3","5.2","30.00","10.80","","","","24-230","Dec 23, 2024"
"Lone Star Disc","Chuck","180.9","21.8","1.6","1.3","19.3","1.3","6.0","46.00","6.59","","","","24-229","Dec 23, 2024"
"Discape Disc Golf Inc.","Skyterron","178.5","21.5","1.7","1.4","18.8","1.3","6.5","51.25","11.59","","","","24-226","Dec 16, 2024"
"Stokely Discs","Magpie","174.3","21.0","1.5","1.1","16.4","2.3","5.2","28.75","11.14","","","","24-228","Dec 16, 2024"
"Doomsday Discs","Abomination","175.1","21.1","1.5","1.1","16.9","2.1","5.2","27.50","7.61","","","","24-227","Dec 16, 2024"
"Kraken Discs","Kobold","178.5","21.5","2.0","1.3","18.9","1.3","6.0","40.25","11.14","","","","24-225","Dec 9, 2024"
"Stokely Discs","Peregrine","174.3","21.0","1.5","1.1","16.5","2.2","5.2","29.00","9.55","","","","24-224","Dec 2, 2024"
"Supersonic Discs","Trailblazer","181.8","21.9","1.6","1.2","17.8","2.0","5.5","43.75","10.23","","","","24-222","Nov 25, 2024"
"Deuz Disc Golf","Milestone (Beaded)","176.0","21.2","1.7","1.4","18.3","1.4","6.6","37.50","7.05","","","","24-223","Nov 25, 2024"
"Latitude 64","Sweep","176.0","21.2","1.8","1.1","17.3","2.0","5.2","28.00","11.14","","","","24-221","Nov 18, 2024"
"Latitude 64","Peak","176.8","21.3","1.9","1.3","19.1","1.1","6.1","59.25","8.41","","","","24-220","Nov 18, 2024"
"Lone Star Disc","Prickly Pear","176.0","21.2","1.8","1.3","19.0","1.1","6.1","58.50","6.02","","","","24-216","Nov 11, 2024"
"Yikun Discs","Wù Kōng (悟空)","176.0","21.2","1.9","1.1","17.3","2.0","5.2","32.25","8.41","","","","24-219","Nov 11, 2024"
"Yikun Discs","Bái Zé (白泽)","176.0","21.2","1.9","1.1","17.7","1.8","5.2","33.75","9.77","","","","24-217","Nov 11, 2024"
"Yikun Discs","Flamewaker (哪吒, Né Zhā)","179.3","21.6","1.8","1.2","18.9","1.4","5.6","44.75","8.07","","","","24-218","Nov 11, 2024"
"Discape Disc Golf Inc.","Draconyx","175.1","21.1","1.5","1.2","17.2","2.0","5.7","29.25","11.93","","","","24-214","Oct 28, 2024"
"Axiom Discs","Simon Line Balance (Prototype)","178.5","21.5","1.6","1.3","18.4","1.5","6.0","40.25","11.25","","","","24-209","Oct 28, 2024"
"Newb SimHouse Custom Discs","NSH16 Warp","176.8","21.3","1.8","1.4","17.9","1.7","6.6","40.25","5.68","","","","24-215","Oct 28, 2024"
"Ballisdisc","Creedmoor OS","176.0","21.2","1.4","1.1","16.6","2.3","5.2","26.25","6.14","","","","24-210","Oct 21, 2024"
"Negative","Oath","176.0","21.2","2.2","1.5","19.1","1.0","7.1","62.25","12.05","","","","24-208","Oct 21, 2024"
"Gateway Disc Sports","Odyssey Control Driver","175.1","21.1","2.0","1.1","17.0","2.1","5.2","30.25","9.89","","","","24-213","Oct 21, 2024"
"Compound Discs","Hazard","176.0","21.2","1.9","1.4","18.5","1.4","6.6","51.50","6.70","","","","24-211","Oct 21, 2024"
"Hooligan Discs","Yeet (new)","175.1","21.1","1.9","1.2","16.7","2.2","5.7","26.75","11.82","","","","24-212","Oct 21, 2024"
"Stokely Discs","Lark","175.1","21.1","1.6","1.1","17.5","1.8","5.2","38.50","7.61","","","","24-206","Oct 14, 2024"
"Yeet Street Discs","Kyrios","176.0","21.2","2.0","1.4","19.1","1.0","6.6","54.25","7.61","","","","24-205","Oct 14, 2024"
"H13 Disc Golf","Astray","180.9","21.8","1.8","1.3","18.8","1.5","6.0","49.00","10.80","","","","24-203","Oct 14, 2024"
"Gateway Disc Sports","Aura (retooled)","176.0","21.2","1.5","1.1","16.6","2.3","5.2","29.00","11.93","","","","24-204","Oct 14, 2024"
"Forge Discs","Ash","176.8","21.3","1.7","1.2","19.3","1.0","5.6","64.75","5.57","","","","24-207","Oct 14, 2024"
"EV-7","Yang","176.0","21.2","2.0","1.4","19.0","1.1","6.6","56.00","9.66","","","","24-201","Oct 7, 2024"
"EV-7","Yin","176.0","21.2","2.0","1.4","19.0","1.1","6.6","73.25","9.77","","","","24-202","Oct 7, 2024"
"三佥攵 (Sān Qiān Pū）","Chairman (董事长)","177.6","21.4","2.2","1.4","19.2","1.1","6.5","68.50","8.86","","","","24-198","Oct 7, 2024"
"三佥攵 (Sān Qiān Pū）","Martialist (武道家)","176.0","21.2","1.9","1.4","19.2","1.0","6.6","71.00","8.75","","","","24-200","Oct 7, 2024"
"三佥攵 (Sān Qiān Pū）","Grand Master (大宗师)","177.6","21.4","1.7","1.2","19.3","1.0","5.6","95.00","10.34","","","","24-199","Oct 7, 2024"
"X-UFO (Ace Mould Co., Ltd)","Pounce","175.1","21.1","1.6","1.1","17.6","1.8","5.2","32.00","8.75","","","","24-195","Sep 30, 2024"
"X-UFO (Ace Mould Co., Ltd)","Eagle Wings","174.3","21.0","2.1","1.6","18.8","1.1","7.6","63.25","7.27","","","","24-194","Sep 30, 2024"
"Millennium Golf Discs","Zodiac (renamed from ES2)","176.0","21.2","1.5","1.1","17.0","2.1","5.2","29.75","8.86","","","","24-196","Sep 30, 2024"
"DiscPro ","Chain Smoker","176.8","21.3","2.2","1.6","19.2","1.0","7.5","66.50","7.50","","","","24-190","Sep 23, 2024"
"DiscPro ","Shadow Walker","176.8","21.3","1.7","1.1","17.8","1.7","5.2","32.00","8.30","","","","24-191","Sep 23, 2024"
"DiscPro ","Wind Surfer","178.5","21.5","1.8","1.2","18.0","1.7","5.6","28.75","9.43","","","","24-193","Sep 23, 2024"
"DiscPro ","Wildwood Sawmill","180.1","21.7","1.8","1.2","18.9","1.4","5.5","47.50","7.39","","","","24-192","Sep 23, 2024"
"Millennium Golf Discs","Mars Rover (renamed from Rover)","180.9","21.8","1.5","1.1","18.8","1.5","5.0","35.00","7.50","","","","24-189","Sep 23, 2024"
"Lightspeed Disc Golf","Daybreaker","176.0","21.2","1.5","1.2","18.5","1.4","5.7","48.25","7.95","","","","24-188","Sep 21, 2024"
"Discape Disc Golf Inc.","Aquarion","174.3","21.0","1.9","1.4","18.9","1.1","6.7","67.50","12.16","","","","24-183","Sep 16, 2024"
"Momentum Discs AB","Rush","175.1","21.1","2.0","1.5","18.7","1.2","7.1","61.50","9.66","","","","24-186","Sep 16, 2024"
"三佥攵 (Sān Qiān Pū）","Monkey King (美猴王）","175.1","21.1","1.9","1.4","18.9","1.1","6.6","61.75","9.77","","","","24-184","Sep 16, 2024"
"三佥攵 (Sān Qiān Pū）","Trouble Maker (捣蛋鬼)","175.1","21.1","1.9","1.4","18.8","1.1","6.6","60.50","10.23","","","","24-185","Sep 16, 2024"
"Discmania","P1x (new)","176.0","21.2","2.0","1.4","19.0","1.1","6.6","59.75","12.05","","","","24-187","Sep 16, 2024"
"Kalaxy Discs","Milky Way","174.3","21.0","1.4","1.1","16.3","2.4","5.2","26.00","9.66","","","","24-181","Sep 9, 2024"
"Elevation Disc Golf","Screech","175.1","21.1","1.6","1.3","18.7","1.2","6.2","60.25","2.05","","","","24-178","Sep 9, 2024"
"Loop Discs","Wonder","177.6","21.4","1.7","1.3","18.5","1.4","6.1","43.00","7.16","","","","24-182","Sep 9, 2024"
"Discmania","P2x","176.0","21.2","1.9","1.3","18.9","1.1","6.1","69.75","7.95","","","","24-179","Sep 9, 2024"
"Disc Golf Association","Typhoon (renamed from DGA202408)","175.1","21.1","1.7","1.1","16.5","2.3","5.2","31.25","11.36","","","","24-180","Sep 9, 2024"
"Goeringer Discs","Apple Blossom","176.0","21.2","2.3","1.5","19.0","1.1","7.1","74.50","5.80","","","","24-176","Sep 2, 2024"
"Lone Star Disc","Rio Grande","175.1","21.1","1.9","1.2","17.7","1.7","5.7","29.75","8.86","","","","24-174","Aug 26, 2024"
"Lone Star Disc","Desperado","175.1","21.1","1.8","1.2","17.3","1.9","5.7","28.50","8.41","","","","24-173","Aug 26, 2024"
"Finish Line Discs","Chicane","177.6","21.4","1.6","1.4","19.1","1.2","6.5","58.25","10.57","","","","24-166","Aug 19, 2024"
"Finish Line Discs","Sector","180.9","21.8","1.9","1.5","19.1","1.3","6.9","45.50","9.55","","","","24-167","Aug 19, 2024"
"Compound Discs","Citadel","178.5","21.5","1.6","1.2","19.5","1.0","5.6","72.00","5.34","","","","24-171","Aug 19, 2024"
"Trash Panda Disc Golf","Extraterrestrial I","175.1","21.1","1.8","1.1","16.8","2.6","5.2","29.00","11.48","","","","24-170","Aug 19, 2024"
"Streamline Discs","Range","176.0","21.2","1.8","1.3","19.2","1.0","6.1","71.50","7.16","","","","24-172","Aug 19, 2024"
"Meridian Discs","Chasm","176.0","21.2","1.6","1.1","16.8","2.2","5.2","28.25","9.87","","","","24-165","Aug 12, 2024"
"Essential Discs","Reflection","176.0","21.2","1.8","1.1","17.8","1.7","5.2","33.75","6.70","","","","24-164","Aug 12, 2024"
"Doomsday Discs","Chemtrail","176.0","21.2","1.7","1.1","17.8","1.7","5.2","33.00","8.52","","","","24-168","Aug 12, 2024"
"Goliath Discs","Samson","178.5","21.5","1.6","1.1","18.5","1.5","5.1","43.75","9.09","","","","24-169","Aug 12, 2024"
"Doomsday Discs","Cyber Putter","174.3","21.0","2.1","1.6","19.0","1.0","7.6","69.00","5.11","","","","24-158","Aug 5, 2024"
"Newb SimHouse Custom Discs","NSH15 Reliant","176.8","21.3","1.5","1.2","17.2","2.0","5.6","37.50","7.05","","","","24-159","Aug 5, 2024"
"Native Discs","EcoGlo Thunder (Heloha)","179.3","21.6","1.7","1.2","19.0","1.3","5.6","41.50","9.20","","","","24-160","Aug 5, 2024"
"Native Discs","EcoGlo Tornado (Mahli Chito)","176.0","21.2","1.7","1.2","17.2","2.0","5.7","28.50","11.25","","","","24-161","Aug 5, 2024"
"Native Discs","EcoGlo Trickster (Chukfi)","175.1","21.1","2.2","1.4","19.1","1.0","6.6","72.50","9.89","","","","24-162","Aug 5, 2024"
"Disgo (Volen Tech)","GD1","176.8","21.3","1.8","1.1","16.9","2.2","5.2","28.00","9.89","","","","24-153","Jul 29, 2024"
"Disgo (Volen Tech)","GF1","178.5","21.5","1.8","1.2","18.1","1.7","5.6","28.75","8.30","","","","24-154","Jul 29, 2024"
"Disgo (Volen Tech)","GP1","174.3","21.0","2.2","1.6","19.0","1.0","7.6","59.75","7.50","","","","24-156","Jul 29, 2024"
"Disgo (Volen Tech)","GM1","178.5","21.5","2.2","1.4","18.9","1.3","6.5","41.00","8.07","","","","24-155","Jul 29, 2024"
"Disgo (Volen Tech)","GP2","176.8","21.3","1.6","1.4","19.0","1.2","6.6","57.75","7.05","","","","24-157","Jul 29, 2024"
"X-UFO (Ace Mould Co., Ltd)","Star Ship","178.5","21.5","1.8","1.1","17.5","2.0","5.1","27.50","7.16","","","","24-150","Jul 25, 2024"
"X-UFO (Ace Mould Co., Ltd)","Star Zone","176.8","21.3","1.7","1.4","19.0","1.2","5.6","54.50","6.93","","","","24-152","Jul 25, 2024"
"X-UFO (Ace Mould Co., Ltd)","Star Craft","179.3","21.6","1.6","1.1","17.5","2.0","5.1","29.75","7.50","","","","24-149","Jul 25, 2024"
"X-UFO (Ace Mould Co., Ltd)","Star Trek","178.5","21.5","1.7","1.1","17.3","2.1","5.1","30.25","10.80","","","","24-151","Jul 25, 2024"
"Trash Panda Disc Golf","Extraterrestrial II","175.1","21.1","1.9","1.1","16.9","2.4","5.2","30.75","10.68","","","","24-148","Jul 25, 2024"
"Lone Star Disc","Bash","175.1","21.1","1.7","1.5","19.0","1.0","7.1","72.25","5.91","","","","24-146","Jul 22, 2024"
"Lone Star Disc","Cactus","176.0","21.2","1.6","1.1","17.0","2.1","5.2","28.50","7.84","","","","24-147","Jul 22, 2024"
"Alfa Discs","Laks","175.1","21.1","1.6","1.1","16.5","2.3","5.2","27.50","9.32","","","","24-141","Jul 15, 2024"
"Qingdao Hippo Sport Products Co., Ltd.","Mooring","176.0","21.2","2.2","1.5","19.1","1.0","7.1","66.00","11.14","","","","24-142","Jul 15, 2024"
"Kestrel Outdoors","AirFlight","176.0","21.2","1.7","1.1","17.4","1.9","5.2","31.75","9.77","","","","24-144","Jul 15, 2024"
"Kestrel Outdoors","SubZero","175.1","21.1","1.8","1.3","17.8","1.6","6.2","35.75","11.25","","","","24-145","Jul 15, 2024"
"Lightspeed Disc Golf","Ember","174.3","21.0","1.9","1.6","18.8","1.1","7.6","56.25","9.09","","","","24-117","Jul 8, 2024"
"XCOM Discs","Aquila (天鹰座)","176.0","21.2","1.8","1.1","17.3","1.9","5.2","30.50","8.41","","","","24-138","Jul 8, 2024"
"Qingdao Hippo Sport Products Co., Ltd.","Shadow Slicer","176.0","21.2","1.8","1.1","17.8","1.7","5.2","32.25","7.95","","","","24-137","Jul 8, 2024"
"Gorilla Performance Discs","The Chimp","176.0","21.2","1.8","1.4","19.0","1.1","6.6","58.25","8.07","","","","24-140","Jul 8, 2024"
"Qingdao Hippo Sport Products Co., Ltd.","Dawn Chaser","179.3","21.6","1.7","1.3","18.7","1.4","6.0","48.75","7.93","","","","24-136","Jul 8, 2024"
"Discraft","Captain's Thrasher (modified overstable Thrasher)","175.1","21.1","1.7","1.2","16.8","2.1","5.7","26.50","8.52","","","","24-135","Jul 1, 2024"
"Supersonic Discs","Sugar Glider","179.3","21.6","1.6","1.1","17.7","1.9","5.1","35.75","11.93","","","","24-133","Jun 30, 2024"
"Compound Discs","Path","175.1","21.1","2.3","1.4","19.2","1.0","6.6","76.50","5.68","","","","24-132","Jun 30, 2024"
"Discmania","Notion","176.0","21.2","2.0","1.3","19.2","1.0","6.1","54.75","6.82","","","","24-134","Jun 30, 2024"
"Albatross Disc Golf","Mystic Grove","175.1","21.1","1.4","1.1","16.3","2.3","5.2","27.25","8.52","","","","24-131","Jun 17, 2024"
"Birdie","Rise","179.3","21.6","1.6","1.2","18.7","1.4","5.6","47.00","7.50","","","","24-130","Jun 17, 2024"
"Disc 4 Fun","Swisch","174.3","21.0","1.9","1.4","19.0","1.0","6.7","59.50","7.05","","","","24-129","Jun 17, 2024"
"H13 Disc Golf","Embark","174.3","21.0","2.3","1.5","19.0","1.0","7.1","53.50","9.55","","","","24-126","Jun 13, 2024"
"H13 Disc Golf","Adventurer","176.8","21.3","1.8","1.2","17.9","1.7","5.6","30.25","12.05","","","","24-124","Jun 13, 2024"
"H13 Disc Golf","Companion","176.8","21.3","1.9","1.3","19.3","1.0","6.1","49.75","7.84","","","","24-125","Jun 13, 2024"
"Discmania","Drop","176.0","21.2","1.6","1.3","18.7","1.2","6.1","56.50","8.75","","","","24-127","Jun 13, 2024"
"Clash Discs","Cookie (Tone variant)","177.6","21.4","1.8","1.2","17.8","1.8","5.6","35.50","9.66","","","","24-128","Jun 13, 2024"
"Albatross Disc Golf","Silent Forest","176.0","21.2","1.9","1.5","19.0","1.1","7.1","50.50","9.89","","","","24-122","Jun 10, 2024"
"Albatross Disc Golf","Canyon Echo","175.1","21.1","1.5","1.1","17.3","1.9","5.2","29.25","11.59","","","","24-118","Jun 10, 2024"
"Albatross Disc Golf","Crested Peak","175.1","21.1","1.6","1.1","17.2","1.9","5.2","33.75","11.36","","","","24-119","Jun 10, 2024"
"Albatross Disc Golf","Serene Sky","180.1","21.7","1.8","1.1","19.2","1.2","5.1","46.75","9.77","","","","24-121","Jun 10, 2024"
"Albatross Disc Golf","Summit Crest","179.3","21.6","1.6","1.1","19.0","1.3","5.1","47.75","11.02","","","","24-123","Jun 10, 2024"
"Albatross Disc Golf","Rippling Waters","176.0","21.2","2.1","1.5","19.0","1.1","7.1","64.25","10.45","","","","24-120","Jun 10, 2024"
"Deuz Disc Golf","Milestone (Saavutus/Virstanpylväs)","176.0","21.2","1.7","1.4","18.3","1.4","6.6","37.50","5.57","","","","24-113","Jun 3, 2024"
"Latitude 64","Sinus (New)","176.0","21.2","1.9","1.4","19.0","1.1","6.6","54.25","7.39","","","","24-115","Jun 3, 2024"
"Gorilla Performance Discs","Spider Monkey","175.1","21.1","1.7","1.2","17.7","1.7","5.7","35.75","7.73","","","","24-116","Jun 3, 2024"
"Jester Disc Golf","Wild Thing","176.0","21.2","1.9","1.5","18.8","1.2","7.1","68.75","11.59","","","","24-112","May 27, 2024"
"Essential Discs","Integrity (renamed from Balance)","179.3","21.6","1.7","1.3","18.7","1.4","6.0","48.75","7.39","","","","24-110","May 27, 2024"
"H13 Disc Golf","Wanderlust","175.1","21.1","2.0","1.2","16.6","2.3","5.7","27.25","10.80","","","","24-111","May 27, 2024"
"Gateway Disc Sports","Javelin","175.1","21.1","1.7","1.2","16.4","2.3","5.7","29.75","12.05","","","","24-106","May 20, 2024"
"Innova Champion Discs","Gorgon","176.0","21.2","1.6","1.1","16.9","2.1","5.2","34.75","10.11","","","","24-104","May 20, 2024"
"Discmania","Function","176.0","21.2","1.8","1.1","17.4","1.9","5.2","31.75","8.98","","","","24-107","May 20, 2024"
"Lone Star Disc","Trinity","175.1","21.1","1.8","1.2","17.4","1.8","5.7","27.50","8.18","","","","24-108","May 20, 2024"
"Northstar Discs","Paladin US","174.3","21.0","1.7","1.2","17.1","2.0","5.7","32.00","9.66","","","","24-98","May 10, 2024"
"Gateway Disc Sports","Aura","174.3","21.0","1.7","1.1","16.6","2.2","5.2","29.00","11.82","","","","24-99","May 10, 2024"
"Supersonic Discs","Loop","198.4","23.9","2.6","1.7","21.8","1.0","7.1","77.00","8.64","","160.1","","24-100","May 10, 2024"
"Supersonic Discs","Pondskater","179.3","21.6","1.8","1.2","17.6","2.0","5.6","40.75","11.82","","","","24-101","May 10, 2024"
"Lone Star Disc","Houston","178.5","21.5","1.9","1.4","18.8","1.4","6.5","38.25","7.50","","","","24-102","May 10, 2024"
"Lone Star Disc","The Tex","175.1","21.1","1.8","1.1","17.7","1.7","5.2","33.25","7.95","","","","24-103","May 10, 2024"
"Independent Discs Sweden AB","Soul (variant)","176.0","21.2","1.5","1.2","17.2","2.0","5.7","31.25","11.93","","","","24-96","May 6, 2024"
"Independent Discs Sweden AB","Sense (variant)","176.0","21.2","1.9","1.3","18.9","1.1","6.1","58.75","9.20","","","","24-95","May 6, 2024"
"Clash Discs","Lotus (Tone variant)","177.6","21.4","1.9","1.2","17.6","1.9","5.6","32.50","10.11","","","","24-93","May 6, 2024"
"ProtoFlyte","CNCi","175.1","21.1","1.9","1.2","16.3","2.4","5.7","33.75","12.16","","","","24-94","May 6, 2024"
"Lightspeed Disc Golf","Lumen","175.1","21.1","1.9","1.1","17.7","1.7","5.2","33.75","11.59","","","","24-97","May 6, 2024"
"Lone Star Disc","Yellow Rose","175.1","21.1","2.0","1.6","19.0","1.1","7.6","66.25","7.39","","","","24-88","Apr 29, 2024"
"Hooligan Discs","Dime","176.0","21.2","2.1","1.5","19.1","1.0","7.1","54.00","6.70","","","","24-89","Apr 29, 2024"
"Hooligan Discs","Thread (new)","176.0","21.2","1.9","1.1","17.2","2.0","5.2","38.50","11.59","","","","24-90","Apr 29, 2024"
"Stokely Discs","Finch","175.1","21.1","2.0","1.4","19.1","1.0","6.6","59.75","4.55","","","","24-91","Apr 29, 2024"
"Stokely Discs","Owl","175.1","21.1","2.0","1.4","18.7","1.2","6.6","57.25","8.86","","","","24-92","Apr 29, 2024"
"Prodigy Disc","M5 (New)","180.1","21.7","1.8","1.4","18.8","1.4","6.5","53.00","8.64","","","","24-84","Apr 22, 2024"
"Tefat","M 1.0","176.8","21.3","1.7","1.3","19.3","1.0","6.1","64.75","12.16","","","","24-85","Apr 22, 2024"
"Kastaplast","Idog","176.0","21.2","1.8","1.1","17.6","1.8","5.2","32.00","8.18","","","","24-87","Apr 22, 2024"
"Discraft","Swarm","180.1","21.7","1.6","1.2","19.0","1.3","5.5","44.00","7.61","","","","24-86","Apr 22, 2024"
"X-UFO (Ace Mould Co., Ltd)","Star Bird","176.0","21.2","1.6","1.1","16.8","2.2","5.2","27.00","9.77","","","","24-83","Apr 18, 2024"
"Bernoulli","Johnson","176.0","21.2","1.7","1.2","17.2","2.0","5.7","28.50","8.75","","","","24-79","Apr 18, 2024"
"Meridian Discs","Ravine ","179.3","21.6","1.7","1.3","18.7","1.4","6.0","49.25","7.39","","","","24-82","Apr 18, 2024"
"Meridian Discs","Current","176.0","21.2","1.9","1.1","17.8","1.7","5.2","32.75","8.07","","","","24-81","Apr 18, 2024"
"3rd Coast Discs","Swell","176.0","21.2","1.9","1.4","19.0","1.1","6.6","53.75","6.82","","","","24-80","Apr 18, 2024"
"RIPR","Grey Wolf","174.3","21.0","1.6","1.1","16.2","2.4","5.2","27.50","9.32","","","","24-77","Apr 15, 2024"
"RIPR","Leatherback","174.3","21.0","2.1","1.4","19.0","1.0","6.7","58.25","8.18","","","","24-78","Apr 15, 2024"
"Infinite Discs","Glyph","176.0","21.2","1.9","1.5","19.7","0.7","7.1","90.25","4.43","","","","24-74","Apr 15, 2024"
"Innova Champion Discs","Scorpion (new)","175.1","21.1","1.5","1.1","16.4","2.3","5.2","27.50","10.80","","","","24-73","Apr 15, 2024"
"XCOM Discs","Ori (猎户座)","176.8","21.3","2.0","1.5","19.1","1.1","7.0","70.25","11.71","","","","24-75","Apr 15, 2024"
"XCOM Discs","Scutum (盾牌座)","176.8","21.3","1.9","1.4","19.1","1.1","6.6","64.50","11.82","","","","24-76","Apr 15, 2024"
"Compound Discs","Tunnel Shot","175.1","21.1","1.7","1.1","19.4","0.9","5.2","68.25","5.80","","","","24-72","Apr 8, 2024"
"XCOM Discs","Cetus (鲸鱼座)","175.1","21.1","1.5","1.1","17.2","1.9","5.2","35.25","7.73","","","","24-70","Apr 8, 2024"
"XCOM Discs","Volans (飞鱼座)","176.0","21.2","1.7","1.2","17.6","1.8","5.7","33.75","8.18","","","","24-71","Apr 8, 2024"
"X-UFO (Ace Mould Co., Ltd)","Star Hawk","175.1","21.1","1.4","1.1","16.1","2.5","5.2","27.25","7.05","","","","24-69","Apr 5, 2024"
"X-UFO (Ace Mould Co., Ltd)","Star Death","175.1","21.1","1.3","1.1","16.0","2.6","5.2","29.00","9.09","","","","24-67","Apr 5, 2024"
"X-UFO (Ace Mould Co., Ltd)","Star Glide","175.1","21.1","1.3","1.1","16.7","2.2","5.2","29.50","8.64","","","","24-68","Apr 5, 2024"
"X-UFO (Ace Mould Co., Ltd)","Star Bucks","176.8","21.3","1.6","1.1","17.4","2.0","5.2","27.50","6.25","","","","24-66","Apr 5, 2024"
"Clash Discs","Popcorn (Tone variant)","178.5","21.5","2.2","1.5","19.3","1.1","7.0","74.25","6.70","","","","24-64","Apr 5, 2024"
"Clash Discs","Soda (Tone variant)","177.6","21.4","1.9","1.2","17.8","1.8","5.6","33.25","10.23","","","","24-65","Apr 5, 2024"
"Finuline","Line Tamer","176.8","21.3","1.5","1.3","18.1","1.6","6.1","41.00","6.14","","","","24-59","Apr 3, 2024"
"Clash Discs","Guava (Tone variant)","177.6","21.4","2.4","1.4","18.7","1.4","6.5","45.50","10.11","","","","24-62","Apr 3, 2024"
"Clash Discs","Almond","176.8","21.3","1.9","1.6","19.1","1.1","7.5","61.50","7.27","","","","24-60","Apr 3, 2024"
"Clash Discs","Barley","178.5","21.5","1.8","1.3","19.3","1.1","6.0","57.50","7.39","","","","24-61","Apr 3, 2024"
"Clash Discs","Millet","177.6","21.4","1.6","1.2","17.8","1.8","5.6","29.00","9.43","","","","24-63","Apr 3, 2024"
"Disc Golf Association","Sonar","175.1","21.1","1.9","1.4","19.1","1.0","6.6","62.25","12.05","","","","24-54","Apr 1, 2024"
"Disc Golf Association","Surf","175.1","21.1","1.9","1.5","19.1","1.0","7.1","55.25","11.70","","","","24-55","Apr 1, 2024"
"Independent Discs Sweden AB","Soul","175.1","21.1","1.8","1.2","17.3","1.9","5.7","31.25","8.18","","","","24-50","Mar 25, 2024"
"Elevation Disc Golf","Nimbus (retooled)","180.1","21.7","1.7","1.2","19.1","1.3","5.5","39.75","1.02","","","","24-51","Mar 25, 2024"
"ProtoFlyte","CNC+ ","175.1","21.1","2.0","1.2","16.4","2.4","5.7","29.25","11.93","","","","24-52","Mar 25, 2024"
"ProtoFlyte","CNC-","175.1","21.1","1.9","1.2","16.4","2.4","5.7","29.25","11.81","","","","24-53","Mar 25, 2024"
"Compound Discs","Barb","178.5","21.5","1.6","1.3","19.2","1.2","6.0","69.25","5.91","","","","23-46","Mar 18, 2024"
"Forge Discs","Nail","177.6","21.4","1.8","1.4","19.0","1.2","6.5","75.00","7.39","","","","24-48","Mar 18, 2024"
"Sacred Discs","Seed","175.1","21.1","2.2","1.5","19.0","1.1","7.1","72.00","6.48","","","","24-49","Mar 18, 2024"
"Discmania","MD4 (new)","180.1","21.7","1.9","1.3","19.0","1.3","6.0","51.25","10.68","","","","24-45","Mar 11, 2024"
"Clash Discs","Salt (Tone variant)","175.1","21.1","1.7","1.1","16.5","2.3","5.2","27.00","12.05","","","","24-43","Mar 4, 2024"
"Doomsday Discs","Ice Age","178.5","21.5","1.8","1.2","17.8","1.8","5.6","32.25","6.93","","","","24-42","Feb 26, 2024"
"Discraft","Zone GT (Ringer Top)","176.0","21.2","1.7","1.2","18.8","1.2","5.7","62.75","7.39","","","","24-39","Feb 22, 2024"
"Tefat","M 3.1","176.8","21.3","1.5","1.1","17.5","1.9","5.2","28.25","8.75","","","","24-37","Feb 22, 2024"
"Grassland Discs","Chickadee","175.1","21.1","1.7","1.4","19.1","1.0","6.6","68.00","6.70","","","","24-38","Feb 22, 2024"
"Prodigy Disc","M3 (new) ","180.1","21.7","1.9","1.4","18.9","1.4","6.5","47.50","7.16","","","","24-41","Feb 22, 2024"
"Kastaplast","Nord","180.1","21.7","2.0","1.3","19.0","1.3","6.0","47.50","7.73","","","","24-33","Feb 19, 2024"
"Discraft","Zone GT (Banger Top)","176.0","21.2","1.7","1.3","18.8","1.2","6.1","57.75","7.50","","","","24-36","Feb 19, 2024"
"Kastaplast","Älva","175.1","21.1","1.7","1.1","16.7","2.2","5.2","32.75","12.05","","","","24-32","Feb 19, 2024"
"Stokely Discs","Wren","175.1","21.1","2.0","1.4","18.9","1.1","6.6","63.50","6.14","","","","24-31","Feb 19, 2024"
"Stokely Discs","Cardinal","178.5","21.5","1.6","1.2","18.4","1.5","5.6","45.50","10.00","","","","24-30","Feb 19, 2024"
"Bernoulli","Einstein","179.3","21.6","2.1","1.3","18.8","1.4","6.0","40.75","10.11","","","","24-34","Feb 19, 2024"
"Discraft","Drive","175.1","21.1","1.7","1.1","16.8","2.1","5.2","27.50","12.16","","","","24-35","Feb 19, 2024"
"RIPR","Flame Skimmer","177.6","21.4","1.9","1.3","18.9","1.3","6.1","35.25","6.93","","","","24-26","Feb 15, 2024"
"Hooligan Discs","Vibe (new)","175.1","21.1","1.7","1.1","16.6","2.2","5.2","28.50","12.16","","","","24-29","Feb 15, 2024"
"Gorilla Performance Discs","Howler","175.1","21.1","1.6","1.1","16.5","2.3","5.2","26.25","11.93","","","","24-28","Feb 15, 2024"
"Thought Space Athletics","Nuance","176.0","21.2","1.8","1.1","17.8","1.7","5.2","33.50","9.32","","","","24-27","Feb 15, 2024"
"X-UFO (Ace Mould Co., Ltd)","Star Bat","177.6","21.4","1.8","1.1","17.9","1.8","5.1","26.25","8.75","","","","24-20","Feb 12, 2024"
"X-UFO (Ace Mould Co., Ltd)","Star Demon","174.3","21.0","2.2","1.5","19.0","1.0","7.1","63.75","9.20","","","","24-23","Feb 12, 2024"
"X-UFO (Ace Mould Co., Ltd)","Star Bison","178.5","21.5","2.0","1.3","18.9","1.3","6.0","43.25","8.86","","","","24-22","Feb 12, 2024"
"X-UFO (Ace Mould Co., Ltd)","Star Bear","174.3","21.0","1.7","1.1","17.5","1.8","5.2","30.00","10.45","","","","24-21","Feb 12, 2024"
"X-UFO (Ace Mould Co., Ltd)","Star Dorado","174.3","21.0","1.7","1.1","17.4","1.8","5.2","32.25","10.68","","","","24-24","Feb 12, 2024"
"Dynamic Discs","Jury","176.0","21.2","2.0","1.4","19.0","1.1","6.6","58.25","8.64","","","","24-17","Feb 8, 2024"
"Negative","Ritual","179.3","21.6","1.8","1.2","18.8","1.4","5.6","47.50","8.52","","","","24-19","Feb 8, 2024"
"Goliath Discs","Waymaker","177.6","21.4","1.9","1.5","19.3","1.1","7.0","55.00","9.77","","","","24-16","Feb 8, 2024"
"Infinite Discs","Khonsu","180.9","21.8","1.7","1.2","18.9","1.4","5.5","38.00","10.11","","","","24-18","Feb 8, 2024"
"Bernoulli","Bernoulli","175.1","21.1","2.2","1.5","19.0","1.0","7.1","78.75","7.73","","","","24-11","Feb 5, 2024"
"Dynamic Discs","General","175.1","21.1","1.8","1.1","16.7","2.2","5.2","29.00","12.16","","","","24-13","Feb 5, 2024"
"Westside Golf Discs","Prince","175.1","21.1","1.8","1.1","16.6","2.3","5.2","29.75","11.14","","","","24-14","Feb 5, 2024"
"Discmania","Spore","176.0","21.2","2.3","1.6","19.4","0.9","7.5","70.50","5.11","","","","24-12","Feb 5, 2024"
"Prodigy Disc","Waco","180.1","21.7","1.7","1.4","19.1","1.3","6.5","35.50","6.14","","","","24-15","Feb 5, 2024"
"Meridian Discs","Tundra","174.3","21.0","2.1","1.4","19.0","1.0","6.7","62.75","6.48","","","","24-10","Jan 31, 2024"
"Meridian Discs","Strait ","178.5","21.5","2.1","1.3","18.9","1.3","6.0","41.75","10.34","","","","24-9","Jan 31, 2024"
"XCOM Discs","Dra  (天龙座) ","174.3","21.0","1.8","1.1","16.4","2.3","5.2","32.00","10.23","","","","24-5","Jan 29, 2024"
"Dynamic Discs","Supreme EMAC Judge","176.0","21.2","2.0","1.4","18.9","1.1","6.6","58.25","11.59","","","","24-7","Jan 29, 2024"
"XCOM Discs","Leo (狮子座) ","174.3","21.0","1.9","1.1","16.3","2.4","5.2","31.50","10.68","","","","24-6","Jan 29, 2024"
"Gorilla Performance Discs","Chango","180.9","21.8","1.6","1.3","19.3","1.3","6.0","45.75","6.59","","","","24-8","Jan 29, 2024"
"Visionary Disc Golf","Amethyst ","177.6","21.4","1.6","1.3","18.5","1.4","6.1","42.75","7.73","","","","24-4","Jan 22, 2024"
"Rogue Iron","Taiga","175.1","21.1","1.6","1.2","17.3","1.9","5.7","31.75","9.20","","","","24-3","Jan 15, 2024"
"Prodigy Disc","Prodigy Club Putter","174.3","21.0","1.9","1.3","19.0","1.0","6.2","66.50","10.11","","","","24-2","Jan 8, 2024"
"Trash Panda Disc Golf","Ozone","176.0","21.2","1.9","1.1","17.4","1.9","5.2","29.75","9.32","","","","24-1","Jan 8, 2024"
"Discmania","PD2 (new)","175.1","21.1","1.8","1.1","16.4","2.3","5.2","28.25","9.66","","","","23-280","Dec 31, 2023"
"Goeringer Discs","Cherry Blossom","175.1","21.1","1.9","1.5","18.2","1.4","7.1","74.25","10.34","","","","23-282","Dec 31, 2023"
"Mint Discs","Mystery Box (2023)","178.5","21.5","1.9","1.4","18.6","1.4","6.5","43.75","12.16","","","","23-281","Dec 31, 2023"
"Doomsday Discs","Solar Death Ray","174.3","21.0","1.7","1.3","17.2","1.9","6.2","28.75","6.25","","","","23-275","Dec 26, 2023"
"Gorilla Performance Discs","Silverback","175.1","21.1","1.5","1.1","16.6","2.3","5.2","27.00","8.41","","","","23-276","Dec 26, 2023"
"Innova Champion Discs","Racer","175.1","21.1","1.6","1.2","16.4","2.3","5.7","28.75","12.16","","","","23-277","Dec 26, 2023"
"Innova Champion Discs","Racer 2","175.1","21.1","1.6","1.2","16.4","2.3","5.7","29.00","12.25","","","","23-278","Dec 26, 2023"
"Discraft","Kratos","175.1","21.1","2.0","1.4","18.9","1.1","6.6","59.75","11.14","","","","23-279","Dec 26, 2023"
"Ocean Discs ","Sea Turtle","179.3","21.6","1.7","1.4","18.8","1.4","6.5","49.50","8.75","","","","23-272","Dec 18, 2023"
"Gateway Disc Sports","Assassin (retool 2)","176.0","21.2","1.8","1.1","17.2","2.0","5.2","34.50","11.48","","","","23-274","Dec 18, 2023"
"Rogue Iron","Arctic","179.3","21.6","1.9","1.4","18.9","1.3","6.5","41.00","6.93","","","","23-273","Dec 18, 2023"
"Evolvent Discs","Readiness","176.0","21.2","1.6","1.2","18.5","1.3","5.7","43.50","12.16","","","","23-269","Dec 11, 2023"
"Latitude 64","Brave","176.8","21.3","1.8","1.1","17.7","1.8","5.2","30.00","7.95","","","","23-267","Dec 11, 2023"
"Latitude 64","Strive","175.1","21.1","1.8","1.1","16.6","2.2","5.2","32.00","11.93","","","","23-268","Dec 11, 2023"
"Divergent Discs","Kataw","180.9","21.8","1.8","1.4","19.2","1.3","6.4","48.75","8.86","","","","23-270","Dec 11, 2023"
"Divergent Discs","Wyrm","176.8","21.3","1.5","1.1","17.4","1.9","5.2","31.25","2.39","","","","23-271","Dec 11, 2023"
"Prodiscus","Pyramid","179.3","21.6","1.7","1.2","18.8","1.4","5.6","41.25","7.84","","","","23-264","Dec 4, 2023"
"Prodiscus","Unicorn","179.3","21.6","1.8","1.3","18.7","1.5","6.0","42.25","8.75","","","","23-265","Dec 4, 2023"
"PrintPractical","Extruder","174.3","21.0","1.5","1.1","18.8","1.1","5.2","61.75","8.52","","","","23-266","Dec 4, 2023"
"Supersonic Discs","Momentum","178.5","21.5","2.0","1.8","18.8","1.3","8.4","53.50","11.02","","","","23-261","Nov 20, 2023"
"Ire Gear","Ire Gear Shut The Putt Up","175.1","21.1","2.4","1.3","18.4","1.3","6.2","47.50","12.25","","","","23-263","Nov 20, 2023"
"Momentum Discs AB","Dispatch","180.1","21.7","1.8","1.1","17.8","2.0","5.1","27.00","7.50","","","","23-260","Nov 20, 2023"
"Elevation Disc Golf","Psychic","175.1","21.1","1.3","1.1","16.6","2.2","5.2","31.00","2.50","","","","23-262","Nov 20, 2023"
"Lone Star Disc","Spur","176.0","21.2","1.5","1.1","17.2","2.0","5.2","31.25","9.32","","","","23-258","Nov 13, 2023"
"Lone Star Disc","Wrangler","176.0","21.2","1.7","1.2","17.2","2.0","5.7","28.25","9.09","","","","23-257","Nov 13, 2023"
"Above Ground Level","Money Tree","175.1","21.1","1.8","1.1","17.1","2.0","5.2","30.50","9.45","","","","23-259","Nov 13, 2023"
"ProtoFlyte","CNC","174.3","21.0","1.8","1.1","16.3","2.3","5.2","29.25","8.86","","","","23-253","Nov 9, 2023"
"Discmania","TD (new)","175.1","21.1","1.8","1.1","17.3","1.9","5.2","35.50","10.45","","","","23-254","Nov 9, 2023"
"RPM Discs/Disc Golf Aotearoa","Kea (MR2) (retooled)","176.0","21.2","2.0","1.4","18.4","1.4","6.6","62.75","9.66","","","","23-255","Nov 9, 2023"
"Discmania","P3x (new)","176.8","21.3","1.9","1.5","19.0","1.1","7.0","62.00","8.41","","","","23-256","Nov 9, 2023"
"XCOM Discs","Pisces (双鱼座)","175.1","21.1","1.8","1.1","17.2","1.9","5.2","31.00","8.41","","","","23-249","Nov 6, 2023"
"XCOM Discs","Ari (白羊座)","176.0","21.2","1.9","1.2","17.6","1.8","5.7","29.75","7.84","","","","23-246","Nov 6, 2023"
"XCOM Discs","Cancer (巨蟹座)","176.0","21.2","1.5","1.2","16.4","2.4","5.7","32.50","9.09","","","","23-247","Nov 6, 2023"
"XCOM Discs","Libra (天秤座)","176.8","21.3","1.6","1.1","16.9","2.2","5.2","26.00","9.20","","","","23-248","Nov 6, 2023"
"XCOM Discs","Sagittarrius (人马座)","176.0","21.2","1.7","1.1","16.0","2.6","5.2","26.00","8.07","","","","23-250","Nov 6, 2023"
"XCOM Discs","Sco (天蝎座)","176.0","21.2","1.6","1.1","16.0","2.6","5.2","31.25","12.05","","","","23-251","Nov 6, 2023"
"Prodigy Disc","Prodigy Club Fairway","175.1","21.1","2.0","1.2","17.6","1.8","5.7","31.00","8.64","","","","23-243","Oct 30, 2023"
"Goliath Discs","Ark","176.0","21.2","2.0","1.2","17.3","1.9","5.7","34.50","7.84","","","","23-244","Oct 30, 2023"
"Reptilian Disc Golf","Carnivore ","176.0","21.2","1.4","1.1","16.8","2.2","5.2","27.75","11.14","","","","23-240","Oct 26, 2023"
"Gateway Disc Sports","Ether","176.3","21.2","1.4","1.1","16.8","2.2","5.2","26.50","12.16","","","","23-238","Oct 26, 2023"
"Gateway Disc Sports","Realm","176.0","21.2","1.4","1.1","16.8","2.2","5.2","26.75","9.77","","","","23-239","Oct 26, 2023"
"Tomahawk Specialty Discs","9 Iron Chip & Putt","176.8","21.3","1.5","1.2","19.3","1.0","5.6","34.50","0.91","","","","23-241","Oct 26, 2023"
"Tomahawk Specialty Discs","Gello Shot Chip & Putt","177.6","21.4","1.5","1.2","19.3","0.9","5.6","35.50","0.57","","","","23-242","Oct 26, 2023"
"Doomsday Discs","Proximity Mine","182.6","22.0","2.0","1.3","20.4","0.8","5.9","65.25","8.75","","","","23-234","Oct 23, 2023"
"Doomsday Discs","Apocalypse","176.8","21.3","1.5","1.2","16.5","2.4","5.6","27.00","8.75","","","","22-233","Oct 23, 2023"
"Doomsday Discs","Rot","175.1","21.1","1.9","1.4","19.1","1.0","6.6","64.75","8.30","","","","23-235","Oct 23, 2023"
"Newb SimHouse Custom Discs","NSH14 Nin'Jai","175.1","21.1","1.7","1.1","16.2","2.4","5.2","27.00","6.59","","","","23-232","Oct 16, 2023"
"Yeet Street Discs","Petra","178.5","21.5","1.6","1.3","18.6","1.4","6.0","42.75","6.70","","","","23-227","Oct 9, 2023"
"Above Ground Level","Dogwood","188.4","22.7","2.8","2.1","21.1","0.8","9.3","112.75","4.43","","","","23-231","Oct 9, 2023"
"National Perk Service","Yosemite","176.0","21.2","1.7","1.2","17.4","1.9","5.7","33.25","6.59","","","","23-230","Oct 9, 2023"
"Løft Discs","Neon","176.0","21.2","1.9","1.4","18.9","1.1","6.6","56.50","11.59","","","","23-228","Oct 9, 2023"
"Løft Discs","Titanium","176.8","21.3","2.0","1.1","17.8","1.7","5.2","36.00","8.52","","","","23-229","Oct 9, 2023"
"Rogue Iron","Biome","176.0","21.2","2.1","1.4","18.8","1.2","6.6","55.00","7.95","","","","23-226","Oct 2, 2023"
"Lone Star Disc","Bearkat","180.1","21.7","1.6","1.2","19.0","1.3","5.5","38.25","5.23","","","","23-224","Sep 18, 2023"
"Rogue Iron","Marine","175.1","21.1","1.6","1.2","16.7","2.2","5.7","28.00","11.02","","","","23-225","Sep 18, 2023"
"Doomsday Discs","Crisis","180.1","21.7","1.7","1.2","19.1","1.3","5.5","47.00","6.48","","","","23-223","Sep 18, 2023"
"Goliath Discs","Slingshot","174.3","21.0","1.6","1.1","16.2","2.4","5.2","27.50","9.43","","","","23-221","Sep 11, 2023"
"Elevation Disc Golf","Nimbus","179.3","21.6","1.5","1.2","18.8","1.4","5.6","37.75","1.36","","","","23-222","Sep 11, 2023"
"Axiom Discs","Pixel","176.0","21.2","2.1","1.5","19.1","1.0","7.1","61.00","7.73","","","","23-218","Sep 5, 2023"
"MVP Disc Sports","Trail","176.0","21.2","1.6","1.1","17.0","2.1","5.2","26.50","8.18","","","","23-220","Sep 5, 2023"
"MVP Disc Sports","Detour","179.3","21.6","1.6","1.3","18.7","1.4","6.0","47.25","5.45","","","","23-219","Sep 5, 2023"
"Osuma Disc","Goose","180.1","21.7","2.1","1.4","18.9","1.4","6.5","36.25","7.05","","","","23-214","Aug 28, 2023"
"Discraft","Cicada","177.6","21.4","1.6","1.2","18.0","1.7","5.6","35.25","9.32","","","","23-215","Aug 28, 2023"
"Birdie","Reach ","176.0","21.2","1.5","1.1","16.6","2.3","5.2","26.75","12.16","","","","23-217","Aug 28, 2023"
"Doomsday Discs","Gloom","175.1","21.1","2.1","1.4","19.1","1.0","6.6","60.50","4.43","","","","23-216","Aug 28, 2023"
"Finish Line Discs","Daytona","175.1","21.1","1.7","1.1","16.6","2.2","5.2","30.50","10.34","","","","23-209","Aug 21, 2023"
"Finish Line Discs","Interval","175.1","21.1","1.5","1.1","16.6","2.2","5.2","31.50","9.66","","","","23-208","Aug 21, 2023"
"Jester Disc Golf","Dream Weaver","176.8","21.3","1.7","1.1","17.8","1.7","5.2","35.75","6.25","","","","23-210","Aug 21, 2023"
"Goto Disc Golf","Gong","177.6","21.4","2.1","1.1","17.8","1.8","5.1","31.25","11.48","","","","23-213","Aug 21, 2023"
"Axiom Discs","Time-Lapse","176.0","21.2","1.7","1.2","16.5","2.3","5.7","26.25","11.59","","","","23-212","Aug 21, 2023"
"Infinite Discs","Conqueror","175.1","21.1","1.6","1.1","16.4","2.3","5.2","29.75","11.14","","","","23-211","Aug 21, 2023"
"Sector","G7R10","176.0","21.2","1.6","1.2","16.9","2.2","5.7","37.00","5.80","","","","23-206","Aug 14, 2023"
"Legacy Discs","Sumo","176.8","21.3","1.7","1.3","18.7","1.3","6.1","50.25","7.84","","","","23-207","Aug 14, 2023"
"Newb SimHouse Custom Discs","NSH13 Gin'Tak","181.8","21.9","1.8","1.4","20.0","0.9","6.4","68.00","3.86","","","","23-205","Aug 7, 2023"
"Lucky Discs","Bank Robber","176.0","21.2","1.9","1.2","17.4","1.9","5.7","30.75","8.86","","","","23-201","Aug 7, 2023"
"Doomsday Discs","Area 51","175.1","21.1","1.5","1.2","18.7","1.2","5.7","53.00","7.27","","","","23-202","Aug 7, 2023"
"Doomsday Discs","Scavenger","179.3","21.6","1.9","1.2","19.0","1.3","5.6","46.75","7.61","","","","23-204","Aug 7, 2023"
"Kraken Discs","Mimic","174.3","21.0","2.2","1.4","18.8","1.1","6.7","60.50","7.84","","","","23-200","Aug 7, 2023"
"Doomsday Discs","Famine","175.1","21.1","1.7","1.2","16.6","2.2","5.7","27.00","9.32","","","","23-203","Aug 7, 2023"
"Hooligan Discs","Rope","180.1","21.7","1.6","1.3","19.2","1.3","6.0","45.25","6.48","","","","23-194","Jul 31, 2023"
"Doomsday Discs","Bunker Buster","199.2","24.0","1.6","1.2","20.6","1.7","5.0","33.25","11.59","","","","23-195","Jul 31, 2023"
"Doomsday Discs","Wasteland","176.0","21.2","2.0","1.2","18.6","1.3","5.7","45.50","9.89","","","","23-197","Jul 31, 2023"
"Doomsday Discs","Lockdown","178.5","21.5","1.8","1.1","17.3","2.1","5.1","27.25","6.70","","","","23-196","Jul 31, 2023"
"Lone Star Disc","Growler","175.1","21.1","1.8","1.1","16.6","2.3","5.2","27.00","7.50","","","","23-198","Jul 31, 2023"
"Lone Star Disc","Horny Toad","175.1","21.1","2.0","1.4","18.9","1.1","6.6","69.25","7.73","","","","23-199","Jul 31, 2023"
"ITC-Discs","Mercury","175.1","21.1","2.0","1.5","19.1","1.0","7.1","62.00","11.36","","","","23-192","Jul 24, 2023"
"Ningbo Junye Stationery & Sports Articles Co., Ltd.","Xianglei","177.6","21.4","2.2","1.2","18.8","1.3","5.6","43.00","8.52","","","","23-191","Jul 24, 2023"
"Above Ground Level","Acacia","174.3","21.0","2.0","1.5","19.0","1.0","7.1","55.50","12.05","","","","23-190","Jul 24, 2023"
"Clash Discs","Guava","177.6","21.4","1.9","1.4","18.7","1.4","6.5","43.50","7.39","","","","23-193","Jul 24, 2023"
"Ningbo Junye Stationery & Sports Articles Co., Ltd.","Feilei","176.0","21.2","1.7","1.1","17.4","1.9","5.2","32.25","10.80","","","","23-186","Jul 17, 2023"
"Prodigy Disc","Archive","180.9","21.8","2.0","1.3","19.0","1.4","6.0","56.25","7.95","","","","22-183","Jul 17, 2023"
"Torch Discs","Torch","174.3","21.0","1.6","1.1","17.2","1.9","5.2","35.00","7.16","","","","23-187","Jul 17, 2023"
"Sacred Discs","Starship","174.3","21.0","1.7","1.1","16.4","2.3","5.2","27.25","7.73","","","","23-185","Jul 17, 2023"
"Sacred Discs","Arrowhead","175.1","21.1","1.6","1.3","18.7","1.2","6.2","53.50","9.55","","","","23-184","Jul 17, 2023"
"XCOM Discs","Ursa Major (大熊座) (renamed from Armi (犰))","176.0","21.2","1.4","1.1","16.3","2.5","5.2","27.00","9.43","","","","23-188","Jul 17, 2023"
"XCOM Discs","Mackal (鲛)","176.8","21.3","1.5","1.1","16.4","2.4","5.2","28.50","9.09","","","","23-189","Jul 17, 2023"
"Lucky Discs","Treasure Hunt","176.8","21.3","1.5","1.1","17.0","2.2","5.2","28.50","7.50","","","","23-181","Jul 10, 2023"
"Thought Space Athletics","Pneuma","174.3","21.0","1.9","1.4","19.0","1.0","6.7","57.00","2.73","","","","23-177","Jun 30, 2023"
"Independent Discs Sweden AB","Seeker (variant)","176.0","21.2","2.1","1.2","18.4","1.4","5.7","48.50","11.82","","","","23-175","Jun 30, 2023"
"Finish Line Discs","Torque","175.1","21.1","1.8","1.2","17.3","1.9","5.7","35.00","11.82","","","","23-180","Jun 30, 2023"
"Finish Line Discs","Rally","174.3","21.0","1.8","1.2","17.3","1.9","5.7","36.50","12.16","","","","23-179","Jun 30, 2023"
"Millennium Golf Discs"," ES1","176.0","21.2","1.5","1.1","17.0","2.1","5.2","38.50","8.86","","","","23-178","Jun 30, 2023"
"Prodiscus","Amulet","179.3","21.6","1.8","1.5","18.8","1.4","6.9","47.50","7.16","","","","23-168","Jun 26, 2023"
"Goto Disc Golf","Cowbell","178.5","21.5","2.0","1.2","18.6","1.4","5.6","46.75","12.05","","","","23-172","Jun 26, 2023"
"Goliath Discs","Chainbreaker","175.1","21.1","1.5","1.1","17.1","2.0","5.2","32.00","7.50","","","","23-167","Jun 26, 2023"
"Prodiscus","Totem","175.1","21.1","1.9","1.2","16.7","2.2","5.7","29.50","8.64","","","","23-169","Jun 26, 2023"
"Goto Disc Golf","Bongo","175.1","21.1","2.1","1.5","18.9","1.1","7.1","65.75","10.68","","","","23-171","Jun 26, 2023"
"Innova Factory Store","Khan","176.8","21.3","1.9","1.5","19.2","1.0","7.0","62.75","7.61","","","","23-170","Jun 26, 2023"
"Prodigy Disc","MX-2 (renamed from Prodigy Club Midrange)","176.0","21.2","1.7","1.4","18.5","1.4","6.6","60.75","9.55","","","","23-173","Jun 26, 2023"
"Goliath Discs","Rapture","175.1","21.1","1.9","1.1","16.7","2.2","5.2","29.50","9.77","","","","23-164","Jun 19, 2023"
"Goliath Discs","Redemption ","181.8","21.9","1.7","1.2","18.9","1.5","5.5","46.00","8.64","","","","23-165","Jun 19, 2023"
"Streamline Discs","Shift","176.0","21.2","1.5","1.1","17.1","2.1","5.2","32.75","7.61","","","","23-166","Jun 19, 2023"
"Dynamic Discs","Supreme EMAC Truth","180.1","21.7","1.8","1.2","18.8","1.5","5.5","42.25","8.41","","","","23-163","Jun 12, 2023"
"HIAARO (Giant Industry)","Golden Gate Bridge","176.8","21.3","1.9","1.2","17.3","2.0","5.7","31.25","10.80","","","","23-160","Jun 5, 2023"
"HIAARO (Giant Industry)","U.S. Capitol","176.0","21.2","2.0","1.3","18.7","1.3","6.1","47.50","8.64","","","","23-161","Jun 5, 2023"
"Sacred Discs","Oracle","175.1","21.1","1.5","1.1","17.7","1.7","5.2","34.50","6.02","","","","23-162","Jun 5, 2023"
"Clash Discs","Lotus (retooled)","177.6","21.4","1.7","1.2","17.6","1.9","5.6","32.50","8.52","","","","23-157","Jun 5, 2023"
"Discmania","Vanguard","176.0","21.2","1.7","1.1","17.3","2.0","5.2","29.75","10.68","","","","23-159","Jun 5, 2023"
"Discmania","DD (new)","176.0","21.2","1.7","1.1","16.8","2.2","5.2","30.00","8.98","","","","23-158","Jun 5, 2023"
"Wingman Discs","Dlask","174.3","21.0","2.1","1.5","18.4","1.3","7.1","53.75","6.36","","","","23-151","May 29, 2023"
"Clash Discs","Sage","176.8","21.3","1.7","1.2","16.7","2.3","5.6","32.25","10.80","","","","23-154","May 29, 2023"
"Newb SimHouse Custom Discs","NSH12 Bat'Leth","176.8","21.3","1.9","1.4","19.5","0.9","6.6","74.00","3.86","","","","23-152","May 29, 2023"
"Black Zombie Disc Golf","Infection","176.0","21.2","1.6","1.1","17.7","1.8","5.2","33.50","6.25","","","","23-153","May 29, 2023"
"Streamline Discs","Parachute","176.0","21.2","2.0","1.6","19.5","0.8","7.5","77.00","3.86","","","","23-156","May 29, 2023"
"Wing It Disc Golf","Pursue","176.0","21.2","1.9","1.6","18.1","1.5","7.5","33.25","7.27","","","","23-155","May 29, 2023"
"Gateway Disc Sports","Spell","175.1","21.1","1.7","1.1","16.6","2.2","5.2","27.75","9.43","","","","23-150","May 22, 2023"
"Tefat","M 3.0","176.0","21.2","1.7","1.1","17.5","1.9","5.2","31.25","7.84","","","","23-147","May 22, 2023"
"Above Ground Level","Locust x (variant)","176.0","21.2","1.9","1.1","17.2","2.0","5.2","29.75","8.52","","","","23-149","May 22, 2023"
"Kastaplast","Berg X","175.1","21.1","1.9","1.4","19.4","0.9","6.6","87.25","6.82","","","","23-148","May 22, 2023"
"Pie Pan Discs","Conspiracy","179.3","21.6","1.8","1.3","18.8","1.4","6.0","43.75","7.39","","","","23-146","May 18, 2023"
"Infinite Discs","Galleon","176.0","21.2","2.0","1.2","17.8","1.7","5.7","39.50","11.02","","","","23-138","May 15, 2023"
"Lone Star Disc","Artemis","175.1","21.1","2.0","1.4","18.8","1.2","6.6","50.50","8.18","","","","23-140","May 15, 2023"
"Axiom Discs","Pitch","176.0","21.2","2.0","1.6","19.5","0.8","7.5","79.75","4.20","","","","23-139","May 15, 2023"
"Sacred Discs","Gnome","176.0","21.2","1.9","1.4","19.2","1.0","6.6","53.25","5.11","","","","23-141","May 15, 2023"
"FotCot Discs","BumbleBob","174.3","21.0","2.2","1.3","18.8","1.1","6.2","54.25","7.84","","","","23-142","May 15, 2023"
"FotCot Discs","ChooChooBob","176.0","21.2","2.1","1.2","18.6","1.3","5.7","47.25","8.75","","","","23-143","May 15, 2023"
"FotCot Discs","ParkingBob","174.3","21.0","1.6","1.1","17.6","1.7","5.2","30.75","7.95","","","","23-145","May 15, 2023"
"FotCot Discs","GlowBob","179.3","21.6","1.9","1.2","18.9","1.3","6.0","41.75","5.80","","","","23-144","May 15, 2023"
"Kastaplast","Vass","176.8","21.3","1.7","1.1","16.9","2.2","5.2","26.25","8.41","","","","23-135","May 8, 2023"
"Newb SimHouse Custom Discs","NSH11 Bird of Prey","175.1","21.1","1.6","1.1","17.1","2.0","5.2","29.00","5.80","","","","23-136","May 8, 2023"
"Kastaplast","Kaxe (retooled)","175.1","21.1","1.7","1.3","17.8","1.6","6.2","35.00","8.18","","","","23-137","May 8, 2023"
"Orbital Discs","Valhalla Reaper","174.3","21.0","1.6","1.1","16.4","2.3","5.2","26.50","12.16","","","","23-134","May 1, 2023"
"Clash Discs","Peppermint","176.0","21.2","1.7","1.4","18.5","1.4","6.6","44.25","9.55","","","","23-133","May 1, 2023"
"Clash Discs","Cinnamon","175.1","21.1","1.6","1.2","17.1","2.0","5.7","30.50","11.25","","","","23-132","May 1, 2023"
"Clash Discs","Cherry","177.6","21.4","1.7","1.4","18.5","1.4","6.5","51.00","7.84","","","","23-131","May 1, 2023"
"Clash Discs","Candy","176.0","21.2","2.3","1.5","18.8","1.2","7.1","65.25","8.30","","","","23-130","May 1, 2023"
"Thought Space Athletics","Crux","177.6","21.4","2.0","1.4","18.5","1.4","6.5","47.25","8.52","","","","23-129","May 1, 2023"
"Remix Disc Golf","Ronin","176.8","21.3","1.9","1.2","17.4","1.9","5.6","31.50","9.77","","","","23-128","Apr 27, 2023"
"Mint Discs","Taco","177.6","21.4","1.9","1.4","18.5","1.4","6.5","43.00","11.93","","","","23-126","Apr 27, 2023"
"Mint Discs","UFO","176.0","21.2","2.1","1.5","19.0","1.1","7.1","62.25","9.20","","","","23-127","Apr 27, 2023"
"Mint Discs","Lasso","176.0","21.2","1.9","1.2","17.8","1.7","5.7","34.00","10.80","","","","23-124","Apr 27, 2023"
"Mint Discs","Salamander","176.0","21.2","1.8","1.4","17.8","1.7","6.6","52.50","10.23","","","","23-125","Apr 27, 2023"
"OZDG","EVO","176.0","21.2","2.3","1.5","18.8","1.2","7.1","55.50","11.14","","","","23-119","Apr 24, 2023"
"Reptilian Disc Golf","Iguana ","181.8","21.9","1.8","1.2","19.1","1.4","5.5","29.75","11.14","","","","23-120","Apr 24, 2023"
"Innova Champion Discs","Rollo","180.9","21.8","1.6","1.1","18.8","1.5","5.0","32.75","7.50","","","","23-123","Apr 24, 2023"
"Innova Champion Discs","Alien (new)","179.3","21.6","2.2","1.4","18.7","1.4","6.5","48.50","10.23","","","","23-122","Apr 24, 2023"
"Exel Discs","Kelo","174.3","21.0","1.7","1.2","17.0","2.0","5.7","32.75","11.36","","","","23-121","Apr 24, 2023"
"Hobbysport","Hobbysport Driver","176.0","21.2","1.9","1.2","17.3","1.9","5.7","31.25","8.98","","","","23-116","Apr 17, 2023"
"Doomsday Discs","Desolation","176.0","21.2","2.1","1.6","18.1","1.5","7.5","33.50","7.73","","","","23-115","Apr 17, 2023"
"Disctroyer OÜ","Woodpecker (Rähn)","176.8","21.3","1.7","1.4","18.9","1.2","6.6","59.75","8.18","","","","23-117","Apr 17, 2023"
"Doomsday Discs","Depth Charge","180.9","21.8","1.9","1.4","20.0","0.9","6.4","104.00","5.34","","","","23-118","Apr 17, 2023"
"Neptune Discs ","Splash","176.0","21.2","2.1","1.4","19.1","1.1","6.6","64.25","6.59","","","","23-113","Apr 10, 2023"
"Neptune Discs ","Nautilus","181.8","21.9","1.7","1.2","19.1","1.4","5.5","35.00","7.16","","","","23-112","Apr 10, 2023"
"Neptune Discs ","Marlin","174.3","21.0","1.8","1.2","17.6","1.8","5.7","31.25","8.30","","","","23-111","Apr 10, 2023"
"Goliath Discs","Pillar","174.3","21.0","1.8","1.4","18.4","1.3","6.7","68.50","11.82","","","","23-110","Apr 10, 2023"
"Orbital Discs","Deranged Squirrel ","175.1","21.1","1.6","1.1","16.1","2.5","5.2","26.00","10.68","","","","23-114","Apr 10, 2023"
"Momentum Discs AB","Gain","178.5","21.5","1.9","1.1","19.3","1.1","5.1","49.75","9.55","","","","23-108","Apr 4, 2023"
"HIAARO (Giant Industry)","Statue of Liberty","176.0","21.2","2.1","1.2","18.7","1.3","5.7","43.00","11.48","","","","23-107","Apr 3, 2023"
"Lone Star Disc","Crockett","176.8","21.3","1.7","1.2","16.9","2.2","5.6","28.00","7.39","","","","23-109","Apr 3, 2023"
"Hobbysport","Hobbysport Putter","175.1","21.1","2.3","1.4","18.5","1.3","6.6","44.75","12.05","","","","23-90","Mar 27, 2023"
"Remix Disc Golf","Goliath","176.0","21.2","1.6","1.2","17.0","2.1","5.7","31.00","9.89","","","","23-97","Mar 27, 2023"
"Remix Disc Golf","Haymaker","176.0","21.2","1.8","1.2","17.2","2.0","5.7","31.50","10.45","","","","23-98","Mar 27, 2023"
"Remix Disc Golf","Gladius","177.6","21.4","1.9","1.4","18.5","1.4","6.5","45.75","9.20","","","","23-96","Mar 27, 2023"
"Remix Disc Golf","Troll","176.0","21.2","1.8","1.2","17.6","1.8","5.7","37.00","8.98","","","","23-106","Mar 27, 2023"
"Remix Disc Golf","Mercenary","176.0","21.2","1.8","1.2","17.8","1.7","5.7","34.25","8.64","","","","23-101","Mar 27, 2023"
"Remix Disc Golf","Behemoth","176.0","21.2","1.8","1.2","16.6","2.3","5.7","26.50","10.11","","","","23-92","Mar 27, 2023"
"Remix Disc Golf","Eldritch","176.0","21.2","2.0","1.5","18.9","1.1","7.1","55.75","8.07","","","","23-95","Mar 27, 2023"
"Remix Disc Golf","Skirmisher","176.0","21.2","1.6","1.2","17.3","1.9","5.7","33.50","9.43","","","","23-103","Mar 27, 2023"
"Remix Disc Golf","Rumble","176.0","21.2","1.7","1.2","17.1","2.0","5.7","33.75","10.23","","","","23-102","Mar 27, 2023"
"Remix Disc Golf","Creature","177.6","21.4","1.8","1.4","18.6","1.4","6.5","46.25","8.41","","","","23-93","Mar 27, 2023"
"Remix Disc Golf","Detonator","176.0","21.2","1.9","1.6","19.0","1.1","7.5","62.50","7.95","","","","23-94","Mar 27, 2023"
"Remix Disc Golf","Mastodon","176.0","21.2","2.1","1.5","19.1","1.0","7.1","57.50","7.39","","","","23-100","Mar 27, 2023"
"Remix Disc Golf","Spartan","176.0","21.2","1.6","1.2","17.0","2.1","5.7","32.50","10.45","","","","23-104","Mar 27, 2023"
"Remix Disc Golf","Torpedo","177.6","21.4","1.6","1.4","18.5","1.4","6.5","42.50","7.73","","","","23-105","Mar 27, 2023"
"Remix Disc Golf","Battleship","177.6","21.4","1.8","1.4","18.5","1.4","6.5","50.50","9.77","","","","23-91","Mar 27, 2023"
"Remix Disc Golf","Heavy Metal","176.0","21.2","1.8","1.4","18.8","1.2","6.6","37.75","8.18","","","","23-99","Mar 27, 2023"
"Clash Discs","Lotus","177.6","21.4","1.6","1.3","17.6","1.9","6.1","32.50","9.09","","","","23-88","Mar 23, 2023"
"Clash Discs","Fudge","176.8","21.3","2.0","1.5","19.2","1.1","7.0","63.00","6.48","","","","23-87","Mar 23, 2023"
"RPM Discs/Disc Golf Aotearoa","Tara Iti (Fairy Tern, DGFD3)","176.0","21.2","1.5","1.2","17.0","2.1","5.7","30.00","9.32","","","","23-81","Mar 23, 2023"
"Jester Disc Golf","Peace Train","178.5","21.5","1.7","1.3","18.6","1.4","6.0","41.75","8.07","","","","23-82","Mar 23, 2023"
"Clash Discs","Vanilla","177.6","21.4","1.6","1.1","17.1","2.1","5.1","26.00","9.66","","","","23-89","Mar 23, 2023"
"AstroDisc","Honu","175.1","21.1","1.7","1.2","17.1","2.0","5.7","32.75","9.89","","","","23-85","Mar 23, 2023"
"AstroDisc","Frog","175.1","21.1","1.7","1.2","17.1","2.0","5.7","32.50","11.93","","","","23-84","Mar 23, 2023"
"AstroDisc","Tiki","175.1","21.1","1.7","1.2","17.1","2.0","5.7","31.00","10.68","","","","23-86","Mar 23, 2023"
"Pie Pan Discs","Spire","175.1","21.1","2.0","1.1","16.4","2.4","5.2","26.75","9.55","","","","23-83","Mar 23, 2023"
"Yikun Discs","Serpentine (伏羲, Fú Xī)","176.0","21.2","1.6","1.2","16.6","2.3","5.7","27.50","8.41","","","","23-78","Mar 20, 2023"
"Momentum Discs AB","Impetus","176.8","21.3","1.8","1.2","17.5","1.9","5.6","30.25","12.05","","","","23-77","Mar 20, 2023"
"Infinite Discs","Roman","176.0","21.2","1.5","1.2","17.3","1.9","5.7","27.25","9.20","","","","23-80","Mar 20, 2023"
"Kastaplast","Krut","176.0","21.2","1.7","1.1","16.8","2.2","5.2","30.25","8.98","","","","23-76","Mar 20, 2023"
"Disc Golf Association","Avalanche","","21.2","1.5","1.1","17.4","1.9","5.2","32.25","12.16","","","","23-79","Mar 20, 2023"
"STM Disc Golf","Badia","174.3","21.0","1.7","1.2","17.4","1.8","5.7","34.50","12.16","","","","23-65","Mar 13, 2023"
"Northstar Discs","Pacific OS","174.3","21.0","1.7","1.2","17.1","2.0","5.7","28.00","9.89","","","","23-66","Mar 13, 2023"
"Northstar Discs","Paladin OS","174.3","21.0","2.0","1.3","17.4","1.8","6.2","32.00","9.32","","","","23-67","Mar 13, 2023"
"Orbital Discs","Viperwolf","175.1","21.1","1.5","1.1","16.1","2.5","5.2","26.00","7.16","","","","23-74","Mar 13, 2023"
"Orbital Discs","Ignition","174.3","21.0","1.6","1.2","17.0","2.0","5.7","29.00","11.59","","","","23-71","Mar 13, 2023"
"Orbital Discs","Euphoria","174.3","21.0","1.9","1.2","17.4","1.8","5.7","27.00","12.05","","","","23-69","Mar 13, 2023"
"Orbital Discs","Bliss","180.1","21.7","2.3","1.3","18.9","1.4","6.0","43.25","8.64","","","","23-68","Mar 13, 2023"
"Orbital Discs","Solar Eclipse","180.9","21.8","1.6","1.2","19.3","1.3","5.5","48.75","2.39","","","","23-73","Mar 13, 2023"
"Orbital Discs","Hyrrokin","176.0","21.2","1.8","1.3","18.9","1.2","6.1","60.50","8.75","","","","23-70","Mar 13, 2023"
"Orbital Discs","Kore","176.0","21.2","2.1","1.5","19.3","1.0","7.1","62.25","4.66","","","","23-72","Mar 13, 2023"
"Trash Panda Disc Golf","Dune","178.5","21.5","1.8","1.4","19.1","1.2","6.5","49.50","8.18","","","","23-75","Mar 13, 2023"
"Alfa Discs","Timberline Apollo (variant)","182.6","22.0","1.7","1.3","19.4","1.3","5.9","49.75","5.11","","","","23-63","Mar 6, 2023"
"Discraft","Zone OS","176.0","21.2","1.8","1.4","18.9","1.2","6.6","64.25","12.05","","","","23-64","Mar 6, 2023"
"Shenzhen Reanson Products Co., Ltd","X 090","200.0","27.6","3.1","2.0","26.0","0.8","7.2","86.25","7.84","Super Class & Vintage Class","184.9","","23-60","Feb 27, 2023"
"Newb SimHouse Custom Discs","NX-01","176.0","21.2","1.5","1.1","16.2","2.5","5.2","27.50","7.95","","","","23-61","Feb 27, 2023"
"Kastaplast","Stig","175.1","21.1","1.9","1.2","18.0","1.6","5.7","39.00","7.50","","","","23-62","Feb 27, 2023"
"Gateway Disc Sports","Blade V2 (variant)","176.0","21.2","1.7","1.2","17.2","2.0","5.7","34.00","11.93","","","","23-55","Feb 23, 2023"
"Gateway Disc Sports","Speed Demon GT (variant)","176.8","21.3","2.0","1.1","16.9","2.2","5.2","26.00","6.36","","","","23-56","Feb 23, 2023"
"Gateway Disc Sports","Warlock GE (variant)","176.0","21.2","1.9","1.5","19.2","1.0","7.1","56.25","6.93","","","","23-57","Feb 23, 2023"
"Goliath Discs","Ambush","174.3","21.0","1.5","1.2","16.5","2.2","5.7","36.25","8.98","","","","23-59","Feb 23, 2023"
"Infinite Discs","Raze","176.0","21.2","1.9","1.5","19.0","1.1","7.1","66.25","11.48","","","","23-58","Feb 23, 2023"
"Gateway Disc Sports","G-ONE","175.1","21.1","1.7","1.2","16.4","2.3","5.7","28.00","11.02","","","","23-49","Feb 20, 2023"
"Gateway Disc Sports","Houdini","176.0","21.2","1.9","1.5","18.8","1.2","7.1","55.75","7.95","","","","23-50","Feb 20, 2023"
"Gateway Disc Sports","Amphibian","175.1","21.1","1.9","1.2","17.1","2.0","5.7","29.50","8.18","","","","23-48","Feb 20, 2023"
"Exel Discs","Tuohi","176.0","21.2","1.8","1.3","18.2","1.5","6.1","34.50","7.61","","","","23-52","Feb 20, 2023"
"Exel Discs","Puro","177.6","21.4","2.1","1.2","17.8","1.8","5.6","32.75","7.95","","","","23-51","Feb 20, 2023"
"Lone Star Disc","Benny","175.1","21.1","1.9","1.5","18.9","1.1","7.1","58.50","6.93","","","","23-54","Feb 20, 2023"
"Lone Star Disc","Harrier","175.1","21.1","1.7","1.2","16.5","2.3","5.7","27.50","6.93","","","","23-53","Feb 20, 2023"
"Innova Champion Discs","Juggernaut","175.1","21.1","1.7","1.2","16.4","2.3","5.7","26.50","11.02","","","","23-45","Feb 13, 2023"
"Prodigy Disc","Feedback","176.0","21.2","1.7","1.1","17.2","2.0","5.2","31.00","10.34","","","","23-47","Feb 13, 2023"
"Discmania","MD5 (new)","176.0","21.2","2.0","1.3","18.2","1.5","6.2","51.25","12.25","","","","23-46","Feb 13, 2023"
"Northstar Discs","Launcher OS","174.3","21.0","1.9","1.1","16.3","2.4","5.2","27.00","9.77","","","","23-42","Feb 6, 2023"
"Northstar Discs","Launcher (new)","174.3","21.0","1.7","1.1","16.3","2.4","5.2","27.00","10.34","","","","23-41","Feb 6, 2023"
"Northstar Discs","Launcher US","174.3","21.0","1.8","1.1","16.3","2.4","5.2","27.00","9.89","","","","23-43","Feb 6, 2023"
"Hooligan Discs","Cash","176.0","21.0","1.7","1.4","18.9","1.0","6.7","58.50","7.05","","","","23-40","Feb 6, 2023"
"Newb SimHouse Custom Discs","NSH 1701","176.0","21.1","1.5","1.1","16.1","2.5","5.2","27.00","7.39","","","","23-44","Feb 6, 2023"
"Essential Discs","Oxygen","176.0","21.2","1.6","1.2","17.0","2.1","5.7","42.75","12.25","","","","23-33","Feb 2, 2023"
"Essential Discs","Purpose","177.6","21.4","1.7","1.3","18.5","1.4","6.1","33.00","12.16","","","","23-35","Feb 2, 2023"
"Essential Discs","Peace","176.0","21.2","1.8","1.4","18.9","1.1","6.6","58.25","6.93","","","","23-34","Feb 2, 2023"
"Essential Discs","Harmony","178.5","21.5","1.7","1.4","18.6","1.4","6.5","39.50","11.70","","","","23-32","Feb 2, 2023"
"Essential Discs","Rain","176.8","21.3","1.7","1.2","17.4","1.9","5.6","61.25","12.05","","","","23-36","Feb 2, 2023"
"Essential Discs","Solara","176.0","21.2","1.5","1.1","16.6","2.3","5.2","28.50","12.16","","","","23-37","Feb 2, 2023"
"Kliffa Discs","Tasty","179.3","21.6","1.9","1.2","18.8","1.4","5.6","44.50","6.59","","","","23-39","Feb 2, 2023"
"Kliffa Discs","Misty","174.3","21.0","1.7","1.1","17.0","2.0","5.2","30.50","8.86","","","","23-38","Feb 2, 2023"
"Millennium Golf Discs","Vela","176.0","21.2","1.8","1.2","17.6","1.8","5.7","43.75","8.07","","","","23-24","Feb 2, 2023"
"Yikun Discs","Shadowlight (射弓, Shè Gōng)","176.0","21.2","1.6","1.2","16.3","2.4","5.7","28.75","11.14","","","","23-29","Jan 30, 2023"
"Yikun Discs","Golden Crow (金乌, Jīn Wū)","179.3","21.6","2.0","1.2","17.8","1.9","5.6","29.50","7.05","","","","23-27","Jan 30, 2023"
"Yikun Discs","Lifetree (扶桑, Fú Sāng)","176.8","21.3","2.0","1.6","19.3","1.0","7.5","62.50","5.80","","","","23-25","Jan 30, 2023"
"Yikun Discs","Lord Archer (后裔, Hoú Yì)","176.0","21.2","1.8","1.1","17.2","2.0","5.2","28.75","8.86","","","","23-26","Jan 30, 2023"
"Yikun Discs","Dragoness (女娲, Nü Wā)","181.8","21.9","1.9","1.2","18.5","1.7","5.5","28.00","6.25","","","","23-28","Jan 30, 2023"
"Yikun Discs","Lightbearer (羲和, Xī Hé)   ","177.6","21.4","2.0","1.2","17.6","1.9","5.6","31.50","7.27","","","","23-31","Jan 30, 2023"
"Yikun Discs","Angel (天石, Tiān Shí) ","176.8","21.3","1.7","1.3","18.9","1.2","6.1","55.50","10.80","","","","23-30","Jan 30, 2023"
"Birdie","Ultra","176.8","21.4","1.6","1.2","18.4","1.5","5.6","44.75","10.68","","","","23-22","Jan 30, 2023"
"Axiom Discs","Tempo","176.0","21.2","1.6","1.4","18.7","1.2","6.6","55.50","7.16","","","","23-23","Jan 30, 2023"
"Full Turn Discs","Guide","180.9","21.8","1.8","1.2","19.0","1.4","5.5","55.50","6.36","","","","23-20","Jan 23, 2023"
"Wing It Disc Golf","Dream ","176.8","21.3","1.4","1.1","16.5","2.4","5.2","27.00","9.32","","","","23-21","Jan 23, 2023"
"Dynamic Discs","Sockibomb Felon","176.0","21.2","1.6","1.1","17.1","2.0","5.2","31.50","11.93","","","","23-18","Jan 23, 2023"
"Dynamic Discs","Supreme Fugitive","180.1","21.7","1.9","1.3","18.7","1.5","6.0","39.00","11.70","","","","23-19","Jan 23, 2023"
"STM Disc Golf","Cloud Ripper","175.1","21.1","2.1","1.4","18.8","1.2","6.6","46.25","8.75","","","","23-12","Jan 16, 2023"
"STM Disc Golf","Osiris","178.5","21.5","2.2","1.3","18.9","1.3","6.0","52.75","10.34","","","","23-13","Jan 16, 2023"
"STM Disc Golf","War Bonnet","175.1","21.1","1.7","1.1","16.3","2.4","5.2","28.50","12.25","","","","23-15","Jan 16, 2023"
"STM Disc Golf","Overwatch","175.1","21.1","2.1","1.4","18.8","1.2","6.6","42.25","9.32","","","","23-14","Jan 16, 2023"
"Goto Disc Golf","Skool","174.3","21.0","2.2","1.5","18.9","1.1","7.1","57.00","10.34","","","","23-16","Jan 16, 2023"
"Elevation Disc Golf","Gecko","175.1","21.1","1.5","1.1","17.5","1.8","5.2","33.50","1.59","","","","23-17","Jan 16, 2023"
"Premier Discs","War Bear","176.0","21.2","1.8","1.1","17.9","1.7","5.2","35.75","9.20","","","","23-10","Jan 9, 2023"
"Legacy Discs","Rebel","174.3","21.0","2.1","1.5","18.9","1.1","7.1","60.25","9.77","","","","23-11","Jan 9, 2023"
"Independent Discs Sweden AB","Sense","175.1","21.1","1.9","1.3","18.9","1.1","6.2","58.75","7.84","","","","23-1","Jan 9, 2023"
"Osuma Disc","Husky","176.0","21.2","1.7","1.1","17.4","1.9","5.2","31.50","7.73","","","","23-4","Jan 9, 2023"
"Osuma Disc","Pike","180.1","21.7","1.7","1.4","18.8","1.4","6.5","39.00","6.82","","","","23-5","Jan 9, 2023"
"Osuma Disc","Santa","176.8","21.3","2.1","1.6","19.2","1.0","7.5","57.25","6.02","","","","23-6","Jan 9, 2023"
"Prodiscus","Empire","175.1","21.1","1.9","1.2","16.3","2.4","5.7","28.00","8.30","","","","23-3","Jan 9, 2023"
"Wild Discs","Tasmanian Devil V2","176.0","21.2","1.8","1.1","17.2","2.0","5.2","30.75","8.64","","","","23-2","Jan 9, 2023"
"Lone Star Disc","Brazos","176.0","21.2","1.7","1.1","17.7","1.8","5.2","29.25","7.16","","","","23-9","Jan 9, 2023"
"Terminal Velocity Discs","Cervini","176.8","21.3","1.5","1.1","17.3","2.0","5.2","31.00","7.16","","","","23-8","Jan 9, 2023"
"Jester Disc Golf","Love","176.0","21.2","2.0","1.5","19.0","1.1","7.1","59.00","7.16","","","","23-7","Jan 9, 2023"
"Lone Star Disc","Frio","175.1","21.1","1.6","1.1","17.6","1.8","5.2","32.50","7.50","","","","22-230","Dec 26, 2022"
"Lone Star Disc","Seguin","175.1","21.1","1.6","1.1","16.6","2.3","5.2","28.00","7.84","","","","22-231","Dec 26, 2022"
"Discraft","Venom (retooled)","174.3","21.0","2.0","1.2","16.6","2.2","5.7","29.00","12.25","","","","22-232","Dec 26, 2022"
"Dynamic Discs","Supreme Trespass","175.1","21.1","1.7","1.1","16.6","2.2","5.2","30.00","11.93","","","","22-229","Dec 19, 2022"
"National Perk Service","Big Bend","175.1","21.1","1.4","1.1","16.4","2.4","5.2","28.25","5.80","","","","22-220","Dec 12, 2022"
"Exel Discs","Nila","176.8","21.3","1.9","1.6","19.1","1.1","7.5","66.00","6.59","","","","22-222","Dec 12, 2022"
"Exel Discs","Korpi","177.6","21.4","1.6","1.1","16.7","2.3","5.1","29.25","8.98","","","","22-221","Dec 12, 2022"
"Latitude 64","Honor","176.0","21.2","1.8","1.1","17.4","1.9","5.2","31.75","10.23","","","","22-223","Dec 12, 2022"
"Latitude 64","Savior","177.6","21.4","1.7","1.2","19.1","1.2","5.6","46.75","9.32","","","","22-224","Dec 12, 2022"
"Finish Line Discs","Pace","175.1","21.1","2.0","1.5","18.9","1.1","7.1","60.25","10.68","","","","22-225","Dec 12, 2022"
"Innova Champion Discs","Alien","178.5","21.5","2.5","1.5","20.3","0.6","7.0","82.00","3.30","","","","22-228","Dec 12, 2022"
"Doomsday Discs","Pestilence","176.0","21.2","1.5","1.1","16.5","2.4","5.2","28.00","8.64","","","","22-226","Dec 12, 2022"
"Doomsday Discs","Scope","176.0","21.2","1.5","1.2","18.5","1.4","5.7","35.75","3.41","","","","22-227","Dec 12, 2022"
"TOSY","TOSY Smart S12","175.1","21.1","1.6","1.3","15.9","2.6","6.2","30.00","9.32","","","","22-217","Dec 5, 2022"
"Wingman Discs","Havran","182.6","22.0","2.0","1.3","19.2","1.4","5.9","42.50","12.16","","","","22-219","Dec 5, 2022"
"Pie Pan Discs","Uncle","174.3","21.0","1.7","1.2","16.5","2.3","5.7","30.75","9.43","","","","22-213","Nov 28, 2022"
"Discmania","Tailor","180.1","21.7","1.8","1.3","19.1","1.3","6.0","45.25","8.86","","","","22-212","Nov 28, 2022"
"Discmania","CD1","176.0","21.2","1.7","1.1","17.3","1.9","5.2","31.25","8.52","","","","22-209","Nov 28, 2022"
"Discmania","DD1","176.0","21.2","1.5","1.1","16.8","2.2","5.2","30.75","8.30","","","","22-210","Nov 28, 2022"
"Discmania","FD1","176.0","21.2","1.7","1.1","17.6","1.8","5.2","36.25","8.98","","","","22-211","Nov 28, 2022"
"Lone Star Disc","Nimitz","176.0","21.2","1.7","1.1","16.9","2.2","5.2","27.75","7.05","","","","22-215","Nov 28, 2022"
"Lone Star Disc","Bayonet","174.3","21.0","1.8","1.1","16.4","2.3","5.2","26.00","7.50","","","","22-214","Nov 28, 2022"
"National Perk Service","Death","177.6","21.4","2.2","1.5","19.2","1.1","7.0","70.75","5.23","","","","22-216","Nov 28, 2022"
"Taito Frisbeegolf","Tarkka (Premium variant)","176.8","21.3","2.1","1.6","19.1","1.1","7.5","59.75","7.05","","","","22-200","Nov 21, 2022"
"Taito Frisbeegolf","Tarkka (Ultrium variant)","176.8","21.3","2.0","1.6","19.1","1.1","7.5","59.75","6.70","","","","22-201","Nov 21, 2022"
"Premier Discs","War Dove (Zulu Line, stiff variant)","175.1","21.1","2.0","1.6","18.9","1.1","7.6","68.25","11.48","","","","22-199","Nov 21, 2022"
"Clash Discs","Spice","175.1","21.1","2.0","1.2","17.2","2.0","5.7","31.50","11.82","","","","22-198","Nov 21, 2022"
"Daredevil Discs","Hellbender (Beluga variant)","176.0","21.2","1.7","1.3","19.0","1.1","6.1","60.50","5.68","","","","22-204","Nov 21, 2022"
"Daredevil Discs","Hellbender (Killer Whale variant)","176.0","21.2","1.7","1.3","19.0","1.1","6.1","60.50","9.32","","","","22-205","Nov 21, 2022"
"Daredevil Discs","Hellbender (Memphré variant)","176.0","21.2","1.7","1.3","19.0","1.1","6.1","60.50","4.43","","","","22-206","Nov 21, 2022"
"Daredevil Discs","Hellbender (Salamander variant)","176.0","21.2","1.7","1.3","19.0","1.1","6.1","60.50","7.73","","","","22-208","Nov 21, 2022"
"Daredevil Discs","Hellbender (Razorback variant)","175.1","21.1","1.9","1.3","18.9","1.1","6.2","60.50","9.43","","","","22-207","Nov 21, 2022"
"Dynamic Discs","Supreme Judge","176.0","21.2","2.2","1.4","19.0","1.1","6.6","58.25","10.45","","","","22-203","Nov 21, 2022"
"Alfa Discs","Galileo","175.1","21.1","1.7","1.4","18.8","1.2","6.6","59.00","6.14","","","","22-202","Nov 21, 2022"
"Løft Discs","Xenon","175.1","21.1","1.5","1.2","17.1","2.0","5.7","27.00","10.23","","","","22-197","Nov 14, 2022"
"Prysm Discs","Arc","174.3","21.0","1.9","1.2","16.6","2.2","5.7","29.25","7.50","","","","22-196","Nov 14, 2022"
"Elevation Disc Golf","Arowana","175.1","21.1","1.8","1.3","19.1","1.0","6.2","62.25","0.91","","","","22-194","Nov 7, 2022"
"Prodigy Disc","F9","175.1","21.1","1.9","1.1","17.5","1.8","5.2","31.50","8.41","","","","22-193","Nov 7, 2022"
"Precision Flytes","Z Flyer","200.0","27.5","3.2","1.9","25.7","0.9","7.0","109.75","4.66","Super Class & Vintage Class","180.9","","22-195","Nov 7, 2022"
"Newb SimHouse Custom Discs","NSH9 Hexxus","180.9","21.8","1.8","1.4","20.0","0.9","6.4","62.50","3.75","","","","22-186","Oct 31, 2022"
"Premier Discs","War Pigeon (stiff variant)","176.0","21.2","2.0","1.5","19.1","1.1","7.1","68.25","12.05","","","","22-192","Oct 31, 2022"
"Innova Champion Discs","Rat (New)","176.0","21.2","1.8","1.3","18.8","1.2","6.1","66.75","11.14","","","","22-188","Oct 31, 2022"
"Innova Champion Discs","Jay (New)","180.1","21.7","1.7","1.2","18.9","1.4","5.5","45.75","11.48","","","","22-187","Oct 31, 2022"
"Innova Champion Discs","Wombat 3 (New)","180.1","21.7","1.8","1.2","18.9","1.4","5.5","30.00","11.59","","","","22-189","Oct 31, 2022"
"Alfa Discs","Atlantis","175.1","21.1","1.7","1.1","17.2","1.9","5.2","29.50","5.80","","","","22-190","Oct 31, 2022"
"Newb SimHouse Custom Discs","NSH0 Nexxus","180.9","21.8","1.9","1.6","19.9","0.9","7.3","73.75","3.64","","","","22-191","Oct 31, 2022"
"Crown Me (Sunny Sporting Co. Ltd)","Adventure Driver S","175.1","21.1","1.7","1.1","17.3","1.9","5.2","27.50","12.05","","","","22-10","Oct 24, 2022"
"Crown Me (Sunny Sporting Co. Ltd)","Space Driver","175.1","21.1","1.8","1.1","17.2","1.9","5.2","26.25","11.36","","","","22-185","Oct 24, 2022"
"Crown Me (Sunny Sporting Co. Ltd)","Driver Pro","175.1","21.1","1.7","1.1","17.3","1.9","5.2","26.25","11.59","","","","22-184","Oct 24, 2022"
"Independent Discs Sweden AB","Seeker","175.1","21.1","1.9","1.2","18.4","1.4","5.7","48.50","7.16","","","","22-182","Oct 17, 2022"
"Hooligan Discs","Flip","180.1","21.7","1.9","1.3","19.1","1.3","6.0","45.25","6.93","","","","22-177","Oct 17, 2022"
"TOSY","TOSY UltraLED S3","175.1","21.1","1.9","1.6","18.0","1.5","7.6","61.75","10.68","","","","22-176","Oct 17, 2022"
"TOSY","TOSY Smart S3","175.1","21.1","1.9","1.6","18.0","1.5","7.6","61.75","10.91","","","","22-175","Oct 17, 2022"
"Discmania","Mermaid","176.8","21.3","1.8","1.2","17.5","1.9","5.6","41.75","8.41","","","","22-178","Oct 17, 2022"
"Crown Me (Sunny Sporting Co. Ltd)","Mid Range Pro","176.0","21.2","1.6","1.2","19.1","1.1","5.7","48.00","7.39","","","","22-179","Oct 17, 2022"
"Crown Me (Sunny Sporting Co. Ltd)","Putter Entry","176.0","21.2","1.8","1.6","19.7","0.8","7.5","100.75","7.61","","","","22-180","Oct 17, 2022"
"Infinite Discs","Czar","175.1","21.1","1.7","1.2","16.7","2.2","5.7","33.25","9.77","","","","22-174","Oct 10, 2022"
"Birdie","Weapon","175.1","21.1","1.4","1.1","17.5","1.9","5.2","43.00","9.89","","","","22-173","Oct 10, 2022"
"Crown Me (Sunny Sporting Co. Ltd)","Be Wild and Free-Mid Range","175.1","21.1","1.9","1.6","18.9","1.1","7.6","60.00","9.77","","","","22-172","Oct 4, 2022"
"Chumba Discs","Sombra","174.3","21.0","2.2","1.4","19.0","1.0","6.7","64.50","6.93","","","","22-171","Oct 4, 2022"
"Hummingbird Flight Tech","Cricket","175.1","21.1","2.0","1.7","18.5","1.3","8.1","81.25","7.84","","","","22-170","Oct 4, 2022"
"Clash Discs","Peach","177.6","21.4","1.9","1.3","18.6","1.4","6.1","45.00","9.66","","","","22-166","Sep 26, 2022"
"Finish Line Discs","Supra","179.3","21.6","1.7","1.2","18.9","1.4","5.6","45.00","6.93","","","","22-167","Sep 26, 2022"
"TOSY","TOSY Smart S10","177.6","21.4","1.6","1.3","16.7","2.3","6.1","36.50","11.93","","","","22-168","Sep 26, 2022"
"TOSY","TOSY UltraLED S10","177.6","21.4","1.6","1.3","16.7","2.3","6.1","36.50","12.16","","","","22-169","Sep 26, 2022"
"All 4 Frisbee","Galaxy","178.5","21.5","2.0","1.5","18.9","1.3","7.0","45.50","7.84","","","","22-163","Sep 19, 2022"
"All 4 Frisbee","Asteroid","176.8","21.3","2.3","1.5","19.2","1.1","7.0","64.75","6.14","","","","22-162","Sep 19, 2022"
"Prodiscus","Talisman","175.1","21.1","1.7","1.2","17.3","1.9","5.7","37.75","8.07","","","","22-164","Sep 19, 2022"
"Trash Panda Disc Golf","Inner Core","176.8","21.3","1.9","1.5","19.4","1.0","7.0","56.50","5.23","","","","22-165","Sep 19, 2022"
"LB Sport Loisir","Orsus Compost","180.1","21.7","2.3","1.1","18.7","1.5","5.1","38.75","11.48","","","","22-159","Sep 12, 2022"
"Full Turn Discs","Beacon","181.8","21.9","1.7","1.2","18.8","1.5","5.5","52.00","10.00","","","","22-158","Sep 12, 2022"
"TOSY","TOSY UltraLED S7","176.0","21.2","1.9","1.5","16.9","2.1","7.1","38.50","10.23","","","","22-157","Sep 12, 2022"
"TOSY","TOSY Smart S7","176.0","21.2","2.0","1.5","16.9","2.1","7.1","38.50","11.02","","","","22-156","Sep 12, 2022"
"Goliath Discs","Enoch","174.3","21.0","1.9","1.2","17.4","1.8","5.7","33.75","11.70","","","","22-160","Sep 12, 2022"
"Birdie","Strike","176.8","21.3","1.8","1.2","17.7","1.8","5.6","30.50","8.98","","","","22-155","Sep 5, 2022"
"Taito Frisbeegolf","Tarkka (Basic Soft)","176.0","21.2","2.1","1.6","19.2","1.0","7.5","59.75","7.73","","","","22-154","Sep 5, 2022"
"Premier Discs","War Pigeon","176.0","21.2","2.0","1.5","19.1","1.1","7.1","68.25","7.27","","","","22-149","Sep 5, 2022"
"Innova Champion Discs","Charger","175.1","21.1","1.6","1.2","16.4","2.3","5.7","28.50","8.98","","","","22-148","Sep 5, 2022"
"Innova Champion Discs","Jay","180.1","21.7","1.7","1.2","19.0","1.4","5.5","45.75","10.00","","","","22-147","Sep 5, 2022"
"Lone Star Disc","Lone Wolf","179.3","21.6","1.5","1.1","18.9","1.4","5.1","41.75","4.09","","","","22-152","Sep 5, 2022"
"Lone Star Disc","Copperhead","179.3","21.6","1.8","1.3","19.6","1.0","6.0","55.50","5.23","","","","22-151","Sep 5, 2022"
"Lone Star Disc","Super Dillo","195.6","23.6","2.0","1.2","22.0","0.8","5.1","88.00","5.10","","","","22-153","Sep 5, 2022"
"Lone Star Disc","Bluebonnet","175.1","21.1","2.1","1.3","18.9","1.1","6.2","65.50","5.80","","","","22-150","Sep 5, 2022"
"Pie Pan Discs","Grunt","174.3","21.0","1.7","1.2","17.0","2.0","5.7","32.25","12.05","","","","22-146","Aug 29, 2022"
"Taito Frisbeegolf","Varma","179.3","21.6","1.8","1.5","18.9","1.3","6.9","37.50","6.93","","","","22-143","Aug 29, 2022"
"Taito Frisbeegolf","Täsmä","175.1","21.1","1.5","1.1","17.2","1.9","5.2","32.25","9.20","","","","22-141","Aug 29, 2022"
"Taito Frisbeegolf","Tykki","175.1","21.1","1.5","1.1","16.4","2.3","5.2","27.25","10.45","","","","22-142","Aug 29, 2022"
"Doomsday Discs","Cataclysm","178.5","21.5","1.5","1.1","17.3","2.1","5.1","29.25","11.25","","","","22-144","Aug 29, 2022"
"Wild Discs","Addax V2","178.5","21.5","1.6","1.3","18.6","1.4","6.0","45.50","5.91","","","","22-145","Aug 29, 2022"
"Crown Me (Sunny Sporting Co. Ltd)","Crossfit - Mid Range","176.8","21.3","1.7","1.3","19.2","1.1","6.1","50.25","8.18","","","","22-137","Aug 15, 2022"
"Crown Me (Sunny Sporting Co. Ltd)","Morning - Mid Range","176.8","21.3","1.6","1.3","19.1","1.1","6.1","53.75","7.05","","","","22-138","Aug 15, 2022"
"Crown Me (Sunny Sporting Co. Ltd)","Take Off - Putter","176.8","21.3","2.3","1.6","19.7","0.8","7.5","92.25","7.45","","","","22-139","Aug 15, 2022"
"GT Discs","Dynamo","174.3","21.0","1.7","1.2","16.3","2.4","5.7","28.00","9.89","","","","22-135","Aug 8, 2022"
"GT Discs","Blue Moon","177.6","21.4","1.9","1.5","19.3","1.1","7.0","64.50","4.89","","","","22-134","Aug 8, 2022"
"3rd Coast Discs","Shorebreak","176.0","21.2","2.0","1.6","19.0","1.1","7.5","67.50","1.70","","","","22-136","Aug 8, 2022"
"Reptilian Disc Golf","Komodo ","176.0","21.2","2.0","1.1","17.2","2.0","5.2","29.25","11.36","","","","22-133","Aug 1, 2022"
"Prodiscus","Origo","176.0","21.2","1.9","1.5","19.1","1.1","7.1","56.75","6.14","","","","22-131","Aug 1, 2022"
"Discraft","Athena","176.8","21.3","1.5","1.1","17.7","1.8","5.2","30.00","11.70","","","","22-132","Aug 1, 2022"
"Lone Star Disc","Tombstone","175.1","21.1","1.3","1.1","16.5","2.3","5.2","28.75","9.89","","","","22-129","Jul 25, 2022"
"Prodigy Disc","Stryder","180.9","21.8","2.0","1.5","19.2","1.3","6.9","48.75","7.61","","","","22-130","Jul 25, 2022"
"Neptune Discs ","Squid","176.0","21.2","2.0","1.1","17.5","1.9","5.2","27.75","8.75","","","","22-127","Jul 18, 2022"
"Hooligan Discs","Thread","175.1","21.1","1.5","1.1","17.1","2.0","5.2","31.50","6.25","","","","22-128","Jul 18, 2022"
"Clash Discs","Salt","174.3","21.0","1.7","1.1","16.4","2.3","5.2","27.00","10.68","","","","22-125","Jul 11, 2022"
"Nordisc","Tyrfing","175.1","21.1","1.7","1.1","17.7","1.7","5.2","33.25","8.18","","","","22-123","Jul 11, 2022"
"Nordisc","Níðhöggr","176.0","21.2","1.8","1.4","19.2","1.0","6.6","59.50","9.55","","","","22-122","Jul 11, 2022"
"Wild Discs","Hyena","176.8","21.3","1.7","1.1","17.5","1.9","5.2","30.50","5.45","","","","22-121","Jul 11, 2022"
"Sector","G1R1","175.1","21.1","1.5","1.2","16.5","2.3","5.7","44.25","4.09","","","","22-120","Jul 11, 2022"
"Daredevil Discs","Hellbender","176.0","21.2","1.7","1.3","19.0","1.1","6.1","60.50","8.52","","","","22-124","Jul 11, 2022"
"Thought Space Athletics","Alter","176.0","21.2","2.0","1.5","19.0","1.1","7.1","61.50","5.34","","","","22-126","Jul 11, 2022"
"MVP Disc Sports","Zenith","176.0","21.2","1.7","1.1","16.8","2.2","5.2","27.00","8.98","","","","22-118","Jul 1, 2022"
"Clash Discs","Wild Honey","174.3","21.0","1.8","1.1","16.4","2.3","5.2","27.50","11.14","","","","22-117","Jul 1, 2022"
"Clash Discs","Cookie","177.6","21.4","1.7","1.2","17.8","1.8","5.6","35.50","8.52","","","","22-116","Jul 1, 2022"
"Doomsday Discs","Frag","183.4","22.1","1.9","1.2","18.9","1.6","5.4","41.00","1.70","","","","22-119","Jul 1, 2022"
"Northstar Discs","Pacific","175.1","21.1","1.7","1.1","17.2","1.9","5.2","28.00","8.18","","","","22-109","Jun 27, 2022"
"Northstar Discs","Paladin","176.0","21.2","1.8","1.2","17.5","1.8","5.7","32.00","8.52","","","","22-110","Jun 27, 2022"
"Northstar Discs","Spy","176.0","21.2","1.8","1.3","18.8","1.2","6.1","52.50","7.95","","","","22-111","Jun 27, 2022"
"Northstar Discs","Zoom","175.1","21.1","2.2","1.5","19.1","1.0","7.1","68.50","6.70","","","","22-113","Jun 27, 2022"
"Northstar Discs","Wingman","180.1","21.7","1.8","1.3","19.1","1.3","6.0","34.00","6.59","","","","22-112","Jun 27, 2022"
"MVP Disc Sports","Glitch","176.0","21.2","2.0","1.6","19.5","0.8","7.5","66.50","3.41","","","","22-115","Jun 27, 2022"
"Doomsday Discs","Land Mine","182.6","22.0","1.8","1.5","19.6","1.2","6.8","92.75","4.66","","","","22-114","Jun 27, 2022"
"All 4 Frisbee","Haze","175.1","21.1","1.6","1.2","17.2","1.9","5.7","34.75","8.52","","","","22-105","Jun 20, 2022"
"Prodiscus","MidariX (beaded)","179.3","21.6","2.0","1.5","18.8","1.4","6.9","41.25","7.95","","","","22-106","Jun 20, 2022"
"XCOM Discs","S-Bennu (凤鸣)","174.3","21.0","2.6","1.4","19.0","1.0","6.7","61.00","6.25","","","","22-102","Jun 13, 2022"
"Lone Star Disc","Chupacabra","176.0","21.2","1.6","1.2","17.2","2.0","5.7","30.50","7.16","","","","22-103","Jun 13, 2022"
"Dynamic Discs","Supreme Escape","175.1","21.1","1.7","1.1","17.2","2.0","5.2","32.50","9.32","","","","22-104","Jun 13, 2022"
"Discmania","P1 (new)","176.0","21.2","2.0","1.5","19.0","1.1","7.1","62.50","10.80","","","","22-99","Jun 6, 2022"
"Discmania","Cloudbreaker","175.1","21.1","1.8","1.2","16.5","2.3","5.7","27.25","11.93","","","","22-97","Jun 6, 2022"
"Discmania","FD3 (new)","176.8","21.3","1.7","1.1","17.3","2.0","5.2","33.25","10.45","","","","22-98","Jun 6, 2022"
"Reptilian Disc Golf","Chameleon ","176.0","21.2","1.8","1.1","17.1","2.0","5.2","39.75","8.86","","","","22-95","Jun 6, 2022"
"Axiom Discs","Trance","174.3","21.0","1.8","1.2","17.1","1.9","5.7","41.25","9.32","","","","22-96","Jun 6, 2022"
"Lone Star Disc","The Dome","175.1","21.1","1.8","1.1","17.2","1.9","5.2","36.00","6.70","","","","22-100","Jun 6, 2022"
"Thought Space Athletics","Temple","176.8","21.3","1.7","1.4","18.9","1.2","6.6","53.00","6.02","","","","22-101","Jun 6, 2022"
"Lone Star Disc","Bull Snake","175.1","21.1","2.0","1.3","18.5","1.3","6.2","61.25","10.23","","","","22-94","May 30, 2022"
"EV-7","Telos ","174.3","21.0","1.9","1.5","18.9","1.0","7.1","67.00","10.80","","","","22-91","May 23, 2022"
"Windward Discs","Monsoon","176.8","21.3","2.0","1.3","18.7","1.3","6.1","46.50","6.14","","","","22-93","May 23, 2022"
"Doomsday Discs","Blackout","176.0","21.2","1.9","1.2","17.4","1.9","5.7","28.50","8.41","","","","22-92","May 23, 2022"
"TOSY","TOSY UltraLED S12","175.1","21.1","1.5","1.3","16.0","2.5","6.2","27.75","9.09","","","","22-83","May 16, 2022"
"Newb SimHouse Custom Discs","NSH8 Defiant","175.1","21.1","1.5","1.2","17.9","1.6","5.7","34.25","9.09","","","","22-82","May 16, 2022"
"Premier Discs","War Dove","175.1","21.1","2.0","1.6","18.9","1.1","7.6","68.25","10.23","","","","22-88","May 16, 2022"
"Doomsday Discs","Bleak","174.3","21.0","2.2","1.4","18.9","1.1","6.7","52.00","7.16","","","","22-85","May 16, 2022"
"Doomsday Discs","Despair","177.6","21.4","2.1","1.4","18.8","1.3","6.5","46.25","7.84","","","","22-86","May 16, 2022"
"Doomsday Discs","Dystopia","177.6","21.4","1.7","1.2","17.2","2.1","5.6","28.25","10.91","","","","22-87","May 16, 2022"
"Kastaplast","Guld","175.1","21.1","1.8","1.2","16.5","2.3","5.7","28.75","9.89","","","","22-89","May 16, 2022"
"Thought Space Athletics","Construct","176.8","21.3","1.6","1.2","17.2","2.0","5.6","26.50","11.14","","","","22-84","May 16, 2022"
"Løft Discs","Silicon","179.3","21.6","1.8","1.4","18.9","1.3","6.5","45.00","10.00","","","","22-90","May 16, 2022"
"RPM Discs/Disc Golf Aotearoa","Takapu (PA3)","176.0","21.2","2.1","1.5","18.9","1.1","7.1","66.75","10.80","","","","22-74","May 9, 2022"
"Prodiscus","JokeriX (beaded)","176.8","21.3","1.8","1.5","19.0","1.1","7.0","54.00","7.39","","","","22-75","May 9, 2022"
"Lucky Discs","Money Shot","176.8","21.3","1.8","1.5","19.0","1.1","7.0","54.00","6.93","","","","22-76","May 9, 2022"
"Exel Discs","Kanto","183.4","22.1","1.9","1.4","19.3","1.4","6.3","41.50","7.05","","","","22-77","May 9, 2022"
"Lone Star Disc","Walker","177.6","21.4","1.7","1.2","18.6","1.4","5.6","34.50","5.80","","","","22-78","May 9, 2022"
"Above Ground Level","Douglas Fir","176.0","21.2","1.8","1.3","19.2","1.0","6.1","65.00","6.93","","","","22-71","May 2, 2022"
"Prodigy Disc","Shadowfax","175.1","21.1","1.8","1.1","17.2","2.0","5.2","33.00","9.32","","","","22-70","May 2, 2022"
"Exel Discs","Havu","178.5","21.5","1.8","1.5","19.3","1.1","7.0","55.50","6.48","","","","22-73","May 2, 2022"
"Discmania","Paradigm","175.1","21.1","1.7","1.1","16.8","2.1","5.2","34.00","9.89","","","","22-72","May 2, 2022"
"Clash Discs","Butter","178.5","21.5","2.1","1.5","19.1","1.2","7.0","67.25","7.95","","","","22-60","Apr 25, 2022"
"Full Turn Discs","Crusade","176.0","21.2","1.6","1.1","16.4","2.4","5.2","27.25","9.89","","","","22-65","Apr 25, 2022"
"Mint Discs","Phoenix","176.0","21.2","1.7","1.2","17.2","2.0","5.7","26.75","9.89","","","","22-64","Apr 25, 2022"
"Mint Discs","Lobster","178.5","21.5","1.8","1.3","18.6","1.4","6.0","47.50","7.16","","","","22-63","Apr 25, 2022"
"Mint Discs","Diamondback","176.8","21.3","1.6","1.1","17.1","2.1","5.2","31.25","12.16","","","","22-62","Apr 25, 2022"
"Goliath Discs","Covenant (renamed from Genesis)","175.1","21.1","2.0","1.5","19.1","1.0","7.1","59.50","3.75","","","","22-69","Apr 25, 2022"
"Clash Discs","Soda","177.6","21.4","2.0","1.2","17.8","1.8","5.6","31.50","12.05","","","","22-61","Apr 25, 2022"
"Doomsday Discs","Flat Earth","180.9","21.8","2.1","1.3","19.4","1.2","6.0","48.00","5.80","","","","22-66","Apr 25, 2022"
"Doomsday Discs","Plague","175.1","21.1","1.8","1.1","16.7","2.2","5.2","26.75","8.98","","","","22-67","Apr 25, 2022"
"Lone Star Disc","Lariat","175.1","21.1","1.7","1.1","17.1","2.0","5.2","30.50","6.93","","","","22-68","Apr 25, 2022"
"Innova Factory Store","Power Disc2","175.1","21.1","1.6","1.2","16.4","2.3","5.7","27.00","8.86","","","","22-59","Apr 18, 2022"
"Lone Star Disc","Ranger","177.6","21.4","1.8","1.2","18.6","1.4","5.6","37.50","6.59","","","","22-58","Apr 18, 2022"
"Lone Star Disc","Guadalupe AKA Guad","177.6","21.4","1.6","1.1","17.7","1.9","5.1","32.50","7.95","","","","22-57","Apr 18, 2022"
"Dynamic Discs","Culprit","176.8","21.3","1.6","1.3","18.9","1.2","6.1","46.25","12.05","","","","22-53","Apr 11, 2022"
"Windward Discs","Blizzard","178.5","21.5","1.9","1.2","17.3","2.1","5.6","27.00","7.05","","","","22-54","Apr 11, 2022"
"Windward Discs","Sirocco","178.5","21.5","2.1","1.4","18.9","1.3","6.5","41.00","6.25","","","","22-56","Apr 11, 2022"
"Windward Discs","Chinook","175.1","21.1","2.2","1.5","19.0","1.1","7.1","52.00","4.43","","","","22-55","Apr 11, 2022"
"Franklin Sports","Hydro","174.3","21.0","2.2","1.4","18.9","1.0","6.7","61.50","7.84","","","","22-51","Apr 11, 2022"
"Franklin Sports","Ryuu","174.3","21.0","1.8","1.1","17.7","1.7","5.2","31.25","7.95","","","","22-52","Apr 11, 2022"
"Franklin Sports","Falkor","178.5","21.5","1.9","1.2","19.0","1.3","5.6","36.75","7.50","","","","22-50","Apr 11, 2022"
"ODDGRIP","G1","175.1","21.1","1.9","1.4","18.7","1.2","6.6","63.50","4.89","","","","22-46","Apr 4, 2022"
"Prodigy Disc","PA-5","177.6","21.4","1.9","1.4","19.5","0.9","6.5","58.25","6.36","","","","22-49","Apr 4, 2022"
"Prodigy Disc","H7","175.1","21.1","2.0","1.1","17.2","1.9","5.2","31.25","10.34","","","","22-47","Apr 4, 2022"
"Dynamic Discs","Sockibomb Slammer","175.1","21.1","1.9","1.5","18.8","1.2","7.1","59.00","9.89","","","","22-45","Apr 4, 2022"
"Prodigy Disc","MX-1","176.8","21.3","2.0","1.3","18.3","1.5","6.1","41.75","11.14","","","","22-48","Apr 4, 2022"
"Hooligan Discs","Yeet","175.1","21.1","1.8","1.2","16.5","2.3","5.7","26.25","10.68","","","","22-44","Mar 28, 2022"
"Mint Discs","Mystery Box","177.6","21.4","1.8","1.4","18.5","1.4","6.5","48.25","8.07","","","","22-43","Mar 28, 2022"
"Obsidian Discs Oy","Fragment","176.0","21.2","1.8","1.5","19.0","1.1","7.1","68.00","7.50","","","","22-37","Mar 21, 2022"
"Obsidian Discs Oy","Lava","181.8","21.9","1.7","1.3","19.2","1.3","5.9","48.00","9.43","","","","22-38","Mar 21, 2022"
"Obsidian Discs Oy","Tremor","176.0","21.2","1.6","1.2","17.2","2.0","5.7","29.25","10.91","","","","22-39","Mar 21, 2022"
"Lone Star Disc","Tumbleweed","176.8","21.3","1.7","1.1","16.8","2.2","5.2","28.50","9.09","","","","22-36","Mar 21, 2022"
"Streamline Discs","Ascend","176.0","21.2","1.8","1.2","17.8","1.7","5.7","38.00","8.52","","","","22-41","Mar 21, 2022"
"MVP Disc Sports","Watt","176.0","21.2","1.8","1.5","19.0","1.1","7.1","67.50","5.91","","","","21-40","Mar 21, 2022"
"Lone Star Disc","Dos X","176.8","21.3","1.9","1.2","17.3","2.0","5.6","32.25","11.36","","","","22-42","Mar 21, 2022"
"Dynamic Discs","Agent","176.0","21.2","2.1","1.4","19.0","1.1","6.6","60.75","12.13","","","","22-34","Mar 7, 2022"
"Thought Space Athletics","Omen","176.0","21.2","1.7","1.2","17.2","2.0","5.7","28.25","10.34","","","","22-33","Mar 7, 2022"
"Thought Space Athletics","Mana","178.5","21.5","1.8","1.4","18.6","1.4","6.5","53.50","8.30","","","","22-32","Mar 7, 2022"
"Thought Space Athletics","Coalesce","176.0","21.2","1.9","1.2","17.4","1.9","5.7","32.50","10.23","","","","22-31","Mar 7, 2022"
"Innova Factory Store","MID-DISC3","180.1","21.7","1.8","1.3","18.9","1.4","6.0","43.75","9.77","","","","22-35","Mar 7, 2022"
"Disctroyer OÜ","Nightjar (Öösorr)","176.8","21.3","1.7","1.3","17.1","2.1","6.1","26.25","10.34","","","","22-29","Feb 28, 2022"
"Above Ground Level","Redwood","175.1","21.1","1.8","1.2","16.5","2.3","5.7","26.50","12.05","","","","22-30","Feb 28, 2022"
"Alfa Discs","Theios (renamed from Snoopy & Rover)","175.1","21.1","2.1","1.6","18.9","1.1","7.6","55.00","4.77","","","","22-28","Feb 28, 2022"
"Northstar Discs","Launcher","174.3","21.0","1.8","1.1","16.3","2.4","5.2","27.00","6.70","","","","22-26","Feb 21, 2022"
"Lone Star Disc","Warbird","175.1","21.1","1.9","1.2","16.5","2.3","5.7","26.00","8.52","","","","22-27","Feb 21, 2022"
"Alfa Discs","Cosmic","176.0","21.2","2.0","1.2","17.5","1.9","5.7","31.25","7.95","","","","22-24","Feb 14, 2022"
"MVP Disc Sports","Terra","176.0","21.2","1.8","1.2","17.4","1.9","5.7","32.75","10.80","","","","22-23","Feb 14, 2022"
"Universal Play Disc Golf","Zeal","176.0","21.2","2.3","1.5","19.1","1.1","7.1","65.00","4.32","","","","22-25","Feb 14, 2022"
"Launch Disc Golf","Elder","175.1","21.1","1.8","1.2","16.5","2.3","5.7","27.75","12.16","","","","22-21","Feb 7, 2022"
"Disc Golf Association","Vortex","177.6","21.4","1.6","1.1","17.9","1.7","5.1","33.25","11.36","","","","22-22","Feb 7, 2022"
"Divergent Discs","Minotaur","179.3","21.6","2.0","1.2","17.8","1.9","5.6","32.75","4.77","","","","22-19","Jan 31, 2022"
"Lone Star Disc","Armadillo","176.8","21.3","1.9","1.4","19.6","0.8","6.6","90.75","4.89","","","","22-16","Jan 31, 2022"
"Infinite Discs","Dynasty","175.1","21.1","1.4","1.1","17.3","1.9","5.2","31.25","11.93","","","","22-18","Jan 31, 2022"
"Above Ground Level","Spruce","182.6","22.0","1.7","1.2","19.1","1.5","5.5","52.75","9.77","","","","22-17","Jan 31, 2022"
"Millennium Golf Discs","Solstice","180.9","21.8","1.7","1.3","18.9","1.4","6.0","55.75","8.75","","","","22-20","Jan 31, 2022"
"Clash Discs","Pepper","177.6","21.4","1.8","1.2","17.1","2.2","5.6","26.25","11.82","","","","22-13","Jan 24, 2022"
"Lone Star Disc","Jack Rabbit","175.1","21.1","2.0","1.5","18.7","1.2","7.1","57.25","10.68","","","","22-14","Jan 24, 2022"
"Innova Champion Discs","Hawkeye","175.1","21.1","1.7","1.2","17.5","1.8","5.7","35.75","11.14","","","","22-15","Jan 24, 2022"
"Fourth Circle Discs","Fly","180.1","21.7","1.9","1.3","19.0","1.3","6.0","38.50","8.18","","","","22-7","Jan 17, 2022"
"Cheap Discs (Refuture Ventures Ab)","Circle Two","180.9","21.8","2.3","1.3","19.4","1.2","6.0","44.75","8.41","","","","22-8","Jan 17, 2022"
"Kastaplast","Reko X","177.6","21.4","1.9","1.4","19.2","1.1","6.5","49.50","7.73","","","","22-9","Jan 17, 2022"
"Finish Line Discs","Era","176.0","21.2","1.6","1.2","17.3","2.0","5.7","29.00","9.43","","","","22-6","Jan 17, 2022"
"Crown Me (Sunny Sporting Co. Ltd)","Adventure - Driver","174.3","21.0","1.8","1.1","17.2","1.9","5.2","26.25","8.41","","","","22-10","Jan 17, 2022"
"Crown Me (Sunny Sporting Co. Ltd)","Adventure - Putter","174.3","21.0","2.0","1.6","18.6","1.2","7.6","57.25","6.48","","","","22-12","Jan 17, 2022"
"Crown Me (Sunny Sporting Co. Ltd)","Adventure - Mid Range","176.8","21.3","2.0","1.3","19.1","1.1","6.1","49.75","5.00","","","","22-11","Jan 17, 2022"
"Clash Discs","Ginger","177.6","21.4","1.7","1.3","17.6","1.9","6.1","26.50","11.48","","","","22-1","Jan 10, 2022"
"Thought Space Athletics","Synapse","176.0","21.2","1.6","1.2","16.6","2.3","5.7","26.25","10.00","","","","22-4","Jan 10, 2022"
"Divergent Discs","Tiyanak","176.0","21.2","2.0","1.2","17.3","2.0","5.7","33.75","12.16","","","","22-3","Jan 10, 2022"
"Divergent Discs","Lawin","174.3","21.0","2.1","1.2","16.4","2.3","5.7","28.50","12.16","","","","22-2","Jan 10, 2022"
"Prodigy Disc","FX-4","176.0","21.2","1.8","1.2","17.3","2.0","5.7","32.25","9.89","","","","22-5","Jan 10, 2022"
"Birdie","Marvel ","175.1","21.1","2.0","1.4","18.9","1.1","6.6","65.75","11.02","","","","21-162","Dec 30, 2021"
"XCOM Discs","Virgo (室女座) (renamed from Dawn (曦))","177.6","21.4","2.0","1.5","18.8","1.3","7.0","47.75","9.43","","","","21-164","Dec 30, 2021"
"XCOM Discs","Aqu (宝瓶座) (renamed from Mose (麋)","177.6","21.4","1.8","1.5","18.9","1.3","7.0","43.50","8.86","","","","21-165","Dec 30, 2021"
"Wing It Disc Golf","Stratosphere","176.0","21.2","1.9","1.3","17.4","1.9","6.1","28.75","7.05","","","","21-161","Dec 30, 2021"
"Discmania","Rainmaker","176.0","21.2","2.0","1.5","19.0","1.1","7.1","66.25","11.25","","","","21-163","Dec 30, 2021"
"Guru"," Conquest","179.3","21.6","1.6","1.1","19.0","1.3","5.1","37.50","7.27","","","","21-154","Dec 27, 2021"
"Guru"," White Raven","175.1","21.1","1.7","1.3","17.8","1.6","6.2","31.50","8.64","","","","21-156","Dec 27, 2021"
"Guru","Lockdown","176.0","21.2","1.7","1.4","19.1","1.0","6.6","55.25","7.73","","","","21-155","Dec 27, 2021"
"Innova Factory Store","Power Disc","176.0","21.2","1.5","1.2","17.3","1.9","5.7","26.50","7.73","","","","21-160","Dec 27, 2021"
"Mint Discs","Goat (aka G.O.A.T, aka The GOAT, aka The Greatest of All Time)","176.0","21.2","1.7","1.2","16.6","2.3","5.7","27.00","10.11","","","","21-157","Dec 27, 2021"
"Prodigy Disc","A5","176.8","21.3","1.9","1.4","19.0","1.2","6.6","54.75","7.84","","","","21-159","Dec 27, 2021"
"EV-7","Mobius ","175.1","21.1","1.9","1.4","19.1","1.0","6.6","77.25","8.75","","","","21-158","Dec 27, 2021"
"Terminal Velocity Discs","Ursus","176.8","21.3","1.7","1.3","18.3","1.5","6.1","44.25","10.23","","","","21-152","Dec 20, 2021"
"Momentum Disc Golf AB","Slim","177.6","21.4","1.7","1.1","19.2","1.1","5.1","54.50","9.55","","","","21-151","Dec 20, 2021"
"Momentum Disc Golf AB","Pretty Fly","176.8","21.3","1.6","1.2","17.6","1.9","5.6","28.50","11.70","","","","21-150","Dec 20, 2021"
"Elevation Disc Golf","Binx","177.6","21.4","1.7","1.2","18.0","1.7","5.6","27.75","1.82","","","","21-148","Dec 20, 2021"
"Hooligan Discs","Vibe","175.1","21.1","1.9","1.1","16.8","2.2","5.2","28.50","12.05","","","","21-149","Dec 20, 2021"
"Discraft","Captain's Raptor (modified overstable Raptor)","176.0","21.2","1.6","1.2","17.4","1.9","5.7","30.25","11.48","","","","21-153","Dec 20, 2021"
"Kastaplast","Järn","176.8","21.3","1.8","1.4","18.8","1.3","6.6","51.50","9.77","","","","21-136","Dec 13, 2021"
"Yikun Discs","Sunpiercer (比翼鸟, Bi Yi Niao)","176.0","21.2","1.9","1.4","19.1","1.0","6.6","49.75","9.20","","","","21-142","Dec 13, 2021"
"Yikun Discs","Bi (毕方 Bi Fang)","176.0","21.2","1.7","1.2","17.3","1.9","5.7","28.75","9.32","","","","21-137","Dec 13, 2021"
"Yikun Discs","Riftbeast (狰, Zheng)","180.9","21.8","1.7","1.3","19.1","1.3","6.0","40.50","10.23","","","","21-143","Dec 13, 2021"
"Yikun Discs","Horn Fang (当康, Dang Kang)","178.5","21.5","1.8","1.4","19.6","1.0","6.5","59.50","8.52","","","","21-138","Dec 13, 2021"
"Yikun Discs","Warborne (祝融, Zhu Rong)","176.0","21.2","1.5","1.1","16.5","2.3","5.2","27.75","7.05","","","","21-141","Dec 13, 2021"
"Yikun Discs","Sky Dragon (应龙, Ying Long)","176.8","21.3","1.6","1.2","17.1","2.1","5.6","35.25","11.02","","","","21-140","Dec 13, 2021"
"Yikun Discs","Myst (陵鱼, Ling Yu)","176.0","21.2","1.8","1.3","19.2","1.0","6.1","74.50","8.98","","","","21-139","Dec 13, 2021"
"Goliath Discs","Jireh","179.3","21.6","2.0","1.4","19.0","1.3","6.5","44.00","3.98","","","","21-135","Dec 13, 2021"
"Wild Discs","Sea Otter","176.0","21.2","1.8","1.5","19.1","1.0","7.1","57.75","9.77","","","","21-147","Dec 13, 2021"
"Wild Discs","Angler","178.5","21.5","2.0","1.4","18.5","1.5","6.5","44.00","9.89","","","","21-145","Dec 13, 2021"
"Wild Discs","Great White","175.1","21.1","1.8","1.1","16.2","2.4","5.2","27.25","10.45","","","","21-146","Dec 13, 2021"
"Clash Discs","Popcorn","177.6","21.4","1.9","1.6","19.2","1.1","7.5","69.50","6.48","","","","21-133","Dec 6, 2021"
"Discmania","New MD1","180.1","21.7","2.1","1.4","19.1","1.3","6.5","53.00","10.91","","","","21-134","Dec 6, 2021"
"Prodigy Disc","D2 Pro","174.3","21.0","1.5","1.1","16.3","2.4","5.2","30.00","11.59","","","","21-131","Nov 22, 2021"
"Clash Discs","Mint","177.6","21.4","1.7","1.4","18.9","1.3","6.5","54.00","7.84","","","","21-129","Nov 22, 2021"
"Clash Discs","Mango","177.6","21.4","1.8","1.4","18.7","1.4","6.5","44.25","8.41","","","","21-128","Nov 22, 2021"
"Løft Discs","Bohrium","174.3","21.0","1.4","1.1","16.0","2.5","5.2","26.25","8.75","","","","21-130","Nov 22, 2021"
"Clash Discs","Berry","177.6","21.4","1.7","1.4","18.8","1.3","6.5","50.50","8.41","","","","21-127","Nov 22, 2021"
"Innova Factory Store","Fairway Disc","176.0","21.2","1.6","1.2","17.5","1.8","5.7","35.75","11.48","","","","21-125","Nov 22, 2021"
"Innova Champion Discs","Xero","176.0","21.2","2.0","1.5","19.2","1.0","7.1","68.75","8.98","","","","21-126","Nov 22, 2021"
"Latitude 64","Glory (Royal Prototype)","176.0","21.2","1.8","1.1","17.6","1.8","5.2","33.00","11.70","","","","21-132","Nov 22, 2021"
"Divergent Discs","Basilisk","174.3","21.0","2.0","1.2","16.3","2.3","5.7","27.75","8.98","","","","21-119","Nov 9, 2021"
"Prodigy Disc","D1 (New)","175.1","21.1","1.7","1.2","16.5","2.3","5.7","26.00","11.02","","","","21-116","Nov 9, 2021"
"Parked LLC","Wheelie ","175.1","21.1","2.0","1.2","17.3","1.9","5.7","26.50","12.05","","","","21-122","Nov 9, 2021"
"Prodigy Disc","Good Boy (renamed from P Model S)","176.0","21.2","2.0","1.5","19.2","1.0","7.1","56.25","2.84","","","","21-117","Nov 9, 2021"
"Discmania","PD (new)","176.0","21.2","1.5","1.2","17.3","1.9","5.7","32.00","11.82","","","","21-121","Nov 9, 2021"
"Discmania","FD (new)","176.0","21.2","1.4","1.1","17.7","1.7","5.2","39.00","9.89","","","","21-120","Nov 9, 2021"
"Prodigy Disc","FX-3","176.0","21.2","1.8","1.2","17.3","1.9","5.7","29.25","8.75","","","","21-124","Nov 9, 2021"
"Prodigy Disc","P Model US+","176.8","21.3","2.0","1.4","19.1","1.1","6.6","79.75","7.39","","","","21-118","Nov 9, 2021"
"Prodigy Disc","A Model OS (Distortion)","177.6","21.4","1.9","1.3","18.9","1.3","6.1","48.25","9.00","","","","21-123","Nov 9, 2021"
"Prodigy Disc","PX-3","174.3","21.0","1.9","1.4","19.0","1.0","6.7","52.00","6.82","","","","21-114","Oct 25, 2021"
"Latitude 64","Hope (Royal Prototype)","176.0","21.2","2.0","1.5","19.0","1.1","7.1","62.75","7.61","","","","21-115","Oct 25, 2021"
"Crosslap Disc Golf Parks","Company","174.3","21.0","2.0","1.1","16.4","2.3","5.2","27.75","8.18","","","","21-111","Oct 15, 2021"
"Cheengz/Hyperflite","Ultimate Zingback","200.0","25.2","3.5","1.8","23.6","0.7","7.1","95.00","3.75","Super Class & Vintage Class","","","21-108","Oct 14, 2021"
"Divergent Discs","Golem","176.0","21.2","1.7","1.4","18.8","1.2","6.6","47.50","2.39","","","","21-109","Oct 14, 2021"
"Westside Golf Discs","Bear","176.0","21.2","1.8","1.2","17.4","1.9","5.7","30.25","8.07","","","","21-110","Oct 14, 2021"
"Fourth Circle Discs","Huntsman Zero1","178.5","21.5","2.0","1.6","19.2","1.1","7.4","60.50","5.91","","","","21-105","Sep 27, 2021"
"Thought Space Athletics","Muse","176.0","21.2","2.0","1.6","18.8","1.2","7.5","61.50","8.98","","","","21-106","Sep 27, 2021"
"Prodigy Disc","D2 (New)","175.1","21.1","1.6","1.2","16.5","2.3","5.7","30.25","10.23","","","","21-102","Sep 27, 2021"
"Prodigy Disc","D3 (New)","175.1","21.1","1.7","1.2","16.5","2.3","5.7","29.50","10.80","","","","21-104","Sep 27, 2021"
"Prodigy Disc","D1 Signature (Reverb)","175.1","21.1","1.6","1.2","16.5","2.3","5.7","26.75","10.34","","","","21-101","Sep 27, 2021"
"Prodigy Disc","D2 Signature (Falcor)","175.1","21.1","1.7","1.2","16.5","2.3","5.7","28.75","10.11","","","","21-103","Sep 27, 2021"
"Divergent Discs","Nuno","175.1","21.1","2.3","1.5","18.8","1.2","7.1","55.50","10.57","","","","21-99","Sep 13, 2021"
"Divergent Discs","Kapre","177.6","21.4","2.3","1.4","18.3","1.6","6.5","51.25","12.05","","","","21-98","Sep 13, 2021"
"Cheengz/Hyperflite","Zingback","185.1","22.3","2.8","1.7","20.9","0.7","7.6","76.00","5.80","","","","21-96","Aug 30, 2021"
"Above Ground Level","Beech","181.8","21.9","1.8","1.3","18.7","1.6","5.9","39.00","10.57","","","","21-97","Aug 30, 2021"
"Albatross Disc Golf","Jetski","176.0","21.2","2.0","1.5","19.1","1.0","7.1","75.75","8.86","","","","21-91","Aug 20, 2021"
"Albatross Disc Golf","Bowrider","176.0","21.2","1.4","1.1","16.5","2.3","5.2","26.50","8.98","","","","21-90","Aug 20, 2021"
"Albatross Disc Golf","Ironclad","174.3","21.0","1.6","1.1","16.2","2.4","5.2","28.75","11.70","","","","21-92","Aug 20, 2021"
"Albatross Disc Golf","Trireme","176.0","21.2","1.9","1.2","19.2","1.0","5.7","51.00","8.18","","","","21-93","Aug 20, 2021"
"Tornado Throw","Swinhoe Pheasant","175.1","21.1","1.5","1.1","17.0","2.0","5.2","27.50","9.55","","","","21-95","Aug 16, 2021"
"Prodiscus","Troija","180.1","21.7","2.1","1.4","18.7","1.5","6.5","40.00","8.07","","","","21-89","Aug 16, 2021"
"Pie Pan Discs","Bagger","176.8","21.3","1.8","1.5","19.2","1.1","7.5","59.75","9.32","","","","21-94","Aug 16, 2021"
"Launch Disc Golf","Frontier","176.0","21.2","2.0","1.2","17.4","1.9","5.7","26.00","7.95","","","","21-84","Aug 2, 2021"
"Crosslap Disc Golf Parks","Openwater","178.5","21.5","2.0","1.1","16.9","2.3","5.1","32.00","7.16","","","","21-88","Aug 2, 2021"
"Innova Champion Discs","Lynx (new) (renamed from IT - Innova Tech)","176.0","21.2","1.6","1.2","17.5","1.8","5.7","38.75","8.98","","","","21-83","Aug 2, 2021"
"Launch Disc Golf","Horizon","175.1","21.1","2.2","1.2","17.3","1.9","5.7","29.50","10.34","","","","21-85","Aug 2, 2021"
"Obsidian Discs Oy","Magma","181.8","21.9","1.7","1.3","18.9","1.5","5.9","42.25","6.82","","","","21-79","Jul 19, 2021"
"Legacy Discs","Badger","177.6","21.4","1.6","1.3","18.3","1.5","6.1","42.00","9.09","","","","21-80","Jul 19, 2021"
"Lone Star Disc","BB6","176.8","21.3","2.1","1.3","18.8","1.2","6.1","58.50","6.14","","","","21-81","Jul 19, 2021"
"Discraft","Passion","179.3","21.6","1.6","1.2","18.3","1.7","5.6","32.00","6.70","","","","21-82","Jul 19, 2021"
"Discmania","P2 (new)","176.0","21.2","2.1","1.6","19.0","1.1","7.5","68.75","6.36","","","","21-78","Jul 6, 2021"
"Discmania","DD3 (new)","175.1","21.1","1.9","1.1","16.5","2.3","5.2","29.50","10.91","","","","21-77","Jul 6, 2021"
"ABC Discs","Flying Squirrel (Brachiosaurus variant)","177.6","21.4","2.1","1.3","19.1","1.2","6.1","31.50","8.18","","","","21-74","Jul 5, 2021"
"ABC Discs","Mission (Stegosaurus variant)","179.3","21.6","2.3","1.4","19.1","1.3","6.5","38.75","8.86","","","","21-75","Jul 5, 2021"
"Momentum Disc Golf AB","Nice!","177.6","21.4","1.7","1.1","17.8","1.8","5.1","29.00","11.59","","","","21-76","Jul 5, 2021"
"MVP Disc Sports","Uplink","178.5","21.5","1.8","1.4","18.8","1.3","6.5","45.00","7.27","","","","21-72","Jul 5, 2021"
"Axiom Discs","Paradox","178.5","21.5","1.8","1.3","18.9","1.3","6.0","50.25","7.05","","","","21-71","Jul 5, 2021"
"RPM Discs/Disc Golf Aotearoa","Pekapeka (DGFD2)","176.0","21.2","1.5","1.1","17.2","2.0","5.2","28.75","9.09","","","","21-70","Jul 5, 2021"
"Discmania","MD3 (new)","180.9","21.8","2.0","1.4","18.9","1.4","6.4","47.00","10.34","","","","21-69","Jul 5, 2021"
"Yikun Discs","Zhu (夫诸 Fu Zhu)","176.8","21.3","1.8","1.2","17.5","1.9","5.6","38.00","9.32","","","","21-67","Jun 21, 2021"
"Newb SimHouse Custom Discs","NSH7 Gunnz","176.8","21.3","1.5","1.2","17.3","2.0","5.6","33.00","8.18","","","","21-66","May 31, 2021"
"Newb SimHouse Custom Discs","NSH 8472","174.3","21.0","1.4","1.1","15.9","2.6","5.2","32.75","8.75","","","","21-61","May 17, 2021"
"Full Turn Discs","Shortcut","176.8","21.3","1.9","1.3","19.2","1.1","6.1","70.25","7.84","","","","21-65","May 17, 2021"
"Full Turn Discs","Manifest","176.0","21.0","2.0","1.5","19.0","1.0","7.1","75.50","4.55","","","","21-64","May 17, 2021"
"EV-7","Phi","174.3","21.0","2.0","1.5","18.9","1.1","7.1","71.50","6.59","","","","21-59","May 17, 2021"
"Wild Discs","Tasmanian Devil","176.0","21.2","1.8","1.1","17.3","2.0","5.2","28.75","12.05","","","","21-60","May 17, 2021"
"Lone Star Disc","Curl","176.0","21.2","1.8","1.1","16.8","2.2","5.2","26.75","7.27","","","","21-58","May 17, 2021"
"Hobbysport","HS2020 Midrange","176.8","21.3","2.2","1.2","18.9","1.2","5.6","34.50","8.86","","","","21-62","May 17, 2021"
"Divergent Discs","Kraken","175.1","21.1","1.5","1.2","17.4","1.9","5.7","28.75","12.05","","","","21-57","May 3, 2021"
"Newb SimHouse Custom Discs","NSH5 Sweed","180.9","21.8","1.5","1.1","16.8","2.5","5.0","30.00","5.34","","","","21-54","May 3, 2021"
"Newb SimHouse Custom Discs","NSH6 StackS","175.1","21.1","1.3","1.1","16.0","2.6","5.2","62.50","7.61","","","","21-55","May 3, 2021"
"Innova Champion Discs","Grenade","175.1","21.1","2.2","1.5","19.0","1.0","7.1","71.75","7.95","","","","21-52","May 3, 2021"
"Divergent Discs","Alpas","174.3","21.0","1.9","1.2","18.6","1.2","5.7","53.00","1.14","","","","21-56","May 3, 2021"
"Elevation Disc Golf","Koi","175.1","21.1","1.8","1.4","18.8","1.1","6.6","62.25","0.56","","","","21-49","Apr 19, 2021"
"EV-7","Penrose OG Firm","175.1","21.1","2.1","1.5","18.9","1.1","7.1","60.25","11.59","","","","21-48","Apr 19, 2021"
"Infinite Discs","Kon Tiki","176.0","21.2","1.7","1.2","19.0","1.1","5.7","52.50","4.32","","","","21-50","Apr 19, 2021"
"Discraft","Scorch  ","175.1","21.1","1.8","1.1","16.8","2.2","5.2","28.75","12.05","","","","21-51","Apr 19, 2021"
"Alfa Discs","Apollo","180.9","21.8","1.8","1.3","19.1","1.3","6.0","49.75","7.16","","","","21-42","Apr 5, 2021"
"Newb SimHouse Custom Discs","NSH1 TheTeleporter","175.1","21.1","1.4","1.2","17.3","1.9","5.7","35.00","5.45","","","","21-46","Apr 5, 2021"
"Newb SimHouse Custom Discs","NSH3 Dwayne","175.1","21.1","1.6","1.3","17.2","2.0","6.2","30.00","8.98","","","","21-47","Apr 5, 2021"
"Discmania","Razor Claw Tactic","176.8","21.3","2.0","1.4","19.0","1.1","6.6","57.75","11.25","","","","21-41","Apr 5, 2021"
"Innova Champion Discs","Toro","176.0","21.2","1.7","1.4","18.6","1.3","6.6","68.25","7.84","","","","21-43","Apr 5, 2021"
"Mint Discs","Phoenix (old)","176.0","21.2","1.5","1.2","17.2","2.0","5.7","30.25","10.23","","","","21-45","Apr 5, 2021"
"Mint Discs","Grackle","176.8","21.3","1.6","1.2","17.5","1.9","5.6","33.75","9.55","","","","21-44","Apr 5, 2021"
"Streamline Discs","Engine","176.0","21.2","1.5","1.1","16.4","2.4","5.2","27.75","11.93","","","","21-39","Mar 22, 2021"
"Newb SimHouse Custom Discs","NSH2 The Borg","176.0","21.2","1.5","1.2","17.1","2.1","5.7","33.50","9.32","","","","21-37","Mar 22, 2021"
"Newb SimHouse Custom Discs","NSH4 Mr. Putt","175.1","21.1","1.7","1.3","19.0","1.1","6.2","79.50","5.91","","","","21-38","Mar 22, 2021"
"Westside Golf Discs","The Adder","176.0","21.2","1.9","1.1","16.8","2.2","5.2","28.75","11.71","","","","21-35","Mar 22, 2021"
"Discmania","Logic","176.0","21.2","1.9","1.3","19.0","1.1","6.1","55.00","11.59","","","","21-32","Mar 22, 2021"
"Discmania","Mutant","180.1","21.7","1.8","1.2","19.0","1.3","5.5","40.75","11.82","","","","21-33","Mar 22, 2021"
"Discmania","Splice","176.0","21.2","1.5","1.1","17.3","1.9","5.2","32.50","11.36","","","","21-34","Mar 22, 2021"
"MVP Disc Sports","Nomad","176.0","21.2","2.0","1.4","19.0","1.1","6.6","51.00","8.86","","","","21-36","Mar 22, 2021"
"Thought Space Athletics","Praxis","176.0","21.2","1.8","1.4","18.8","1.2","6.6","60.00","9.43","","","","21-27","Mar 10, 2021"
"Thought Space Athletics","Votum","176.0","21.2","1.7","1.2","17.5","1.8","5.7","36.25","11.36","","","","21-28","Mar 10, 2021"
"Fourth Circle Discs","Huntsman","176.8","21.3","2.4","1.6","19.1","1.1","7.5","72.50","8.30","","","","21-29","Mar 10, 2021"
"Crosslap Disc Golf Parks","Shadowplay","175.1","21.1","2.0","1.4","18.9","1.1","6.6","53.00","4.66","","","","21-17","Feb 22, 2021"
"Streamline Discs","Echo","177.6","21.4","1.6","1.3","18.5","1.5","6.1","42.00","10.68","","","","21-18","Feb 22, 2021"
"Axiom Discs","Rhythm","176.0","21.2","1.5","1.2","17.6","1.8","5.7","30.25","11.93","","","","21-21","Feb 22, 2021"
"Axiom Discs","Hex","177.6","21.4","1.6","1.3","18.5","1.4","6.1","45.00","11.59","","","","21-20","Feb 22, 2021"
"MVP Disc Sports","Cypher","176.0","21.2","1.5","1.2","17.6","1.8","5.7","31.00","11.25","","","","21-23","Feb 22, 2021"
"Streamline Discs","Jet","176.0","21.2","1.5","1.1","16.8","2.2","5.2","26.25","11.70","","","","21-19","Feb 22, 2021"
"MVP Disc Sports","Beam","176.0","21.2","1.7","1.2","16.5","2.3","5.7","28.50","12.16","","","","21-22","Feb 22, 2021"
"Discmania","Shogun","176.0","21.2","2.4","1.5","19.2","1.0","7.1","74.00","7.84","","","","21-26","Feb 22, 2021"
"Discmania","Rockstar","176.8","21.3","1.7","1.2","17.6","1.9","5.6","35.50","10.80","","","","21-25","Feb 22, 2021"
"Discmania","Astronaut","176.0","21.2","1.8","1.1","16.6","2.3","5.2","26.00","11.14","","","","21-24","Feb 22, 2021"
"Lone Star Disc","Bowie ","175.1","21.1","1.7","1.1","16.3","2.4","5.2","26.25","6.70","","","","21-15","Feb 8, 2021"
"Guru","Cumulus","175.1","21.1","1.7","1.4","18.9","1.1","6.6","55.50","1.36","","","","21-14","Feb 8, 2021"
"Guru","Contrail","174.3","21.0","1.5","1.3","17.7","1.6","6.2","39.25","1.70","","","","21-13","Feb 8, 2021"
"LB Sport Loisir","Orsus","178.5","21.5","2.3","1.2","18.7","1.4","5.6","38.75","11.14","","","","21-5","Jan 19, 2021"
"Nordisc","Skeggøx","176.0","21.2","1.9","1.3","17.9","1.6","6.1","34.75","10.68","","","","21-6","Jan 19, 2021"
"Wild Discs","Hummingbird","176.0","21.2","2.0","1.5","19.3","0.9","7.1","52.50","6.25","","","","21-7","Jan 19, 2021"
"Full Turn Discs","Expedition","174.3","21.0","1.7","1.2","16.7","2.1","5.7","31.50","9.32","","","","21-8","Jan 19, 2021"
"Full Turn Discs","Outlander (originally named Nomad)","175.1","21.1","2.1","1.3","17.2","1.9","6.2","27.25","8.86","","","","21-9","Jan 19, 2021"
"Mint Discs","Jackalope","176.0","21.2","1.5","1.1","17.3","1.9","5.2","32.75","9.78","","","","21-10","Jan 19, 2021"
"Black Zombie Disc Golf","War Hammer","176.0","21.2","2.0","1.5","19.3","1.0","7.1","51.50","8.07","","","","21-11","Jan 19, 2021"
"Dynamic Discs","EMAC Judge","176.0","21.2","2.0","1.4","18.9","1.1","6.6","58.25","6.25","","","","21-1","Jan 5, 2021"
"Dynamic Discs","Evader","176.0","21.2","1.9","1.1","17.5","1.8","5.2","26.75","7.95","","","","21-2","Jan 5, 2021"
"Divergent Discs","Leviathan","176.8","21.3","1.9","1.1","18.6","1.4","5.2","42.00","11.59","","","","21-3","Jan 5, 2021"
"Divergent Discs","Narwhal","174.3","21.0","2.3","1.2","18.5","1.2","5.7","53.25","11.36","","","","21-4","Jan 5, 2021"
"Løft Discs","Hydrogen","176.0","21.2","2.1","1.5","19.7","0.7","7.1","72.25","8.75","","","","20-104","Dec 31, 2020"
"Cheengz/Hyperflite","I-One","183.4","22.1","2.0","1.4","20.3","0.9","6.3","65.25","4.32","","","","20-103","Dec 30, 2020"
"Elevation Disc Golf","Interceptor","175.1","21.1","1.5","1.1","18.2","1.4","5.2","49.50","0.91","","","","20-99","Dec 26, 2020"
"Discmania","Tilt","175.1","21.1","1.6","1.2","17.1","2.0","5.7","29.25","12.05","","","","20-102","Dec 26, 2020"
"Wild Discs","Orca","176.0","21.2","1.4","1.1","16.6","2.3","5.2","28.50","11.59","","","","20-101","Dec 26, 2020"
"Wild Discs","Addax","180.1","21.7","1.7","1.3","18.7","1.5","6.0","39.25","11.70","","","","20-100","Dec 26, 2020"
"Lone Star Disc","Mad Cat","176.0","21.2","1.8","1.2","17.4","1.9","5.7","30.00","5.23","","","","20-92","Dec 14, 2020"
"Lone Star Disc","The Harpoon","178.5","21.5","1.7","1.2","19.1","1.2","5.6","54.25","6.93","","","","20-93","Dec 14, 2020"
"Latitude 64","Trust (Royal Prototype)","180.1","21.7","1.9","1.3","19.1","1.3","6.0","43.75","10.57","","","","20-95","Dec 14, 2020"
"Latitude 64","Grace (Royal Prototype)","175.1","21.1","1.6","1.1","16.6","2.2","5.2","30.50","11.93","","","","20-94","Dec 14, 2020"
"Hero Disc","Hero Bullseye Putt & Approach","175.1","21.1","1.8","1.4","19.1","1.0","6.6","60.75","7.95","","","","20-96","Dec 14, 2020"
"Hero Disc","Hero Stinger Mid-Range","176.0","21.2","1.9","1.3","19.2","1.0","6.1","51.50","7.36","","","","20-98","Dec 14, 2020"
"Hero Disc","Hero Maximus Distance Driver","175.1","21.1","1.6","1.2","17.6","1.7","5.7","31.25","8.75","","","","20-97","Dec 14, 2020"
"Discmania","Majesty","174.3","21.0","1.7","1.2","16.2","2.4","5.7","27.25","10.34","","","","20-90","Nov 27, 2020"
"Latitude 64","Rive (Royal Prototype)","175.1","21.1","1.8","1.2","16.5","2.3","5.7","30.00","12.16","","","","20-88","Nov 21, 2020"
"Latitude 64","Faith (Royal Prototype)","176.0","21.2","2.2","1.5","19.0","1.1","7.1","59.50","12.05","","","","20-87","Nov 21, 2020"
"EV-7","Penrose ","175.1","21.1","2.1","1.5","18.9","1.1","7.1","60.25","6.37","","","","20-89","Nov 21, 2020"
"RPM Discs/Disc Golf Aotearoa","Kotuku (MR3)","180.1","21.7","1.7","1.4","19.0","1.4","6.5","48.75","11.02","","","","20-84","Nov 16, 2020"
"Millennium Golf Discs","Omega4 ","175.1","21.1","2.0","1.5","19.0","1.0","7.1","58.00","8.86","","","","20-85","Nov 16, 2020"
"Infinite Discs","Alpaca","175.1","21.1","2.0","1.5","19.0","1.0","7.1","63.75","8.52","","","","20-86","Nov 16, 2020"
"Lone Star Disc","The Mockingbird (Ka Kaw)","174.3","21.0","2.0","1.2","17.5","1.8","5.7","28.75","7.16","","","","20-81","Oct 26, 2020"
"Yikun Discs","Qi (穷奇, Qiong Qi)","176.0","21.2","1.6","1.1","16.5","2.3","5.2","28.50","7.95","","","","20-77","Oct 3, 2020"
"Viking Discs (IP-Agency Finland Oy)","Odin","176.8","21.3","1.4","1.1","16.6","2.3","5.2","26.00","11.02","","","","20-76","Sep 29, 2020"
"Viking Discs (IP-Agency Finland Oy)","Fenrir","176.8","21.3","1.8","1.1","17.3","2.0","5.2","29.75","10.68","","","","20-75","Sep 29, 2020"
"Lone Star Disc","The Dillard Midrange Md-1 (Middy)","177.6","21.4","1.6","1.2","18.8","1.3","5.6","42.75","5.11","","","","20-79","Sep 29, 2020"
"Lone Star Disc","Penny Putter ","174.3","21.0","1.9","1.5","18.8","1.1","7.1","61.50","6.70","","","","20-78","Sep 29, 2020"
"Innova Champion Discs","Animal","176.0","21.2","2.1","1.3","19.2","1.0","6.1","64.00","9.66","","","","20-80","Sep 29, 2020"
"Launch Disc Golf","Cipher","179.3","21.6","1.8","1.2","17.9","1.8","5.6","32.75","7.05","","","","20-69","Sep 8, 2020"
"Yikun Discs","Sun Chariot (刑天, Xing Tian)","176.8","21.3","2.1","1.7","19.3","1.0","8.0","71.00","6.82","","","","20-72","Sep 8, 2020"
"Yikun Discs","Chain Beast (朱厌, Zhu Yan)","181.8","21.9","2.2","1.4","19.7","1.1","6.4","49.00","9.77","","","","20-73","Sep 8, 2020"
"Yikun Discs","Shu (耳鼠, Er Shu)","180.9","21.8","1.8","1.1","19.1","1.3","5.0","36.75","6.59","","","","20-71","Sep 8, 2020"
"Yikun Discs","Fu (夸父, Kua Fu)","176.8","21.3","1.8","1.2","17.5","1.9","5.6","28.50","9.77","","","","20-70","Sep 8, 2020"
"RPM Discs/Disc Golf Aotearoa","Kotare (DGD3, retooled)","176.0","21.2","1.5","1.2","16.5","2.3","5.7","28.50","9.77","","","","20-74","Sep 8, 2020"
"Fourth Circle Discs","Firehawk","176.8","21.3","1.9","1.2","17.7","1.8","5.6","26.25","7.16","","","","20-67","Aug 12, 2020"
"Mint Discs","Longhorn","176.8","21.3","1.5","1.2","17.0","2.1","5.6","31.00","9.89","","","","20-68","Aug 12, 2020"
"Launch Disc Golf","Lander","174.3","21.0","1.8","1.4","18.6","1.2","6.7","49.25","11.36","","","","20-66","Jul 31, 2020"
"Launch Disc Golf","Code","176.0","21.2","1.6","1.2","18.3","1.4","5.7","32.50","11.14","","","","20-64","Jul 31, 2020"
"Launch Disc Golf","Code X","176.0","21.2","1.6","1.2","18.3","1.4","5.7","36.75","10.68","","","","20-65","Jul 31, 2020"
"Discmania","Origin","177.6","21.4","1.6","1.2","18.8","1.3","5.6","46.50","11.59","","","","20-63","Jul 14, 2020"
"Prodigy Disc","D Model US++","174.3","21.0","1.7","1.1","16.6","2.2","5.2","26.50","10.80","","","","20-57","Jul 1, 2020"
"Prodigy Disc","D Model US+","174.3","21.0","1.8","1.1","16.5","2.2","5.2","26.25","12.05","","","","20-56","Jul 1, 2020"
"Prodigy Disc","F Model US","176.8","21.3","1.5","1.1","17.2","2.1","5.2","32.00","11.59","","","","20-60","Jul 1, 2020"
"Prodigy Disc","F Model OS","176.8","21.3","1.6","1.1","17.1","2.1","5.2","39.00","7.47","","","","20-58","Jul 1, 2020"
"Prodigy Disc","F Model OS+","176.0","21.2","1.7","1.1","17.1","2.1","5.2","34.25","12.25","","","","20-59","Jul 1, 2020"
"Prodigy Disc","Rook (renamed from P Model US)","176.8","21.3","2.0","1.5","19.1","1.1","7.0","63.75","6.93","","","","20-62","Jul 1, 2020"
"Prodigy Disc","M Model US","180.9","21.8","1.9","1.5","19.1","1.3","6.9","53.00","8.86","","","","20-61","Jul 1, 2020"
"Infinite Discs","Maya","175.1","21.1","1.6","1.1","16.9","2.1","5.2","31.00","9.32","","","","20-52","Jun 23, 2020"
"Guru","Flow Motion","175.1","21.1","1.9","1.5","19.0","1.0","7.1","66.50","8.64","","","","20-43","Jun 23, 2020"
"Guru","Mad Mission","176.0","21.2","1.8","1.4","19.2","1.0","6.6","70.50","8.30","","","","20-45","Jun 23, 2020"
"Guru","Inter Locked","176.0","21.2","2.1","1.6","19.6","0.8","7.5","91.75","7.50","","","","20-44","Jun 23, 2020"
"Guru","Silent Cruiser","175.1","21.1","1.8","1.3","17.8","1.6","6.2","39.50","8.86","","","","20-48","Jun 23, 2020"
"Guru","Night Trooper","174.3","21.0","1.5","1.1","17.5","1.8","5.2","29.25","6.36","","","","20-46","Jun 23, 2020"
"Guru","Short Slacker","174.3","21.0","1.4","1.2","16.8","2.1","5.7","28.25","12.05","","","","20-47","Jun 23, 2020"
"Guru","Super Soft Golf Disc","175.1","21.1","1.6","1.2","19.1","1.0","5.7","52.50","1.70","","","","20-49","Jun 23, 2020"
"Thought Space Athletics","Animus","176.0","21.2","1.6","1.2","17.0","2.1","5.7","30.00","11.82","","","","20-50","Jun 23, 2020"
"Thought Space Athletics","Pathfinder","178.5","21.5","1.7","1.3","18.6","1.4","6.0","43.00","10.00","","","","20-51","Jun 23, 2020"
"Storm Disc Golf","Wall Cloud","181.8","21.9","2.1","1.3","18.8","1.5","5.9","31.25","8.41","","","","20-54","Jun 23, 2020"
"Discmania","DD2 (new)","174.3","21.0","1.8","1.1","16.4","2.3","5.2","31.75","10.68","","","","20-53","Jun 23, 2020"
"Above Ground Level","Locust","176.0","21.2","1.6","1.1","17.2","2.0","5.2","29.75","10.80","","","","20-55","Jun 23, 2020"
"Kastaplast","Svea","181.8","21.9","2.1","1.3","19.3","1.3","5.9","41.50","6.14","","","","20-40","Jun 10, 2020"
"Disc Golf Association","Hypercane","176.0","21.2","1.6","1.2","16.7","2.2","5.7","26.50","11.93","","","","20-41","Jun 10, 2020"
"Black Zombie Disc Golf","Shotgun","182.6","22.0","1.8","1.3","18.8","1.6","5.9","48.25","10.68","","","","20-42","Jun 10, 2020"
"Disctroyer OÜ","Stork (Toonekurg)","176.8","21.3","1.7","1.2","17.5","1.9","5.6","33.75","11.70","","","","20-38","May 28, 2020"
"Innova Champion Discs","Invader","176.0","21.2","1.9","1.5","19.1","1.0","7.1","67.75","6.60","","","","20-37","May 28, 2020"
"Dynamic Discs","Sergeant (retest)","176.0","21.2","1.5","1.2","17.0","2.1","5.7","28.50","11.70","","","","20-39","May 28, 2020"
"Infinite Discs","Inca","180.1","21.7","1.9","1.4","19.0","1.3","6.5","36.25","9.09","","","","20-36","May 14, 2020"
"Above Ground Level","Baobab","176.8","21.3","1.7","1.3","19.1","1.1","6.1","86.50","7.39","","","","20-34","Apr 30, 2020"
"Above Ground Level","Ponderosa","175.1","21.1","2.1","1.5","19.0","1.0","7.1","69.75","4.66","","","","20-35","Apr 30, 2020"
"Discmania","PD3","174.3","21.0","1.7","1.2","16.6","2.2","5.7","37.00","11.59","","","","20-31","Apr 9, 2020"
"Storm Disc Golf","Maelstrom","177.6","21.4","1.7","1.1","17.1","2.2","5.1","33.50","7.95","","","","20-32","Apr 9, 2020"
"RPM Discs/Disc Golf Aotearoa","Kiwi (DGD1, retooled)","175.1","21.1","1.9","1.2","16.7","2.2","5.7","26.00","10.57","","","","20-33","Apr 9, 2020"
"Mint Discs","Bullet","176.0","21.2","1.8","1.5","18.9","1.1","7.1","58.75","9.32","","","","20-29","Mar 26, 2020"
"Mint Discs","Mustang","178.5","21.5","1.6","1.3","18.6","1.4","6.0","44.50","8.41","","","","20-30","Mar 26, 2020"
"Above Ground Level","Cedar","178.5","21.5","1.7","1.1","17.1","2.2","5.1","27.25","11.48","","","","20-19","Mar 5, 2020"
"Discraft","Hades","174.3","21.0","1.6","1.1","16.5","2.3","5.2","30.00","11.93","","","","20-20","Mar 5, 2020"
"MVP Disc Sports","Reactor","177.6","21.4","1.7","1.3","18.5","1.4","6.1","44.50","9.87","","","","20-21","Mar 5, 2020"
"Discmania","Essence","174.3","21.0","1.8","1.2","17.4","1.8","5.7","33.25","11.59","","","","20-22","Mar 5, 2020"
"Innova Champion Discs","Rhyno X","176.0","21.2","2.0","1.3","19.1","1.0","6.1","63.50","8.52","","","","20-23","Mar 5, 2020"
"Prodigy Disc","D Model #3","174.3","21.0","1.6","1.1","16.7","2.2","5.2","26.25","11.93","","","","20-24","Mar 5, 2020"
"Prodigy Disc","D Model #5","174.3","21.0","1.6","1.1","16.7","2.2","5.2","28.25","11.36","","","","20-25","Mar 5, 2020"
"Prodigy Disc","D Model OS","174.3","21.0","1.5","1.1","16.7","2.2","5.2","26.00","11.59","","","","20-26","Mar 5, 2020"
"Prodigy Disc","M Model S","180.1","21.7","2.0","1.5","19.1","1.3","6.9","47.25","10.91","","","","20-28","Mar 5, 2020"
"Prodigy Disc","D Model US","174.3","21.0","1.6","1.1","16.7","2.2","5.2","28.25","11.36","","","","20-27","Mar 5, 2020"
"Fourth Circle Discs","Dingo","178.5","21.5","1.6","1.3","18.9","1.3","6.0","45.00","11.59","","","","20-15","Feb 20, 2020"
"MVP Disc Sports","Ohm","176.0","21.2","1.9","1.5","19.1","1.0","7.1","58.00","8.41","","","","20-16","Feb 20, 2020"
"Discraft","Fierce","175.1","21.1","1.9","1.5","19.0","1.0","7.1","63.50","10.45","","","","20-08","Jan 30, 2020"
"Innova Champion Discs","Invictus","176.0","21.2","1.5","1.2","16.9","2.1","5.7","29.00","11.59","","","","20-09","Jan 30, 2020"
"Innova Champion Discs","Warhog","176.0","21.2","2.2","1.4","18.4","1.4","6.6","55.75","11.48","","","","20-10","Jan 30, 2020"
"Legacy Discs","Vengeance","176.0","21.2","1.7","1.2","17.2","2.0","5.7","33.00","8.86","","","","20-11","Jan 30, 2020"
"XCOM Discs","Tau (金牛座) (renamed from XPT1/Bennu & Globefish)","174.3","21.0","2.2","1.5","18.9","1.1","7.1","60.50","7.95","","","","20-03","Jan 17, 2020"
"XCOM Discs","Gem (双子座) (renamed from XPT2/Eden & Dolphin)","176.8","21.3","2.0","1.3","18.7","1.3","6.1","47.75","9.77","","","","20-04","Jan 17, 2020"
"XCOM Discs","Capricornus (摩羯座) (renamed from XPT3/Griffon & Grampus)","179.3","21.6","1.9","1.4","18.9","1.3","6.5","41.25","7.61","","","","20-05","Jan 17, 2020"
"XCOM Discs","Ophiuchus (蛇夫座) (renamed from XP4/Helios & Sailfish)","174.3","21.0","1.6","1.1","17.7","1.6","5.2","34.00","7.50","","","","20-06","Jan 17, 2020"
"XCOM Discs","XPT5 (Zion, Driver, renamed from Volador)","177.6","21.4","1.7","1.1","17.2","2.1","5.1","27.00","10.11","","","","20-07","Jan 17, 2020"
"Kastaplast","Lots","175.1","21.1","1.5","1.1","17.3","1.9","5.2","29.50","10.23","","","","20-01","Jan 16, 2020"
"Discmania","Tactic","177.6","21.4","1.8","1.4","19.1","1.1","6.5","53.00","10.80","","","","20-02","Jan 16, 2020"
"Crosslap Disc Golf Parks","Vigil","180.1","21.7","1.5","1.1","17.9","1.9","5.1","32.50","7.39","","","","19-76","Dec 5, 2019"
"RPM Discs/Disc Golf Aotearoa","Kotare (DGD3)","176.0","21.2","1.5","1.2","16.5","2.3","5.7","31.75","12.16","","","","19-77","Dec 5, 2019"
"Discmania","Sensei (Discmania Active, originally Guardian Lion)","176.8","21.3","2.3","1.4","19.2","1.0","6.6","71.00","10.68","","","","19-78","Dec 5, 2019"
"Dynamic Discs","Bounty","181.8","21.9","1.8","1.2","19.5","1.2","5.9","40.25","9.32","","","","19-79","Dec 5, 2019"
"Dynamic Discs","Sergeant","175.1","21.1","1.7","1.2","16.9","2.1","5.7","28.50","12.16","","","","19-80","Dec 5, 2019"
"Disctroyer OÜ","Sparrow (Varblane)","176.8","21.3","1.9","1.6","19.1","1.1","7.4","69.75","5.34","","","","19-75","Nov 21, 2019"
"Latitude 64","Sapphire","174.3","21.0","1.7","1.2","17.0","2.0","5.7","29.50","11.02","","","","19-72","Nov 12, 2019"
"Innova Champion Discs","Avatar","180.1","21.7","1.8","1.4","19.0","1.1","6.6","52.25","8.30","","","","19-70","Oct 24, 2019"
"Infinite Discs","Ruin","180.9","21.8","1.8","1.4","19.1","1.3","6.4","49.25","7.73","","","","19-71","Oct 24, 2019"
"Thought Space Athletics","Mantra","176.0","21.2","1.7","1.2","17.1","2.0","5.7","32.00","9.09","","","","19-69","Oct 17, 2019"
"Mint Discs","Freetail","175.1","21.1","1.7","1.2","17.1","2.0","5.7","37.75","11.25","","","","19-63","Sep 16, 2019"
"Latitude 64","Target (renamed from SPZ 1 (Putter, Zombie))","176.0","21.2","2.1","1.5","19.0","1.1","7.1","59.25","9.66","","","","19-65","Sep 16, 2019"
"Latitude 64","Skill (renamed from SPZ 2 (Midrange, Pirate))","180.1","21.7","1.9","1.3","19.1","1.3","6.0","43.00","7.95","","","","19-66","Sep 16, 2019"
"Latitude 64","Speed (renamed from SPZ 3 (Driver, Superhero))","175.1","21.1","1.8","1.2","17.3","1.9","5.7","31.25","9.77","","","","19-67","Sep 16, 2019"
"Infinite Discs","Aztec","176.0","21.2","1.5","1.1","16.9","2.1","5.2","33.00","10.80","","","","19-68","Sep 16, 2019"
"Discraft","Malta (Paul McBeth Proto Mid-Range)","176.8","21.3","1.7","1.3","18.6","1.3","6.1","45.00","10.34","","","","19-64","Sep 12, 2019"
"Innova Champion Discs","Croc","175.1","21.1","2.0","1.4","18.3","1.4","6.6","56.25","12.16","","","","19-60","Sep 5, 2019"
"Prodigy Disc","FX-2","175.1","21.1","1.6","1.2","17.1","2.0","5.7","29.25","12.16","","","","19-61","Sep 5, 2019"
"Storm Disc Golf","Radar","175.1","21.1","2.0","1.5","19.1","1.0","7.1","55.50","8.41","","","","19-62","Sep 5, 2019"
"Disctroyer OÜ","Skylark (Lõoke)","180.1","21.7","1.9","1.5","19.3","1.4","6.9","46.50","5.57","","","","19-57","Aug 1, 2019"
"Disc Golf Association","Rift","179.3","21.6","1.8","1.3","18.6","1.5","6.0","47.00","9.89","","","","19-58","Aug 1, 2019"
"Infinite Discs","Centurion","175.1","21.1","1.8","1.2","17.8","1.7","5.7","37.00","8.75","","","","19-53","Jul 10, 2019"
"Infinite Discs","Cohort","175.1","21.1","1.8","1.3","19.1","1.0","6.2","58.50","6.25","","","","19-54","Jul 10, 2019"
"Synergy Discs","Mjölnir","182.6","22.0","1.6","1.1","18.4","1.8","5.0","33.25","9.89","","","","19-55","Jul 10, 2019"
"Above Ground Level","Sycamore","176.0","21.2","2.2","1.3","17.8","1.7","6.1","32.25","10.80","","","","19-56","Jul 10, 2019"
"Discraft","Anax","177.6","21.4","1.7","1.2","17.5","1.9","5.6","29.75","10.45","","","","19-50","Jun 19, 2019"
"Yikun Discs","Meteor Hammer (流星锤)","176.0","21.2","2.0","1.5","19.2","1.0","7.1","52.50","8.64","","","","19-51","Jun 19, 2019"
"Yikun Discs","Tomahawk (八卦钺)","179.3","21.6","1.9","1.3","19.0","1.3","6.0","34.75","9.55","","","","19-52","Jun 19, 2019"
"Black Zombie Disc Golf","Flame Thrower","179.3","21.6","1.7","1.2","17.2","2.2","5.6","30.00","10.11","","","","19-48","Jun 4, 2019"
"Mint Discs","Profit","175.1","21.1","1.9","1.6","18.9","1.1","7.6","65.75","9.66","","","","19-44","May 23, 2019"
"Discmania","Enigma","175.1","21.1","1.6","1.1","16.6","2.2","5.2","27.75","11.25","","","","19-45","May 23, 2019"
"Discmania","Link","176.0","21.2","1.9","1.5","19.1","1.0","7.0","71.00","7.84","","","","19-46","May 23, 2019"
"Axiom Discs","Delirium","175.1","21.1","1.8","1.2","16.0","2.5","5.7","27.00","11.14","","","","19-47","May 23, 2019"
"Prodigy Disc","MX-3","180.1","21.7","1.9","1.3","18.9","1.4","6.0","32.75","6.48","","","","19-42","May 7, 2019"
"Streamline Discs","Stabilizer","176.0","21.2","1.8","1.4","18.8","1.1","6.6","56.25","8.75","","","","19-43","May 7, 2019"
"Discmania","Method","180.1","21.7","1.9","1.4","19.0","1.3","6.5","44.00","10.23","","","","19-39","May 1, 2019"
"Millennium Golf Discs","Draco","176.0","21.2","1.4","1.2","17.3","1.9","5.7","35.50","11.14","","","","19-40","May 1, 2019"
"Streamline Discs","Lift","176.0","21.2","1.7","1.2","17.2","2.0","5.7","28.00","11.93","","","","19-36","Apr 17, 2019"
"Tokyo Discs","Rei (零)","174.3","21.0","2.1","1.4","18.7","1.1","6.7","50.75","8.18","","","","19-37","Apr 17, 2019"
"Discmania","DD3 (retest)","175.1","21.1","1.7","1.1","16.3","2.4","5.7","26.25","12.13","","","","19-38","Apr 17, 2019"
"Discmania","Magician (originally Fox Spirit)","176.0","21.2","1.8","1.3","17.9","1.6","6.1","39.75","11.59","","","","19-30","Apr 3, 2019"
"Discmania","Guardian Lion","176.0","21.2","1.8","1.4","19.1","1.0","6.6","59.25","10.68","","","","19-31","Apr 3, 2019"
"Discmania","Mentor (originally Sea Serpent)","176.0","21.2","1.8","1.2","17.9","2.1","5.7","39.75","11.59","","","","19-32","Apr 3, 2019"
"Discmania","Maestro (originally Spring Ox)","176.8","21.3","1.7","1.3","19.2","1.0","6.1","55.25","9.43","","","","19-33","Apr 3, 2019"
"Discmania","Genius (originally Sun Crow)","175.1","21.1","1.7","1.2","17.7","1.7","5.7","29.50","12.15","","","","19-34","Apr 3, 2019"
"Infinite Discs","Scarab","176.0","21.2","2.1","1.5","19.2","1.0","7.1","62.50","11.02","","","","19-28","Apr 3, 2019"
"Infinite Discs","Scepter","176.0","21.2","1.4","1.1","17.3","1.9","5.2","28.25","10.45","","","","19-29","Apr 3, 2019"
"Storm Disc Golf","Abyss","175.1","21.1","1.6","1.1","17.1","2.0","5.2","31.75","11.82","","","","19-35","Apr 3, 2019"
"Disc Golf UK Ltd.","The Baron","176.0","21.2","2.0","1.6","18.7","2.3","7.5","62.25","10.68","","","","19-23","Mar 20, 2019"
"Disc Golf UK Ltd.","The Count","178.5","21.5","1.7","1.1","18.7","1.4","5.1","35.50","8.86","","","","19-24","Mar 20, 2019"
"Disc Golf UK Ltd.","The Duchess","176.8","21.3","1.7","1.1","17.8","1.8","5.2","36.50","7.50","","","","19-25","Mar 20, 2019"
"Disctroyer OÜ","Starling (Kuldnokk)","174.3","21.0","1.7","1.2","16.2","2.4","5.7","27.00","6.82","","","","19-26","Mar 20, 2019"
"Millennium Golf Discs","Falcon","175.1","21.1","1.4","1.1","16.3","2.4","5.2","30.25","12.25","","","","19-22","Mar 20, 2019"
"Discmania","Instinct (150-175g)","176.0","21.2","1.9","1.1","17.6","1.8","5.2","32.25","11.36","","","","19-19","Feb 27, 2019"
"Dynamic Discs","Raider","176.0","21.2","1.5","1.1","16.3","2.3","5.2","29.25","11.14","","","","19-18","Feb 27, 2019"
"MVP Disc Sports","Entropy","176.0","21.2","2.0","1.4","18.8","1.2","6.6","31.75","11.70","","","","19-20","Feb 27, 2019"
"Streamline Discs","Flare","176.0","21.2","1.8","1.2","17.2","2.0","5.7","29.50","11.59","","","","19-21","Feb 24, 2019"
"Infinite Discs","Emperor","175.1","21.1","1.7","1.2","16.4","2.3","5.7","28.00","11.82","","","","19-17","Feb 17, 2019"
"Above Ground Level","Magnolia","180.9","21.8","2.0","1.2","19.0","1.4","5.5","45.50","10.23","","","","19-16","Feb 13, 2019"
"Axiom Discs","Pyro","178.5","21.5","1.6","1.3","18.4","1.6","6.0","42.25","12.05","","","","19-14","Feb 13, 2019"
"Disc Golf UK Ltd.","The Duke","178.5","21.5","1.9","1.4","18.1","1.7","6.5","35.25","11.14","","","","19-13","Feb 13, 2019"
"Gateway Disc Sports","Blade","176.8","21.3","1.5","1.1","17.3","2.0","5.2","34.00","11.71","","","","19-11","Feb 13, 2019"
"Gateway Disc Sports","Spear","176.0","21.2","1.4","1.1","17.3","2.0","5.2","31.25","11.93","","","","19-12","Feb 13, 2019"
"Latitude 64","Catch","200.0","27.6","3.0","2.2","26.0","0.8","8.0","90.00","10.45","Super Class","","","19-15","Feb 13, 2019"
"Innova Champion Discs","Lion","180.1","21.7","1.7","1.4","19.0","1.3","6.5","54.75","11.57","","","","19-03","Jan 31, 2019"
"Mint Discs","Bobcat","177.6","21.4","1.9","1.4","18.5","1.4","6.5","36.00","11.46","","","","19-09","Jan 31, 2019"
"Prodigy Disc","D1 Max","174.3","21.0","1.6","1.2","16.3","2.3","5.7","26.75","11.23","","","","19-04","Jan 31, 2019"
"Prodigy Disc","D2 Max","175.1","21.1","1.9","1.2","16.3","2.4","5.7","30.50","10.32","","","","19-05","Jan 31, 2019"
"Prodigy Disc","D3 Max","175.1","21.1","1.8","1.2","16.3","2.4","5.7","30.25","11.12","","","","19-06","Jan 31, 2019"
"Prodigy Disc","D4 Max","174.3","21.0","1.9","1.2","16.3","2.4","5.7","30.25","10.32","","","","19-07","Jan 31, 2019"
"Prodigy Disc","D6 Max","175.1","21.1","1.7","1.2","16.3","2.4","5.7","26.75","11.57","","","","19-08","Jan 31, 2019"
"RPM Discs/Disc Golf Aotearoa","Huia (DGFD1)","176.0","21.2","1.9","1.2","17.5","1.8","5.7","33.75","11.59","","","","19-10","Jan 31, 2019"
"Innova Champion Discs","Firefly","175.1","21.1","2.1","1.5","19.1","1.0","7.1","71.00","12.02","","","","19-02","Jan 22, 2019"
"Latitude 64","Keystone","175.1","21.1","1.9","1.5","19.0","1.0","7.1","75.00","7.94","","","","19-01","Jan 22, 2019"
"Discmania","DD3 (Cloud Breaker, Distance Driver)","174.3","21.0","1.8","1.2","16.3","2.4","5.7","26.25","12.13","","","","18-94","Dec 28, 2018"
"Discraft","Zeus (renamed from Kong)","175.1","21.1","1.6","1.2","16.5","2.3","5.7","28.50","11.79","","","","18-95","Dec 28, 2018"
"Discraft","Luna","175.1","21.1","2.0","1.4","18.9","1.1","6.6","68.50","12.13","","","","18-96","Dec 28, 2018"
"Discraft","Raptor","176.8","21.3","1.9","1.1","17.4","1.9","5.2","27.25","12.13","","","","18-92","Dec 28, 2018"
"Westside Golf Discs","Gatekeeper","180.1","21.7","1.8","1.3","18.9","1.4","6.0","41.25","9.87","","","","18-93","Dec 28, 2018"
"Prodigy Disc","D Model Distance Driver S","175.1","21.1","1.5","1.1","16.7","2.2","5.2","30.00","7.71","","","","18-88","Dec 16, 2018"
"Prodigy Disc","F Model Fairway Driver S","176.8","21.3","1.4","1.1","17.2","2.0","5.2","30.25","7.03","","","","18-89","Dec 16, 2018"
"Prodigy Disc","M Model Mid Range OS","180.1","21.7","1.9","1.4","19.1","1.3","6.5","45.25","11.91","","","","18-90","Dec 16, 2018"
"Prodigy Disc","P Model Putter OS","175.1","21.1","2.2","1.5","19.1","1.0","7.1","58.75","4.99","","","","18-91","Dec 16, 2018"
"Innova Champion Discs","Corvette","175.1","21.1","1.8","1.2","16.3","2.3","5.7","26.75","11.68","","","","18-83","Dec 16, 2018"
"Prodigy Disc","D1 V2 (retooled D1)","175.1","21.1","1.9","1.2","16.3","2.4","5.7","26.75","9.88","","","","18-84","Dec 16, 2018"
"Prodigy Disc","D2 V2 (retooled D2)","175.1","21.1","1.9","1.2","16.3","2.4","5.7","30.50","10.21","","","","18-85","Dec 16, 2018"
"Prodigy Disc","D3 V2 (retooled D3)","174.3","21.0","1.9","1.2","16.3","2.4","5.7","30.25","10.55","","","","18-86","Dec 16, 2018"
"Prodigy Disc","D6 V2 (retooled D6)","174.3","21.0","1.8","1.2","16.3","2.3","5.7","26.75","11.68","","","","18-87","Dec 16, 2018"
"Above Ground Level","Madrone","174.3","21.0","2.2","1.7","19.0","1.0","8.1","83.50","8.16","","","","18-81","Nov 23, 2018"
"Above Ground Level","Manzanita","174.3","21.0","2.1","1.6","18.7","1.1","7.6","67.00","9.41","","","","18-82","Nov 23, 2018"
"Discraft","SoL (Ace Race 2018)","175.1","21.1","1.7","1.3","18.9","1.1","6.2","51.25","8.73","","","","18-78","Nov 23, 2018"
"Latitude 64","Pioneer","176.0","21.2","1.5","1.2","17.3","1.9","5.7","27.00","11.57","","","","18-79","Nov 23, 2018"
"Latitude 64","Recoil","176.0","21.2","1.8","1.2","16.8","2.2","5.7","26.00","11.22","","","","18-80","Nov 23, 2018"
"Dynamic Discs","Guard","174.3","21.0","2.1","1.6","19.1","0.9","7.6","90.00","7.84","","","","18-76","Nov 4, 2018"
"Dynamic Discs","Vandal","176.0","21.2","1.7","1.1","17.4","1.9","5.2","36.25","8.39","","","","18-77","Nov 4, 2018"
"Innova Champion Discs","Bullfrog","175.1","21.1","1.8","1.3","19.0","1.0","6.2","67.75","8.16","","","","18-74","Nov 4, 2018"
"Kastaplast","Göte","181.8","21.9","2.1","1.3","19.3","1.3","5.9","42.25","7.14","","","","18-75","Nov 4, 2018"
"Infinite Discs","Ra","180.1","21.7","1.8","1.4","18.8","1.4","6.5","50.25","7.71","","","","18-73","Nov 2, 2018"
"Millennium Golf Discs","Marksman","175.1","21.1","1.6","1.2","17.2","1.9","5.7","29.00","11.23","","","","18-67","Oct 1, 2018"
"Obsidian Discs Oy","Shard","176.0","21.2","1.5","1.2","17.4","1.9","5.7","28.00","9.19","","","","18-66","Oct 1, 2018"
"Storm Disc Golf","Jet Stream","174.3","21.0","1.7","1.2","16.5","2.3","5.7","26.50","8.28","","","","18-68","Oct 1, 2018"
"Storm Disc Golf","The Crater","175.1","21.1","1.8","1.3","19.0","1.1","6.2","79.25","7.71","","","","18-69","Oct 1, 2018"
"Storm Disc Golf","The Eye","181.8","21.9","1.8","1.2","19.0","1.4","5.5","46.75","8.96","","","","18-70","Oct 1, 2018"
"Disc Golf Association","Tempest","175.1","21.1","1.7","1.1","16.5","2.3","5.2","26.25","9.87","","","","18-64","Aug 16, 2018"
"Yikun Discs","Crossbow (Nu, 连弩)","176.8","21.3","1.6","1.3","18.2","1.6","6.1","42.75","9.64","","","","18-62","Aug 16, 2018"
"Yikun Discs","Hammer (Chui, 战锤)","175.1","21.1","1.7","1.4","18.5","1.3","6.6","56.25","11.11","","","","18-63","Aug 16, 2018"
"Streamline Discs","Runway","178.5","21.5","1.7","1.4","18.6","1.4","6.5","47.25","9.87","","","","18-61","Aug 2, 2018"
"Innova Champion Discs","Gator3","176.0","21.2","1.8","1.4","18.2","1.5","6.6","49.50","12.03","","","","18-59","Jul 10, 2018"
"Disc Golf Association","Steady - Beadless (BL)","176.0","21.2","2.5","1.5","19.0","1.1","7.1","64.75","6.92","","","","18-54","Jun 21, 2018"
"Fourth Circle Discs","Taipan","175.1","21.1","1.6","1.1","16.3","2.4","5.2","27.25","9.19","","","","18-53","Jun 21, 2018"
"Gateway Disc Sports","Apex","178.5","21.5","1.9","1.1","17.1","2.3","5.1","30.25","9.75","","","","18-49","Jun 21, 2018"
"Gateway Disc Sports","Slayer (retooled)","175.1","21.1","1.5","1.2","16.4","2.3","5.7","30.00","9.30","","","","18-50","Jun 21, 2018"
"Infinite Discs","Anubis","180.9","21.8","2.1","1.3","18.7","1.4","6.0","50.00","9.19","","","","18-51","Jun 21, 2018"
"Infinite Discs","Slab","176.0","21.2","1.6","1.2","16.6","2.3","5.7","29.00","9.30","","","","18-52","Jun 21, 2018"
"Legacy Discs","Pursuit","176.8","21.3","1.6","1.3","18.3","1.5","6.1","44.00","9.19","","","","18-55","Jun 21, 2018"
"Legacy Discs","Recluse","176.8","21.3","1.6","1.3","18.3","1.5","6.1","44.00","9.07","","","","18-56","Jun 21, 2018"
"Legacy Discs","Valor","180.1","21.7","2.1","1.3","19.3","1.2","6.0","49.00","7.03","","","","18-57","Jun 21, 2018"
"Black Zombie Disc Golf","Berzerker","177.6","21.4","1.6","1.1","17.0","2.2","5.1","29.50","10.55","","","","18-47","May 31, 2018"
"Guru","Fenris","176.0","21.2","1.7","1.1","16.2","2.5","5.2","26.00","10.66","","","","18-46","May 31, 2018"
"FlyTec","Bull Bay","176.0","21.2","2.0","1.4","19.2","1.0","6.6","47.75","4.88","","","","18-41","May 9, 2018"
"FlyTec","Oak","175.1","21.1","2.0","1.2","17.2","2.0","5.7","32.50","8.39","","","","18-42","May 9, 2018"
"FlyTec","Willow","178.5","21.5","2.1","1.4","18.9","1.2","6.5","47.00","6.46","","","","18-43","May 9, 2018"
"Latitude 64","Musket","176.0","21.2","1.8","1.1","17.1","2.0","5.2","28.50","10.55","","","","18-45","May 9, 2018"
"Obsidian Discs Oy","Rift","176.0","21.2","1.5","1.2","17.0","2.1","5.7","29.00","10.32","","","","18-40","May 9, 2018"
"Streamline Discs","Drift","176.0","21.2","1.8","1.2","17.7","1.8","5.7","33.00","9.30","","","","18-44","May 9, 2018"
"Prodigy Disc","H2 V2 (retooled H2)","177.6","21.4","1.6","1.2","17.4","2.0","5.6","28.00","8.39","","","","18-38","Apr 20, 2018"
"Prodigy Disc","H4 V2","176.8","21.3","1.5","1.2","17.4","2.0","5.6","29.00","8.50","","","","18-39","Apr 20, 2018"
"Discmania","FD2 (retooled Fairway Driver)","176.0","21.2","1.6","1.1","17.5","1.8","5.2","33.75","12.13","","","","18-34","Mar 29, 2018"
"Discmania","MD5 (Midrange Driver)","175.1","21.1","1.9","1.3","18.3","1.4","6.2","62.25","11.91","","","","18-35","Mar 29, 2018"
"Infinite Discs","Myth","176.0","21.2","2.1","1.5","19.0","1.1","7.1","68.75","9.07","","","","18-29","Mar 29, 2018"
"Infinite Discs","Sphinx","175.1","21.1","1.6","1.1","17.3","1.9","5.2","30.75","11.79","","","","18-30","Mar 29, 2018"
"Infinite Discs","Tomb","176.8","21.3","1.6","1.3","19.1","1.1","6.1","65.50","7.60","","","","18-31","Mar 29, 2018"
"Axiom Discs","Excite","175.1","21.1","2.1","1.2","15.9","2.5","5.7","27.00","11.91","","","","18-36","Mar 25, 2018"
"Axiom Discs","Tantrum","175.1","21.1","1.9","1.2","16.0","2.5","5.7","26.75","12.13","","","","18-25","Mar 15, 2018"
"Kestrel Outdoors","Beginner Fairway Driver","174.3","21.0","1.5","1.1","17.6","1.7","5.2","29.00","7.14","","","","18-22","Mar 15, 2018"
"Kestrel Outdoors","Beginner Mid-Range","175.1","21.1","1.9","1.2","19.1","1.0","5.7","58.75","6.46","","","","18-23","Mar 15, 2018"
"Kestrel Outdoors","Beginner Putter","176.0","21.2","1.9","1.6","19.6","0.8","7.5","104.25","7.03","","","","18-24","Mar 15, 2018"
"Black Zombie Disc Golf","Crossbow","181.8","21.9","1.6","1.2","19.1","1.4","5.5","32.75","8.85","","","","18-26","Feb 26, 2018"
"Disc Golf Association","Banzai","177.6","21.4","1.7","1.2","17.5","1.9","5.6","30.00","11.34","","","","18-98","Feb 26, 2018"
"Discraft","Vulture","177.6","21.4","1.6","1.2","17.8","1.8","5.6","33.50","10.89","","","","18-97","Feb 26, 2018"
"Infinite Discs","Chariot","180.9","21.8","1.7","1.4","19.0","1.4","6.4","51.50","9.07","","","","18-32","Feb 26, 2018"
"Innova Champion Discs","Caiman","175.1","21.1","1.7","1.4","18.3","1.4","6.6","66.50","11.68","","","","18-27","Feb 26, 2018"
"MVP Disc Sports","Deflector","178.5","21.5","2.0","1.3","18.3","1.6","6.0","40.00","10.77","","","","18-28","Feb 26, 2018"
"RPM Discs/Disc Golf Aotearoa","Kea (MR2)","176.0","21.2","1.9","1.4","18.2","1.4","6.6","62.75","11.11","","","","18-37","Feb 26, 2018"
"Albatross Disc Golf","Albatrossdisc Driver","174.3","21.0","1.6","1.2","17.5","0.9","5.7","28.25","8.50","","","","18-09","Feb 8, 2018"
"Albatross Disc Golf","Albatrossdisc Midrange","175.1","21.1","1.9","1.3","19.0","1.0","6.2","61.00","6.58","","","","18-10","Feb 8, 2018"
"Albatross Disc Golf","Albatrossdisc Putter","176.0","21.2","2.1","1.6","19.6","0.8","7.5","101.75","7.94","","","","18-11","Feb 8, 2018"
"Albatross Disc Golf","Caravel","176.0","21.2","2.0","1.3","17.9","1.6","6.1","29.50","8.50","","","","18-12","Feb 8, 2018"
"Albatross Disc Golf","Frigate","176.0","21.2","1.5","1.2","18.9","2.2","5.7","29.50","9.07","","","","18-13","Feb 8, 2018"
"Albatross Disc Golf","Galley","175.1","21.1","1.8","1.4","19.0","1.0","6.6","60.25","10.21","","","","18-14","Feb 8, 2018"
"Prodigy Disc","H1 (retooled H1)","177.6","21.4","1.6","1.2","17.4","2.0","5.6","28.00","9.19","","","","18-15","Feb 8, 2018"
"Prodigy Disc","H3 V2 (retooled H3)","176.8","21.3","1.8","1.2","17.3","2.0","5.6","30.75","9.19","","","","18-16","Feb 8, 2018"
"Prodigy Disc","H5","176.8","21.3","1.7","1.2","17.4","2.0","5.6","37.50","9.30","","","","18-17","Feb 8, 2018"
"Westside Golf Discs","Anvil","176.8","21.3","1.8","1.2","18.3","1.5","5.6","41.75","11.57","","","","18-18","Feb 8, 2018"
"Westside Golf Discs","Maiden","176.0","21.2","1.8","1.3","19.2","1.0","6.1","57.75","11.79","","","","18-19","Feb 8, 2018"
"Westside Golf Discs","War Horse","175.1","21.1","1.6","1.2","16.6","2.2","5.7","28.00","12.02","","","","18-20","Feb 8, 2018"
"Infinite Discs","Pharaoh","175.1","21.1","1.4","1.1","16.4","2.3","5.2","28.50","11.11","","","","18-33","Feb 2, 2018"
"Latitude 64","Fuji","180.1","21.7","1.8","1.2","18.9","1.3","5.5","42.75","8.96","","","","18-06","Jan 29, 2018"
"Gateway Disc Sports","Prophecy","181.8","21.9","1.7","1.2","19.0","1.5","5.5","38.50","6.12","","","","18-01","Jan 19, 2018"
"Infinite Discs","Exodus","175.1","21.1","1.8","1.1","17.5","1.8","5.2","36.25","8.73","","","","18-03","Jan 19, 2018"
"Yikun Discs","Twin Swords (双刃剑)","176.0","21.2","1.9","1.2","16.4","2.4","5.7","26.50","8.05","","","","18-02","Jan 19, 2018"
"Kastaplast","Stål","175.1","21.1","1.8","1.1","17.3","1.9","5.2","30.50","11.00","","","","17-126","Dec 11, 2017"
"Latitude 64","Ballista Pro","176.0","21.2","1.7","1.1","16.3","2.4","5.2","26.75","11.79","","","","17-127","Dec 11, 2017"
"Latitude 64","Explorer","176.0","21.2","1.7","1.1","17.7","1.8","5.2","32.75","10.21","","","","17-128","Dec 11, 2017"
"Dynamic Discs","Captain","175.1","21.1","1.6","1.1","16.6","2.3","5.2","30.00","11.23","","","","17-121","Dec 4, 2017"
"Dynamic Discs","Getaway","175.1","21.1","1.8","1.1","17.1","2.0","5.2","28.75","11.00","","","","17-122","Dec 4, 2017"
"Dynamic Discs","Maverick","176.0","21.2","1.8","1.1","17.8","1.7","5.2","35.00","9.53","","","","17-123","Dec 4, 2017"
"Dynamic Discs","Patrol","180.1","21.7","1.6","1.2","18.8","1.4","5.5","44.00","8.85","","","","17-124","Dec 4, 2017"
"Discraft","Sting (Ace Race 2017)","177.6","21.4","1.8","1.2","18.2","1.6","5.6","36.25","10.66","","","","17-119","Nov 7, 2017"
"Ozone Discs","Hyperion","174.3","21.0","1.6","1.1","16.7","2.2","5.2","26.00","9.19","","","","17-120","Nov 7, 2017"
"Sportme","uControl","179.3","21.6","1.5","1.2","19.0","1.3","5.6","47.75","9.98","","","","17-116","Nov 7, 2017"
"Sportme","uDrive","175.1","21.1","1.5","1.1","17.3","1.9","5.2","32.50","11.23","","","","17-117","Nov 7, 2017"
"Sportme","uPutt","175.1","21.1","2.2","1.6","19.0","1.0","7.6","63.00","11.00","","","","17-118","Nov 7, 2017"
"Latitude 64","Zion","176.0","21.2","1.7","1.1","17.2","2.0","5.2","28.00","9.75","","","","17-109","Oct 8, 2017"
"Viking Discs (IP-Agency Finland Oy)","Barbarian","176.8","21.3","1.8","1.2","17.6","1.9","5.6","35.75","11.68","","","","17-113","Oct 8, 2017"
"Viking Discs (IP-Agency Finland Oy)","Loki","177.6","21.4","1.9","1.3","18.5","1.5","6.1","44.50","8.62","","","","17-114","Oct 8, 2017"
"Viking Discs (IP-Agency Finland Oy)","Valhalla","176.8","21.3","2.0","1.2","16.8","2.2","5.6","28.00","8.96","","","","17-115","Oct 8, 2017"
"Wham-O, Inc.","Fairway Driver (new)","175.1","21.1","2.1","1.1","17.5","1.8","5.2","32.00","10.66","","","","17-110","Oct 8, 2017"
"Wham-O, Inc.","Mid-Range","180.1","21.7","2.2","1.2","19.2","1.3","5.5","41.75","8.50","","","","17-111","Oct 8, 2017"
"Wham-O, Inc.","Putter","176.0","21.2","2.2","1.5","19.3","1.0","7.1","53.50","7.60","","","","17-112","Oct 8, 2017"
"Discraft","Challenger OS","175.1","21.1","2.0","1.5","18.9","1.0","7.1","61.00","8.05","","","","17-107","Sep 26, 2017"
"Innova Champion Discs","AviarX3","176.8","21.3","1.8","1.6","19.3","1.0","7.5","55.75","7.14","","","","17-108","Sep 26, 2017"
"Full Turn Discs","Voyage","175.1","21.1","1.8","1.1","16.4","2.3","5.2","26.25","8.85","","","","17-105","Sep 24, 2017"
"Yikun Discs","Kui (夔牛)","176.0","21.2","2.1","1.3","17.9","1.6","6.1","35.75","9.64","","","","17-103","Sep 24, 2017"
"Yikun Discs","Lu (Luan, 鸾鸟)","176.0","21.2","1.4","1.1","16.4","2.4","5.2","31.25","7.94","","","","17-104","Sep 24, 2017"
"Disc Golf Association","Tremor","179.3","21.6","1.7","1.1","18.8","1.4","5.1","39.25","7.48","","","","17-100","Aug 29, 2017"
"Innova Champion Discs","Leopard 3","176.0","21.2","1.7","1.1","17.8","1.7","5.2","29.25","9.30","","","","17-94","Aug 29, 2017"
"Innova Champion Discs","Mako 3","180.1","21.7","1.9","1.4","19.0","1.4","6.5","52.75","8.96","","","","17-95","Aug 29, 2017"
"Innova Champion Discs","Roc 3","180.9","21.8","2.0","1.3","19.0","1.4","6.0","43.00","7.94","","","","17-96","Aug 29, 2017"
"Innova Champion Discs","Shark 3","180.9","21.8","2.0","1.3","19.0","1.4","6.0","39.50","8.28","","","","17-97","Aug 29, 2017"
"Innova Champion Discs","Teebird 3","176.0","21.2","1.7","1.1","17.5","1.8","5.2","29.25","9.41","","","","17-98","Aug 29, 2017"
"Innova Champion Discs","TL 3","176.0","21.2","1.7","1.1","17.6","1.8","5.2","33.00","7.48","","","","17-99","Aug 29, 2017"
"Discraft","Challenger SS","175.1","21.1","2.0","1.4","19.1","1.0","6.6","61.00","8.62","","","","17-93","Aug 19, 2017"
"MVP Disc Sports","Vertex","178.5","21.5","1.9","1.3","19.0","1.2","6.0","46.75","7.48","","","","17-92","Aug 19, 2017"
"Reptilian Disc Golf","Gila","174.3","21.0","1.6","1.2","19.2","1.4","5.7","36.50","11.23","","","","17-91","Aug 19, 2017"
"Arsenal Discs","50 Cal","175.1","21.1","1.6","1.2","17.2","2.0","5.7","31.75","9.30","","","","17-83","Jul 13, 2017"
"Arsenal Discs","Air Strike","174.3","21.0","1.5","1.2","16.3","2.3","5.7","26.25","7.03","","","","17-84","Jul 13, 2017"
"Arsenal Discs","C4","175.1","21.1","1.9","1.3","19.1","1.0","6.2","50.00","8.65","","","","17-85","Jul 13, 2017"
"Arsenal Discs","Cyborg","174.3","21.0","1.6","1.2","17.4","1.8","5.7","30.75","8.85","","","","17-86","Jul 13, 2017"
"Arsenal Discs","Morningstar","180.1","21.7","1.9","1.3","19.1","1.3","6.0","43.75","7.71","","","","17-87","Jul 13, 2017"
"Full Turn Discs","Cruise","175.1","21.1","1.6","1.1","16.4","2.3","5.2","26.50","8.85","","","","17-82","Jun 26, 2017"
"Innova Champion Discs","Rat","176.0","21.2","1.7","1.4","18.9","1.1","6.6","66.75","6.01","","","","17-77","Jun 26, 2017"
"Legacy Discs","Aftermath","176.0","21.2","1.7","1.1","16.3","2.5","5.2","29.00","9.19","","","","17-80","Jun 26, 2017"
"Legacy Discs","Recon","176.0","21.2","1.7","1.1","16.4","2.4","5.2","28.75","8.05","","","","17-81","Jun 26, 2017"
"Millennium Golf Discs","Taurus","180.1","21.7","2.0","1.5","19.0","1.4","6.9","66.75","9.07","","","","17-78","Jun 26, 2017"
"Daredevil Discs","Gray Jay","174.3","21.0","1.4","1.1","16.3","2.3","5.2","28.50","4.85","","","","17-73","Jun 11, 2017"
"Daredevil Discs","Pteranodon","179.3","21.6","2.3","1.2","18.8","1.4","5.6","44.50","8.39","","","","17-74","Jun 11, 2017"
"MVP Disc Sports","Particle","175.1","21.1","2.0","1.4","18.8","1.1","6.6","61.25","8.28","","","","17-71","Jun 11, 2017"
"Prodigy Disc","X3","175.1","21.1","1.7","1.1","16.6","2.2","5.2","30.50","8.73","","","","17-72","Jun 11, 2017"
"Discmania","MD4 (Midrange Driver)","180.1","21.7","1.6","1.4","18.9","1.4","6.5","51.25","11.11","","","","17-55","Apr 21, 2017"
"Discmania","TDx (Turn Driver)","175.1","21.1","1.5","1.2","17.2","2.0","5.7","30.50","11.45","","","","17-56","Apr 21, 2017"
"Discraft","Punisher","175.1","21.1","1.5","1.1","16.7","2.2","5.2","28.25","11.68","","","","17-69","Apr 21, 2017"
"Discraft","Ringer GT","175.1","21.1","1.7","1.1","19.0","1.0","5.2","63.25","4.65","","","","17-70","Apr 21, 2017"
"Gateway Disc Sports","Diablo","176.0","21.2","1.7","1.2","17.1","2.0","5.7","32.50","9.30","","","","17-57","Apr 21, 2017"
"Gateway Disc Sports","Journey - LS","176.0","21.2","1.9","1.1","16.9","2.2","5.2","28.25","9.75","","","","17-61","Apr 21, 2017"
"Gateway Disc Sports","Ninja","176.0","21.2","1.9","1.2","17.2","2.0","5.7","31.75","8.73","","","","17-58","Apr 21, 2017"
"Gateway Disc Sports","Siren","175.1","21.1","1.8","1.2","16.4","2.3","5.7","29.25","11.57","","","","17-62","Apr 21, 2017"
"Prodigy Disc","X4","176.0","21.2","1.7","1.1","16.6","2.3","5.2","27.00","9.30","","","","17-63","Apr 21, 2017"
"Prodigy Disc","X6","175.1","21.1","1.8","1.1","16.6","2.2","5.2","26.25","8.39","","","","17-64","Apr 21, 2017"
"Vibram Disc Golf","Crag","177.6","21.4","2.0","1.4","18.6","1.4","6.5","31.75","4.65","","","","17-59","Apr 21, 2017"
"Vibram Disc Golf","Launch","177.6","21.4","2.1","1.3","18.8","1.3","6.1","51.25","4.76","","","","17-60","Apr 21, 2017"
"Axiom Discs","Mayhem","176.0","21.2","1.9","1.2","16.3","2.4","5.7","27.50","12.13","","","","17-48","Apr 13, 2017"
"Axiom Discs","Tenacity","175.1","21.1","1.9","1.2","16.3","2.4","5.7","26.75","11.57","","","","17-49","Apr 13, 2017"
"Kastaplast","Falk","175.1","21.1","1.8","1.1","17.2","1.9","5.2","30.25","9.53","","","","17-54","Apr 13, 2017"
"Latitude 64","River Pro","177.6","21.4","1.8","1.3","17.8","1.8","6.1","34.00","10.87","","","","17-47","Apr 13, 2017"
"MVP Disc Sports","Dimension","174.3","21.0","1.8","1.2","16.0","2.5","5.7","27.75","11.68","","","","17-50","Apr 13, 2017"
"MVP Disc Sports","Limit","175.1","21.1","1.8","1.2","16.0","2.5","5.7","27.25","11.91","","","","17-51","Apr 13, 2017"
"MVP Disc Sports","Relativity","175.1","21.1","1.9","1.2","16.0","2.5","5.7","27.25","11.77","","","","17-52","Apr 13, 2017"
"MVP Disc Sports","Teleport","175.1","21.1","1.9","1.2","16.0","2.5","5.7","27.75","11.11","","","","17-53","Apr 13, 2017"
"Above Ground Level","Cypress","176.0","21.2","1.5","1.1","16.7","2.2","5.2","26.75","7.03","","","","17-37","Apr 3, 2017"
"Axiom Discs","Panic","175.1","21.1","1.7","1.2","16.3","2.4","5.7","26.25","12.25","","","","17-45","Apr 3, 2017"
"Daredevil Discs","Albatross","174.3","21.0","1.6","1.1","16.4","2.3","5.2","26.50","8.39","","","","17-43","Apr 3, 2017"
"Daredevil Discs","Merlin","174.3","21.0","1.7","1.1","16.4","2.3","5.2","26.00","7.03","","","","17-44","Apr 3, 2017"
"Latitude 64","Bryce","176.0","21.2","1.7","1.1","17.2","2.0","5.2","28.25","10.66","","","","17-40","Apr 3, 2017"
"Latitude 64","Gobi","180.1","21.7","1.8","1.3","18.8","1.4","6.0","37.50","10.43","","","","17-41","Apr 3, 2017"
"Latitude 64","Sarek","176.0","21.2","2.2","1.5","19.0","1.1","7.1","61.00","8.39","","","","17-42","Apr 3, 2017"
"Prodigy Disc","X2","175.1","21.1","1.8","1.1","16.6","2.2","5.2","26.00","8.16","","","","17-38","Apr 3, 2017"
"Prodigy Disc","X5","175.1","21.1","1.9","1.1","16.6","2.2","5.2","28.25","7.94","","","","17-39","Apr 3, 2017"
"Innova Champion Discs","Firestorm","175.1","21.1","1.5","1.1","16.5","2.3","5.2","27.50","10.77","","","","17-33","Mar 23, 2017"
"Millennium Golf Discs","Sabot","175.1","21.1","1.7","1.2","16.7","2.2","5.7","36.50","10.89","","","","17-32","Mar 23, 2017"
"Westside Golf Discs","Ahti","176.0","21.2","1.7","1.1","17.2","2.0","5.2","28.75","9.98","","","","17-34","Mar 23, 2017"
"Westside Golf Discs","Fortress (Linnoitus1)","176.0","21.2","1.5","1.1","17.2","2.0","5.2","28.00","9.64","","","","17-35","Mar 23, 2017"
"Westside Golf Discs","Pine (Hornan Honka1)","180.1","21.7","1.9","1.3","18.7","1.5","6.0","39.75","8.28","","","","17-36","Mar 23, 2017"
"Best Disc Golf Discs","MaxGlide","175.1","21.1","1.6","1.1","16.6","2.3","5.2","29.25","11.00","","","","17-31","Mar 15, 2017"
"Discraft","Machete","175.1","21.1","1.6","1.1","16.8","2.1","5.2","30.50","12.13","","","","17-30","Mar 15, 2017"
"Guru","Sleipner","176.0","21.2","1.5","1.1","17.0","2.1","5.2","28.75","11.11","","","","17-29","Mar 15, 2017"
"Disc Golf Association","Quake","179.3","21.6","1.7","1.2","18.6","1.5","5.6","40.00","12.25","","","","17-23","Mar 8, 2017"
"Discmania","CD3 (Control Driver)","175.1","21.1","2.0","1.2","16.9","2.1","5.7","31.00","11.24","","","","17-25","Mar 8, 2017"
"Full Turn Discs","Drifter","175.1","21.1","1.7","1.2","17.3","1.9","5.7","27.00","9.19","","","","17-21","Mar 8, 2017"
"Galaxy Disc Golf","Meteorite","175.1","21.1","1.8","1.1","16.8","2.1","5.2","26.00","8.62","","","","17-22","Mar 8, 2017"
"Innova Champion Discs","Wombat3","180.9","21.8","2.0","1.4","18.9","1.4","6.4","30.00","7.26","","","","17-20","Mar 8, 2017"
"Latitude 64","Beetle","181.8","21.9","2.2","1.6","20.3","0.8","7.3","89.25","3.06","","","","17-24","Mar 8, 2017"
"Streamline Discs","Trace","176.0","21.2","1.7","1.2","16.8","2.2","5.7","31.25","9.98","","","","17-19","Mar 8, 2017"
"Viking Discs (IP-Agency Finland Oy)","Ragnarok","176.0","21.2","2.1","1.1","16.9","2.1","5.2","27.75","9.53","","","","17-26","Mar 8, 2017"
"Dynamic Discs","Deputy","176.0","21.2","2.0","1.5","19.1","1.1","7.1","61.00","6.92","","","","17-15","Feb 22, 2017"
"Innova Champion Discs","RocX3","180.9","21.8","2.0","1.4","19.0","1.4","6.4","49.75","9.07","","","","17-17","Feb 22, 2017"
"Streamline Discs","Pilot","176.0","21.2","1.9","1.5","19.1","1.0","7.1","64.00","11.11","","","","17-16","Feb 22, 2017"
"Westside Golf Discs","Crown (Kruunu1)","176.0","21.2","2.0","1.4","19.2","1.0","6.6","54.00","12.02","","","","17-18","Feb 22, 2017"
"Innova Champion Discs","Aviar 3","176.0","21.2","1.9","1.5","19.2","1.0","7.1","55.75","9.53","","","","17-14","Feb 8, 2017"
"Dynamic Discs","Slammer","176.0","21.2","1.8","1.4","19.2","1.0","6.6","53.50","8.39","","","","17-12","Jan 28, 2017"
"Galaxy Disc Golf","Magneton","175.1","21.1","1.9","1.5","19.1","1.0","7.1","59.25","8.28","","","","17-08","Jan 28, 2017"
"Galaxy Disc Golf","Orbit","176.0","21.2","2.1","1.3","19.2","1.0","6.1","60.00","8.62","","","","17-09","Jan 28, 2017"
"Galaxy Disc Golf","Satellite","176.8","21.3","2.1","1.7","19.7","0.8","8.0","95.25","6.80","","","","17-10","Jan 28, 2017"
"Galaxy Disc Golf","Shooting Star","174.3","21.0","1.8","1.2","17.4","1.8","5.7","26.25","6.69","","","","17-11","Jan 28, 2017"
"Mint Discs","Alpha","175.1","21.1","2.1","1.2","17.1","2.0","5.7","30.50","8.39","","","","17-13","Jan 28, 2017"
"Innova Champion Discs","Manta","180.9","21.8","1.9","1.2","19.0","1.4","5.5","37.25","9.98","","","","17-07","Jan 24, 2017"
"Dynamic Discs","Criminal","176.0","21.2","1.5","1.2","16.9","2.1","5.7","29.00","12.25","","","","17-05","Jan 17, 2017"
"Viking Discs (IP-Agency Finland Oy)","Berserker","176.0","21.2","1.7","1.2","17.0","2.1","5.7","28.75","9.53","","","","17-01","Jan 17, 2017"
"Viking Discs (IP-Agency Finland Oy)","Nordic Warrior","178.5","21.5","2.0","1.4","18.7","1.4","6.5","36.00","12.25","","","","17-04","Jan 17, 2017"
"Viking Discs (IP-Agency Finland Oy)","Rune","176.0","21.2","2.1","1.6","19.0","1.1","7.5","55.50","9.07","","","","17-02","Jan 17, 2017"
"Viking Discs (IP-Agency Finland Oy)","Thunder God Thor","174.3","21.0","1.7","1.2","16.0","2.5","5.7","28.00","12.02","","","","17-03","Jan 17, 2017"
"Gateway Disc Sports","Voodoo (revised)","176.0","21.2","2.1","1.6","19.2","1.0","7.5","62.00","9.41","","","","16-90","Dec 30, 2016"
"Gateway Disc Sports","Wizard (revised)","176.0","21.2","2.1","1.8","19.2","1.0","8.5","59.25","9.87","","","","16-91","Dec 30, 2016"
"Dynamic Discs","Sheriff","175.1","21.1","1.6","1.1","16.3","2.4","5.2","30.25","11.79","","","","16-84","Dec 29, 2016"
"RPM Discs/Disc Golf Aotearoa","Ruru (PA2)","174.3","21.0","2.3","1.6","18.9","1.0","7.6","72.75","8.28","","","","16-85","Dec 29, 2016"
"Viking Discs (IP-Agency Finland Oy)","Axe","176.0","21.2","2.0","1.3","19.2","1.0","6.1","57.00","8.16","","","","16-86","Dec 29, 2016"
"Viking Discs (IP-Agency Finland Oy)","Cosmos","174.3","21.0","1.6","1.1","17.4","1.8","5.2","28.50","9.41","","","","16-87","Dec 29, 2016"
"Viking Discs (IP-Agency Finland Oy)","Knife","175.1","21.1","1.9","1.3","19.1","1.0","8.5","58.75","10.32","","","","16-88","Dec 29, 2016"
"Prodiscus","FASTi","175.1","21.1","1.6","1.1","17.1","2.3","5.2","26.75","10.66","","","","16-81","Dec 19, 2016"
"Prodiscus","FLIPPERi","176.0","21.2","1.7","1.2","17.2","2.0","5.7","26.00","10.77","","","","16-82","Dec 19, 2016"
"Discraft","Archer","178.5","21.5","1.8","1.1","18.5","1.5","5.1","36.00","7.94","","","","16-78","Dec 7, 2016"
"Latitude 64","Anchor","180.1","21.7","1.8","1.5","18.9","1.4","6.9","43.25","10.32","","","","16-75","Dec 7, 2016"
"Latitude 64","Caltrop","174.3","21.0","1.9","1.5","19.1","1.0","7.1","64.00","10.66","","","","16-76","Dec 7, 2016"
"Latitude 64","Gladiator","175.1","21.1","1.7","1.1","16.5","2.3","5.2","28.50","12.02","","","","16-77","Dec 7, 2016"
"Innova Champion Discs","Shryke","175.1","21.1","1.7","1.2","16.4","2.3","5.7","26.00","10.32","","","","16-71","Nov 14, 2016"
"Disc King","Lex","178.5","21.5","2.1","1.6","19.5","1.0","7.4","75.25","12.25","","","","16-72","Nov 10, 2016"
"Ozone Discs","Andro C (retooled)","179.3","21.6","1.5","1.3","18.6","1.5","6.0","31.25","3.40","","","","16-73","Nov 10, 2016"
"Element Discs","Chromium","175.1","21.1","2.0","1.2","17.2","2.0","5.7","31.25","9.75","","","","16-69","Oct 21, 2016"
"Element Discs","Radium","181.8","21.9","2.0","1.1","18.9","1.5","5.3","43.25","10.21","","","","16-70","Oct 21, 2016"
"Obsidian Discs Oy","Cinder","176.0","21.2","2.2","1.3","17.5","1.9","6.1","30.25","9.64","","","","16-67","Sep 23, 2016"
"Prodiscus","STARi","179.3","21.6","1.9","1.4","18.9","1.3","6.5","45.00","7.03","","","","16-68","Sep 23, 2016"
"Westside Golf Discs","Queen (Pohjolan Emäntä1)","176.0","21.2","1.5","1.1","16.6","2.3","5.2","29.50","9.19","","","","16-66","Sep 14, 2016"
"Daredevil Discs","Bighorn","176.0","21.2","2.2","1.6","19.2","1.5","7.5","67.75","8.62","","","","16-89","Aug 25, 2016"
"Discraft","Thrasher","175.1","21.1","1.7","1.1","16.8","2.1","5.2","26.75","8.85","","","","16-62","Aug 13, 2016"
"Element Discs","Uranium","176.0","21.2","1.5","1.4","18.7","1.3","6.6","49.50","7.71","","","","16-65","Aug 13, 2016"
"Full Turn Discs","Navigator","179.3","21.6","1.7","1.5","18.9","1.4","6.9","40.50","6.80","","","","16-63","Aug 13, 2016"
"Full Turn Discs","Passport","176.0","21.2","2.1","1.6","19.2","1.0","7.5","64.00","8.16","","","","16-64","Aug 13, 2016"
"Innova Champion Discs","Gargoyle","176.0","21.2","2.0","1.2","18.4","1.4","5.7","43.50","9.07","","","","16-61","Jul 21, 2016"
"Disc Golf Association","Pipeline","177.6","21.4","1.5","1.1","17.8","1.8","5.1","31.00","10.21","","","","16-60","Jun 30, 2016"
"Element Discs","Lithium","181.8","21.9","1.5","1.3","18.9","1.5","5.9","51.75","10.43","","","","16-59","Jun 30, 2016"
"Discmania","P3x (Putt & Approach)","176.0","21.2","1.9","1.6","19.0","1.1","7.5","62.00","7.37","","","","17-79","Jun 26, 2016"
"Reptilian Disc Golf","Tyrant","176.0","21.2","1.4","1.1","17.6","1.8","5.2","28.00","8.62","","","","16-57","Jun 16, 2016"
"Legacy Discs","Fighter","176.0","21.2","1.7","1.2","17.1","2.0","5.7","27.75","11.34","","","","16-53","Jun 6, 2016"
"MVP Disc Sports","Catalyst","175.1","21.1","1.9","1.2","16.3","2.4","5.7","30.00","11.11","","","","16-55","Jun 6, 2016"
"MVP Disc Sports","Energy","175.1","21.1","2.1","1.2","16.3","2.4","5.7","26.00","11.91","","","","16-56","Jun 6, 2016"
"Ozone Discs","Andro C","177.6","21.4","1.5","1.3","18.4","1.5","6.1","31.25","7.26","","","","16-54","Jun 6, 2016"
"Dynamic Discs","Aviator","200.0","27.5","3.2","2.1","26.0","0.8","7.6","89.75","8.85","Super Class","","","16-49","May 26, 2016"
"Dynamic Discs","Gavel","176.8","21.3","1.9","1.4","19.5","1.4","6.6","45.75","9.19","","","","16-50","May 26, 2016"
"Dynamic Discs","Proof","178.5","21.5","1.5","1.1","19.0","1.3","5.1","39.50","9.40","","","","16-51","May 26, 2016"
"MVP Disc Sports","Nitro","176.0","21.2","1.9","1.2","16.3","2.4","5.7","26.75","11.57","","","","16-47","May 13, 2016"
"MVP Disc Sports","Octane","175.1","21.1","1.7","1.2","16.3","2.4","5.7","27.25","11.87","","","","16-48","May 13, 2016"
"Prodigy Disc","D6","174.3","21.0","1.6","1.2","16.2","2.4","5.7","26.75","9.41","","","","16-46","May 13, 2016"
"MVP Disc Sports","Matrix","178.5","21.5","1.6","1.4","18.7","1.4","6.5","46.50","9.75","","","","16-44","May 10, 2016"
"Obsidian Discs Oy","Caldera","176.0","21.2","1.7","1.2","16.7","2.3","5.7","26.00","8.62","","","","16-45","May 10, 2016"
"Prodigy Disc","A4","174.3","21.0","2.0","1.3","18.2","1.4","6.2","61.75","9.64","","","","16-43","May 10, 2016"
"Axiom Discs","Defy","175.1","21.1","1.5","1.1","16.7","2.2","5.2","26.00","9.30","","","","16-36","Apr 21, 2016"
"Axiom Discs","Thrill","175.1","21.1","1.5","1.1","16.7","2.2","5.2","26.00","9.53","","","","16-37","Apr 21, 2016"
"Daredevil Discs","Great Horned Owl","176.0","21.2","2.2","1.4","19.2","1.0","6.6","62.25","7.14","","","","16-34","Apr 21, 2016"
"Daredevil Discs","Walrus","180.9","21.8","1.9","1.2","19.3","1.3","5.5","48.75","1.81","","","","16-35","Apr 21, 2016"
"Full Turn Discs","Traveler","175.1","21.1","1.7","1.2","17.3","1.9","5.7","28.75","9.53","","","","16-38","Apr 21, 2016"
"Innova Champion Discs","Big Kahuna","200.0","27.5","3.3","2.0","26.0","0.8","7.3","93.50","6.82","Super Class & Vintage Class","184.3","","16-39","Apr 21, 2016"
"Innova Champion Discs","Makani","200.0","24.2","2.7","1.7","22.8","0.7","7.0","83.00","5.91","Super Class & Vintage Class","162.1","","16-40","Apr 21, 2016"
"Axiom Discs","Vanish","175.1","21.1","1.5","1.1","16.6","2.2","5.2","27.75","8.98","","","","16-30","Apr 6, 2016"
"Discraft","Undertaker","175.1","21.1","1.8","1.1","17.5","1.9","5.2","30.75","10.43","","","","16-31","Apr 6, 2016"
"Kastaplast","Grym X","176.0","21.2","1.6","1.1","16.9","2.2","5.2","26.00","10.21","","","","16-26","Apr 6, 2016"
"Plastic Addicts","Habit","183.4","22.1","2.1","1.6","20.1","1.0","7.2","63.25","4.76","","","","16-27","Apr 6, 2016"
"Plastic Addicts","Intervention","176.0","21.2","1.3","1.1","16.7","2.3","5.2","30.50","7.03","","","","16-28","Apr 6, 2016"
"Reptilian Disc Golf","Stego","176.8","21.3","1.8","1.2","19.3","1.0","5.6","74.00","9.19","","","","16-29","Apr 6, 2016"
"Dynamic Discs","EMAC Truth","180.1","21.7","1.8","1.2","18.7","1.5","5.5","42.25","9.30","","","","16-25","Mar 21, 2016"
"Dynamic Discs","Defender","174.3","21.0","1.6","1.1","16.4","2.3","5.2","30.75","11.11","","","","16-22","Mar 2, 2016"
"Dynamic Discs","Marshal","176.0","21.2","2.0","1.6","19.1","1.1","7.5","67.00","11.57","","","","16-23","Mar 2, 2016"
"Innova Champion Discs","Mirage","176.0","21.2","1.9","1.2","19.0","1.1","5.7","50.25","6.35","","","","16-24","Mar 2, 2016"
"Disc Golf Association","Sail","174.3","21.0","1.9","1.1","17.2","1.9","5.2","29.75","9.75","","","","16-16","Feb 25, 2016"
"Discmania","DDx (Distance Driver)","175.1","21.1","1.7","1.1","16.5","2.3","5.2","28.75","11.34","","","","16-21","Feb 25, 2016"
"Element Discs","Plutonium","174.3","21.0","2.0","1.5","19.0","1.0","7.1","77.75","7.00","","","","16-15","Feb 25, 2016"
"Latitude 64","Falchion","175.1","21.1","1.6","1.1","17.3","1.9","5.2","34.50","11.00","","","","16-13","Feb 25, 2016"
"Latitude 64","Knight","175.1","21.1","1.6","1.1","16.2","2.5","5.2","28.25","10.89","","","","16-14","Feb 25, 2016"
"Westside Golf Discs","Catapult (Katapultt1)","175.1","21.1","1.6","1.1","16.6","2.3","5.2","27.00","10.87","","","","16-17","Feb 25, 2016"
"Westside Golf Discs","Destiny (Kohtalo1)","176.0","21.2","1.6","1.1","16.6","2.3","5.2","28.50","10.66","","","","16-18","Feb 25, 2016"
"Westside Golf Discs","Longbowman (Jousimies1)","176.8","21.3","1.6","1.1","17.7","1.8","5.2","36.00","10.77","","","","16-19","Feb 25, 2016"
"Westside Golf Discs","Sling (Linko1)","180.9","21.8","1.8","1.2","19.3","1.3","5.5","41.00","8.39","","","","16-20","Feb 25, 2016"
"Guru","Midgard","175.1","21.1","1.7","1.1","17.5","1.8","5.2","32.50","11.45","","","","16-10","Feb 4, 2016"
"Guru","Mjølner","176.0","21.2","2.0","1.5","19.2","1.0","7.1","47.25","9.53","","","","16-11","Feb 4, 2016"
"Guru","Thor","180.1","21.7","2.1","1.3","19.1","1.3","6.0","40.25","9.53","","","","16-12","Feb 4, 2016"
"Millennium Golf Discs","Aquarius","174.3","21.0","1.9","1.2","17.0","2.0","5.7","30.00","10.66","","","","16-09","Feb 2, 2016"
"MVP Disc Sports","Signal","175.1","21.1","1.5","1.2","17.7","1.7","5.7","35.50","11.11","","","","16-08","Feb 2, 2016"
"Innova Champion Discs","Stud","176.0","21.2","1.9","1.3","18.9","1.1","6.1","69.50","11.11","","","","16-07","Jan 20, 2016"
"MVP Disc Sports","Spin","174.3","21.0","1.9","1.5","18.8","1.1","7.1","60.75","7.37","","","","16-06","Jan 20, 2016"
"Latitude 64","Culverin","176.0","21.2","2.0","1.1","17.0","2.0","5.2","31.25","11.91","","","","16-04","Jan 15, 2016"
"AquaFlight Discs","Osprey","174.3","21.0","1.6","1.2","16.4","2.3","5.7","28.00","11.91","","","","16-02","Jan 7, 2016"
"AquaFlight Discs","Pelican","175.1","21.1","2.0","1.2","17.7","1.7","5.7","29.50","9.19","","","","16-03","Jan 7, 2016"
"Black Zombie Disc Golf","Chainsaw","174.3","21.0","2.2","1.5","19.1","1.0","7.1","66.50","11.00","","","","16-01","Jan 7, 2016"
"Dynamic Discs","Warrant","180.1","21.7","1.8","1.3","18.8","1.4","6.0","46.50","9.87","","","","15-86","Dec 15, 2015"
"Kastaplast","Reko","176.0","21.2","1.8","1.4","19.1","1.0","6.6","61.25","10.43","","","","15-87","Dec 15, 2015"
"Prodigy Disc","A2","174.3","21.0","2.0","1.3","18.2","1.4","6.2","41.75","8.50","","","","15-69","Dec 15, 2015"
"Prodigy Disc","A3","174.3","21.0","2.0","1.3","18.2","1.4","6.2","50.25","8.39","","","","15-70","Dec 15, 2015"
"Discmania","PDx (Power Driver)","175.1","21.1","1.9","1.2","16.9","2.1","5.7","30.50","11.23","","","","15-81","Dec 9, 2015"
"Element Discs","Iridium","174.3","21.0","2.1","1.5","19.1","0.9","7.1","66.00","12.02","","","","15-85","Dec 9, 2015"
"Innova Champion Discs","Colossus","175.1","21.1","1.7","1.1","16.1","2.5","5.2","29.75","7.82","","","","15-80","Dec 9, 2015"
"Las Aves Disc Golf","Wo-Hoo","175.1","21.1","1.8","1.3","18.0","1.5","6.2","37.25","11.11","","","","15-84","Dec 9, 2015"
"Latitude 64","Compass","179.3","21.6","2.3","1.3","19.0","1.3","6.0","42.75","10.77","","","","15-83","Dec 9, 2015"
"Latitude 64","Cutlass","175.1","21.1","1.7","1.2","16.6","2.2","5.7","28.75","10.43","","","","15-82","Dec 9, 2015"
"Vibram Disc Golf","Onyx","174.3","21.0","1.8","1.1","17.3","1.8","5.2","30.75","5.33","","","","15-77","Dec 2, 2015"
"Vibram Disc Golf","Vamp","174.3","21.0","1.9","1.2","17.2","1.9","5.7","34.75","6.35","","","","15-78","Dec 2, 2015"
"Discraft","Roach (Ace Race 2015)","175.1","21.1","2.0","1.5","18.9","1.1","7.1","58.75","9.07","","","","15-79","Nov 30, 2015"
"Innova Champion Discs","Commander","180.9","21.8","2.2","1.2","19.0","1.4","5.5","42.00","9.19","","","","15-75","Nov 20, 2015"
"Reptilian Disc Golf","Ptero","176.0","21.2","1.7","1.1","17.6","1.8","5.2","33.25","5.33","","","","15-76","Nov 20, 2015"
"Innova Champion Discs","XT V-Aviar","175.1","21.1","2.0","1.4","19.1","1.0","6.6","55.75","8.85","","","","15-72","Nov 16, 2015"
"Latitude 64","Bite","187.6","22.6","2.3","1.4","21.2","0.7","6.2","80.25","3.51","","","","15-74","Nov 16, 2015"
"Latitude 64","Gauntlet","176.0","21.2","2.1","1.5","19.0","1.1","7.1","61.75","7.94","","","","15-73","Nov 16, 2015"
"Ozone Discs","Andro 1","178.5","21.5","1.8","1.3","18.5","1.5","6.0","26.00","12.02","","","","15-71","Nov 16, 2015"
"Prodigy Disc","A1","174.3","21.0","2.0","1.3","18.2","1.4","6.2","41.75","8.62","","","","15-68","Nov 16, 2015"
"Discraft","Crank SS","175.1","21.1","1.5","1.1","16.3","2.4","5.2","27.25","9.98","","","","15-67","Sep 17, 2015"
"Reptilian Disc Golf","Velociraptor","174.3","21.0","2.0","1.6","17.0","2.0","5.7","37.00","9.98","","","","15-66","Sep 1, 2015"
"Innova Champion Discs","Mystere","175.1","21.1","1.6","1.1","16.9","2.1","5.2","31.50","7.26","","","","15-65","Aug 25, 2015"
"Legacy Discs","Enemy","175.1","21.1","1.9","1.2","17.2","1.9","5.7","32.50","9.19","","","","15-64","Aug 25, 2015"
"Tobu Discs","Power Roller (renamed from Kyng Roller)","175.1","21.1","1.4","1.1","17.5","1.8","5.2","29.50","7.94","","","","15-63","Aug 17, 2015"
"Las Aves Disc Golf","Ka-kaa","175.1","21.1","1.6","1.1","16.7","2.2","5.2","26.25","9.41","","","","15-62","Aug 12, 2015"
"Millennium Golf Discs","Moab","180.9","21.8","1.7","1.2","18.4","1.8","5.7","38.25","7.94","","","","15-61","Jul 16, 2015"
"Prodigy Disc","New M1","180.9","21.8","1.9","1.3","19.0","1.4","6.0","36.50","5.78","","","","15-60","Jul 4, 2015"
"Discmania","FD3 (Fairway Driver)","176.0","21.2","1.7","1.1","17.2","2.0","5.2","29.75","8.16","","","","15-58","Jun 26, 2015"
"Kastaplast","Grym","175.1","21.1","1.8","1.1","16.7","2.2","5.2","26.25","9.85","","","","15-59","Jun 26, 2015"
"Latitude 64","Raketen","175.1","21.1","1.7","1.1","16.3","2.4","5.2","26.50","10.21","","","","15-57","Jun 10, 2015"
"Innova Champion Discs","Colt","176.0","21.2","1.8","1.3","19.0","1.1","6.1","59.75","7.48","","","","15-52","May 28, 2015"
"Legacy Discs","Phenom","176.0","21.2","1.7","1.2","17.7","1.8","5.7","33.25","8.16","","","","15-53","May 28, 2015"
"MVP Disc Sports","Relay","175.1","21.1","1.5","1.2","17.7","1.7","5.7","35.75","8.16","","","","15-54","May 28, 2015"
"Prodiscus","Rocket","176.0","21.2","1.7","1.3","17.3","1.9","6.1","30.00","8.62","","","","15-55","May 28, 2015"
"Tobu Discs","Charge","175.1","21.1","1.5","1.1","17.6","1.7","5.2","27.00","8.39","","","","15-56","May 28, 2015"
"Westside Golf Discs","Sampo","176.0","21.2","1.9","1.2","17.0","2.1","5.7","34.75","7.14","","","","15-51","May 20, 2015"
"Gateway Disc Sports","Big Dog","187.6","22.6","2.7","2.1","21.2","0.7","9.3","112.75","7.60","","","","15-41","May 5, 2015"
"Gateway Disc Sports","Doggy Style","187.6","22.6","2.2","1.7","21.2","0.7","7.5","82.75","4.76","Vintage Class","151.4","","15-42","May 5, 2015"
"Discmania","MD (Midrange Driver)","180.9","21.8","2.1","1.4","19.0","1.4","6.4","48.25","8.96","","","","15-48","Apr 29, 2015"
"Latitude 64","Spark","176.0","21.2","1.5","1.1","17.4","1.9","5.2","34.00","9.30","","","","15-49","Apr 29, 2015"
"Disc Golf Association","Hellfire","175.1","21.1","1.6","1.2","16.7","2.2","5.7","29.25","10.43","","","","15-40","Apr 20, 2015"
"Vibram Disc Golf","Arch","174.3","21.0","1.9","1.1","17.4","1.8","5.2","34.00","6.35","","","","15-43","Apr 20, 2015"
"Vibram Disc Golf","Notch","174.3","21.0","2.0","1.2","17.2","1.9","5.7","36.75","7.14","","","","15-44","Apr 20, 2015"
"Vibram Disc Golf","Valley","174.3","21.0","1.9","1.1","17.4","1.8","5.2","31.25","5.22","","","","15-45","Apr 20, 2015"
"Fly High Discs","Pure O.G.","180.9","21.8","1.9","1.1","18.8","1.5","5.0","37.75","7.82","","","","15-38","Apr 10, 2015"
"Latitude 64","Macana","175.1","21.1","2.1","1.4","18.9","1.1","6.6","74.00","8.73","","","","15-36","Apr 10, 2015"
"Latitude 64","Maul","177.6","21.4","2.0","1.1","17.7","1.8","5.1","33.00","7.48","","","","15-37","Apr 10, 2015"
"Dynamic Discs","Breakout","174.3","21.0","1.6","1.1","17.2","1.9","5.2","32.75","8.62","","","","15-30","Mar 27, 2015"
"Dynamic Discs","Convict","176.0","21.2","1.4","1.1","17.2","2.0","5.2","34.75","8.85","","","","15-31","Mar 27, 2015"
"Dynamic Discs","Evidence","180.1","21.7","1.8","1.2","18.7","1.4","5.5","41.25","7.26","","","","15-32","Mar 27, 2015"
"Dynamic Discs","Justice","176.8","21.3","1.7","1.3","18.3","1.5","6.1","39.50","8.96","","","","15-33","Mar 27, 2015"
"Innova Champion Discs","Hawg","176.0","21.2","2.0","1.3","18.8","1.2","6.1","71.50","8.16","","","","15-34","Mar 27, 2015"
"Kastaplast","Berg","175.1","21.1","2.0","1.4","19.3","0.9","6.6","87.00","4.31","","","","15-35","Mar 27, 2015"
"Legacy Discs","Prowler","176.0","21.2","2.2","1.4","19.4","0.9","6.6","61.50","6.01","","","","15-28","Feb 25, 2015"
"Prodigy Disc","H3","176.8","21.3","1.7","1.2","17.3","2.0","5.6","34.50","9.30","","","","15-29","Feb 25, 2015"
"AquaFlight Discs","Dragonfly","174.3","21.0","1.6","1.1","19.1","1.4","5.2","43.00","8.05","","","","15-24","Feb 6, 2015"
"AquaFlight Discs","Peace Frog","174.3","21.0","2.2","1.6","19.1","1.0","7.6","63.75","5.67","","","","15-25","Feb 6, 2015"
"AquaFlight Discs","Swift","174.3","21.0","1.6","1.1","17.1","1.9","5.2","30.00","12.02","","","","15-26","Feb 6, 2015"
"Disc Golf Association","Steady","176.0","21.2","2.0","1.4","19.3","1.0","6.6","56.00","6.92","","","","15-18","Feb 6, 2015"
"Fly High Discs","AK-47","174.3","21.0","2.2","1.5","19.0","1.0","7.1","59.25","7.48","","","","15-05","Feb 6, 2015"
"Fly High Discs","Diesel","177.6","21.4","1.6","1.1","16.9","2.2","5.1","33.25","11.57","","","","15-06","Feb 6, 2015"
"Fly High Discs","Jack the Ripper","174.3","21.0","1.7","1.1","17.1","1.9","5.2","33.50","10.66","","","","15-07","Feb 6, 2015"
"Fly High Discs","KGB","180.9","21.8","1.9","1.1","19.0","1.4","5.0","38.50","10.55","","","","15-08","Feb 6, 2015"
"Fly High Discs","Train Wreck","174.3","21.0","1.8","1.2","16.4","2.3","5.7","33.25","11.91","","","","15-09","Feb 6, 2015"
"Fly High Discs","White Widow","174.3","21.0","2.1","1.5","19.0","1.0","7.1","75.50","5.90","","","","15-10","Feb 6, 2015"
"Gateway Disc Sports","Chief OS","176.0","21.2","2.1","1.3","19.2","1.0","6.1","55.75","6.19","","","","15-13","Feb 6, 2015"
"Gateway Disc Sports","Devilhawk","176.0","21.2","2.1","1.3","19.2","1.0","6.1","70.25","7.14","","","","15-14","Feb 6, 2015"
"Gateway Disc Sports","Warspear","176.0","21.2","1.8","1.3","19.2","1.0","6.1","77.75","6.92","","","","15-15","Feb 6, 2015"
"Innova Champion Discs","Wombat","180.9","21.8","2.2","1.4","18.9","1.4","6.4","36.25","4.54","","","","15-17","Feb 6, 2015"
"Legacy Discs","Hunter","176.0","21.2","2.0","1.4","19.4","0.9","6.6","54.75","5.90","","","","15-19","Feb 6, 2015"
"Legacy Discs","Nemesis","176.8","21.3","1.5","1.1","17.3","2.0","5.2","29.00","7.82","","","","15-20","Feb 6, 2015"
"MVP Disc Sports","Orbital","175.1","21.1","1.4","1.1","16.7","2.2","5.2","28.50","10.77","","","","15-01","Feb 6, 2015"
"MVP Disc Sports","Phase","175.1","21.1","1.4","1.1","16.7","2.2","5.2","29.50","11.25","","","","15-02","Feb 6, 2015"
"MVP Disc Sports","Photon","175.1","21.1","1.4","1.1","16.6","2.2","5.2","26.75","11.57","","","","15-03","Feb 6, 2015"
"MVP Disc Sports","Wave","175.1","21.1","1.4","1.1","16.6","2.2","5.2","29.25","11.00","","","","15-04","Feb 6, 2015"
"Prodiscus","Razeri","175.1","21.1","1.5","1.1","16.4","2.3","5.2","27.25","9.41","","","","15-27","Feb 6, 2015"
"Reptilian Disc Golf","Serpent","174.3","21.0","2.2","1.5","19.1","1.0","7.1","86.75","4.88","","","","15-16","Feb 6, 2015"
"Westside Golf Discs","Bard (Laulaja1)","180.1","21.7","1.9","1.3","18.8","1.5","6.0","42.50","7.14","","","","15-11","Feb 6, 2015"
"Westside Golf Discs","Seer (Ennustaja1)","176.0","21.2","1.8","1.1","17.7","1.8","5.2","42.50","7.60","","","","15-12","Feb 6, 2015"
"Westside Golf Discs","Swan Reborn (Tuonelan Joutsen1)","175.1","21.1","1.9","1.3","18.9","1.1","6.2","52.50","2.83","","","","15-23","Feb 6, 2015"
"RPM Discs/Disc Golf Aotearoa","Kahu (DGD2)","174.3","21.0","1.5","1.1","16.2","2.4","5.2","31.50","10.87","","","","15-21","Jan 28, 2015"
"Innova Champion Discs","VRoc","180.9","21.8","2.0","1.3","19.0","1.4","6.0","43.00","9.30","","","","14-99","Dec 30, 2014"
"CHING Sports","Supreme Oracle","176.8","21.3","1.7","1.1","18.6","1.4","5.2","45.00","8.16","","","","14-98","Dec 23, 2014"
"Axiom Discs","Fireball","175.1","21.1","1.4","1.1","17.1","2.0","5.2","29.50","9.07","","","","14-94","Dec 19, 2014"
"Axiom Discs","Insanity","175.1","21.1","1.4","1.1","17.0","2.0","5.2","27.00","8.28","","","","14-95","Dec 19, 2014"
"Axiom Discs","Virus","176.0","21.2","1.4","1.1","17.0","2.0","5.2","29.50","7.94","","","","14-96","Dec 19, 2014"
"Axiom Discs","Wrath","175.1","21.1","1.4","1.1","17.0","2.0","5.2","30.25","8.05","","","","14-97","Dec 19, 2014"
"Latitude 64","Ballista","175.1","21.1","1.7","1.1","16.3","2.4","5.2","26.00","8.05","","","","14-93","Dec 19, 2014"
"Reptilian Disc Golf","Scale","174.3","21.0","2.2","1.5","19.0","1.0","7.1","68.00","10.43","","","","14-92","Dec 18, 2014"
"Innova Champion Discs","Whale","175.1","21.1","2.0","1.5","19.0","1.0","7.1","75.25","8.50","","","","14-90","Dec 7, 2014"
"MVP Disc Sports","Atom","175.1","21.1","1.9","1.4","18.8","1.1","6.6","60.75","7.82","","","","14-89","Dec 7, 2014"
"Prodiscus","Titan","176.0","21.2","1.6","1.2","17.3","1.9","5.7","32.75","9.53","","","","14-88","Nov 13, 2014"
"Daredevil Discs","Buffalo","174.3","21.0","1.6","1.2","17.0","2.0","5.7","34.00","8.85","","","","14-84","Oct 31, 2014"
"Daredevil Discs","Mammoth","175.1","21.1","1.7","1.2","17.1","2.0","5.7","29.25","5.22","","","","14-85","Oct 31, 2014"
"Daredevil Discs","Ogopogo","175.1","21.1","1.5","1.2","17.1","2.0","5.7","36.75","2.27","","","","14-86","Oct 31, 2014"
"Daredevil Discs","Sabertooth","174.3","21.0","1.8","1.2","17.0","2.0","5.7","29.00","7.94","","","","14-87","Oct 31, 2014"
"Discraft","Heat (Ace Race 2014)","175.1","21.1","2.1","1.2","17.2","1.9","5.7","29.50","11.00","","","","14-83","Oct 23, 2014"
"Discmania","P1x (Beaded Putter)","176.0","21.2","2.0","1.4","19.0","1.0","6.6","68.50","7.71","","","","14-81","Oct 21, 2014"
"Prodiscus","Sparta","176.8","21.3","2.0","1.6","19.2","1.0","7.5","59.75","5.78","","","","14-82","Oct 21, 2014"
"Skyquest Discs","Chainzilla","176.0","21.2","2.2","1.7","19.2","1.0","8.0","56.00","4.42","","","","14-80","Oct 17, 2014"
"Kastaplast","Kaxe Z","175.1","21.1","1.9","1.3","18.0","1.5","6.2","34.00","8.50","","","","14-79","Oct 15, 2014"
"Hole19 sarl","All in One","176.8","21.3","1.9","1.4","19.4","0.9","6.6","59.25","10.66","","","","14-78","Oct 1, 2014"
"Prodigy Disc","H2","176.8","21.3","1.7","1.2","17.5","1.9","5.6","30.75","8.05","","","","14-76","Sep 26, 2014"
"Prodigy Disc","H4","176.8","21.3","1.8","1.2","17.4","1.9","5.6","41.75","8.73","","","","14-77","Sep 26, 2014"
"Axiom Discs","Proxy","174.3","21.0","1.8","1.5","18.8","1.1","7.1","63.50","6.58","","","","14-74","Sep 24, 2014"
"Axiom Discs","Theory","178.5","21.5","1.9","1.3","19.1","1.2","6.0","50.00","6.35","","","","14-75","Sep 24, 2014"
"Legacy Discs","Outlaw (retooled)","175.1","21.1","1.6","1.1","16.4","2.3","5.2","29.00","10.43","","","","14-73","Sep 17, 2014"
"Obsidian Discs Oy","Splinter","176.8","21.3","2.4","1.5","19.2","1.0","7.0","71.25","7.82","","","","14-72","Sep 17, 2014"
"Discmania","CD2 (Control Driver)","175.1","21.1","1.9","1.1","17.2","1.9","5.2","30.00","9.75","","","","14-70","Sep 5, 2014"
"Innova Champion Discs","Savant","175.1","21.1","1.6","1.1","17.2","1.9","5.2","36.50","6.24","","","","14-71","Sep 5, 2014"
"Essential Discs","Honey","176.0","21.2","1.7","1.3","18.8","1.2","6.1","47.75","11.45","","","","14-66","Aug 26, 2014"
"Prodigy Disc","H1","176.8","21.3","1.8","1.2","17.4","1.9","5.6","31.75","8.28","","","","14-67","Aug 26, 2014"
"Yikun Discs","Cloudfang (狡, Jiao)","176.0","21.2","1.6","1.1","18.0","1.6","5.2","32.00","5.56","","","","14-68","Aug 26, 2014"
"Yikun Discs","Wei (精卫)","175.1","21.1","1.7","1.1","17.1","2.0","5.2","30.25","10.55","","","","14-69","Aug 26, 2014"
"Innova Champion Discs","Thunderbird","176.0","21.2","1.6","1.1","17.3","1.9","5.2","31.00","6.46","","","","14-63","Aug 5, 2014"
"Millennium Golf Discs","Veteran","175.1","21.1","1.8","1.2","17.5","1.8","5.7","29.00","8.73","","","","14-64","Aug 5, 2014"
"Vibram Disc Golf","Solace","175.1","21.1","1.7","1.1","16.2","2.4","5.2","27.00","9.30","","","","14-62","Aug 5, 2014"
"Salient Discs","Touch","176.0","21.2","2.0","1.4","17.8","1.2","6.6","54.75","5.10","","","","14-61","Jul 20, 2014"
"Discraft","Buzzz OS","180.1","21.7","1.7","1.2","19.1","1.3","5.5","45.75","8.28","","","","14-58","Jul 19, 2014"
"Paradigm Disc Golf","Bird-Dog","174.3","21.0","2.4","1.5","19.0","1.0","7.1","64.00","7.94","","","","14-59","Jul 19, 2014"
"Paradigm Disc Golf","Terrapin","180.1","21.7","1.9","1.3","19.3","1.2","6.0","44.00","2.95","","","","14-60","Jul 19, 2014"
"CHING Sports","Supreme Legacy","176.8","21.3","1.6","1.1","18.7","1.3","5.2","38.75","3.63","","","","14-55","Jul 14, 2014"
"Dynamic Discs","Felon","176.0","21.2","1.8","1.1","17.2","2.0","5.2","31.50","9.30","","","","14-56","Jul 14, 2014"
"Dynamic Discs","Freedom","176.0","21.2","1.6","1.1","16.3","2.4","5.2","27.25","8.73","","","","14-57","Jul 14, 2014"
"Axiom Discs","Clash","175.1","21.1","1.4","1.1","17.5","1.8","5.2","33.50","9.41","","","","14-54","Jun 10, 2014"
"Gateway Disc Sports","Shaman","176.0","21.2","1.8","1.3","19.2","1.0","6.1","65.75","8.39","","","","14-53","Jun 9, 2014"
"Latitude 64","Missilen","177.6","21.4","1.7","1.1","16.4","2.5","5.1","28.00","9.07","","","","14-51","May 22, 2014"
"Salient Discs","Backdraft","176.8","21.3","2.0","1.3","16.4","2.4","6.1","30.50","8.05","","","","14-52","May 22, 2014"
"Gateway Disc Sports","Assassin (retooled)","174.3","21.0","1.9","1.1","17.1","1.9","5.2","34.50","8.62","","","","14-49","May 19, 2014"
"Gateway Disc Sports","Chief (retooled)","174.3","21.1","1.7","1.3","19.2","1.0","6.2","60.50","3.63","","","","14-50","May 19, 2014"
"Kastaplast","Kaxe","174.3","21.0","1.9","1.3","18.0","1.5","6.2","34.00","9.30","","","","14-48","May 19, 2014"
"Salient Discs","Vein","176.8","21.3","1.9","1.3","17.4","1.8","6.1","27.75","7.94","","","","14-39","May 13, 2014"
"UB Disc Golf - Hand Candy","Lex","177.6","21.4","2.1","1.6","19.6","0.9","7.5","77.00","4.54","","","","14-43","May 13, 2014"
"Yikun Discs","Sky Mender (大鹗, Da'e)","174.3","21.0","1.7","1.1","16.2","2.4","5.2","27.50","11.57","","","","14-44","May 13, 2014"
"Yikun Discs","Sky Hound (天狗, Gou)","176.8","21.3","1.8","1.2","17.4","1.9","5.6","33.75","10.87","","","","14-45","May 13, 2014"
"Yikun Discs","Hu (九尾狐)","176.0","21.2","1.8","1.1","17.4","1.9","5.2","31.75","11.34","","","","14-46","May 13, 2014"
"Yikun Discs","Jun (鵕鸟)","175.1","21.1","2.0","1.2","16.8","2.1","5.7","29.75","11.91","","","","14-47","May 13, 2014"
"Prodigy Disc","X1","174.3","21.0","1.5","1.2","16.3","2.3","5.7","27.50","11.79","","","","14-37","May 4, 2014"
"UB Disc Golf - Hand Candy","Monstrum","175.1","21.1","1.5","1.3","16.4","2.4","6.2","31.25","7.26","","","","14-38","May 4, 2014"
"Latitude 64","Claymore","180.1","21.7","1.9","1.2","18.9","1.4","5.5","42.50","8.39","","","","14-35","Apr 13, 2014"
"Latitude 64","Dagger","175.1","21.1","2.1","1.5","19.1","1.0","7.1","75.25","4.65","","","","14-36","Apr 13, 2014"
"Dynamic Discs","Enforcer","175.1","21.1","1.8","1.1","16.7","2.2","5.2","27.00","11.00","","","","14-34","Apr 7, 2014"
"Vibram Disc Golf","Four20","174.3","21.0","1.7","1.1","16.2","2.4","5.2","26.00","6.69","","","","14-32","Mar 31, 2014"
"Disc Golf Association","Torrent","174.3","21.0","1.5","1.2","16.1","2.4","5.7","27.25","9.75","","","","14-29","Mar 25, 2014"
"Prodigy Disc","PA3","174.3","21.0","2.0","1.4","18.9","1.0","6.7","66.00","9.41","","","","14-30","Mar 25, 2014"
"Discmania","FD2 (Fairway Driver)","176.0","21.2","2.0","1.1","17.5","1.8","5.2","37.25","11.57","","","","14-22","Mar 24, 2014"
"Latitude 64","Scythe","175.1","21.1","1.5","1.1","16.6","2.2","5.2","29.00","10.66","","","","14-23","Mar 24, 2014"
"Westside Golf Discs","Boatman VIP Air (VIP Air Tuonelan Lautturi1)","177.6","21.4","1.9","1.3","17.0","2.2","6.1","29.50","10.66","","","","14-24","Mar 24, 2014"
"Westside Golf Discs","Northman VIP Air (VIP Air Pohjan Poika1)","177.6","21.4","2.0","1.1","17.4","2.0","5.1","28.25","8.96","","","","14-25","Mar 24, 2014"
"Westside Golf Discs","Shield (Kilpi1)","175.1","21.1","2.5","1.4","19.0","1.0","6.6","67.00","5.33","","","","14-26","Mar 24, 2014"
"Westside Golf Discs","Tursas VIP Air (VIP Air Tursas1)","179.3","21.6","1.7","1.3","18.8","1.4","6.0","42.50","8.73","","","","14-27","Mar 24, 2014"
"Westside Golf Discs","Underworld VIP Air (VIP Air Manala1)","176.8","21.3","1.6","1.2","17.4","1.9","5.6","30.25","8.85","","","","14-28","Mar 24, 2014"
"Axiom Discs","Inspire","175.1","21.1","1.5","1.2","17.4","1.8","5.7","32.75","9.87","","","","14-20","Mar 22, 2014"
"Dynamic Discs","Thief","176.0","21.2","1.8","1.1","17.3","1.9","5.2","34.25","9.19","","","","14-21","Mar 22, 2014"
"Axiom Discs","Crave","175.1","21.1","1.4","1.2","17.4","1.8","5.7","27.75","9.98","","","","14-16","Mar 9, 2014"
"Yikun Discs","Claws (爪)","176.0","21.2","2.0","1.7","19.4","0.9","8.0","85.00","7.14","","","","14-17","Mar 9, 2014"
"Yikun Discs","Tortoise (旋龟, Gui)","175.1","21.1","1.8","1.5","19.1","1.0","7.1","59.00","8.39","","","","14-18","Mar 9, 2014"
"Yikun Discs","Wings (翼)","176.0","21.2","1.8","1.2","19.2","1.0","5.7","56.75","7.48","","","","14-19","Mar 9, 2014"
"Legacy Discs","Outlaw","174.3","21.0","1.6","1.1","16.4","2.3","5.2","29.00","12.13","","","","14-15","Feb 25, 2014"
"Deity Discs","Chimera","175.1","21.1","1.7","1.2","16.7","2.2","5.7","27.50","7.26","","","","14-11","Feb 22, 2014"
"MVP Disc Sports","Impulse","174.3","21.0","1.4","1.2","17.0","2.0","5.7","28.75","10.89","","","","14-12","Feb 22, 2014"
"MVP Disc Sports","Motion","174.3","21.0","1.4","1.2","17.0","2.0","5.7","30.25","12.02","","","","14-13","Feb 22, 2014"
"MVP Disc Sports","Tesla","174.3","21.0","1.4","1.2","17.0","2.0","5.7","26.50","11.68","","","","14-14","Feb 22, 2014"
"Dynamic Discs","Witness","175.1","21.1","1.8","1.1","17.3","1.9","5.2","32.25","8.85","","","","14-10","Feb 17, 2014"
"Innova Champion Discs","Daedalus","175.1","21.1","1.5","1.2","16.4","2.3","5.7","26.25","8.05","","","","14-09","Feb 17, 2014"
"MVP Disc Sports","Inertia","175.1","21.1","1.4","1.2","17.1","2.0","5.7","27.25","11.91","","","","14-07","Feb 10, 2014"
"MVP Disc Sports","Switch","175.1","21.1","1.4","1.2","17.5","1.8","5.7","31.00","10.66","","","","14-08","Feb 10, 2014"
"Paradigm Disc Golf","Tiger","175.1","21.1","1.7","1.1","17.5","1.8","5.2","31.25","7.60","","","","14-06","Jan 19, 2014"
"Axiom Discs","Alias","178.5","21.5","1.8","1.2","19.1","1.2","5.6","61.50","8.96","","","","14-03","Jan 12, 2014"
"Axiom Discs","Envy","174.3","21.0","1.8","1.4","18.8","1.1","6.7","52.00","8.73","","","","14-04","Jan 12, 2014"
"Kastaplast","Rask (new)","176.0","21.2","1.6","1.1","16.8","2.2","5.2","26.50","9.75","","","","14-05","Jan 12, 2014"
"Millennium Golf Discs","Aries","175.1","21.1","1.6","1.1","16.9","2.1","5.2","28.00","10.89","","","","14-01","Jan 6, 2014"
"Prodigy Disc","M5","180.1","21.7","2.2","1.3","19.0","1.3","6.0","46.50","8.85","","","","14-02","Jan 6, 2014"
"Latitude 64","Jade","174.3","21.0","1.8","1.1","17.3","1.9","5.2","30.00","8.85","","","","13-80","Dec 20, 2013"
"Salient Discs","Antidote","178.5","21.5","2.0","1.3","18.9","1.3","6.0","43.25","6.69","","","","13-75","Dec 16, 2013"
"Discraft","Mantis (Ace Race 2013)","176.0","21.2","1.9","1.1","17.4","1.9","5.2","28.00","10.66","","","","13-74","Dec 1, 2013"
"MVP Disc Sports","Servo","175.1","21.1","1.4","1.2","17.5","1.8","5.7","32.00","11.45","","","","13-73","Dec 1, 2013"
"Prodigy Disc","F5","176.8","21.3","1.9","1.2","17.7","1.8","5.6","35.75","8.50","","","","13-71","Nov 1, 2013"
"Yikun Discs","Yao (文鳐鱼)","179.3","21.6","1.9","1.4","18.8","1.4","6.5","39.75","12.02","","","","13-72","Nov 1, 2013"
"Westside Golf Discs","Harp (Kannel1)","176.0","21.2","1.6","1.4","19.0","1.1","6.6","65.00","11.79","","","","13-67","Oct 28, 2013"
"Westside Golf Discs","Hatchet (Sotakipves1)","176.8","21.3","2.0","1.2","17.6","1.9","5.6","27.00","8.96","","","","13-68","Oct 28, 2013"
"Westside Golf Discs","Sorcerer (Tietäjä1)","176.0","21.2","1.6","1.1","16.7","2.3","5.2","32.25","9.64","","","","13-69","Oct 28, 2013"
"Westside Golf Discs","World (Maailma1)","176.0","21.2","1.6","1.2","16.3","2.4","5.7","28.00","10.55","","","","13-70","Oct 28, 2013"
"Innova Champion Discs","Foxbat","180.1","21.7","2.2","1.4","19.0","1.4","6.5","33.50","7.37","","","","13-66","Oct 22, 2013"
"Latitude 64","Saint Pro","176.0","21.2","2.0","1.2","17.5","1.8","5.7","33.00","8.16","","","","13-65","Oct 17, 2013"
"Dynamic Discs","Warden","176.0","21.2","2.0","1.5","19.1","1.1","7.1","66.25","4.65","","","","13-64","Oct 14, 2013"
"Prodigy Disc","D5 V2 (retooled D5)","176.0","21.2","1.7","1.2","16.4","2.4","5.7","29.75","10.77","","","","13-63","Oct 14, 2013"
"Legacy Discs","Bandit","176.8","21.3","1.5","1.1","17.3","2.0","5.2","30.75","7.60","","","","13-60","Sep 25, 2013"
"Legacy Discs","Gauge","180.9","21.8","2.2","1.4","19.4","1.2","6.4","48.25","7.03","","","","13-61","Sep 25, 2013"
"Legacy Discs","Mongoose","176.8","21.3","1.5","1.1","17.3","2.0","5.2","30.50","7.82","","","","13-62","Sep 25, 2013"
"MVP Disc Sports","Resistor","175.1","21.1","1.5","1.2","17.5","1.7","5.7","31.75","10.21","","","","13-59","Sep 23, 2013"
"Innova Champion Discs","Nova","176.8","21.3","2.7","1.5","19.1","1.1","7.0","59.00","4.65","","","","13-56","Sep 3, 2013"
"Millennium Golf Discs","Mortar","176.0","21.2","1.9","1.4","18.4","1.4","6.6","56.75","5.78","","","","13-55","Sep 3, 2013"
"Salient Discs","Prometheus","187.6","22.6","1.6","1.2","17.5","2.6","5.3","26.50","6.12","","","","13-57","Sep 3, 2013"
"Gateway Disc Sports","Rage (retooled)","178.5","21.5","1.7","1.1","17.1","2.2","5.1","26.25","9.07","","","","13-52","Aug 29, 2013"
"Millennium Golf Discs","Tank - Panzer","176.0","21.2","2.1","1.4","18.8","1.2","6.6","59.75","5.56","","","","13-54","Aug 29, 2013"
"Prodigy Disc","D5","175.1","21.1","1.6","1.2","16.3","2.4","5.7","29.75","5.67","","","","13-53","Aug 29, 2013"
"UB Disc Golf - Hand Candy","Procul","175.1","21.1","1.6","1.3","16.4","2.3","6.2","27.00","8.28","","","","13-51","Aug 29, 2013"
"Kastaplast","Rask (old)","175.1","21.1","1.6","1.1","16.7","2.2","5.2","26.50","7.71","","","","13-50","Jul 18, 2013"
"Discraft","Crank","175.1","21.1","1.6","1.1","16.3","2.4","5.2","30.00","10.09","","","","13-49","Jul 8, 2013"
"Prodigy Disc","F1","176.8","21.3","1.5","1.1","17.7","1.8","5.2","27.25","6.80","","","","13-45","Jul 6, 2013"
"Prodigy Disc","F2","176.8","21.3","1.5","1.1","17.7","1.8","5.2","32.75","6.69","","","","13-46","Jul 6, 2013"
"Prodigy Disc","F3","176.8","21.3","1.5","1.1","17.7","1.8","5.2","31.50","7.37","","","","13-47","Jul 6, 2013"
"Prodigy Disc","F7","176.8","21.3","1.5","1.1","17.8","1.8","5.2","37.00","7.48","","","","13-48","Jul 6, 2013"
"Vibram Disc Golf","O-Lace","174.3","21.0","1.7","1.1","16.3","2.3","5.2","26.00","6.58","","","","13-43","Jun 25, 2013"
"Vibram Disc Golf","unLace","175.1","21.1","1.9","1.1","16.3","2.4","5.2","28.75","6.21","","","","13-44","Jun 25, 2013"
"Millennium Golf Discs","Omega SuperSoft Putter Big Bead","176.0","21.2","2.1","1.5","19.4","0.9","7.1","55.75","3.52","","","","13-41","Jun 22, 2013"
"Dynamic Discs","Truth","180.1","21.7","1.7","1.2","18.7","1.5","5.5","41.50","8.05","","","","13-39","Jun 18, 2013"
"Innova Champion Discs","Atlas","180.9","21.8","1.7","1.4","19.1","1.4","6.4","46.25","4.42","","","","13-40","Jun 18, 2013"
"Dynamic Discs","Verdict","180.1","21.7","1.7","1.2","18.7","1.5","5.5","43.25","7.71","","","","13-34","May 30, 2013"
"Eurodisc","Delivery Organic","176.0","21.2","2.1","1.4","19.2","1.0","6.6","59.00","8.39","","","","13-35","May 30, 2013"
"Eurodisc","Transition Organic","178.5","21.5","2.1","1.3","18.9","1.3","6.0","46.00","8.73","","","","13-36","May 30, 2013"
"Eurodisc","Transporter Organic","176.0","21.2","1.9","1.2","17.6","1.8","5.7","28.00","9.87","","","","13-37","May 30, 2013"
"Latitude 64","Stiletto","176.8","21.3","1.7","1.1","16.4","2.4","5.2","26.75","9.98","","","","13-33","May 30, 2013"
"Gateway Disc Sports","Mystic (retooled)","182.6","22.0","2.0","1.1","19.0","1.5","5.0","49.75","11.34","","","","13-32","May 14, 2013"
"Latitude 64","Fury","176.0","21.2","1.8","1.1","17.4","1.9","5.2","36.75","9.98","","","","13-30","Apr 19, 2013"
"MVP Disc Sports","Tensor","178.5","21.5","2.0","1.3","19.1","1.2","6.0","46.75","7.82","","","","13-29","Apr 19, 2013"
"Dynamic Discs","Renegade","176.0","21.2","1.7","1.1","17.0","2.1","5.2","28.00","8.96","","","","13-28","Apr 4, 2013"
"Discmania","MD3 (Midrange Driver)","180.9","21.8","1.9","1.3","19.0","1.4","6.0","44.50","9.19","","","","13-27","Mar 29, 2013"
"Dynamic Discs","Suspect","176.8","21.3","1.6","1.2","18.9","1.2","5.6","47.50","7.60","","","","13-26","Mar 10, 2013"
"Westside Golf Discs","Giant VIP Air (VIP Air Vipunen1)","175.1","21.1","1.7","1.2","16.6","2.3","5.7","29.25","10.43","","","","13-22","Mar 10, 2013"
"Westside Golf Discs","Stag VIP Air (VIP Air Hiiden Hirvi1)","175.1","21.1","1.8","1.2","17.3","1.9","5.7","29.25","8.85","","","","13-23","Mar 10, 2013"
"Westside Golf Discs","Sword VIP Air (VIP Air Kalevan Miekka1)","175.1","21.1","1.7","1.2","16.7","2.2","5.7","28.75","8.96","","","","13-24","Mar 10, 2013"
"Westside Golf Discs","Warship VIP Air (VIP Air Pursi1)","180.1","21.7","1.9","1.3","18.9","1.4","6.0","31.00","7.37","","","","13-25","Mar 10, 2013"
"Prodigy Disc","M1","180.1","21.7","2.0","1.3","18.9","1.4","6.0","39.25","8.39","","","","13-11","Mar 5, 2013"
"Prodigy Disc","M2 (originally M3)","180.1","21.7","2.0","1.3","18.9","1.4","6.0","41.00","8.28","","","","13-13","Mar 5, 2013"
"Prodigy Disc","M3 (originally M2)","180.1","21.7","1.9","1.3","18.9","1.4","6.0","43.25","8.39","","","","13-12","Mar 5, 2013"
"Prodigy Disc","M4","180.1","21.7","2.0","1.3","18.9","1.4","6.0","52.00","8.85","","","","13-14","Mar 5, 2013"
"Prodigy Disc","PA1","174.3","21.0","1.9","1.4","19.0","1.0","6.7","57.50","6.01","","","","13-17","Mar 5, 2013"
"Prodigy Disc","PA2","175.1","21.1","1.9","1.4","19.1","1.0","6.6","47.50","11.91","","","","13-18","Mar 5, 2013"
"Prodigy Disc","PA4","174.3","21.0","1.9","1.4","19.0","1.0","6.7","69.25","6.46","","","","13-19","Mar 5, 2013"
"Latitude 64","Mace","180.9","21.8","2.1","1.3","19.2","1.3","6.0","38.75","8.39","","","","13-21","Mar 4, 2013"
"Prodiscus","Laseri","175.1","21.1","1.6","1.1","17.2","1.9","5.2","32.25","6.24","","","","13-20","Mar 4, 2013"
"Disc Golf Association","Proline Breaker","174.3","21.0","1.7","1.2","19.0","1.0","5.7","62.00","12.02","","","","13-10","Feb 22, 2013"
"MVP Disc Sports","Tangent","178.5","21.5","2.1","1.3","19.1","1.2","6.0","54.50","7.94","","","","13-15","Feb 22, 2013"
"Discmania","P3 (Putt & Approach)","176.0","21.2","2.0","1.2","19.2","1.0","5.7","59.00","9.30","","","","13-09","Feb 13, 2013"
"DMI Sports","Assault","175.1","21.1","2.2","1.3","18.9","1.1","6.2","47.00","6.12","","","","13-06","Feb 8, 2013"
"DMI Sports","Sabotage","177.6","21.4","2.2","1.3","19.0","1.2","6.1","45.50","6.24","","","","13-07","Feb 8, 2013"
"DMI Sports","Vendetta","175.1","21.1","2.4","1.4","18.9","1.1","6.6","50.25","5.33","","","","13-08","Feb 8, 2013"
"Yikun Discs","135G UltiPro Junior Ultimate Disc (克标准青少年飞盘)","199.2","24.0","3.1","1.7","22.6","0.7","7.1","85.75","9.41","Super Class","","","13-77","Jan 16, 2013"
"Yikun Discs","150G WaKa Freestyle Disc (克花式飞盘)","200.0","26.9","3.4","2.0","25.7","0.6","7.4","114.25","6.69","Super Class & Vintage Class","180.2","","13-78","Jan 16, 2013"
"Yikun Discs","175G UltiPro Ultimate Disc (克标准极限飞盘)","200.0","27.3","3.5","1.9","25.9","0.7","7.0","93.00","10.21","Super Class","","","13-79","Jan 16, 2013"
"Yikun Discs","View (视)","175.1","21.1","2.0","1.2","17.6","1.7","5.7","32.75","9.98","","","","13-76","Jan 16, 2013"
"MVP Disc Sports","Shock","175.1","21.1","1.6","1.1","17.2","1.9","5.2","29.75","12.13","","","","13-05","Jan 15, 2013"
"Prodigy Disc","D1","174.3","21.0","1.9","1.2","16.3","2.3","5.7","26.75","11.57","","","","13-01","Jan 1, 2013"
"Prodigy Disc","D2","174.3","21.0","1.9","1.2","16.3","2.3","5.7","30.50","11.34","","","","13-02","Jan 1, 2013"
"Prodigy Disc","D3","174.3","21.0","1.7","1.2","16.3","2.3","5.7","30.25","12.02","","","","13-03","Jan 1, 2013"
"Prodigy Disc","D4","174.3","21.0","1.9","1.2","16.3","2.3","5.7","30.00","12.13","","","","13-04","Jan 1, 2013"
"Eurodisc","Delivery","174.3","21.0","2.0","1.4","19.0","1.0","6.7","59.00","9.52","","","","12-60","Dec 11, 2012"
"Eurodisc","Transition","176.8","21.3","1.9","1.3","18.7","1.3","6.1","46.00","9.98","","","","12-61","Dec 11, 2012"
"Eurodisc","Transporter","175.1","21.1","1.7","1.2","17.5","1.8","5.7","28.00","10.43","","","","12-62","Dec 11, 2012"
"Dynamic Discs","Escape","175.1","21.1","2.0","1.1","17.1","2.0","5.2","27.75","10.32","","","","12-56","Dec 7, 2012"
"Dynamic Discs","Fugitive","180.9","21.8","2.1","1.3","19.1","1.4","6.0","39.00","7.82","","","","12-57","Dec 7, 2012"
"Dynamic Discs","Judge","176.0","21.2","2.0","1.5","18.9","1.1","7.1","58.25","4.20","","","","12-58","Dec 7, 2012"
"Dynamic Discs","Trespass","175.1","21.1","1.9","1.1","16.7","2.1","5.2","26.25","10.32","","","","12-59","Dec 7, 2012"
"Innova Champion Discs","Tern","175.1","21.1","1.7","1.1","16.6","2.3","5.2","28.50","11.91","","","","12-55","Dec 3, 2012"
"Legacy Discs","Patriot","176.0","21.2","1.8","1.1","17.6","1.8","5.2","28.25","12.02","","","","12-53","Nov 28, 2012"
"MVP Disc Sports","Amp","174.3","21.0","1.7","1.1","17.2","1.9","5.2","26.00","11.00","","","","12-51","Nov 14, 2012"
"Discraft","Zombee (Ace Race 2012)","179.3","21.6","2.1","1.2","18.4","1.6","5.6","34.75","10.77","","","","12-50","Nov 13, 2012"
"Legacy Discs","Rival","176.8","21.3","2.0","1.2","17.8","1.8","5.6","29.25","11.11","","","","11-54","Nov 2, 2012"
"Vibram Disc Golf","Lace","174.3","21.0","1.8","1.1","16.2","2.4","5.2","28.50","8.05","","","","12-47","Oct 30, 2012"
"Westside Golf Discs","King VIP Air (VIP Air Pohjolan Isäntä1)","176.0","21.2","1.8","1.1","16.5","2.3","5.2","29.25","8.39","","","","12-43","Oct 30, 2012"
"Westside Golf Discs","Stag (Hiiden Hirvi1)","176.0","21.2","1.8","1.2","17.4","1.9","5.7","29.25","9.30","","","","12-40","Oct 30, 2012"
"Westside Golf Discs","Tursas (Tursas1)","180.1","21.7","1.7","1.3","18.9","1.4","6.0","42.50","7.82","","","","12-41","Oct 30, 2012"
"Westside Golf Discs","Underworld (Manala1)","176.8","21.3","1.8","1.2","17.4","1.9","5.6","30.25","8.39","","","","12-42","Oct 30, 2012"
"Rip Disc Golf","Ballistic","175.1","21.1","2.0","1.2","16.4","2.4","5.7","33.25","11.45","","","","12-38","Sep 19, 2012"
"ABC Discs","Bee Line","175.1","21.1","1.6","1.1","16.2","2.5","5.2","26.25","8.39","","","","12-36","Sep 12, 2012"
"Discmania","TD2 (Fever, Turn Driver)","175.1","21.1","1.6","1.1","16.9","2.1","5.2","30.25","10.77","","","","12-37","Sep 12, 2012"
"Prodiscus","Slaidi","175.1","21.1","2.0","1.2","16.8","2.2","5.7","30.50","7.71","","","","12-35","Sep 12, 2012"
"Latitude 64","Ruby","178.5","21.5","1.9","1.4","19.5","1.0","6.5","69.00","3.86","","","","12-34","Jul 2, 2012"
"MVP Disc Sports","Volt","175.1","21.1","1.6","1.1","17.1","2.0","5.2","28.25","10.09","","","","12-33","Jul 2, 2012"
"Latitude 64","Pearl","179.3","21.6","1.8","1.2","19.2","1.2","5.6","49.25","4.20","","","","12-32","Jun 27, 2012"
"Vibram Disc Golf","Obex","178.5","21.5","2.1","1.2","18.9","1.3","5.6","41.00","4.54","","","","12-26","Jun 27, 2012"
"Daredevil Discs","Bigfoot","175.1","21.1","1.6","1.1","16.1","2.5","5.2","26.00","6.69","","","","12-29","Jun 5, 2012"
"Daredevil Discs","Yeti","175.1","21.1","1.6","1.1","16.1","2.5","5.2","26.00","8.05","","","","12-30","Jun 5, 2012"
"Latitude 64","Mercy","176.0","21.2","2.1","1.5","19.1","1.1","7.1","61.50","7.94","","","","12-24","May 20, 2012"
"Latitude 64","Saint","176.0","21.2","1.9","1.2","17.4","1.9","5.7","29.25","8.85","","","","12-25","May 20, 2012"
"Millennium Golf Discs","Scorpius","175.1","21.1","1.7","1.2","16.3","2.4","5.7","26.25","9.41","","","","12-23","May 20, 2012"
"Legacy Discs","Ghost","180.1","21.7","2.0","1.3","19.3","1.2","6.0","42.75","5.44","","","","12-22","May 13, 2012"
"CHING Sports","Supreme Genesis","176.0","21.2","1.8","1.1","16.8","2.2","5.2","27.75","8.51","","","","12-21","May 2, 2012"
"Innova Champion Discs","Krait","176.0","21.2","2.3","1.2","16.6","2.3","5.7","30.25","12.13","","","","12-20","May 2, 2012"
"Crosslap Disc Golf Parks","Lucky","180.1","21.7","1.7","1.3","19.1","1.3","6.0","43.50","5.33","","","","12-18","Apr 22, 2012"
"Gateway Disc Sports","Samurai","175.1","21.1","1.8","1.2","16.5","2.3","5.7","29.25","11.57","","","","12-19","Apr 22, 2012"
"Latitude 64","Villain","175.1","21.1","1.7","1.2","16.8","2.1","5.7","28.00","10.41","","","","12-63","Apr 1, 2012"
"Skyquest Discs","L13 (retooled)","175.1","21.1","1.5","1.1","16.9","2.1","5.2","26.75","6.35","","","","12-17","Mar 25, 2012"
"Westside Golf Discs","Giant (Vipunen1)","175.1","21.1","1.7","1.2","16.6","2.3","5.7","29.25","10.89","","","","12-16","Mar 25, 2012"
"Gateway Disc Sports","Karma","181.8","21.9","1.9","1.1","19.1","1.4","5.0","42.50","12.25","","","","12-13","Mar 18, 2012"
"Gateway Disc Sports","Mystic","180.9","21.8","1.9","1.1","18.8","1.5","5.0","49.75","12.02","","","","12-64","Mar 18, 2012"
"Legacy Discs","Clozer","176.0","21.2","2.1","1.4","19.4","0.9","6.6","58.25","8.73","","","","12-10","Feb 14, 2012"
"Disc Golf Association","Undertow (ProLine)","178.5","21.5","1.6","1.2","17.3","2.1","5.6","28.25","10.77","","","","12-12","Feb 12, 2012"
"Disc Golf Association","Undertow (SP-line)","177.6","21.4","1.8","1.2","17.2","2.1","5.6","28.25","12.02","","","","12-09","Feb 3, 2012"
"Daredevil Discs","Sasquatch","174.3","21.0","1.7","1.1","16.0","2.5","5.2","26.50","11.23","","","","12-08","Jan 29, 2012"
"Innova Champion Discs","Dominator","175.1","21.1","1.4","1.1","16.2","2.4","5.2","27.75","11.45","","","","12-06","Jan 22, 2012"
"Innova Champion Discs","Mamba","175.1","21.1","1.7","1.1","16.9","2.1","5.2","27.50","8.48","","","","12-07","Jan 22, 2012"
"MVP Disc Sports","Anode","174.3","21.0","2.1","1.4","18.9","1.1","6.7","54.00","6.80","","","","12-05","Jan 15, 2012"
"EMSCO Group","ESP Driver","176.0","21.2","2.5","1.2","16.2","2.5","5.7","30.50","8.05","","","","12-02","Jan 8, 2012"
"EMSCO Group","ESP Midrange","178.5","21.5","2.5","1.2","18.8","1.3","5.6","29.00","7.14","","","","12-03","Jan 8, 2012"
"EMSCO Group","ESP Putter","174.3","21.0","2.7","1.4","19.0","1.0","6.7","56.00","7.37","","","","12-04","Jan 8, 2012"
"Legacy Discs","Clutch","176.0","21.2","2.0","1.4","19.4","0.9","6.6","49.50","6.92","","","","12-01","Jan 2, 2012"
"Westside Golf Discs","Warship (Pursi1)","180.1","21.7","2.1","1.3","18.9","1.4","6.0","31.00","8.05","","","","11-47","Dec 11, 2011"
"Discraft","Zeppelin (Ace Race 2011)","183.4","22.1","2.0","1.5","20.3","0.9","6.8","62.00","8.39","","","","11-43","Nov 27, 2011"
"Discmania","FD (Jackal, Fairway Driver)","176.0","21.2","1.8","1.1","17.5","1.8","5.2","34.75","9.53","","","","11-41","Nov 13, 2011"
"Innova Champion Discs","Lycan","180.9","21.8","2.1","1.4","18.8","1.5","6.4","49.75","10.09","","","","11-42","Nov 13, 2011"
"Legacy Discs","Cannon","175.1","21.1","1.8","1.2","16.1","2.5","5.7","26.00","10.43","","","","11-39","Oct 25, 2011"
"Prodiscus","Legenda","174.3","21.0","1.5","1.1","16.3","2.4","5.2","26.75","5.44","","","","11-38","Oct 25, 2011"
"Skyquest Discs","L13","176.0","21.2","1.5","1.1","17.0","2.1","5.2","26.75","6.46","","","","11-40","Oct 25, 2011"
"Innova Champion Discs","TeeDevil","176.0","21.2","1.6","1.2","16.4","2.4","5.7","28.50","11.79","","","","11-37","Aug 14, 2011"
"MVP Disc Sports","Axis","180.9","21.8","2.1","1.3","19.2","1.3","6.0","43.75","7.37","","","","11-34","Jul 15, 2011"
"Prodiscus","Midari","179.3","21.6","1.8","1.5","18.8","1.4","6.9","37.50","4.88","","","","11-33","Jul 15, 2011"
"Legacy Discs","Rampage","175.1","21.1","1.8","1.2","16.1","2.5","5.7","26.00","10.55","","","","11-32","Jul 14, 2011"
"Millennium Golf Discs","Quasar","176.0","21.2","1.6","1.2","16.2","2.5","5.7","27.25","12.13","","","","11-31","Jul 14, 2011"
"Crosslap Disc Golf Parks","Credo","180.1","21.7","2.0","1.6","19.3","1.2","7.4","49.75","7.26","","","","11-30","Jun 26, 2011"
"Vibram Disc Golf","Sole","176.0","21.2","2.3","1.5","19.2","1.0","7.1","58.75","5.10","","","","11-29","Jun 24, 2011"
"Gateway Disc Sports","Slayer","174.3","21.0","1.7","1.2","16.4","2.3","5.7","30.00","9.75","","","","11-18","Jun 23, 2011"
"Ferris State University","Imagine","191.7","23.1","2.9","1.4","21.8","0.6","6.1","73.00","3.40","","","","11-35","Jun 22, 2011"
"Millennium Golf Discs","Astra","175.1","21.1","1.5","1.2","16.7","2.2","5.7","28.25","8.28","","","","11-24","Jun 17, 2011"
"Discraft","Nuke OS","176.0","21.2","1.6","1.2","16.2","2.5","5.7","30.75","8.16","","","","11-23","Jun 9, 2011"
"Skyiron","Flagship","178.5","21.5","1.3","1.1","17.2","2.2","5.1","26.25","9.98","","","","11-22","Jun 7, 2011"
"Vibram Disc Golf","Trak","174.3","21.0","1.7","1.2","17.2","1.9","5.7","33.25","6.12","","","","11-21","May 26, 2011"
"Latitude 64","Bolt","175.1","21.1","1.7","1.1","16.4","2.4","5.2","27.75","10.09","","","","11-20","May 17, 2011"
"Westside Golf Discs","Sword (Kalevan Miekka1)","176.0","21.2","1.8","1.2","16.8","2.2","5.7","28.75","9.41","","","","11-19","May 6, 2011"
"Rip Disc Golf","Graboide","176.0","21.2","2.5","1.7","18.6","1.3","8.0","73.00","7.94","","","","11-16","Apr 11, 2011"
"Rip Disc Golf","Relic","176.0","21.2","2.4","1.7","18.6","1.3","8.0","76.50","8.51","Vintage Class","142.0","","11-17","Apr 11, 2011"
"Discraft","Nuke SS","176.0","21.2","1.5","1.1","16.2","2.5","5.2","28.75","9.98","","","","11-15","Apr 7, 2011"
"Latitude 64","Diamond","175.1","21.1","1.4","1.1","17.4","1.8","5.2","30.00","6.92","","","","11-14","Mar 21, 2011"
"Skyquest Discs","Medusa","176.0","21.2","1.5","1.1","17.0","2.1","5.2","29.25","5.33","","","","11-13","Mar 21, 2011"
"Westside Golf Discs","Boatman (Tuonelan Lautturi1)","177.6","21.4","1.9","1.3","17.0","2.2","6.1","29.50","10.32","","","","11-12","Mar 21, 2011"
"Innova Champion Discs","Archon","175.1","21.1","1.7","1.2","16.6","2.3","5.7","28.25","11.45","","","","11-11","Mar 9, 2011"
"Prodiscus","Respecti","174.3","21.0","1.8","1.3","17.2","1.9","6.2","33.25","7.03","","","","11-10","Mar 9, 2011"
"Disc Golf Association","Hurricane (SP Line)","175.1","21.1","1.8","1.2","16.5","2.3","5.7","27.00","10.21","","","","11-08","Feb 24, 2011"
"Disc Golf Association","Titanic (D-Line)","174.3","21.0","2.0","1.5","19.0","1.0","7.1","63.50","8.28","","","","11-09","Feb 24, 2011"
"Vibram Disc Golf","Ibex","178.5","21.5","2.4","1.3","18.9","1.3","6.0","46.25","7.14","","","","11-06","Feb 24, 2011"
"Vibram Disc Golf","Trek","174.3","21.0","1.8","1.1","17.2","1.9","5.2","30.75","6.24","","","","11-07","Feb 24, 2011"
"Innova Champion Discs","Ape","175.1","21.1","1.5","1.2","16.2","2.4","5.7","27.75","12.13","","","","11-04","Feb 18, 2011"
"Wham-O, Inc.","Fairway Driver (old)","175.1","21.1","1.6","1.2","17.1","2.0","5.7","26.00","10.87","","","","11-05","Feb 18, 2011"
"Gateway Disc Sports","Scout (new)","180.9","21.8","2.1","1.1","19.0","1.4","5.0","58.75","9.41","","","","11-03","Jan 26, 2011"
"Latitude 64","Havoc","175.1","21.1","1.7","1.1","16.6","2.3","5.2","28.00","12.02","","","","11-02","Jan 10, 2011"
"Latitude 64","Pain","180.1","21.7","2.0","1.4","18.9","1.4","6.5","40.75","9.98","","","","11-01","Jan 10, 2011"
"MVP Disc Sports","Vector","180.1","21.7","2.1","1.3","19.1","1.3","6.0","36.50","4.99","","","","10-42","Dec 18, 2010"
"Innova Champion Discs","Vulcan","176.0","21.2","1.4","1.1","16.4","2.4","5.2","27.25","11.00","","","","10-39","Dec 9, 2010"
"Innova Champion Discs","Wedge","176.0","21.2","1.7","1.2","19.2","1.0","5.7","47.25","4.99","","","","10-41","Dec 9, 2010"
"Discmania","PD2 (Chaos, Power Driver)","175.1","21.1","1.9","1.2","16.4","2.4","5.7","27.25","12.25","","","","10-40","Dec 3, 2010"
"Discraft","Hornet (Ace Race 2010)","178.5","21.5","1.9","1.3","18.9","1.3","6.0","41.50","7.94","","","","10-38","Nov 19, 2010"
"Innova Champion Discs","Wahoo","174.3","21.0","2.0","1.2","16.1","2.4","5.7","33.25","10.21","","","","10-37","Nov 19, 2010"
"Westside Golf Discs","King (Pohjolan Isäntä1)","175.1","21.1","1.9","1.1","16.5","2.3","5.2","29.25","10.55","","","","10-36","Nov 16, 2010"
"Latitude 64","Flow","175.1","21.1","1.8","1.2","16.8","2.2","5.7","27.75","11.11","","","","10-35","Oct 27, 2010"
"Prodiscus","Jokeri","176.8","21.3","1.8","1.5","19.0","1.1","7.0","54.00","6.92","","","","10-34","Oct 27, 2010"
"Westside Golf Discs","Swan (retooled, Tuonelan Joutsen1)","175.1","21.1","1.9","1.4","19.0","1.1","6.6","55.75","7.82","","","","10-32","Oct 12, 2010"
"DKG Disc Sports","Boom","174.3","21.0","2.1","1.2","15.8","2.6","5.7","27.25","11.57","","","","10-27","Sep 3, 2010"
"DKG Disc Sports","Kraken","174.3","21.0","2.1","1.2","15.9","2.5","5.7","28.25","11.11","","","","10-28","Sep 3, 2010"
"DKG Disc Sports","Merc","174.3","21.0","2.0","1.1","15.8","2.6","5.2","26.25","11.91","","","","10-29","Sep 3, 2010"
"DKG Disc Sports","Protégé","174.3","21.0","2.0","1.2","15.8","2.6","5.7","28.50","12.02","","","","10-30","Sep 3, 2010"
"DKG Disc Sports","Tempest","174.3","21.0","2.0","1.3","16.0","2.5","6.2","26.75","12.13","","","","10-31","Sep 3, 2010"
"Vibram Disc Golf","Ascent","175.1","21.1","1.6","1.2","17.3","1.9","5.7","30.00","4.42","","","","10-26","Aug 23, 2010"
"Discmania","DD2 (Frenzy, Distance Driver)","176.0","21.2","1.5","1.1","16.2","2.5","5.2","26.00","8.28","","","","10-24","Aug 18, 2010"
"Disc Golf Association","Hurricane (Proline)","175.1","21.1","1.6","1.2","16.5","2.3","5.7","27.00","12.02","","","","10-23","Aug 3, 2010"
"ABC Discs","Mission","180.9","21.8","2.0","1.4","19.4","1.2","6.4","39.25","6.12","","","","10-22","Jul 27, 2010"
"Discraft","Z-Nuke (retooled)","175.1","21.1","1.6","1.2","16.1","2.5","5.7","28.25","11.45","","","","10-20","Jun 21, 2010"
"Discwing, Ltd.","Fluent","176.0","21.2","1.7","1.2","17.8","1.7","5.7","29.75","3.74","","","","10-17","Jun 3, 2010"
"Discwing, Ltd.","Mark","175.1","21.1","2.2","1.6","19.1","1.0","7.6","70.00","3.97","","","","10-18","Jun 3, 2010"
"Discwing, Ltd.","Vantage","175.1","21.1","1.8","1.2","18.1","1.5","5.7","33.00","4.20","","","","10-19","Jun 3, 2010"
"Latitude 64","River","178.5","21.5","1.9","1.2","17.8","1.8","5.6","30.50","9.07","","","","10-16","Jun 2, 2010"
"Westside Golf Discs","Swan (Tuonelan Joutsen1)","175.1","21.1","2.0","1.4","19.0","1.1","6.6","58.50","5.44","","","","10-15","Jun 1, 2010"
"ABC Discs","Flying Squirrel","181.8","21.9","2.0","1.4","19.4","1.3","6.4","30.75","3.52","","","","10-13","May 29, 2010"
"ABC Discs","Secret Weapon","175.1","21.1","2.0","1.1","17.3","1.9","5.2","26.75","7.26","","","","10-14","May 29, 2010"
"CHING Sports","Fusion Genesis","176.8","21.3","1.4","1.1","16.9","2.2","5.2","30.00","9.30","","","","10-11","May 27, 2010"
"CHING Sports","Fusion Legacy","176.8","21.3","1.7","1.1","18.7","1.3","5.2","42.00","7.60","","","","10-12","May 27, 2010"
"ABC Discs","Gamma Ray","174.3","21.0","1.8","1.3","17.1","1.9","6.2","29.75","11.68","","","","10-07","Apr 9, 2010"
"ABC Discs","Money","174.3","21.0","2.2","1.7","19.0","1.0","8.1","56.50","11.11","","","","10-08","Apr 9, 2010"
"Gateway Disc Sports","Warrior (new)","182.6","22.0","1.9","1.2","19.3","1.4","5.5","42.50","4.76","","","","10-09","Apr 9, 2010"
"Discmania","MD2 (Fiend, Midrange Driver)","180.1","21.7","2.0","1.4","19.0","1.4","6.5","43.75","6.92","","","","10-05","Apr 4, 2010"
"Discmania","TD (Rush, Turn Driver)","176.0","21.2","1.6","1.1","17.3","1.9","5.2","27.50","8.05","","","","10-06","Apr 4, 2010"
"DKG Disc Sports","Hail Mary","174.3","21.0","2.1","1.6","16.6","2.2","7.6","26.50","12.02","","","","10-01","Apr 4, 2010"
"DKG Disc Sports","Miracle","174.3","21.0","2.2","1.6","17.2","1.9","7.6","40.75","11.11","","","","10-03","Apr 4, 2010"
"DKG Disc Sports","Wing & A Prayer","174.3","21.0","2.2","1.6","17.0","2.0","7.6","26.75","11.91","","","","10-02","Apr 4, 2010"
"Latitude 64","Fuse","181.8","21.9","2.1","1.3","19.3","1.3","5.9","42.50","8.28","","","","10-04","Apr 4, 2010"
"Latitude 64","Halo","176.0","21.2","1.4","1.1","16.3","2.4","5.2","26.25","11.11","","","","09-30","Dec 3, 2009"
"Vibram Disc Golf","Ridge","175.1","21.1","2.0","1.6","19.3","0.9","7.6","61.25","8.05","","","","09-28","Dec 3, 2009"
"Westside Golf Discs","Northman (Pohjan Poika1)","178.5","21.5","1.7","1.1","17.5","2.0","5.1","28.25","9.64","","","","09-29","Dec 3, 2009"
"Discraft","Nuke","176.0","21.2","1.6","1.2","16.1","2.5","5.7","28.25","9.87","","","","09-27","Oct 31, 2009"
"Hero Leports Co., Ltd.","Guardian","176.8","21.3","2.1","1.5","19.3","1.0","7.0","54.75","4.08","","","","09-26","Oct 30, 2009"
"Innova Champion Discs","Katana","176.0","21.2","1.8","1.2","16.3","2.5","5.7","26.25","10.32","","","","09-23","Oct 18, 2009"
"Innova Champion Discs","Mako","180.1","21.7","2.1","1.4","19.3","1.2","6.5","52.75","8.96","","","","09-22","Sep 18, 2009"
"MVP Disc Sports","Ion","174.3","21.0","1.9","1.6","18.8","1.1","7.6","62.50","2.83","","","","09-21","Sep 14, 2009"
"Discraft","Focus (Ace Race 2009)","175.1","21.1","2.1","1.6","19.1","1.0","7.6","60.25","8.85","","","","09-20","Sep 9, 2009"
"CHING Sports","Power Precision","176.8","21.3","2.2","1.4","18.7","1.3","6.6","48.25","8.05","","","","09-19","Aug 4, 2009"
"Latitude 64","Blitz","176.0","21.2","1.6","1.2","16.8","2.2","5.7","30.50","9.19","","","","09-18","Jul 21, 2009"
"Discraft","Ringer","174.3","21.0","1.8","1.2","19.2","0.9","5.7","67.75","6.12","","","","09-16","Jun 17, 2009"
"Discraft","Stalker","179.3","21.6","1.6","1.2","18.4","1.6","5.6","32.50","8.51","","","","09-17","Jun 17, 2009"
"Gateway Disc Sports","Apache (retooled)","176.8","21.3","1.8","1.2","17.4","1.9","5.6","28.50","4.76","","","","09-15","Apr 16, 2009"
"Gateway Disc Sports","Savage","176.8","21.3","1.8","1.2","17.4","1.9","5.6","30.00","5.33","","","","09-14","Apr 16, 2009"
"Latitude 64","Pure","176.0","21.2","1.8","1.4","19.2","1.0","6.6","48.25","6.69","","","","09-13","Apr 13, 2009"
"Disc Golf Association","Aftershock (D-Line)","178.5","21.5","2.1","1.2","18.9","1.3","5.6","38.00","7.60","","","","09-11","Apr 9, 2009"
"Disc Golf Association","Sparkle Reef","176.0","21.2","2.1","1.4","19.2","1.0","6.6","49.25","5.10","","","","09-12","Apr 9, 2009"
"Gateway Disc Sports","Voodoo","175.1","21.1","2.1","1.6","19.1","1.0","7.6","62.00","3.52","","","","09-10","Mar 31, 2009"
"Lightning Discs","Maxline -- 1","176.8","21.3","1.7","1.1","17.1","2.1","5.2","33.25","7.03","","","","09-08","Feb 27, 2009"
"Disc Golf Association","Aftershock","178.5","21.5","2.0","1.2","18.9","1.3","5.6","38.00","7.82","","","","09-06","Feb 26, 2009"
"Disc Golf Association","Sparkle Aftershock","179.3","21.6","2.0","1.2","19.0","1.3","5.6","38.00","7.26","","","","09-07","Feb 26, 2009"
"Innova Champion Discs","Dart","176.0","21.2","2.2","1.4","18.8","1.2","6.6","38.00","5.10","","","","09-05","Feb 18, 2009"
"Vibram Disc Golf","Summit","175.1","21.1","1.9","1.2","19.2","0.9","5.7","61.25","0.56","","","","09-04","Jan 28, 2009"
"CHING Sports","Ching Big Heavy","200.0","26.4","3.7","2.1","24.9","0.7","8.0","104.00","8.52","Super Class & Vintage Class","176.9","","09-03","Jan 19, 2009"
"CHING Sports","Ching Ultimate","200.0","26.6","3.6","2.1","25.1","0.7","7.9","104.00","6.58","Super Class & Vintage Class","178.2","","09-02","Jan 19, 2009"
"Vibram Disc Golf","V.P.","175.1","21.1","2.0","1.6","19.1","0.9","7.6","66.75","4.76","","","","09-01","Jan 19, 2009"
"Disc Golf Association","Blowfly II","180.1","21.7","2.3","1.7","18.9","1.4","7.8","46.60","1.13","","","","08-38","Dec 21, 2008"
"Disc Golf Association","Tsunami (D-Line)","176.0","21.2","1.8","1.2","17.5","1.9","5.7","26.50","12.13","","","","08-39","Dec 21, 2008"
"Innova Champion Discs","Groove","175.1","21.1","1.7","1.2","16.3","2.4","5.7","28.00","10.21","","","","08-37","Dec 5, 2008"
"Discraft","Nebula (Ace Race 2008)","176.8","21.3","2.0","1.3","18.7","1.3","6.1","44.50","7.03","","","","08-36","Nov 26, 2008"
"Latitude 64","Trident","177.6","21.4","1.4","1.1","17.6","1.9","5.1","36.75","11.11","","","","08-34","Nov 25, 2008"
"Latitude 64","XXX","178.5","21.5","1.5","1.1","17.5","2.0","5.1","32.50","12.02","","","","08-33","Nov 21, 2008"
"Latitude 64","Striker","177.6","21.4","1.6","1.2","17.6","1.9","5.6","29.00","11.68","","","","08-32","Nov 12, 2008"
"Latitude 64","Riot","176.0","21.2","1.9","1.2","16.8","2.2","5.7","30.00","8.73","","","","08-30","Aug 30, 2008"
"Discmania","DD (Hysteria, Distance Driver)","175.1","21.1","1.6","1.2","16.7","2.2","5.7","30.25","9.19","","","","08-29","Aug 26, 2008"
"Innova Champion Discs","Boss","176.0","21.2","1.5","1.2","16.2","2.5","5.7","26.00","7.60","","","","08-28","Aug 26, 2008"
"Wham-O, Inc.","S Driver","175.1","21.1","1.6","1.2","17.1","2.0","5.7","26.00","8.62","","","","08-26","Jul 23, 2008"
"Discwing, Ltd.","Crosshair","176.0","21.2","1.9","1.4","19.4","0.9","6.6","59.75","6.69","","","","08-24","Jul 11, 2008"
"Discwing, Ltd.","Quarter K II","174.3","21.0","1.8","1.1","16.8","2.1","5.2","28.00","7.60","","","","08-23","Jul 11, 2008"
"Discwing, Ltd.","Transcend","176.0","21.2","1.9","1.3","19.4","0.9","6.1","47.50","4.99","","","","08-25","Jul 11, 2008"
"CHING Sports","Power Genesis","176.0","21.2","1.5","1.2","16.8","2.2","5.7","27.50","6.12","","","","08-21","Jul 2, 2008"
"Discmania","PD (Freak, Power Driver)","175.1","21.1","1.7","1.2","17.3","1.9","5.7","28.25","11.11","","","","08-22","Jul 2, 2008"
"Innova Champion Discs","Monarch","175.1","21.1","1.6","1.2","17.0","2.1","5.7","30.75","10.21","","","","08-20","Jun 2, 2008"
"Innova Champion Discs","Pulsar","200.0","27.5","3.3","2.0","26.0","0.8","7.3","93.50","9.19","Super Class & Vintage Class","184.3","","08-19","Jun 2, 2008"
"Discraft","Zone","175.1","21.1","2.0","1.3","18.8","1.2","6.2","46.00","10.55","","","","08-18","May 28, 2008"
"Innova Champion Discs","Pig","176.0","21.2","2.1","1.4","18.4","1.4","6.6","57.50","9.64","","","","08-17","May 20, 2008"
"Latitude 64","Core","180.1","21.7","2.0","1.2","18.9","1.4","5.5","48.00","8.50","","","","08-16","Mar 18, 2008"
"CHING Sports","Power Celerity","176.0","21.2","1.5","1.2","17.3","1.9","5.7","29.25","8.50","","","","08-15","Mar 13, 2008"
"CHING Sports","Power JuJu","176.0","21.2","2.5","1.5","19.5","0.9","7.1","71.50","4.20","","","","08-10","Mar 13, 2008"
"CHING Sports","Power Prodigy","176.8","21.3","1.6","1.2","17.4","1.9","5.6","28.00","9.30","","","","08-12","Mar 13, 2008"
"CHING Sports","Power Velocity","176.8","21.3","1.5","1.2","17.4","1.9","5.6","29.25","8.50","","","","08-13","Mar 13, 2008"
"CHING Sports","Supreme Celerity","176.8","21.3","1.6","1.2","17.4","1.9","5.6","29.25","5.10","","","","08-14","Mar 13, 2008"
"CHING Sports","Supreme Prodigy","176.0","21.2","1.6","1.2","17.4","1.9","5.7","28.00","7.94","","","","08-11","Mar 13, 2008"
"Innova Champion Discs","XCaliber","175.1","21.1","1.6","1.2","16.4","2.3","5.7","29.50","8.85","","","","08-09","Mar 13, 2008"
"Discraft","Avenger-SS","177.6","21.4","1.8","1.2","17.6","1.9","5.6","29.25","11.00","","","","08-04","Feb 21, 2008"
"Discraft","Buzzz-SS","179.3","21.6","2.1","1.3","19.0","1.3","6.0","43.50","9.87","","","","08-06","Feb 21, 2008"
"Discraft","Buzzz-GT","178.5","21.5","1.7","1.3","19.0","1.3","6.0","44.00","12.02","","","","08-07","Feb 21, 2008"
"Discraft","Force","175.1","21.1","1.7","1.2","16.5","2.3","5.7","26.00","11.79","","","","08-08","Feb 21, 2008"
"Discraft","Surge-SS","175.1","21.1","1.6","1.2","16.8","2.1","5.7","29.25","7.48","","","","08-05","Feb 21, 2008"
"Snap Discsports","Helios","180.1","21.7","1.6","1.2","17.0","2.3","5.5","28.50","11.79","","","","08-03","Jan 15, 2008"
"Gateway Disc Sports","Assassin","174.3","21.0","1.9","1.1","17.2","1.9","5.2","34.50","10.77","","","","08-02","Jan 4, 2008"
"Gateway Disc Sports","Magic","174.3","21.0","2.1","1.5","19.0","1.0","7.1","54.00","4.54","","","","08-01","Jan 4, 2008"
"Disc Golf Association","Reef (Atlantis)","176.0","21.2","2.1","1.4","19.4","0.9","6.6","49.25","7.03","","","","07-49","Dec 10, 2007"
"Disc Golf Association","Shockwave","178.5","21.5","2.2","1.3","18.9","1.3","6.0","47.75","7.60","","","","07-47","Oct 29, 2007"
"Discraft","Impact (Ace Race 2007)","179.3","21.6","2.0","1.3","19.0","1.3","6.0","33.75","5.78","","","","07-46","Oct 26, 2007"
"Quest Applied Technologies","Double D","175.1","21.1","1.9","1.1","15.9","2.6","5.2","28.75","8.39","","","","07-45","Oct 22, 2007"
"Gateway Disc Sports","Blast DT","176.8","21.3","1.6","1.1","17.0","2.1","5.2","27.75","9.19","","","","07-44","Sep 21, 2007"
"Disc Golf Association","Titanic","175.1","21.1","2.2","1.5","19.1","1.0","7.1","63.50","7.03","","","","07-42","Sep 19, 2007"
"Innova Champion Discs","Sonic","179.3","21.6","2.3","1.6","20.4","0.6","7.4","82.00","3.97","Vintage Class","144.7","","07-43","Sep 19, 2007"
"CHING Sports","Prodigy","176.8","21.3","1.5","1.2","17.5","1.9","5.6","28.00","9.16","","","","07-48","Jul 15, 2007"
"Wham-O, Inc.","Pluto Platter","193.4","23.3","3.0","1.4","21.9","0.7","6.0","77.50","1.70","Vintage Class","156.1","","07-39","Jul 10, 2007"
"Wham-O, Inc.","Superturn Driver","174.3","21.0","2.0","1.2","17.5","1.7","5.7","29.50","10.21","","","","07-40","Jul 10, 2007"
"Innova Champion Discs","Destroyer","175.1","21.1","1.4","1.2","16.7","2.2","5.7","30.50","10.66","","","","07-38","Jun 26, 2007"
"RPM Discs/Disc Golf Aotearoa","Piwakawaka (MR1, originally Arcturus)","180.9","21.8","2.0","1.2","19.2","1.3","5.5","38.25","3.86","","","","07-37","Jun 22, 2007"
"RPM Discs/Disc Golf Aotearoa","Rippa (DGR1)","187.6","22.6","2.5","1.6","21.3","0.7","7.1","90.00","3.52","Vintage Class","151.4","","07-36","Jun 22, 2007"
"Innova Champion Discs","Starfire L (SL)","175.1","21.1","1.7","1.1","17.1","2.0","5.2","29.00","9.41","","","","07-35","Jun 21, 2007"
"Daredevil Discs","Caribou","180.9","21.8","2.1","1.3","19.3","1.3","6.0","40.75","7.14","","","","07-33","Jun 12, 2007"
"Daredevil Discs","Grizzly","181.8","21.9","2.0","1.3","19.3","1.3","5.9","42.25","6.92","","","","07-31","Jun 12, 2007"
"Daredevil Discs","Moose","180.9","21.8","2.1","1.3","19.3","1.3","6.0","41.00","4.31","","","","07-32","Jun 12, 2007"
"Daredevil Discs","Polar Bear","176.0","21.2","2.0","1.5","19.3","1.0","7.1","62.50","4.20","","","","07-30","Jun 12, 2007"
"Quest Applied Technologies","Rock-It","176.8","21.3","1.8","1.3","18.8","1.3","6.1","54.75","4.08","","","","07-29","Jun 12, 2007"
"Innova Champion Discs","Gremlin","176.0","21.2","1.8","1.2","18.5","1.4","5.7","45.25","9.75","","","","07-28","Jun 5, 2007"
"Quest Applied Technologies","T-Bone","176.0","21.2","1.6","1.2","17.4","1.9","5.7","35.75","6.35","","","","07-26","May 18, 2007"
"Quest Applied Technologies","100 Meter Lazer","176.0","21.2","1.4","1.1","17.0","2.1","5.2","26.50","3.40","","","","07-25","May 3, 2007"
"Wham-O, Inc.","Mid Range Approach","179.3","21.6","2.2","1.3","19.2","1.2","6.0","39.25","11.68","","","","07-23","Apr 11, 2007"
"Wham-O, Inc.","Turnover Driver","180.1","21.7","2.1","1.1","19.2","1.2","5.1","36.00","10.09","","","","07-24","Apr 11, 2007"
"Gateway Disc Sports","Diablo DT","179.3","21.6","1.3","1.1","17.2","2.2","5.1","26.75","9.64","","","","07-22","Mar 29, 2007"
"Latitude 64","Spike","176.0","21.2","1.8","1.3","19.2","1.0","6.1","56.25","4.65","","","","07-21","Mar 25, 2007"
"Discmania","CD (Craze, Control Driver)","176.0","21.2","1.3","1.1","17.3","1.9","5.2","28.50","10.43","","","","07-14","Mar 8, 2007"
"Discmania","P1 (Maniac, Putt & Approach)","176.0","21.2","2.0","1.5","19.3","0.9","7.1","56.00","6.01","","","","07-12","Mar 8, 2007"
"Discmania","P2 (Psycho, Pro Putter)","176.0","21.2","2.1","1.5","19.2","1.0","7.1","58.25","7.03","","","","07-13","Mar 8, 2007"
"Gateway Disc Sports","Rage","177.6","21.4","1.8","1.2","16.9","2.2","5.6","26.25","10.89","","","","07-15","Mar 8, 2007"
"Gateway Disc Sports","Warlock","175.1","21.1","2.3","1.6","19.1","1.0","7.6","56.25","6.46","","","","07-16","Mar 8, 2007"
"Innova Champion Discs","TeeBird L (TL)","175.1","21.1","1.6","1.2","17.5","1.8","5.7","33.00","12.25","","","","07-17","Mar 8, 2007"
"Innova Champion Discs","Kite","176.0","21.2","1.9","1.3","17.9","1.6","6.1","36.25","9.53","","","","07-11","Feb 11, 2007"
"Daredevil Discs","Beaver","176.0","21.2","2.2","1.6","19.3","0.9","7.5","50.50","3.97","","","","07-06","Jan 19, 2007"
"Daredevil Discs","Gamedisc","200.0","27.1","3.5","2.0","25.6","0.7","7.4","94.50","11.68","Super Class & Vintage Class","181.6","","07-09","Jan 19, 2007"
"Daredevil Discs","Swift Fox","175.1","21.1","1.7","1.2","17.6","1.8","5.7","27.00","7.14","","","","07-04","Jan 19, 2007"
"Daredevil Discs","Timberwolf","175.1","21.1","1.6","1.2","17.5","1.8","5.7","27.00","5.78","","","","07-05","Jan 19, 2007"
"Daredevil Discs","Wolverine","176.0","21.2","1.8","1.2","17.5","1.8","5.7","27.50","10.32","","","","07-07","Jan 19, 2007"
"Daredevil Discs","Woodchuck","176.0","21.2","2.0","1.5","19.3","0.9","7.1","64.00","1.81","","","","07-08","Jan 19, 2007"
"1080 Disc Golf","Radius","175.1","21.1","2.0","1.5","19.0","1.0","7.1","51.75","7.03","","","","07-03","Jan 17, 2007"
"Innova Champion Discs","Firebird L (FL)","175.1","21.1","1.7","1.2","17.3","1.9","5.7","29.25","6.46","","","","07-02","Jan 17, 2007"
"Latitude 64","Vision","175.1","21.1","1.9","1.1","17.4","1.8","5.2","33.00","12.25","","","","07-01","Jan 8, 2007"
"Quest Applied Technologies","Backbone","176.0","21.2","1.9","1.1","18.6","2.3","5.2","54.25","12.25","","","","06-53","Dec 19, 2006"
"Quest Applied Technologies","Wildfire","176.0","21.2","2.4","1.2","17.7","1.7","5.7","61.75","9.64","","","","06-54","Dec 19, 2006"
"Quest Applied Technologies","10 Meter Crossfire","176.0","21.2","2.1","1.4","18.9","1.2","6.6","51.75","10.21","","","","06-52","Dec 18, 2006"
"Quest Applied Technologies","Crossfire","176.0","21.2","2.0","1.4","18.9","1.2","6.6","51.75","6.24","","","","06-51","Dec 18, 2006"
"Quest Applied Technologies","Raging Inferno DT","175.1","21.1","1.9","1.1","16.8","2.1","5.2","27.75","11.34","","","","06-49","Nov 20, 2006"
"Quest Applied Technologies","Ragning Inferno","176.0","21.2","1.9","1.1","16.9","2.1","5.2","27.50","11.57","","","","06-48","Nov 20, 2006"
"Discmania","MD1 (Midrange Driver)","180.1","21.7","2.2","1.3","19.2","1.3","6.0","40.50","8.50","","","","06-47","Nov 14, 2006"
"Gateway Disc Sports","Blurr","176.8","21.3","1.7","1.1","17.0","2.2","5.2","28.00","12.02","","","","06-46","Nov 14, 2006"
"Discraft","Rogue","175.1","21.1","1.7","1.2","16.8","2.2","5.7","28.25","12.02","","","","06-45","Oct 29, 2006"
"Quest Applied Technologies","10 Meter Brick","177.6","21.4","1.8","1.3","19.0","0.3","6.1","30.00","2.49","","","","06-44","Oct 13, 2006"
"Quest Applied Technologies","Scorcher","176.0","21.2","1.9","1.2","16.8","2.2","5.7","30.25","12.02","","","","06-43","Oct 13, 2006"
"Discraft","Meteor (Ace Race 2006)","178.5","21.5","2.0","1.3","18.9","1.3","6.0","49.25","6.46","","","","06-42","Sep 21, 2006"
"Discraft","Torque","179.3","21.6","1.9","1.3","19.1","1.3","6.0","43.25","6.46","","","","06-41","Sep 21, 2006"
"Innova Champion Discs","Max","176.0","21.2","1.9","1.2","16.8","2.2","5.7","34.00","10.43","","","","06-40","Sep 21, 2006"
"Quest Applied Technologies","Inferno","176.0","21.2","1.9","1.3","17.1","2.1","6.1","26.50","11.68","","","","06-38","Aug 28, 2006"
"Quest Applied Technologies","Scream DT Ultra 2","176.8","21.3","1.6","1.3","16.9","2.2","6.1","26.00","6.24","","","","06-39","Aug 28, 2006"
"RPM Discs/Disc Golf Aotearoa","Kiwi (DGD1, former Raptor)","175.1","21.1","1.4","1.2","17.1","2.0","5.7","26.25","8.05","","","","06-34","Aug 23, 2006"
"RPM Discs/Disc Golf Aotearoa","New Zealand 175g Ultimate Disc (RU1)","200.0","27.3","3.2","1.9","25.8","0.7","7.0","94.25","6.58","Super Class & Vintage Class","182.2","","06-37","Aug 23, 2006"
"RPM Discs/Disc Golf Aotearoa","Te Moko (DGR2)","196.7","23.7","2.9","2.3","22.3","0.7","9.7","74.50","9.53","Super Class & Vintage Class","158.8","","06-36","Aug 23, 2006"
"RPM Discs/Disc Golf Aotearoa","Tui (PA1)","175.1","21.1","1.8","1.4","19.3","0.9","6.6","44.25","4.76","","","","06-35","Aug 23, 2006"
"Gateway Disc Sports","Speed Demon DT","176.8","21.3","1.8","1.1","17.0","2.2","5.2","26.00","12.02","","","","06-33","Aug 17, 2006"
"Quest Applied Technologies","Odyssey Power Driver","177.6","21.4","2.1","1.5","17.1","2.2","7.0","27.25","8.28","","","","06-32","Aug 15, 2006"
"Quest Applied Technologies","Odyssey True Line Putter","177.6","21.4","2.3","1.5","19.2","1.1","7.0","54.00","7.03","","","","06-30","Aug 1, 2006"
"Quest Applied Technologies","Scream II","176.8","21.3","2.2","1.4","16.9","2.2","6.6","27.25","9.75","","","","06-31","Aug 1, 2006"
"Innova Champion Discs","Skeeter","176.0","21.2","1.9","1.3","18.7","1.3","6.1","43.25","9.07","","","","06-28","Jul 8, 2006"
"Discraft","Pulse","176.0","21.2","1.7","1.3","17.1","2.1","6.1","29.75","10.21","","","","06-29","Jun 29, 2006"
"Innova Champion Discs","CRO","176.0","21.2","2.0","1.4","18.5","1.3","6.6","48.50","6.24","","","","07-34","Jun 21, 2006"
"Quest Applied Technologies","Low Speed Driver","194.2","23.4","1.6","1.4","18.6","2.4","6.0","34.00","8.73","","","","06-27","Jun 21, 2006"
"CHING Sports","Power Legacy (Legacy)","176.0","21.2","1.7","1.1","18.8","1.2","5.2","42.75","6.69","","","","06-26","May 11, 2006"
"CHING Sports","Power Oracle (Oracle)","176.0","21.2","1.8","1.1","18.8","1.2","5.2","42.75","6.58","","","","06-25","May 11, 2006"
"Latitude 64","Mirus","174.3","21.0","2.4","1.1","17.0","2.0","5.2","27.25","10.89","","","","06-23","May 1, 2006"
"Quest Applied Technologies","Odyssey Approach & Putter","178.5","21.5","2.3","1.2","18.1","1.7","5.6","34.75","4.88","","","","06-22","Apr 12, 2006"
"Quest Applied Technologies","Odyssey Driver","176.8","21.3","2.5","1.5","16.8","2.3","7.0","27.00","6.01","","","","06-17","Apr 12, 2006"
"Quest Applied Technologies","Odyssey Putter","176.8","21.3","2.6","1.5","19.0","1.1","7.0","54.00","6.12","","","","06-19","Apr 12, 2006"
"Quest Applied Technologies","Scream DT","175.1","21.1","2.6","1.3","16.8","2.1","6.2","26.00","9.64","","","","06-18","Apr 12, 2006"
"Quest Applied Technologies","Scream DT Max","176.8","21.3","1.7","1.3","16.8","2.3","6.1","31.25","7.03","","","","06-20","Apr 12, 2006"
"Quest Applied Technologies","Scream DT Ultra","177.6","21.4","1.6","1.3","17.0","2.2","6.1","29.00","5.90","","","","06-21","Apr 12, 2006"
"Quest Applied Technologies","Nighthawk","178.5","21.5","2.1","1.4","18.3","1.6","6.5","33.75","5.56","","","","06-15","Apr 3, 2006"
"Quest Applied Technologies","Odyssey Midrange","178.5","21.5","2.5","1.5","18.6","1.5","7.0","39.00","9.75","","","","06-14","Apr 3, 2006"
"Quest Applied Technologies","Scream","176.0","21.2","2.2","1.4","16.7","2.2","6.6","26.25","12.25","","","","06-13","Apr 3, 2006"
"Snap Discsports","Whitler","187.6","22.6","3.0","1.6","21.2","0.7","7.1","78.75","2.95","Vintage Class","151.4","","06-16","Apr 3, 2006"
"Innova Champion Discs","Goblin","176.0","21.2","2.2","1.3","19.3","1.0","6.1","44.25","7.26","","","","06-12","Mar 6, 2006"
"Innova Champion Discs","Tee-Rex","175.1","21.1","1.7","1.2","16.8","2.2","5.7","30.00","10.21","","","","06-11","Mar 6, 2006"
"Pacific Cycle","Mercury Putter","176.8","21.3","2.0","1.6","19.7","0.8","7.5","60.00","8.96","","","","06-10","Mar 6, 2006"
"Pacific Cycle","Pluto Driver","174.3","21.0","1.7","1.1","18.2","1.4","5.2","29.00","8.62","","","","06-08","Mar 6, 2006"
"Pacific Cycle","Saturn Mid Range","174.3","21.0","1.7","1.1","18.2","1.4","5.2","31.25","8.96","","","","06-09","Mar 6, 2006"
"Latitude 64","Primitus","174.3","21.0","2.3","1.2","17.0","2.0","5.7","27.00","11.57","","","","06-07","Feb 23, 2006"
"Latitude 64","Medius","178.5","21.5","2.4","1.2","18.8","1.4","5.6","42.50","9.64","","","","06-06","Feb 12, 2006"
"Latitude 64","Sinus AP","176.0","21.2","1.9","1.4","19.3","0.9","6.6","50.75","9.75","","","","06-04","Feb 12, 2006"
"Latitude 64","Sinus SP","176.0","21.2","1.9","1.4","19.3","0.9","6.6","50.75","4.88","","","","06-05","Feb 12, 2006"
"Millennium Golf Discs","Orion LF","175.1","21.1","1.5","1.2","17.4","1.9","5.7","27.25","10.32","","","","06-03","Feb 10, 2006"
"Discraft","Surge","175.1","21.1","1.6","1.2","17.1","2.0","5.7","30.25","10.55","","","","06-02","Feb 8, 2006"
"Discraft","Banger-GT","176.0","21.2","2.0","1.6","19.2","1.0","7.5","65.75","7.60","","","","05-19","Oct 31, 2005"
"Discraft","Slipstream-GT (Ace Race 2005)","176.8","21.3","1.7","1.3","17.5","1.9","6.1","29.25","9.30","","","","05-20","Oct 31, 2005"
"Discraft","Spectra","176.0","21.2","1.7","1.2","16.8","2.2","5.7","30.75","8.85","","","","05-18","Oct 31, 2005"
"Gateway Disc Sports","Hybrid","176.0","21.2","2.2","1.3","17.8","1.7","6.1","32.50","8.96","","","","05-17","Oct 2, 2005"
"Innova Champion Discs","Roadrunner","175.1","21.1","1.4","1.2","17.5","1.8","5.7","29.00","8.39","","","","05-16","Aug 27, 2005"
"Innova Champion Discs","Wraith","175.1","21.1","1.4","1.2","16.9","2.1","5.7","26.75","8.85","","","","05-15","Aug 15, 2005"
"Aerobie","Sharpshooter #3","176.8","21.3","1.7","1.3","18.8","1.3","6.1","38.25","11.57","","","","05-13","Jul 28, 2005"
"Aerobie","Sharpshooter #1","176.0","21.2","1.7","1.3","17.1","2.1","6.1","26.75","11.11","","","","05-11","Jun 19, 2005"
"Aerobie","Sharpshooter #2","175.1","21.1","1.7","1.2","18.1","1.6","5.7","26.75","9.52","","","","05-12","Jun 19, 2005"
"Discraft","Tracker","176.0","21.2","1.7","1.2","17.7","1.8","5.7","32.50","11.23","","","","05-10","Jun 19, 2005"
"Innova Champion Discs","Coyote","180.1","21.7","1.9","1.3","19.4","1.2","6.0","47.25","5.56","","","","05-09","Jun 7, 2005"
"Discraft","Avenger","176.0","21.2","1.7","1.2","17.4","1.9","5.7","26.25","12.25","","","","05-08","May 3, 2005"
"CHING Sports","Fusion Velocity","176.0","21.2","1.7","1.2","17.6","1.8","5.7","28.50","8.85","","","","05-07","Apr 1, 2005"
"CHING Sports","Supreme Velocity","176.0","21.2","1.6","1.2","17.5","1.8","5.7","29.25","4.31","","","","05-06","Apr 1, 2005"
"Millennium Golf Discs","Orion LS","175.1","21.1","1.4","1.2","17.3","1.9","5.7","32.25","12.02","","","","05-05","Mar 31, 2005"
"Discraft","Venom","174.3","21.0","1.6","1.2","16.6","2.2","5.7","30.25","9.98","","","","05-04","Mar 22, 2005"
"Discwing, Ltd.","Quarter K","176.8","21.3","2.0","1.4","16.7","2.3","6.6","28.00","8.96","","","","05-01","Mar 22, 2005"
"Discraft","Drone","178.5","21.5","2.0","1.3","18.5","1.5","6.0","41.25","10.43","","","","05-03","Feb 28, 2005"
"Gateway Disc Sports","Element X","181.8","21.9","1.9","1.2","19.3","1.8","5.5","42.50","9.98","","","","04-14","Dec 1, 2004"
"Innova Champion Discs","Sidewinder","175.1","21.1","1.4","1.2","17.5","1.8","5.7","28.00","10.43","","","","04-13","Nov 24, 2004"
"Gateway Disc Sports","Element","183.4","22.1","1.7","1.3","19.6","1.3","5.9","39.50","6.35","","","","04-12","Oct 7, 2004"
"Discraft","Glide (Ace Race 2004)","178.5","21.5","2.0","1.3","18.6","1.5","6.0","36.50","11.11","","","","04-11","Oct 6, 2004"
"CHING Sports","Supreme JuJu","176.8","21.3","2.5","1.5","19.7","0.8","7.0","71.50","4.20","","","","04-09","Aug 22, 2004"
"Discraft","Flick","175.1","21.1","1.3","1.1","16.9","2.1","5.2","26.00","9.98","","","","04-10","Aug 22, 2004"
"Innova Champion Discs","Bulldog","175.1","21.1","2.0","1.6","18.6","1.3","7.6","45.00","12.02","","","","04-08","Jul 8, 2004"
"Innova Champion Discs","Hero Disc Type 235","196.7","23.7","2.9","1.8","22.5","0.6","11.8","77.75","3.74","Super Class & Vintage Class","158.8","","04-15","Jul 8, 2004"
"CHING Sports","Fusion JuJu","176.8","21.3","2.2","1.5","19.8","0.8","7.0","76.50","5.90","","","","04-07","Jun 2, 2004"
"Gateway Disc Sports","Illusion","177.6","21.4","1.5","1.1","17.2","2.1","5.1","32.75","10.77","","","","04-06","May 27, 2004"
"Discraft","Tsunami","177.6","21.4","1.9","1.2","17.5","1.9","5.6","28.50","9.41","","","","04-05","May 10, 2004"
"Innova Champion Discs","Hydra","175.1","21.1","2.0","1.4","18.3","1.4","6.6","44.75","7.82","","","","04-04","May 10, 2004"
"Discraft","Flash","175.1","21.1","1.6","1.2","17.0","2.1","5.7","27.50","8.85","","","","04-03","Apr 14, 2004"
"Gateway Disc Sports","Spirit","176.0","21.2","1.8","1.1","17.0","2.1","5.2","26.00","12.25","","","","04-02","Jan 25, 2004"
"Innova Champion Discs","ORC","176.0","21.2","1.9","1.2","17.2","2.0","5.7","27.00","8.85","","","","04-01","Jan 25, 2004"
"Wham-O, Inc.","Touchline Over","175.1","21.1","2.0","1.2","17.6","1.8","5.7","35.25","9.30","","","","03-19","Oct 27, 2003"
"Wham-O, Inc.","Touchline Under","175.1","21.1","1.7","1.2","17.3","1.9","5.7","34.75","9.75","","","","03-20","Oct 27, 2003"
"Wham-O, Inc.","Touchline Bank/Long Range Driver","180.1","21.7","2.1","1.2","19.3","1.2","5.5","41.75","6.69","","","","03-16","Oct 23, 2003"
"Wham-O, Inc.","Touchline Putter/Putter","176.0","21.2","2.1","1.5","19.3","0.9","7.1","53.25","6.01","","","","03-18","Oct 23, 2003"
"Wham-O, Inc.","Touchline True/Mid Range Approach","180.1","21.7","2.1","1.4","19.3","1.2","6.5","45.75","6.56","","","","03-17","Oct 23, 2003"
"Discraft","Breeze (Ace Race 2003)","176.8","21.3","1.8","1.4","19.0","1.2","6.6","55.75","9.98","","","","03-14","Sep 30, 2003"
"Discraft","Buzzz","180.1","21.7","1.9","1.3","19.3","1.2","6.0","44.00","6.24","","","","03-15","Sep 30, 2003"
"Discraft","Crush","175.1","21.1","1.7","1.2","17.0","2.1","5.7","29.00","9.30","","","","03-13","Sep 7, 2003"
"Discraft","Riptide","177.6","21.4","1.7","1.2","17.4","2.0","5.6","27.50","9.75","","","","03-11","Jul 10, 2003"
"Discraft","Squall","178.5","21.5","1.8","1.3","18.6","1.3","6.0","34.50","9.07","","","","03-12","Jul 10, 2003"
"Innova Champion Discs","Viking","176.0","21.2","1.4","1.1","17.4","1.9","5.2","30.75","7.48","","","","03-10","Jun 2, 2003"
"Innova Champion Discs","Starfire","176.0","21.2","1.4","1.1","17.2","2.0","5.2","29.00","7.71","","","","03-09","May 8, 2003"
"Aerobie","Arrow - Approach & Putter","177.6","21.4","1.8","1.1","18.4","1.5","5.1","30.75","10.66","","","","03-08","Apr 16, 2003"
"Aerobie","Epic Driver","175.1","21.1","1.4","1.1","14.5","4.1","5.2","26.50","12.02","","","","03-07","Apr 16, 2003"
"Discraft","Challenger","174.3","21.0","2.2","1.6","19.0","1.0","7.6","61.50","8.39","","","","03-04","Jan 26, 2003"
"Innova Champion Discs","Monster","176.0","21.2","1.4","1.2","17.2","2.0","5.7","32.25","8.85","","","","03-03","Jan 26, 2003"
"Gateway Disc Sports","Chief","174.3","21.0","2.1","1.5","19.0","1.0","7.1","60.50","9.53","","","","03-02","Jan 11, 2003"
"Gateway Disc Sports","Speed Demon","177.6","21.4","1.8","1.1","17.0","2.2","5.1","27.00","10.89","","","","03-01","Jan 11, 2003"
"Innova Champion Discs","Beast","176.0","21.2","1.4","1.1","17.1","2.0","5.2","26.76","8.96","","","","02-11","Dec 2, 2002"
"Discraft","Wasp","179.3","21.6","1.8","1.3","19.2","1.2","6.0","37.00","8.39","","","","02-13","Sep 29, 2002"
"Discraft","Talon","174.3","21.0","1.5","1.1","17.5","1.8","5.2","28.25","9.32","","","","02-12","Sep 19, 2002"
"Innova Champion Discs","CE Spider","176.0","21.2","1.7","1.4","18.6","1.3","6.6","45.00","6.46","","","","02-10","Aug 12, 2002"
"Innova Champion Discs","CE Aero","182.6","22.0","2.3","1.3","20.0","1.0","5.9","43.75","4.54","","","","02-09","Jun 5, 2002"
"Millennium Golf Discs","QJLS","176.0","21.2","1.8","1.1","18.0","1.6","5.2","30.75","9.19","","","","02-04","May 30, 2002"
"Millennium Golf Discs","QMS","180.9","21.8","2.0","1.4","19.4","1.2","6.4","36.75","10.66","","","","02-05","May 30, 2002"
"Discraft","Predator","176.0","21.2","1.9","1.1","17.4","1.9","5.2","28.50","7.48","","","","02-06","May 29, 2002"
"Discraft","Storm","177.6","21.4","1.8","1.3","18.8","1.3","6.1","35.75","10.66","","","","02-07","May 29, 2002"
"Discraft","Wildcat","176.8","21.3","1.5","1.2","17.5","1.9","5.6","27.25","10.21","","","","02-08","May 29, 2002"
"Discraft","Putt'r","174.3","21.0","2.4","1.6","19.2","0.9","7.6","78.75","8.28","Vintage Class","140.7","","02-03","Mar 16, 2002"
"Plastic Paradise","Maximizer","180.9","21.8","1.8","1.6","18.4","1.7","7.3","28.75","6.46","","","","02-02","Jan 31, 2002"
"Gateway Disc Sports","Wizard","174.3","21.0","2.1","1.8","19.0","1.0","8.6","59.25","10.43","","","","02-01","Jan 9, 2002"
"Innova Champion Discs","Ace","175.1","21.1","1.6","1.2","17.9","1.6","5.7","27.75","10.09","","","","01-10","Nov 27, 2001"
"Lightning Discs","#2 Helix","176.0","21.2","1.7","1.4","17.8","1.7","6.6","34.00","7.48","","","","01-09","Sep 13, 2001"
"Innova Champion Discs","Archangel","175.1","21.1","1.9","1.4","17.3","1.8","7.1","31.25","9.19","","","","01-06","Aug 21, 2001"
"Plastic Paradise","Optimizer","182.6","22.0","1.7","1.4","20.2","0.9","7.7","68.00","2.72","","","","01-07","Aug 21, 2001"
"Discraft","Reaper","177.6","21.4","1.5","1.2","17.8","1.8","5.6","29.50","9.32","","","","01-05","Aug 20, 2001"
"Innova Champion Discs","CE FireBird","176.0","21.2","1.4","1.2","17.4","1.9","5.7","26.75","9.75","","","","01-16","Jun 12, 2001"
"Innova Champion Discs","CE Aviar","176.8","21.3","2.0","1.5","19.5","0.9","7.0","55.75","6.01","","","","01-14","Jun 2, 2001"
"Innova Champion Discs","CE TeeBird","176.0","21.2","1.5","1.1","17.8","1.7","5.2","29.25","8.28","","","","01-15","Jun 2, 2001"
"Innova Champion Discs","Dragon","174.3","21.0","1.9","1.2","17.4","1.8","5.7","32.00","6.12","","","","01-01","Mar 24, 2001"
"Innova Champion Discs","CE Valkyrie","176.0","21.2","1.4","1.2","17.4","1.9","5.7","26.00","11.11","","","","01-13","Feb 25, 2001"
"Innova Champion Discs","CE Eagle","176.0","21.2","1.6","1.2","17.8","1.7","5.7","29.50","9.75","","","","01-12","Feb 7, 2001"
"Innova Champion Discs","CE Leopard","175.1","21.1","1.6","1.1","17.9","1.6","5.2","29.25","8.85","","","","01-11","Jan 29, 2001"
"Innova Champion Discs","Spider","176.0","21.2","1.7","1.4","18.6","1.3","6.6","45.00","7.82","","","","01-02","Jan 19, 2001"
"Discraft","Xpress","175.1","21.1","1.8","1.2","17.6","1.7","5.7","28.00","9.64","","","","00-15","Dec 5, 2000"
"Lightning Discs","#2 Putter","180.9","21.8","2.6","1.6","19.8","1.0","7.3","53.75","4.20","","","","00-14","Nov 10, 2000"
"Gateway Disc Sports","Demon","175.1","21.1","1.9","1.2","17.7","1.7","5.7","30.25","11.11","","","","00-11","Sep 5, 2000"
"Gateway Disc Sports","Scout (old)","174.3","21.0","2.0","1.2","17.6","1.7","5.7","37.50","7.48","","","","00-10","Sep 5, 2000"
"Discraft","XS","175.1","21.1","1.8","1.2","17.6","1.8","5.7","27.50","8.51","","","","00-12","Sep 4, 2000"
"Innova Champion Discs","Valkyrie","175.1","21.1","1.4","1.2","17.3","1.9","5.7","26.00","8.05","","","","00-09","Aug 28, 2000"
"Lightning Discs","#2 Upshot","177.6","21.4","2.0","1.5","19.6","0.9","7.0","51.25","6.01","","","","00-07","Mar 28, 2000"
"Lightning Discs","#4 Driver","176.0","21.2","1.7","1.1","17.9","1.7","5.2","26.75","8.05","","","","00-08","Mar 28, 2000"
"Innova Champion Discs","Firebird","175.1","21.1","1.4","1.2","17.3","1.9","5.7","26.75","9.75","","","","00-06","Mar 21, 2000"
"Discraft","XTRA","175.1","21.1","1.8","1.2","17.7","1.7","5.7","27.00","9.75","","","","00-05","Mar 15, 2000"
"Innova Champion Discs","Gator","176.0","21.2","1.9","1.4","18.6","1.3","6.6","49.50","10.32","","","","00-04","Jan 21, 2000"
"CHING Sports","Stinger","176.8","21.3","1.6","1.2","19.7","0.8","5.6","46.50","4.65","","","","00-03","Jan 19, 2000"
"Discraft","MRV","176.8","21.3","2.2","1.3","18.9","1.2","6.1","36.25","8.05","","","","00-01","Jan 10, 2000"
"Discraft","Xtreme","174.3","21.0","1.9","1.2","17.7","1.7","5.7","29.00","8.16","","","","00-02","Jan 1, 2000"
"Gateway Disc Sports","Apache","174.3","21.0","2.0","1.2","17.6","1.7","5.7","27.50","10.21","","","","99-10","Oct 20, 1999"
"Gateway Disc Sports","Blaze","175.1","21.1","1.9","1.2","17.7","1.7","5.7","30.25","10.77","","","","99-11","Oct 20, 1999"
"Gateway Disc Sports","Sabre","176.0","21.2","1.8","1.2","17.8","1.7","5.7","27.00","10.77","","","","99-09","Oct 20, 1999"
"Gateway Disc Sports","Warrior (old)","174.3","21.0","2.1","1.2","17.6","1.7","5.7","33.50","11.79","","","","99-12","Oct 20, 1999"
"Millennium Golf Discs","JLS","174.3","21.0","1.5","1.1","17.8","1.6","5.2","30.75","8.73","","","","99-08","Jun 16, 1999"
"Innova Champion Discs","Leopard","176.0","21.2","1.6","1.1","18.0","1.6","5.2","29.25","7.60","","","","99-07","May 12, 1999"
"Innova Champion Discs","TeeBird","176.0","21.2","1.5","1.1","17.8","1.7","5.2","29.25","7.83","","","","99-06","May 3, 1999"
"Innova Champion Discs","Puma","176.0","21.2","1.7","1.2","18.6","1.3","5.7","42.75","9.64","","","","99-05","Apr 5, 1999"
"Innova Champion Discs","Eagle (new)","176.0","21.2","1.6","1.2","17.8","1.7","5.7","29.50","7.82","","","","99-04","Mar 12, 1999"
"CHING Sports","Bomb","176.0","21.2","1.6","1.3","18.0","1.6","6.1","28.50","7.03","","","","99-02","Feb 14, 1999"
"Innova Champion Discs","Wolf","180.9","21.8","1.6","1.1","19.4","1.2","5.5","30.25","6.35","","","","99-03","Feb 14, 1999"
"Discraft","APX","174.3","21.0","2.3","1.4","19.2","0.9","6.7","49.25","7.03","","","","99-01","Jan 29, 1999"
"Gateway Disc Sports","844 Sabre","175.1","21.1","2.2","1.2","17.7","1.7","5.7","27.00","10.77","","","","98-14","Nov 22, 1998"
"CHING Sports","Tank","176.0","21.2","2.0","1.3","19.4","0.9","6.1","59.75","5.11","","","","98-13","Nov 13, 1998"
"Innova Champion Discs","Rhyno","176.0","21.2","1.9","1.3","19.2","1.0","6.1","56.75","6.24","","","","98-12","Nov 9, 1998"
"CHING Sports","Sniper","176.0","21.2","1.6","1.2","18.6","1.3","5.7","40.00","7.03","","","","98-11","Sep 5, 1998"
"Innova Champion Discs","Cheetah (retooled)","176.0","21.2","1.9","1.2","18.0","1.6","5.7","28.25","10.54","","","","98-10","Jul 28, 1998"
"Millennium Golf Discs","EXP","175.1","21.1","1.6","1.2","17.5","1.8","5.7","28.25","9.87","","","","98-08","Jul 28, 1998"
"Discraft","MRX","176.8","21.3","2.1","1.3","18.5","1.4","6.1","38.75","9.19","","","","98-05","Jun 28, 1998"
"Discraft","XL","175.1","21.1","2.1","1.2","17.7","1.7","5.7","32.25","8.52","","","","98-04","Apr 3, 1998"
"Discraft","X2","174.3","21.0","1.8","1.2","17.6","1.7","5.7","30.25","11.11","","","","98-03","Feb 16, 1998"
"Millennium Golf Discs","Sentinel MF","180.1","21.7","2.1","1.2","19.1","1.3","5.5","27.50","6.24","","","","98-02","Feb 3, 1998"
"Innova Champion Discs","Banshee","176.0","21.2","1.5","1.2","17.6","1.8","5.7","29.25","6.58","","","","98-01","Jan 14, 1998"
"Wham-O, Inc.","Gemini","175.1","21.1","2.5","1.5","19.5","0.8","7.1","80.00","3.20","Vintage Class","141.4","","97-08","Nov 26, 1997"
"Wham-O, Inc.","Max Flight","184.3","22.2","2.3","1.3","19.8","1.2","5.9","42.75","2.95","","","","97-06","Nov 26, 1997"
"Wham-O, Inc.","Voyager II","175.1","21.1","1.6","1.2","17.7","1.7","5.7","28.00","7.94","","","","97-07","Nov 26, 1997"
"Wham-O, Inc.","Apollo","179.3","21.6","2.0","1.1","19.2","1.2","5.1","32.25","12.25","","","","97-05","May 12, 1997"
"Discraft","Stratus","177.6","21.4","1.8","1.2","19.0","1.2","5.6","36.25","6.58","","","","97-04","Apr 12, 1997"
"Innova Champion Discs","Pegasus","175.1","21.1","1.7","1.1","17.7","1.7","5.2","31.75","9.07","","","","97-03","Mar 21, 1997"
"Lightning Discs","#3 Driver","186.8","22.5","2.0","1.2","19.3","1.6","5.3","29.75","8.05","","","","97-02","Mar 15, 1997"
"Wham-O, Inc.","Voyager","175.1","21.1","1.7","1.1","17.9","1.6","5.2","30.75","9.32","","","","97-01","Jan 28, 1997"
"Lightning Discs","#2 Driver","177.6","21.4","2.0","1.2","18.2","1.6","5.6","29.00","12.02","","","","96-08","Dec 31, 1996"
"Lightning Discs","#2 Hookshot","178.5","21.5","2.1","1.1","18.9","1.3","5.1","40.00","6.40","","","","96-09","Dec 31, 1996"
"Lightning Discs","#2 Roller","195.9","23.6","2.1","1.4","19.2","1.7","5.9","30.25","12.25","","","","96-10","Dec 31, 1996"
"Lightning Discs","#2 Slice","179.3","21.6","2.0","1.1","19.0","1.3","5.1","27.25","6.69","","","","96-11","Dec 31, 1996"
"Lightning Discs","#3 Flyer","185.1","22.3","2.0","1.2","19.2","1.5","5.4","36.25","9.10","","","","96-12","Dec 31, 1996"
"Lightning Discs","#3 Hookshot","181.8","21.9","2.1","1.2","19.2","1.3","5.5","27.50","8.62","","","","96-13","Dec 31, 1996"
"Lightning Discs","The Driver","177.6","21.4","1.5","1.1","18.2","1.6","5.1","28.75","6.35","","","","96-14","Dec 31, 1996"
"Millennium Golf Discs","Polaris LF","175.1","21.1","1.9","1.1","17.9","1.6","5.2","28.50","10.55","","","","96-06","Oct 12, 1996"
"Millennium Golf Discs","Polaris LS","175.1","21.1","1.9","1.1","17.9","1.6","5.2","35.00","10.66","","","","96-07","Oct 12, 1996"
"Innova Champion Discs","Moray","179.3","21.6","1.9","1.1","19.2","1.2","5.1","41.00","8.28","","","","96-05","Oct 2, 1996"
"Disc Golf Association","Blunt ""Blowfly""","178.5","21.5","2.7","1.1","18.5","1.5","5.1","52.50","2.38","","","","96-04","Jul 19, 1996"
"Discraft","Cyclone 2","176.8","21.3","1.8","1.2","18.1","1.6","5.6","26.00","11.57","","","","96-03","Jun 4, 1996"
"Lightning Discs","#1 Helix","178.5","21.5","1.6","1.3","18.3","1.6","6.0","31.25","10.87","","","","96-02","Mar 3, 1996"
"Millennium Golf Discs","Aurora MF","180.1","21.7","2.1","1.4","19.4","1.2","6.5","38.75","8.16","","","","96-01","Feb 14, 1996"
"Discraft","Comet","180.9","21.8","2.1","1.3","19.4","1.2","6.0","35.25","10.43","","","","95-05","Oct 31, 1995"
"Innova Champion Discs","Cheetah","175.1","21.1","1.9","1.2","17.9","1.6","5.7","28.25","10.54","","","","95-04","Oct 10, 1995"
"Innova Champion Discs","Apple","200.0","26.4","3.2","2.0","25.1","0.7","7.6","93.25","4.99","Super Class & Vintage Class","176.9","","95-13","Aug 10, 1995"
"Innova Champion Discs","Super Nova","200.0","27.5","3.3","2.2","26.3","0.6","8.0","112.50","4.31","Super Class & Vintage Class","184.3","","95-14","Aug 10, 1995"
"Wham-O, Inc.","The Tool (T501 Mold)","200.0","27.1","3.6","2.1","25.8","0.7","7.7","96.75","5.67","Super Class & Vintage Class","181.6","","95-17","Aug 10, 1995"
"Millennium Golf Discs","Midrange MS/Aurora","180.9","21.8","1.8","1.2","19.4","1.2","5.5","36.75","7.71","","","","95-08","Jul 27, 1995"
"Millennium Golf Discs","Omega","175.1","21.1","2.0","1.5","19.3","0.9","7.1","55.75","1.36","","","","95-09","Jul 27, 1995"
"Millennium Golf Discs","Tachyon LS","180.1","21.7","1.9","1.2","18.5","1.6","5.5","29.25","8.85","","","","95-07","Jul 27, 1995"
"Lightning Discs","#1 Hyzer","180.1","21.7","1.8","1.3","18.1","1.8","6.0","29.25","10.66","","","","95-03","Jul 6, 1995"
"Lightning Discs","#2 Hyzer","175.1","21.1","2.0","1.2","17.9","1.6","5.7","29.00","11.57","","","","95-16","Jun 14, 1995"
"Millennium Golf Discs","Tachyon LF","180.1","21.7","2.0","1.3","18.5","1.6","6.0","29.25","8.85","","","","95-06","May 24, 1995"
"Lightning Discs","#1 Roller","180.1","21.7","1.7","1.1","18.1","1.8","5.1","30.75","8.62","","","","95-10","Apr 7, 1995"
"Disc Golf Association","Ultra Hi Tech, Approach #4","178.5","21.5","1.5","1.1","18.3","1.6","5.1","28.75","9.10","","","","95-11","Mar 21, 1995"
"Disc Golf Association","Ultra Hi Tech, Putter #5","178.5","21.5","2.2","1.4","20.1","0.7","6.5","63.75","5.91","","","","95-12","Mar 21, 1995"
"Lightning Discs","#1 Hookshot","184.3","22.2","1.7","1.5","19.2","1.5","6.8","32.50","7.70","","","","93-11","Mar 21, 1995"
"Lightning Discs","#1 Slice","187.6","22.6","1.8","1.2","19.8","1.4","5.3","27.75","6.69","","","","95-18","Mar 21, 1995"
"Lightning Discs","B-25 Mitchell (retooled)","177.6","21.4","1.5","1.1","18.2","1.6","5.1","28.75","6.35","","","","95-02","Feb 10, 1995"
"Discraft","X-Clone","177.6","21.4","1.7","1.2","18.2","1.6","5.6","27.00","11.11","","","","95-01","Feb 9, 1995"
"Lightning Discs","#1 Flyer","177.6","21.4","1.5","1.1","18.2","1.6","5.1","27.75","9.75","","","","95-15","Feb 2, 1995"
"Discraft","Typhoon","181.8","21.9","1.8","1.2","18.9","1.5","5.5","26.00","11.11","","","","94-10","Dec 1, 1994"
"Innova Champion Discs","Raven","180.1","21.7","1.9","1.2","18.5","1.6","5.5","29.25","9.69","","","","94-09","Nov 10, 1994"
"Discraft","Rattler Putter","176.0","21.2","2.2","1.6","20.0","0.6","7.5","84.25","4.99","Vintage Class","142.0","","94-08","Aug 25, 1994"
"Innova Champion Discs","Gopher","190.1","22.9","2.5","2.1","21.5","0.7","9.2","84.25","4.76","Vintage Class","153.4","","94-07","Aug 9, 1994"
"Lightning Discs","B-25 Mitchell","177.6","21.4","1.5","1.1","18.2","1.6","5.1","28.75","6.35","","","","94-06","Jun 1, 1994"
"Innova Champion Discs","Ram","180.1","21.7","1.9","1.3","18.1","1.8","6.0","27.50","7.82","","","","94-05","Apr 1, 1994"
"Innova Champion Discs","Gazelle","176.0","21.2","1.8","1.2","18.0","1.6","5.7","28.25","10.54","","","","94-02","Mar 8, 1994"
"Innova Champion Discs","Dolphin","177.6","21.4","2.1","1.2","18.2","1.6","5.6","41.50","7.94","","","","94-03","Feb 21, 1994"
"Innova Champion Discs","Python","180.1","21.7","1.7","1.1","17.9","1.9","5.1","31.25","8.05","","","","94-04","Feb 21, 1994"
"Innova Champion Discs","Pole Cat","176.8","21.3","2.3","1.6","19.9","0.7","7.5","83.25","4.20","Vintage Class","142.7","","94-01","Jan 5, 1994"
"Innova Champion Discs","Classic Roc","176.0","21.2","2.0","1.2","19.4","0.9","5.7","42.75","8.96","","","","94-11","Jan 1, 1994"
"Innova Champion Discs","Cobra Classic","180.1","21.7","2.1","1.1","19.3","1.2","5.1","35.25","8.85","","","","94-12","Jan 1, 1994"
"Lightning Discs","Rubber Putter","179.3","21.6","2.5","1.3","19.0","1.3","6.0","45.50","7.70","","","","94-13","Jan 1, 1994"
"Innova Champion Discs","Piranha","176.0","21.2","2.1","1.6","19.8","0.7","7.5","81.50","7.50","Vintage Class","142.0","","93-10","Oct 28, 1993"
"Discraft","The Hawk","178.5","21.5","1.8","1.2","19.1","1.2","5.6","33.00","11.10","","","","93-09","Sep 30, 1993"
"Innova Champion Discs","Griffin","176.0","21.2","2.0","1.3","17.8","1.7","6.1","33.25","8.80","","","","93-08","Sep 22, 1993"
"Innova Champion Discs","Panther","176.0","21.2","1.9","1.2","18.6","1.3","5.7","34.00","12.02","","","","93-07","Jul 26, 1993"
"Discraft","Cyclone","176.8","21.3","1.8","1.2","18.1","1.6","5.6","26.00","12.25","","","","93-05","Jul 14, 1993"
"Discraft","Magnet","176.0","21.2","2.0","1.4","19.6","0.8","6.6","47.75","8.85","","","","93-06","Jul 14, 1993"
"Wham-O, Inc.","44 Mold","179.3","21.6","2.2","1.2","18.4","1.6","5.6","31.50","12.25","","","","93-04","Jun 30, 1993"
"Lightning Discs","P-38J Lightning","180.9","21.8","1.4","1.1","19.2","1.3","5.0","26.00","9.98","","","","93-03","May 14, 1993"
"Lightning Discs","Upshot","179.3","21.6","2.2","1.4","20.2","0.7","6.5","63.75","2.04","","","","93-02","Feb 13, 1993"
"Lightning Discs","F-6 Hellcat","187.6","22.6","1.8","1.2","19.8","1.4","5.3","27.75","6.69","","","","93-01","Jan 24, 1993"
"Disc Golf Association","DGA Factor I (modified Viper)","180.1","21.7","2.0","1.3","18.5","1.6","6.0","29.25","8.51","","","","92-06","Aug 8, 1992"
"Disc Golf Association","DGA Factor I (modified Whippet)","174.3","21.0","1.9","1.3","17.6","1.7","6.2","26.00","12.25","","","","92-07","Aug 8, 1992"
"Disc Golf Association","DGA Factor IV (modified Aviar)","176.0","21.2","2.1","1.5","19.4","0.9","7.1","55.75","8.68","","","","92-05","Aug 8, 1992"
"Lightning Discs","Dauntless","184.3","22.2","1.7","1.5","19.2","1.5","6.8","32.50","7.70","","","","92-04","Jul 23, 1992"
"Innova Champion Discs","Zephyr","200.0","24.1","2.7","1.7","22.7","0.7","7.1","83.00","10.00","Super Class & Vintage Class","161.5","","92-03","Jul 6, 1992"
"Innova Champion Discs","Whippet","176.0","21.2","1.9","1.3","17.8","1.7","6.1","26.00","12.25","","","","92-02","Feb 7, 1992"
"Discraft","Marauder","185.1","22.3","2.0","1.2","19.3","1.5","5.4","30.25","10.77","","","","92-01","Jan 10, 1992"
"Disc Golf Association","#5 Roller-Putter","179.3","21.6","1.7","1.1","19.2","1.2","5.1","35.75","12.25","","","","91-09","Dec 31, 1991"
"Innova Champion Discs","Viper","180.1","21.7","2.0","1.3","18.5","1.6","6.0","29.25","8.51","","","","91-07","Dec 3, 1991"
"Innova Champion Discs","Jaguar","200.0","24.1","1.7","1.4","20.9","1.6","5.8","36.00","10.22","","","","91-06","Nov 5, 1991"
"Lightning Discs","B-2 Stealth","185.9","22.4","1.8","1.2","19.4","1.5","5.4","30.75","8.20","","","","91-05","Oct 11, 1991"
"Innova Champion Discs","Birdie","175.1","21.1","2.3","1.9","19.7","0.7","9.0","98.25","11.82","Vintage Class","142.0","","91-03","May 13, 1991"
"Innova Champion Discs","Birdie (retooled)","176.0","21.2","2.4","1.9","19.8","0.7","9.0","98.25","11.82","Vintage Class","142.0","","91-10","May 13, 1991"
"Innova Champion Discs","Condor","200.0","24.1","2.2","1.6","21.5","1.3","6.6","49.25","12.25","","","","91-04","May 13, 1991"
"Lightning Discs","F-18 Hornet","183.4","22.1","2.0","1.2","18.9","1.6","5.4","31.00","8.20","","","","91-02","Apr 19, 1991"
"Wham-O, Inc.","86 Softie","176.8","21.3","2.6","1.5","19.3","1.0","7.0","48.00","3.51","","","","91-08","Jan 1, 1991"
"Discraft","Shadow","183.4","22.1","2.1","1.3","19.1","1.5","8.1","29.25","12.25","","","","90-06","Dec 14, 1990"
"Discraft","Tracer","185.1","22.3","1.7","1.3","19.3","1.5","8.1","26.50","11.11","","","","90-05","Oct 20, 1990"
"Innova Champion Discs","Barracuda","186.8","22.5","1.7","1.2","19.3","1.6","5.3","30.75","11.75","","","","90-04","Sep 16, 1990"
"Innova Champion Discs","Scorpion","186.8","22.5","2.1","1.2","19.1","1.7","5.3","29.50","11.80","","","","90-03","Sep 16, 1990"
"Innova Champion Discs","Lynx","200.0","24.1","2.5","1.6","21.5","1.3","6.6","45.75","12.25","","","","90-02","Jun 21, 1990"
"Lightning Discs","F-14 Tomcat","180.1","21.7","1.9","1.1","18.9","1.4","5.1","34.00","11.82","","","","90-01","May 16, 1990"
"Discraft","Deuce","180.1","21.7","2.2","1.3","19.5","1.1","6.0","51.00","9.75","","","","90-12","Jan 1, 1990"
"Discraft","Phantom Deuce","180.1","21.7","2.2","1.3","19.5","1.1","6.0","51.00","9.75","","","","90-13","Jan 1, 1990"
"Discraft","Vortex","180.1","21.7","1.6","1.3","19.0","1.4","6.0","26.25","9.98","","","","90-14","Jan 1, 1990"
"Innova Champion Discs","Aviar XD (retooled)","176.0","21.2","2.0","1.2","19.4","0.9","5.7","42.75","8.96","","","","90-09","Jan 1, 1990"
"Lightning Discs","Spitfire","185.1","22.3","2.0","1.2","19.2","1.5","5.4","36.25","9.10","","","","90-10","Jan 1, 1990"
"Wham-O, Inc.","77 Mold","180.1","21.7","2.0","1.1","19.3","1.2","5.1","34.75","7.71","","","","90-07","Jan 1, 1990"
"Wham-O, Inc.","78 Mold","180.1","21.7","2.0","1.1","19.3","1.2","5.1","33.75","11.80","","","","90-08","Jan 1, 1990"
"Destiny/Dynamic Disc","Jeteye","180.1","21.7","1.7","1.1","20.0","0.8","5.1","49.50","9.41","","","","89-04","Jan 1, 1989"
"Destiny/Dynamic Disc","Long Ranger","180.1","21.7","1.7","1.1","20.0","0.8","5.1","49.50","9.41","","","","89-03","Jan 1, 1989"
"Disc Golf Association","#1 Hi Tec (modified Stingray)","180.1","21.7","1.8","1.1","19.3","1.2","5.1","38.25","9.10","","","","89-11","Jan 1, 1989"
"Disc Golf Association","#1 Professional Driver","179.3","21.6","1.8","1.2","19.2","1.2","5.6","36.75","8.17","","","","89-16","Jan 1, 1989"
"Disc Golf Association","#2 Hi Tec (modified Stingray)","180.1","21.7","1.8","1.1","19.3","1.2","5.1","38.25","9.10","","","","89-12","Jan 1, 1989"
"Disc Golf Association","#2 Professional Driver","179.3","21.6","1.8","1.2","19.2","1.2","5.6","36.75","10.22","","","","89-17","Jan 1, 1989"
"Disc Golf Association","#3 Hi Tec (modified Stingray)","180.1","21.7","1.8","1.1","19.3","1.2","5.1","38.25","9.10","","","","89-13","Jan 1, 1989"
"Disc Golf Association","#3 Professional Driver","179.3","21.6","1.8","1.2","19.2","1.2","5.6","36.75","10.44","","","","89-18","Jan 1, 1989"
"Disc Golf Association","#4 Approach","179.3","21.6","1.8","1.1","19.2","1.2","5.1","34.75","12.25","","","","89-19","Jan 1, 1989"
"Disc Golf Association","#4 Hi Tec (modified Stingray)","180.1","21.7","1.8","1.1","19.3","1.2","5.1","38.25","9.10","","","","89-14","Jan 1, 1989"
"Disc Golf Association","#5 Hi Tec (modified Stingray)","180.1","21.7","1.8","1.1","19.3","1.2","5.1","38.25","9.10","","","","89-15","Jan 1, 1989"
"Discraft","Cruiser-Windstar","177.6","21.4","1.8","1.2","18.1","1.7","5.6","34.50","8.62","","","","89-10","Jan 1, 1989"
"Discraft","Eclipse","182.6","22.0","1.6","1.2","19.2","1.4","5.5","26.00","12.25","","","","89-01","Jan 1, 1989"
"Discraft","Windstar","177.6","21.4","1.9","1.3","17.9","1.7","6.1","38.50","9.41","","","","89-05","Jan 1, 1989"
"Innova Champion Discs","Shark","180.1","21.7","2.1","1.3","19.3","1.2","6.0","39.50","11.32","","","","89-06","Jan 1, 1989"
"Lightning Discs","F-4-U Corsair","180.9","21.8","1.9","1.1","19.0","1.4","5.0","34.25","8.20","","","","89-02","Jan 1, 1989"
"Disc Golf Association","Super Drive","194.2","23.4","2.9","1.7","21.7","0.8","7.3","92.00","6.35","","","","88-09","Jan 1, 1988"
"Innova Champion Discs","Cobra","180.1","21.7","2.0","1.1","19.3","1.2","5.1","35.25","9.10","","","","88-02","Jan 1, 1988"
"Innova Champion Discs","Phenix","190.9","23.0","2.6","1.3","19.6","1.7","5.7","38.50","11.50","","","","88-01","Jan 1, 1988"
"Lightning Discs","AT-6 Texan","179.3","21.6","2.5","1.3","19.0","1.3","6.0","45.50","7.70","","","","88-06","Jan 1, 1988"
"Lightning Discs","B-17 Flying Fortress","195.9","23.6","2.1","1.4","19.2","1.7","5.9","30.25","12.25","","","","88-07","Jan 1, 1988"
"Lightning Discs","F-8-F Bearcat","179.3","21.6","2.0","1.1","19.0","1.3","5.1","27.25","6.69","","","","88-05","Jan 1, 1988"
"Lightning Discs","P-40 Flying Tiger","180.9","21.8","2.8","1.3","19.2","1.3","6.0","35.75","8.20","","","","88-03","Jan 1, 1988"
"Lightning Discs","P-51 Mustang","180.9","21.8","2.2","1.2","19.3","1.3","5.5","35.75","8.20","","","","88-04","Jan 1, 1988"
"Lightning Discs","SR-71 Blackbird","181.8","21.9","2.1","1.2","19.2","1.3","5.5","27.50","8.62","","","","88-08","Jan 1, 1988"
"Discraft","Cruiser","177.6","21.4","1.8","1.2","18.1","1.7","5.6","34.50","8.62","","","","87-07","Jan 1, 1987"
"Discraft","Phantom Light","177.6","21.4","2.0","1.1","19.2","1.1","5.1","50.25","8.62","","","","87-03","Jan 1, 1987"
"Innova Champion Discs","Aviar Putter","176.0","21.2","2.0","1.5","19.4","0.9","7.1","55.75","4.59","","","","87-04","Jan 1, 1987"
"Innova Champion Discs","Hammer","180.1","21.7","2.1","1.1","19.3","1.2","5.1","36.75","9.96","","","","87-06","Jan 1, 1987"
"Innova Champion Discs","Roc","180.1","21.7","2.0","1.3","19.3","1.2","6.0","43.00","8.51","","","","87-05","Jan 1, 1987"
"Innova Champion Discs","Stingray","180.1","21.7","1.8","1.1","19.3","1.2","5.1","38.25","9.10","","","","87-08","Jan 1, 1987"
"Lightning Discs","F-15 Eagle","177.6","21.4","2.0","1.2","18.2","1.6","5.6","29.00","12.02","","","","87-02","Jan 1, 1987"
"Lightning Discs","Falcon","178.5","21.5","2.4","1.3","18.9","1.3","6.0","41.00","8.16","","","","87-10","Jan 1, 1987"
"Lightning Discs","X-15","177.6","21.4","1.8","1.1","18.8","1.3","5.1","34.00","11.40","","","","87-09","Jan 1, 1987"
"Wham-O, Inc.","91 Mold","176.0","21.2","2.1","1.2","19.4","0.9","5.7","38.25","10.00","","","","87-01","Jan 1, 1987"
"Disc Golf Association","Gumbputt","180.1","21.7","2.2","1.9","20.2","0.7","8.8","86.75","2.72","Vintage Class","145.4","","86-04","Jan 1, 1986"
"Disc Golf Association","Power Drive","178.5","21.5","2.6","1.2","18.9","1.3","5.6","38.00","6.12","","","","86-06","Jan 1, 1986"
"Disc Golf Association","Putterdrive","176.0","21.2","2.4","1.4","19.1","1.3","6.6","34.75","4.20","","","","86-05","Jan 1, 1986"
"Discraft","Phantom+","177.6","21.4","2.2","1.1","19.4","1.0","5.1","47.75","10.21","","","","86-01","Jan 1, 1986"
"Innova Champion Discs","Classic Ace","176.0","21.2","2.2","1.1","19.4","0.9","5.2","50.50","8.85","","","","86-02","Jan 1, 1986"
"Lightning Discs","Thunderbolt","177.6","21.4","2.3","1.2","19.4","1.0","5.6","41.75","2.72","","","","86-03","Jan 1, 1986"
"Innova Champion Discs","Coupe","176.0","21.2","2.0","1.3","19.4","0.9","6.1","50.00","8.16","","","","85-01","Jan 1, 1985"
"Disc Golf Association","Driver","174.3","21.0","2.9","1.5","19.6","0.6","7.1","86.25","7.61","Vintage Class","140.7","","84-04","Jan 1, 1984"
"Disc Golf Association","Power Putter","190.9","23.0","2.8","1.6","20.8","1.2","7.0","47.25","11.57","","","","84-11","Jan 1, 1984"
"Disc Golf Association","Softtouch (smaller)","174.3","21.0","2.6","1.4","19.5","0.8","6.7","63.75","9.10","","","","84-06","Jan 1, 1984"
"Disc Golf Association","Softtouch (larger)","195.1","23.5","2.9","1.7","22.9","0.3","7.2","77.00","","","","","84-10","Jan 1, 1984"
"Disc Golf Association","Streamliner","180.1","21.7","2.1","1.7","19.2","1.3","7.8","40.00","7.84","","","","84-07","Jan 1, 1984"
"Innova Champion Discs","Aviar","176.0","21.2","2.0","1.5","19.4","0.9","7.1","55.75","11.34","","","","84-01","Jan 1, 1984"
"Innova Champion Discs","Aviar XD","176.0","21.2","2.1","1.1","19.4","0.9","5.2","52.50","9.10","","","","84-08","Jan 1, 1984"
"Lightning Discs","P-38 Lightning","178.5","21.5","2.1","1.1","18.9","1.3","5.1","40.00","6.40","","","","84-09","Jan 1, 1984"
"Wham-O, Inc.","86 Mold","175.1","21.1","2.6","1.4","19.1","1.0","6.6","30.25","4.50","","","","84-03","Jan 1, 1984"
"Innova Champion Discs","Aero","180.1","21.7","2.5","1.3","19.6","1.0","6.0","43.75","8.16","","","","83-03","Jun 1, 1983"
"Innova Champion Discs","Eagle (old)","180.1","21.7","2.5","1.3","19.6","1.0","6.0","43.75","8.16","","","","83-05","Apr 1, 1983"
"Disc Golf Association","Kitty Hawk Softouch","195.1","23.5","3.0","1.6","22.9","0.3","6.8","85.25","4.43","","","","83-04","Jan 1, 1983"
"Discraft","Phantom","177.6","21.4","2.2","1.1","19.4","1.0","5.1","47.75","10.21","","","","83-02","Jan 1, 1983"
"Discraft","Sky Streak","186.8","22.5","2.5","1.6","21.0","0.8","7.1","82.00","9.07","Vintage Class","150.8","","83-01","Jan 1, 1983"
"Disc Golf Association","Fader","174.3","21.0","2.6","1.4","19.5","0.7","6.7","74.00","4.43","","","","82-06","Jan 1, 1982"
"Disc Golf Association","Fader 3","174.3","21.0","2.6","1.4","19.5","0.7","6.7","74.00","4.43","","","","82-08","Jan 1, 1982"
"Disc Golf Association","Fader II","174.3","21.0","2.6","1.4","19.5","0.7","6.7","74.00","4.43","","","","82-07","Jan 1, 1982"
"Disc Golf Association","Hooker","174.3","21.0","2.5","1.4","19.5","0.7","6.7","74.75","8.85","","","","82-02","Jan 1, 1982"
"Disc Golf Association","Kitty Hawk","174.3","21.0","2.6","1.4","19.5","0.7","6.7","74.00","4.43","","","","82-01","Jan 1, 1982"
"Disc Golf Association","Kitty Hawk Driver","174.3","21.0","2.6","1.4","19.5","0.7","6.7","74.00","4.43","","","","82-05","Jan 1, 1982"
"Disc Golf Association","Kitty Hawk Putter","174.3","21.0","2.6","1.4","19.5","0.7","6.7","74.00","4.43","","","","82-04","Jan 1, 1982"
"Disc Golf Association","Kitty Hawk Softouch Sureshot","193.4","23.3","2.7","1.6","22.7","0.3","6.9","81.50","4.43","","","","82-11","Jan 1, 1982"
"Disc Golf Association","Putter","174.3","21.0","2.6","1.4","19.5","0.8","6.7","63.75","9.10","","","","82-12","Jan 1, 1982"
"Disc Golf Association","Sureshot","174.3","21.0","2.6","1.4","19.5","0.8","6.7","63.75","9.10","","","","82-03","Jan 1, 1982"
"Wham-O, Inc.","90 Mold","200.0","27.0","3.1","1.8","25.9","0.5","6.7","94.75","2.95","Super Class & Vintage Class","180.9","","82-10","Jan 1, 1982"
"Discraft","Sky-Star","200.0","24.1","2.5","1.6","23.0","0.5","6.6","89.00","4.08","Super Class & Vintage Class","161.5","","81-01","Jan 1, 1981"
"Discraft","Ultra-Star","200.0","27.3","3.2","2.0","25.8","0.7","7.3","88.25","7.14","Super Class & Vintage Class","182.9","","81-02","Jan 1, 1981"
"Destiny/Dynamic Disc","Puppy","174.3","21.0","2.5","1.8","19.8","0.6","8.6","75.00","7.60","Vintage Class","140.7","","80-01","Jan 1, 1980"
"Destiny/Dynamic Disc","Super Puppy","174.3","21.0","2.5","1.8","19.8","0.6","8.6","75.00","7.61","Vintage Class","140.7","","80-02","Jan 1, 1980"
"Discraft","Sky-Styler","200.0","26.7","3.8","2.1","25.6","0.6","7.9","109.25","4.88","Super Class & Vintage Class","178.9","","80-07","Jan 1, 1980"
"Disc Golf Association","Midnight Flyer (70C, 71C & 71C* molds)","186.8","22.5","3.0","1.7","21.3","0.6","7.6","87.50","9.50","Vintage Class","150.8","","80-08","Jan 1, 1980"
"Disc Golf Association","Midnight Flyer (FB 6, FB 19 & FB 20 molds)","196.7","23.7","2.8","1.7","22.4","0.6","7.2","79.50","2.49","Super Class & Vintage Class","158.8","","80-03","Jan 1, 1980"
"Disc Golf Association","Midnight Flyer (80, 80C & 80E molds)","200.0","26.9","3.1","1.9","25.7","0.6","7.1","94.75","4.76","Super Class & Vintage Class","180.2","","80-05","Jan 5, 1979"
"Destiny/Dynamic Disc","Floater","200.0","27.5","3.6","2.0","26.3","0.6","7.3","106.50","4.88","Super Class & Vintage Class","184.3","","79-01","Jan 1, 1979"
"Discraft","Sky Pro","200.0","24.1","2.5","1.6","23.0","0.5","6.6","89.00","4.08","Super Class & Vintage Class","161.5","","79-03","Jan 1, 1979"
"Wham-O, Inc.","133g Night Lighter","200.0","24.9","2.8","1.8","23.7","0.6","7.2","97.25","5.00","Super Class & Vintage Class","166.8","","79-02","Jan 1, 1979"
"Wham-O, Inc.","Olympic/Collegiate (100, 100A, 100D, 100E & 100AD molds)","200.0","24.9","2.8","1.8","23.7","0.6","7.2","97.25","5.00","Super Class & Vintage Class","166.8","","79-04","Jan 1, 1979"
"Wham-O, Inc.","97g (70, 70C, 71 & 71C* molds)","186.8","22.5","3.0","1.7","21.3","0.6","7.6","87.50","9.50","Vintage Class","150.8","","78-06","Jan 1, 1978"
"Wham-O, Inc.","97g (71 Mold)","186.8","22.5","3.0","1.7","21.3","0.6","7.6","87.50","9.50","Vintage Class","150.8","","78-07","Jan 1, 1978"
"Disc Golf Association","Midnight Flyer (100, 100A, 100AD, 100D, 100E, 100AD & 100E molds)","200.0","24.9","2.8","1.8","23.7","0.6","7.2","97.25","5.00","Super Class & Vintage Class","166.8","","78-04","Jan 1, 1978"
"Disc Golf Association","Midnight Flyer (40, 40A, 40F, 40G, 40G*, 41, 41F, 41G, 42AF, 42AG, 42BF & 42BG molds)","195.1","23.5","2.6","1.7","22.3","0.6","7.2","95.25","6.80","Vintage Class","157.5","","78-02","Jan 1, 1978"
"Disc Golf Association","Midnight Flyer (50, 50E & 50G molds)","200.0","25.9","2.8","1.8","24.7","0.6","6.9","101.50","4.50","Super Class & Vintage Class","173.5","","78-03","Jan 1, 1978"
"Disc Golf Association","Night Flyer (40 mold)","195.1","23.5","2.6","1.7","22.3","0.6","7.2","95.25","6.80","Vintage Class","157.5","","78-01","Jan 1, 1978"
"Wham-O, Inc.","119 G (40, 40F, 40G, 40G*, 41, 41 F, 41G, 42AF, 42AG, 42BF, 42BG & 40F molds)","195.1","23.5","2.6","1.7","22.3","0.6","7.2","95.25","6.80","Vintage Class","157.5","","74-01","Jan 1, 1974"
"Wham-O, Inc.","141 G (50, 50E, 50G, 51, 52AE, 52BE, 52AG, 52BG & Farusa 5 molds)","200.0","25.9","2.8","1.8","24.7","0.6","6.9","101.50","4.50","Super Class & Vintage Class","173.5","","74-02","Jan 1, 1974"
"Wham-O, Inc.","165g (80, 81, 81C, 81E, 82E & 900 molds & High Rigidity)","200.0","26.9","3.1","1.9","25.7","0.6","7.1","94.75","4.76","Super Class & Vintage Class","180.2","","74-03","Jan 1, 1974"
"Wham-O, Inc.","Super Pro (no #, 50, 60, 61, 61N, 61B, 62, 62N, 63A P, 63B P & 63 P molds)","200.0","25.5","2.8","1.8","24.3","0.6","7.1","86.00","2.38","Super Class & Vintage Class","170.9","","73-01","Jan 1, 1973"
"Wham-O, Inc.","Fastback (all molds)","196.7","23.7","2.8","1.7","22.4","0.6","7.2","79.50","2.49","Super Class & Vintage Class","158.8","","71-01","Jan 1, 1971"
"Wham-O, Inc.","Master","200.0","27.5","3.2","1.8","26.0","0.7","6.5","83.75","4.08","Super Class & Vintage Class","184.3","","67-01","Jan 1, 1967"
"Wham-O, Inc.","Professional (1, 4, 10, 14, 15, 16, 17, 20, 20A, 21, 22A, 22B, 23A, 23B, 24A, 24B & Pro Classic molds)","198.4","23.9","3.0","1.7","22.7","0.6","7.1","89.00","3.18","Super Class & Vintage Class","160.1","","64-01","Jan 1, 1964"
